status,index_page,index_name,printed,number,entry,entry_name,entry_page,similarity,place_id,note
not in index,,,,,331,Hallieure,47,,hallieure,
not in index,,,,,534,Villeeel-sur-Trin,54,,villeeel-sur-trin,
not in index,,,,,640,Aidolles',58,,aidolles,
not in index,,,,,725,La Grande Mairie,61,,la-grande-mairie,
not in index,,,,,727,La Poyrie,61,,la-poyrie,
not in index,,,,,763,Xouaruz,62,,xouaruz,
not in index,,,,,838,Buz,64,,buz,
not in index,,,,,865,C'vrjus,65,,c-vrjus,
not in index,,,,,888,Bappel,66,,bappel,
not in index,,,,,1038,Pierreficte,71,,pierreficte,
not in index,,,,,1045,Abvefvenet-la-Grande,71,,abvefvenet-la-grande,
not in index,,,,,1053,Basigny,72,,basigny,
not in index,,,,,1238,Hymerstroff,79,,hymerstroff,
not in index,,,,,1319,Edelnigen,81,,edelnigen,
not in index,,,,,1334,Bcltsstroff,81,,bcltsstroff,
not in index,,,,,1335,Ansclnigen,81,,ansclnigen,
not in index,,,,,1342,Ryol,82,,ryol,
not in index,,,,,1646,Ilcyligcnner,92,,ilcyligcnner,
not in index,,,,,1659,Hyrelbach,92,,hyrelbach,
not in index,,,,,1695,Eidlingcn,93,,eidlingcn,
not in index,,,,,1832,Lorro,98,,lorro,
not in index,,,,,1934,Andillicr,102,,andillicr,
not in index,,,,,2099,La haulte rue de Destort,107,,la-haulte-rue-de-destort,
not in index,,,,,2103,Prieuré de liesse,108,,prieure-de-liesse,
not in index,,,,,2117,Oberstensel,108,,oberstensel,
not in index,,,,,2126,Eschery la Haulte,109,,eschery-la-haulte,
not in index,,,,,2134,La Fosse,109,,la-fosse,
not in index,,,,,2229,Contliiîj,113,,contliiij,
not in index,,,,,2231,Momborn,113,,momborn,
not in index,,,,,2283,OberfuUen,115,,oberfuuen,
no entry,183,Ableuveneltes (les),4îi,,,,,1.00,les-ableuvenettes,Nittel (1411) is Nittel
no entry,188,Ba/.egncy,1055,,,,,1.00,bazegney,1055 is Damas-devant-Dompaire
no entry,189,Bebing,1756,,,,,1.00,,Bubingen (1736) is Bubingen
no entry,189,Bellefontaine,709,,,,,1.00,,"709-715: the ban of Bellefontaine, whose villages these entries are"
no entry,189,Bellefontaine,710,,,,,1.00,,"709-715: the ban of Bellefontaine, whose villages these entries are"
no entry,189,Bellefontaine,711,,,,,1.00,,"709-715: the ban of Bellefontaine, whose villages these entries are"
no entry,189,Bellefontaine,712,,,,,1.00,,"709-715: the ban of Bellefontaine, whose villages these entries are"
no entry,189,Bellefontaine,713,,,,,1.00,,"709-715: the ban of Bellefontaine, whose villages these entries are"
no entry,189,Bellefontaine,714,,,,,1.00,,"709-715: the ban of Bellefontaine, whose villages these entries are"
no entry,189,Bellefontaine,715,,,,,1.00,,"709-715: the ban of Bellefontaine, whose villages these entries are"
no entry,189,Berus,2356,,,,,1.00,berus,"printed 2356: Harsal, which is Marsal (towns)"
no entry,190,Bethiiigcn,1358,,,,,1.00,,Brechlingen (1358) is Brecklange
no entry,190,Bettlainville,1534,,,,,1.00,,printed 1534: Henselhofen (corrections)
no entry,192,Bonfays,2412,,,,,1.00,bonfays-legeville-et-bonfays,2412 is the Dominican nuns of Nancy
no entry,192,Bouvroy,776,,,,,1.00,,"776 is Rouveroy, the grange of Rouveroye near Remiremont (Rouveroye's line, rules.yaml entry_index); not a grange of Celles"
no entry,193,Bouzey,1190,,,,,1.00,,"1190 is Bouzey of Châtenois: Dombrot-sur-Vair, ci-devant Bouzey (Dombrot's line, rules.yaml entry_index); not the mill of Sanchey"
no entry,202,Domjulien,927,,,,,1.00,domjulien,Dombasle (927) is Dombasle-en-Xaintois
no entry,203,Edling,1519,,,,,1.00,edling,Edlingen (1719) is Adelange
no entry,208,Fosses (les Hautes et Basses-),2154,,,,,1.00,,"printed 2154: Drulben, which is Trulben"
no entry,217,Hestroff,1351,,,,,1.00,hestroff,the editor's corrections: 'ce numéro doit être effacé à l'art. Hestroff' (1351 is Helstroff)
no entry,217,Hilsprich',2196,,,,,1.00,,"printed 2196: Zell, which is Zellen; no entry fits Hilsprich"
no entry,218,Honzrath,1653,,,,,1.00,,"printed 1653: Himradt, which is Hellimer; no entry of Merzig fits"
no entry,219,Hymont,1,,,,,1.00,hymont,Chenymont (971) is Chenilmont
no entry,221,Kassheim,1497,,,,,1.00,,corrections: replaced by Kaisen
no entry,225,Lixing-lès-Rouhling,2250,,,,,1.00,,"printed 2250: Vor Eberssweiller, which is Farébersviller"
no entry,231,Monlbronn,2251,,,,,1.00,,printed 2251: Morsbach's entry
no entry,229,Ménil (le),345,,,,,1.00,le-menil,Pageolle (345) is Pajaille
no entry,239,Ponlpierre,2271,,,,,1.00,pontpierre,"printed 2271: Bausstorff, which is Boustroff (Pontpierre is 2259, Steinbiedersdorf)"
no entry,251,Saint-Remimont,5b,,,,,1.00,saint-remimont-buigneville,Removille (1165) is Removille
no entry,255,Vandelainville,525,,,,,1.00,vandelainville,525 is Vandières
no entry,257,Vigneulles-Haute,85,,,,,1.00,vigneulles-haute,"printed 85 after 2260: Fremerstroff, which is Fremestroff"
no entry,257,Villacourf,3J,,,,,1.00,villacourt,Bainville (1833) is Bainville-aux-Miroirs
manual,207,Flainval,58,,38,Hainvau,37,1.00,flainval,"printed 38; the entry reads ""Hainvau"" (scan)"
manual,209,Foucrey (les Haute et Basse-),255,,233,Foucquerey,43,1.00,foucrey,printed 233
manual,216,Haudonville,255,,253,Hatonville,44,1.00,haudonville,"Hatonville is Haudonville (table of old forms); the scan reads 255, which is Croismare (Hadonviller)"
manual,200,Croismare,255,,255,Haùonvitter,44,1.00,croismare,"Hadonviller, the old name of Croismare"
manual,210,Gébcourt,971,,271,Gellaucourt,45,1.00,gelacourt,printed 271
manual,223,Laveline,501,,301,Leuvdine,46,1.00,laveline,printed 301
manual,193,Braconeelle,507,,307,Brecoocel,46,1.00,braconeelle,printed 307
manual,241,Raon-l'Eiape,514,,314,La ville de Raon,46,1.00,raon-l-etape,printed 314
manual,198,Clefcy',519,,319,Cleuveey,47,1.00,clefcy,printed 319
manual,193,Bréhimont,556,,336,fircebymont,47,1.00,brehimont,"printed 356: Brécheymont is 336 (""fircebymont"")"
manual,237,Pajaille,545,,345,Pageolle,47,1.00,pajaille,printed 345
manual,185,"Aray (le Lan (V), ban de Moyenmouticr, 551",554,,354,Le ban d'Aray,48,1.00,aray-le-lan-v-ban-de-moyenmouticr,printed 354
manual,195,Caefièe-Sue (la),565,,363,La Cachée Rue,48,1.00,la-caefiee-sue,printed 363
manual,237,Pariée (la),582,,382,La Payne,49,1.00,la-pariee,printed 382
manual,237,Paire (le) bam.,585,,385,Le Payre,49,1.00,paire-le-bam,printed 585: Le Payre of the ban of Taintrux is 385
manual,207,Fols (les),591,,391,Les Fouis,49,1.00,les-fols,printed 391
manual,198,Combrimont,456,,436,Combriniom,51,1.00,combrimont,printed 436
manual,185,AouryS vil.,50s,,508,Albrich,53,1.00,aourys-vil,printed 508
manual,183,Abaticourt,544,,511,Aboneourt,53,1.00,abaucourt,printed 511
manual,197,Chatlemagnc ou Chatemagnc (ban de),511,,511,Aboneourt,53,1.00,chatlemagnc-ou-chatemagnc,"entry 511: ""Aboncourt, ban de Chattemagne"""
manual,255,Vandières,525,,525,VetidiiTCs,54,1.00,vandieres,printed 525
manual,235,Norroy-Ie-Veneur,555,,535,Nourroy,54,1.00,norroy-le-veneur,printed 535
manual,232,Moutrot,553,,555,Mallonvtlle,55,1.00,moutrot,"printed 555, the editor's identification"
manual,234,Ncuw'Y ille-ct-Grémoménil (la),385,,585,La Ncufville,56,1.00,la-ncuw-y-ille-ct-gremomenil,printed 585
manual,259,Viméni),655,,635,Vymesnil,58,1.00,vimenil,printed 635
manual,185,Ainias (les),758,,738,Les Amyas,61,1.00,les-ainias,printed 738
manual,224,Lejols,8201,,820,Lcssol,64,1.00,lejols,printed 820
manual,208,Fontcnoy-lc-Châtcau,855,,853,Fonlenoy,65,1.00,fontenoy-le-chateau,printed 853
manual,202,DombasIe-cn-Xaîntois,927,,927,Dombasle,67,1.00,dombasle-en-xaintois,printed 927
manual,200,Damas-el-Bcttcgncy,105»,,1055,Dominait devant Dompaire,72,1.00,damas-et-bettegney,printed 1055
manual,244,Ronchiere liai,10?3,,1083,La Rouchierre,73,1.00,ronchiere-liai,printed 1083
manual,247,Seie-Brabant (la),1089,,1089,De la Syc,73,1.00,la-seie-brabant,"printed 1089: ""De la Syc"", the sawmill"
manual,242,Remois,119,,1119,Baimois,74,1.00,remois,"1119: ""Baimois"" (scan), Raimois"
manual,205,Etanchc (I'),1158,,1138,L'Estanges,75,1.00,l-etanche,"printed 1158; L'Estanges, the abbey, is 1138"
manual,211,Gemmelaincourt,4145,,1143,Geincnaincourt,75,1.00,gemmelaincourt,printed 1143
manual,248,Sterek-Hauie,4209,,1209,Udensirck,78,1.00,sterek-hauie,printed 1209
manual,246,Scheuer-Hof,1507,,1307,Schcuren,81,1.00,scheuer-hof,"corrections: ""seems to correspond to Schcuren"" (1307)"
manual,233,Nennig,1517,,1317,Neunieh,81,1.00,nennig,printed 1317
manual,254,Tûnsdorf (Tunstrofï),1518,,1318,Timstorff,81,1.00,tunsdorf,printed 1318
manual,189,"Bcrg"" mit Schloss",1521,,1321,Berg,81,1.00,berg,printed 1321
manual,216,Heckling,1525,,1323,Hechlingen,81,1.00,heckling,"the scan reads 1525, which is Rathen's (Zurachten, the editor's corrections); Heckling is Hechlingen, 1323"
manual,198,Colmen,1551,,1331,Golman,81,1.00,colmen,printed 1331
manual,218,Hombourgou Hombourg-sur-Kaner,1352,,1332,Hombourg auiïdcr Kandcl,81,1.00,hombourg-sur-kaner,printed 1332
manual,255,Valdwisse,1553,,1333,Waldtvtiss,81,1.00,waldwisse,printed 1333
manual,228,Mégange,1549,,1349,Mehingen,82,1.00,megange,printed 1349
manual,193,Brccklangc,1558,,1358,Brcchlingen,82,1.00,brecklange,printed 1358
manual,204,Ëlvangc,1574,,1374,Elwingen,83,1.00,elvange,printed 1374
manual,226,MainviHers,1577,,1377,Maulveiller,83,1.00,mainvillers,printed 1377
manual,210,Freyming,1590,,1390,Pfeningen,83,1.00,freyming,printed 1390
manual,256,Velving (?),1594,,1394,Wciblingen,83,1.00,velving,printed 1394
manual,206,Falck,1599,,1399,Fait,84,1.00,falck,printed 1399
manual,203,Eimersdorf,1422*,,1422,Hvmerrslorlï,84,1.00,eimersdorf,printed 1422
manual,221,Kerperieh-ilemmersdorf,59,,1439,Krispeig,85,1.00,kerprich-hemmersdorf,"corrections: ""1421, 22, 39, 40"""
manual,221,Kerperieh-ilemmersdorf,40,,1440,Hynicsstorff,85,1.00,kerprich-hemmersdorf,"corrections: ""1421, 22, 39, 40"""
manual,190,Sctthujen ou Bctting',1457,,1457,Beliingcn,86,1.00,betting,printed 1457
manual,185,Aschbaeh et Hensclhofcn,1479,,1479,Aspach,87,1.00,aschbach,Aspach: Aschbach
manual,204,Einu'ciller cl Enweillcr,1485,,1485,Enweillcr,87,1.00,einu-ciller-cl-enweillcr,printed 1485
manual,221,Kaisen,1497,,1497,Kassheim,87,1.00,kaisen,corrections: Kaisen replaces the line Kassheim
manual,204,Einu'ciller cl Enweillcr,1510,,1510,Einveiller,88,1.00,einu-ciller-cl-enweillcr,printed 1510
manual,261,Wetschhausen,1510,,1516,Wach-llaussen,88,1.00,wetschhausen,"Wach-Haussen, aliàs Schweich-Haussen (table of old forms)"
manual,217,Heiiselhofen (voy. Aschbach),1531,,1534,Hemtzelbovcn,88,1.00,heiiselhofen,printed 1534
manual,185,Aschbaeh et Hensclhofcn,1535,,1535,Aspach,88,1.00,aschbach,Aspach: Aschbach
manual,204,Einu'ciller cl Enweillcr,54,,1554,Einweiller,89,1.00,einu-ciller-cl-enweillcr,printed 54 after 1510
manual,241,Rantse/iidt (et non Raudtsebidl),1562,,1562,Raudtsehidt,89,1.00,rantse-iidt,"the editor: ""Rontschidt (et non Raudtschidt)"""
manual,258,Petit-Rohrbacli,1651,,1631,Rorbach,91,1.00,petit-rohrbacli,corrections: Petit-Rohrbach replaces Rorbach (1631)
manual,252,Tensch,1655,,1635,Teutschen,92,1.00,tensch,printed 1635
manual,256,Vergaville,I63i,,1638,WargaviUe,92,1.00,vergaville,printed 1638
manual,210,Gawestroff(autrefois Weistroff),1689,,1689,Wistorff,93,1.00,gawestroff,"Wistorff: Weistroff, the old name"
manual,221,Kerlingcn (Kerling-lès-Sarrelouts),1695,,1693,Kerlingen,93,1.00,kerlingcn,printed 1695 (3/5): Kerlingen is entry 1693; 1695 is Eidlingen
manual,262,Zinzing,1751,,1731,Zintsingen,95,1.00,zinzing,printed 1731
manual,194,Itnbiiujen,1736,,1736,Bubingen,95,1.00,itnbiiujen,Bubingen
manual,252,They,1751,,1751,Thev-soub-Vaudémont,95,1.00,they-sous-vaudemont,They-sous-Vaudémont
manual,210,Frizon (la Haute et la Basse-),1805,,1803,Frizon-la-llaultc,97,1.00,frizon,Frizon-la-Haute
manual,210,Frizon (la Haute et la Basse-),4,,1804,Frizon-la-Basse,97,1.00,frizon,Frizon-la-Basse
manual,225,Loro-Monlzey,52,,1810,Monzcy,97,1.00,loromontzey,"Montzey (1810); the index prints ""52"""
manual,225,Loro-Monlzey,1810,,1816,Lorro,98,1.00,loromontzey,printed 1816: Lorro
manual,223,Lebcuville,36,,1836,Lcbeufville,98,1.00,lebeuville,"printed 1829, 36: Lebeuville is 1829 and 1836 (bailliage of Châtel); 1536 is Thalexweiler's"
manual,244,Rouvrois-sur-Mcuse,18&4,,1884,Rouveroy,100,1.00,rouvrois-sur-meuse,printed 1884
manual,184,Aix,1953,,1932,Aix,102,1.00,aix,printed 1933; Aix is 1932 in the list of Apremont
manual,185,Anoux,1955,,1935,Annoult,102,1.00,anoux,printed 1955; Annoult is 1935 in the list of Apremont
manual,225,Lion-devanî-Dun,1995,,1993,Lyon,104,1.00,lion-devani-dun,printed 1995; Lyon is 1993
manual,261,Xivray-et-Marvoisin,2040,,2040,Sivery,105,1.00,xivray-et-marvoisin,Sivery
manual,210,Gébcourt,9093,,2093,Gellacourt,107,1.00,gelacourt,printed 2093
manual,234,Nidervillcr',2017,,2107,Niderwciller,108,1.00,niderviller,printed 2017; Niderweiller of Sarrebourg is 2107
manual,262,Zimmerbacb,2125,,2123,Zymerbach,108,1.00,zimmerbach,printed 2123
manual,205,Eich,2157,,2137,Eychen,109,1.00,eich-sarralbe,"corrections: ""Eich… 2157""; Eychen of Sarralbe is 2137"
manual,238,Pirmascns,210,,2209,Pfumersens,112,1.00,pirmasens,"printed 2210; Pirmasens is Pfumersens, 2209"
manual,218,Hombourg-Ilatit,2259,,2239,Hombourg,114,1.00,hombourg-haut,printed 2239
manual,237,Petil-Ei>ci>willer,2243,,2243,Eberssweiller,114,1.00,petil-ei-ci-willer,printed 2243
manual,192,Boucheporn,2275,,2273,Bansch))orn,115,1.00,boucheporn,"the scan reads 2275 (Niedervisse's); Boucheporn is Banschborn (table of old forms), entry 2273"
manual,236,Onnes-ct-Viï!ï'; canton d'Ilaroué,2305,,2305,Ormes,128,1.00,onnes-ct-vii-i-canton-d-ilaroue,Ormes
manual,210,Frouard,2507,,2307,Frowart,128,1.00,frouard,printed 2307
manual,208,Fontcnoy-lc-Châtcau,2520,,2320,Fontcnoy-en-Vosges,128,1.00,fontenoy-le-chateau,printed 2320
manual,260,VVallerfangen (Vaudrevange),2335,,2333,Valdcrfanges,129,1.00,vvallerfangen,printed 2333
manual,227,Marienflosse. moulin (collégiale),2576,,2376,Marienfloss,130,1.00,marienflosse-moulin,printed 2376
manual,198,Clairlicu,2579,,2379,Glerlieu,130,1.00,clairlieu,printed 2379
manual,236,Onnes-ct-Viï!ï'; canton d'Ilaroué,2418,,2418,Ormes,131,1.00,onnes-ct-vii-i-canton-d-ilaroue,Ormes
manual,197,Châtenois,53,,2453,Chastenoy,132,1.00,chatenois,"printed 53 after 2314: the priory of Chastenoy, 2453"
manual,224,Libdcau,2386,,2486,Libdos,133,1.00,libdcau,printed 2386; the commandery of Libdos is 2486
corrected,227,Malgrange (la),5,,3,La Malgrange,36,1.00,la-malgrange,
corrected,220,Jarville,15,,13,Jarville,36,1.00,jarville-la-malgrange,
corrected,237,Parey-Saint-Césaire,25,,23,Parey-Sainct-Coesar,36,0.91,parey-saint-cesaire,
corrected,185,Anthelupt,51,,31,Anlbelu,37,0.75,anthelupt,
corrected,193,Bouxières-aux-Dames,52,,32,Bouxières,37,1.00,bouxieres-aux-dames,
corrected,194,Burthecourt-aux-Chènes,35,,33,Burthecourt,37,1.00,burthecourt-aux-chenes,
corrected,200,Crévic,55,,35,Crevic,37,1.00,crevic,
corrected,249,Saint-Don,56,,36,Sainct-Don,37,1.00,saint-don,
corrected,205,Eulmont,57,,37,Eumont,37,0.92,eulmont,
corrected,207,Fiavigny-sur-Moselle,59,,39,Flavigny,37,0.88,fiavigny-sur-moselle,
corrected,210,Froville,2454,,44,Rovillc,37,0.93,froville,
corrected,202,Dommartemont,,,53,Dommarlemonl,37,1.00,dommartemont,number not printed in the index
corrected,224,Lcrnainvillc,65,,63,Lcmainville,38,0.87,lemainville,
corrected,238,Pixerécourl,75,,73,Pisserécourt,38,0.87,pixerecourt,
corrected,261,Xirocourt,,,84,Xirocourt,38,1.00,xirocourt,number not printed in the index
corrected,220,Jcvoncourt,,,85,Juvoncourt,38,0.95,jevoncourt,number not printed in the index
corrected,186,Avrainvillc,95,,92,Avrainville,39,1.00,avrainvillc,
corrected,213,Griscourt,90,,96,Grisecourt,39,0.95,griscourt,
corrected,231,Montauville,105,,103,Monlauville,39,1.00,montauville,
corrected,226,Maidiures,,,114,Madières,39,0.82,maidieres,number not printed in the index
corrected,236,Oulrancourt,125,,123,Oultrancourt,40,0.96,outrancourt,
corrected,197,Chavigny,151,,131,Chavigny,40,1.00,chavigny,
corrected,198,Commcrcy,135,,133,Commercy,40,1.00,commcrcy,
corrected,257,Vignot,154,,134,Vignot,40,1.00,vignot,
corrected,227,Malaumont,155,,135,Malomont,40,0.82,malaumont,
corrected,228,Méligny-Ie-Giand,156,,136,Melligny-le-Grand,40,0.83,meligny-le-grand,
corrected,256,Vaux-la-Grande,458,,138,Vaulx-la-Grande,40,0.96,vaux-la-grande,
corrected,256,Vaux-Ia-Petite,159,,139,Vaulx-la-Petile,40,0.88,vaux-la-petite,
corrected,211,Gerbéviller,,,181,Gcrbéviller,42,1.00,gerbeviller,number not printed in the index
corrected,251,Saint-Pierremont,,,191,Sainct-Pierrcmont,42,1.00,saint-pierremont,number not printed in the index
corrected,251,Sainte-Marie,,,198,Saincte-Marie,42,1.00,sainte-marie,number not printed in the index
corrected,226,Maixe,,,228,Marches,43,0.95,maixe,number not printed in the index
corrected,210,Gellenoncourt,930,,230,Gellenoncourt,43,1.00,gellenoncourt,
corrected,229,Ménil,258,,238,Mesnil,43,0.91,menil,
corrected,202,Domèvre-sur Vezouse,245,,243,Domepvre,44,0.93,domevre-sur-vezouze,
corrected,186,Athienville,2C7,,267,Athienville,44,1.00,athienville,
corrected,212,Glonvîlle,,,272,Gloi»ville,45,0.89,glonville,number not printed in the index
corrected,195,Chalgoulte,,,284,Challegoutte,45,0.91,chalgoulte,number not printed in the index
corrected,200,Croix-aux-Mines (la),295,,293,La Croix,45,1.00,la-croix-aux-mines,
corrected,184,Algoutle,500,,300,Allegoutte et,46,0.80,algoutle,
corrected,257,Vézeval,511,,311,Vezeval,46,1.00,vezeval,
corrected,249,Saint-Dié,513,,313,La ville dudict Sainct Dicy,46,0.94,saint-die-des-vosges,
corrected,257,Viller (le),515,,315,Le Viller,46,1.00,le-viller,
corrected,255,Vanifosse,525,,323,Vanifosse,47,1.00,vanifosse,
corrected,234,NcuvilIer-sur-Favc,524,,324,Neufviller,47,0.84,neuvillers-sur-fave,
corrected,251,Sainte-Marguerite,523,,325,Saincte-Marguerée,47,0.90,sainte-marguerite,
corrected,206,Faingt (le),526,,326,Le Fain Messire Thiéry,47,0.80,le-faingt,
corrected,212,Grande-Fosse (la),352,,332,La Grande-Fosse,47,1.00,la-grande-fosse,
corrected,205,Etival,555,,333,Estival,47,0.92,etival,
corrected,235,Nompatclize,554,,334,Nonpalelisc,47,0.82,nompatelize,
corrected,253,Thisserandie (fer),335,,337,La Thisserandie,47,0.89,thisserandie,
corrected,246,Sauceray,539,,339,Saulxeray,47,0.82,sauceray,
corrected,192,Bourgonce (la),540,,340,La Bourgoncc,47,1.00,la-bourgonce,
corrected,251,Saint-Remy,542,,342,Sainct-Remy,47,1.00,saint-remy,
corrected,229,Ménil (le),,,343,Le Mesnil,47,0.91,le-menil,number not printed in the index
corrected,208,Fosse (la) ham.,544,,344,La Fosse,47,0.77,fosse-la-ham,
corrected,201,Deyfosse,547,,347,Daycfôssc,47,0.82,deyfosse,
corrected,237,Paire (le),55f,,351,La Paire,48,1.00,le-paire-moyenmoulier,
corrected,196,Chapelle (la),552,,352,La Chapelle,48,1.00,la-chapelle,
corrected,200,Denipairc,555,,353,Denypaire,48,0.89,denipaire,
corrected,227,Mandray,555,,355,Mandray,48,1.00,mandray,
corrected,230,Mi-Mandray (la),557,,357,L'Kmmy-Mandray,48,0.80,la-mi-mandray,
corrected,189,Bénîfosse,559,,359,Benyfosse,48,0.89,benifosse,
corrected,204,Entre-deux-Eaux,560,,360,Entre deux eaux,48,1.00,entre-deux-eaux,
corrected,208,Fouchîfol,562,,362,Fouchifol,48,1.00,fouchifol,
corrected,215,HaMeure,564,,364,Halbeure,48,0.80,hameure,
corrected,215,HaMeure,551,,364,Halbeure,48,0.80,hameure,
corrected,255,Vanémont,566,,366,Vannemom,48,0.75,vanemont,
corrected,246,Sauley,571,,371,Saulcy,48,1.00,saulcy-sur-meurthe,
corrected,197,Chénois (le),575,,373,Le Chesnois de Saulcy,48,0.93,le-chenois,
corrected,189,Bertrimoutier,574,,374,Bertrîmonstier,48,0.89,bertrimoutier,
corrected,209,Frapelle,,,375,Frappelle,48,0.94,frapelle,number not printed in the index
corrected,255,Vanifosse,577,,377,Vanifosse,49,1.00,vanifosse,
corrected,223,Laycgotttlc,,,378,Layegoutte,49,0.86,laycgotttlc,number not printed in the index
corrected,226,Lusse,579,,379,Lusse,49,1.00,lusse,
corrected,224,Lesseux,580,,380,Lusseux,49,0.86,lesseux,
corrected,217,Herbaupaire,581,,381,Herbeaupairc,49,0.96,herbaupaire,
corrected,197,Cheuvry,586,,386,Chawry,49,0.95,cheuvry,
corrected,209,Fraiteux,594,,394,Le Fratteux,49,0.88,fraiteux,
corrected,211,Geminfaing,595,,395,Germainfain,49,0.86,gemainfaing,
corrected,192,Bouras,596,,396,La Goutte de Bouray,49,0.95,bouras,
corrected,206,Faycmont,598,,398,FrayemonU,49,0.82,faycmont,
corrected,208,Fontcnelle (la),599,,399,La Fonteneïle,49,0.90,la-fontcnelle,
corrected,198,Clingouite,403,,405,Clingoulte,50,0.90,clingouite,
corrected,224,Lesseux,415,,413,Lusseux,50,0.86,lesseux,
corrected,212,Grandrupt,458,,438,Grand-Ruz,51,0.82,grandrupt,
corrected,186,Aubripaire,455,,453,Aubripaire,51,1.00,aubripaire,
corrected,184,Amance,,,454,Amance,51,1.00,amance,number not printed in the index
corrected,183,Agincourt,404,,464,Agiencourt,51,0.95,agincourt,
corrected,183,Aboncourt-sur-SeHîe,475,,473,Aboncourl,52,1.00,aboncourt-sur-seille,
corrected,193,Brin,486,,488,Brin,52,1.00,brin-sur-seille,
corrected,184,Alaincourl-la-Côte,490,,496,Allincourt,52,0.90,alaincourt-la-cote,
corrected,262,Xousse,,,512,Xousscs,53,0.92,xousse,number not printed in the index
corrected,194,Brulangc,515,,513,Brulanges,53,0.94,brulange,
corrected,255,Vandelainville,,,523,Vandelainville,53,1.00,vandelainville,number not printed in the index
corrected,237,Pagny-sur-Moselle,,,529,Pargny,54,0.91,pagny-sur-moselle,number not printed in the index
corrected,257,Viéville-en-Haye,553,,533,Viefville,54,0.94,vieville-en-haye,
corrected,195,Chamblcy,556,,536,Chamblé,54,0.93,chamblcy,
corrected,200,Darmont,545,,543,Darmont,54,1.00,darmont,
corrected,259,Viterne,533,,553,Viterne,55,1.00,viterne,
corrected,235,Nolle (la),615,,613,La Nol,57,0.75,la-nolle,
corrected,235,Nonzeville,725,,625,Nonziville,57,0.90,nonzeville,
corrected,258,Villoncourt,650,,630,Villoneourt,57,1.00,villoncourt,
corrected,201,Destord,,,632,Destord,58,1.00,destord,number not printed in the index
corrected,209,Frémifontaine,653,,633,Fremyfontainc,58,0.92,fremifontaine,
corrected,201,Deycimont,654,,634,Dccymont,58,0.82,deycimont,
corrected,207,Fontenay,659,,639,Fontenay,58,1.00,fontenay,
corrected,235,Nonzeville,645,,643,Mozeville,58,0.84,nonzeville,
corrected,211,Girecourt,641,,644,Girecourt,58,1.00,girecourt-sur-durbion,
corrected,245,Ruxurieux,,,668,Rexuricux,59,0.89,ruxurieux,number not printed in the index
corrected,185,Arches,6S1,,681,Arches,59,1.00,arches,
corrected,239,Pouxeux,695,,693,Pouxcy,60,0.77,pouxeux,
corrected,238,Poirie (la),703,,705,La Poiric,60,1.00,la-poirie,
corrected,254,Vagney,725,,726,Vagny,61,0.91,vagney,
corrected,211,Gerbamonl,750,,730,Gerbaumonl,61,0.95,gerbamont,
corrected,256,Vecoux,755,,753,Vescoux,62,0.92,vecoux,
corrected,241,Ramonchamp,761,,764,Ramonchamps,62,0.95,ramonchamp,
corrected,240,Quessonviller,773,,775,Quessonville,62,0.96,quessonviller,
corrected,244,Rouveroye,,,776,Rouveroy,62,0.94,rouveroye,number not printed in the index
corrected,230,Moncel (le),734,,784,Le Monccl,63,1.00,le-moncel,
corrected,188,Banvoye (la),780,,786,La Banvoyc,63,1.00,la-banvoye,
corrected,238,Poirie (la),825,,823,La Poirie,64,1.00,la-poirie-238,
corrected,193,Bréhaviller,850,,830,Brcbanviller,64,0.87,brehaviller,
corrected,256,Vcnlron,855,,835,Vcntron,64,1.00,ventron,
corrected,210,Fresse,817,,847,Fresse,65,1.00,fresse-sur-moselle,
corrected,205,Evaux-ct-Ménil,895,,893,Le Val,66,0.95,evaux-et-menil,
corrected,230,Mirecourt,889,,899,Mirccour:,66,0.94,mirecourt,
corrected,202,DombasIe-cn-Xaîntois,915,,913,Dombasle-en-Sainctois,67,0.89,dombasle-en-xaintois,
corrected,202,Domjulien,,,926,Donjulicn,67,0.89,domjulien,number not printed in the index
corrected,239,Pont-sur-Hadon,952,,932,Pont-sur-Mauldoi:,68,0.77,pont-sur-hadon,
corrected,236,OEIIcville,935,,933,Oilleville,68,0.80,oelleville,
corrected,190,Bettoncourt,954,,934,Bctoncourl,68,0.95,bettoncourt,
corrected,202,Domévrc-sous-Montfort,958,,938,Domèvre,68,1.00,domevre-sous-montfort,
corrected,257,Viéville,945,,943,Viefville,68,0.94,vieville,
corrected,186,Avillers,,,956,Ahévillc,68,0.75,avillers,number not printed in the index
corrected,244,Rozeroile,938,,958,Rozcrotte,68,0.89,rozerotte,
corrected,255,Valleroy-le-Sec,,,960,Valleroy,68,1.00,valleroy-le-sec,number not printed in the index
corrected,228,Maroncourt,,,964,Moyroncourt,69,0.86,maroncourt,number not printed in the index
corrected,252,Tatignécourl,975,,973,Tattignécourt,69,0.96,tatignecourt,
corrected,197,Chaumouzcy,1005,,1003,Chamoysy,70,0.67,chaumousey,
corrected,192,Bonfays,,,1005,Bonfay,70,0.92,bonfays,number not printed in the index
corrected,183,Adoncourt,1025,,1023,Adoncourt,71,1.00,adoncourt,
corrected,258,Ville-sur-Illon,1052,,1032,Ville-sur-Hlon,71,0.88,ville-sur-illon,
corrected,200,Darnieulics,1054,,1034,Darnîeulles,71,0.91,darnieulles,
corrected,255,Varmonzey,1055,,1035,Varmenzey,71,0.89,varmonzey,
corrected,256,Vaubexy,1056,,1036,Vaubexey,71,0.93,vaubexy,
corrected,251,Saint-Vallier,1057,,1037,Sainct-Vallier,71,1.00,saint-vallier,
corrected,244,Itue-devant-Dompaire(/a),,,1049,La Rue devant Dompaire,71,0.89,itue-devant-dompaire,number not printed in the index
corrected,183,Adoncourt,G5,,1063,Aboncourt,72,0.89,adoncourt,
corrected,253,Torchon (le),,,1075,Torchon,72,1.00,le-torchon,number not printed in the index
corrected,238,Pille (la),,,1084,La Pille,73,1.00,la-pille,number not printed in the index
corrected,196,Charmais,1095,,1093,Charmois.Soub Dompaire,73,0.88,charmais,
corrected,199,Contrexéville,4115,,1115,Contrexéville,74,1.00,contrexeville,
corrected,233,Neufchâleau,118,,1118,Neufchasleau,74,0.96,neufchateau,
corrected,189,Beltnont-sur-Vair,1152,,1132,Belmont,75,0.80,belmont-sur-vair,
corrected,251,Saint-Remimont,,,1133,Sainct-Remymont,75,0.92,saint-remimont-buigneville,number not printed in the index
corrected,184,Aillanvillc,1456,,1136,Alainville,75,0.86,aillianville,
corrected,212,Gonvaux,1157,,1137,Gonbaulx,75,0.95,gonvaux,
corrected,259,Viocourt,59,,1139,Vioeourt,75,1.00,viocourt,
corrected,235,Noncourt,1155,,1153,Noncourt,75,1.00,noncourt,
corrected,184,Aillanvillc,1466,,1156,Allainville. ',76,0.91,aillianville,
corrected,222,Landaville,1168,,1169,Landaville,76,1.00,landaville,
corrected,232,Morclrnaison,75,,1173,Moremaison,76,0.82,morelmaison,
corrected,202,Dombrol-sur-Vair,,,1190,Bouzey,77,0.31,dombrot-sur-vair,number not printed in the index
corrected,195,Cerlilleux,1195,,1193,Sertilleux,77,0.95,certilleux,
corrected,225,Longchamp,120S,,1203,Lonchamps,77,0.89,longchamp-sous-chatenois,
corrected,231,Montenach,1203,,1208,Monlenach,78,1.00,montenach,
corrected,255,Valdweistroff,4211,,1211,Wistorff,78,0.95,valdweistroff,
corrected,245,Rustroff,1254,,1234,Rustorff,78,0.88,rustroff,
corrected,245,Rustroff,1534,,1234,Rustorff,78,0.88,rustroff,
corrected,227,Mailing,1255,,1235,Mellick,78,0.95,mailing,
corrected,254,Tùnting,1259,,1239,Tintingen,79,0.75,tunting,
corrected,230,Mctrich,1245,,1243,Metterich,79,0.88,metrich,
corrected,255,Valdweistroff,45,,1245,Wistorff,79,0.95,valdweistroff,
corrected,210,Fùrwciler,1352,,1252,Furweiller,79,1.00,furweiler,
corrected,221,Kemplich,1265,,1263,Hempuchcl,79,0.95,kemplich,
corrected,200,Dalstein,,,1265,Dalstein,79,1.00,dalstein,number not printed in the index
corrected,203,Drogny,1285,,1283,Drachcnach,80,0.95,drogny,
corrected,201,Diding,1501,,1301,Dudingcn,80,0.95,diding,
corrected,204,Epange [3] (?),1502,,1302,Eppingen,81,0.95,epange,
corrected,207,Fliessborn,1504,,1304,Fliessborn,81,1.00,fliessborn,
corrected,194,Bùbingen,1509,,1309,Bingen,81,0.95,bubingen,
corrected,194,Bary,1510,,1310,Bury,81,0.75,bary,
corrected,209,Freislroff,1511,,1311,Freistorff,81,0.90,freistroff,
corrected,197,Chémery,1512,,1312,Clemey,81,0.95,chemery,
corrected,209,Freislroff,15,,1313,Freistorff,81,0.90,freistroff,
corrected,222,Kontz-llauic,1514,,1314,Obercontz,81,0.95,kontz-llauic,
corrected,185,Anzeling,,,1315,Anseldingen,81,0.95,anzeling,number not printed in the index
corrected,194,Budange,1516,,1316,Budingen,81,0.95,budange,
corrected,192,Bourgesch,1520,,1320,Burg-Esch,81,0.94,chateau-de-bourg-esch,
corrected,190,Beurcn,1522,,1322,Beuren,81,1.00,beuren,
corrected,203,Eberswillcr,1530,,1330,Ebcrsweillcr,81,0.96,ebersviller,
corrected,201,Diding,56,,1336,Dudingen,82,0.95,diding,
corrected,221,Kirf,1557,,1337,Kirff,82,0.89,kirf,
corrected,190,Bettingen,,,1338,Brcttingen,82,0.95,bettingen,number not printed in the index
corrected,239,Pomern,1311,,1341,Pomern,82,1.00,pomern,
corrected,244,Rudling,1543,,1343,Rodingcn,82,0.95,rudling,
corrected,261,Wies,1544,,1344,Wiss,82,0.75,wies,
corrected,207,Flasgarten,1550,,1350,Hassgarten,82,0.80,flasgarten,
corrected,210,HelslrofF,1551,,1351,Helstorff,82,0.89,helstroff,
corrected,233,Neunkirchen,1552,,1352,Neunkirchen,82,1.00,neunkirchen-les-bouzonville,
corrected,213,Gross-Hemmersdorf,1553,,1353,Hyrmestroff,82,0.95,grosshemmersdorf,
corrected,259,Volmerange,1557,,1357,Wolmcringen,82,0.95,volmerange,
corrected,226,Macker,1561,,1361,Machern,82,0.77,macker,
corrected,252,Téterchen,1567,,1367,Tctterchen,82,0.95,teterchen,
corrected,203,Dùren,1569,,1369,Dùren,83,1.00,duren,
corrected,226,Lymingcn,1571,,1371,Lymingcn,83,1.00,lymingcn,
corrected,203,Dourd'hal,1572,,1372,Durehdalhaim,83,0.95,dourd-hal,
corrected,187,Bambiderstroff,1575,,1373,Baumbidersstorfi,83,0.80,bambiderstroff,
corrected,262,Zondrangc,1575,,1375,Gondcringen,83,0.95,zondrangc,
corrected,255,Varsberg,1578,,1378,Warsberg,83,0.88,varsberg,
corrected,222,Landrefang,1579,,1379,Laudcrfingen,83,0.95,laudrefang,
corrected,227,Many,1580,,1380,Niderhcim,83,0.89,many,
corrected,200,Dalcm,1581,,1381,Dalheim,83,0.83,dalem,
corrected,205,Etangs (les),1585,,1383,Tenchen,83,0.95,les-etangs,
corrected,239,Pontigny,1581,,1384,Nidbrucken,83,0.95,pontigny,
corrected,203,Eblange,1585,,1385,Oblingcn,83,0.95,eblange,
corrected,252,Titling,1586,,1386,Tultingen,83,0.95,titling,
corrected,200,Dalcm,92,,1392,Dalheim,83,0.83,dalem,
corrected,226,Louircmange,1595,,1393,Lanlhrum,83,0.95,loutremange,
corrected,259,Volmerange,95,,1395,Wclmeringen,83,0.67,volmerange,abbreviated after 1357
corrected,214,Guerting,1597,,1397,Gertingen,84,0.95,guerting,
corrected,215,Ham-sous-Varsberg,1598,,1398,Hamcn,84,0.95,ham-sous-varsberg,
corrected,204,Ensdorf,1405,,1403,EnstorfT,84,0.80,ensdorf,
corrected,234,Nillel,141î,,1411,Nittel,84,1.00,nillel,
corrected,189,Beckingen,1450,,1430,Berkingen,85,0.95,beckingen,
corrected,237,Pachlen,1451,,1431,Pachtcn,85,1.00,pachten,
corrected,190,Biezen,1454,,1434,Bulzen,85,0.95,bietzen,
corrected,229,Merchingen,57,,1437,Morehingen,85,0.95,merchingen,
corrected,229,Mcnningen,1465,,1463,Memmingcn,86,0.95,menningen,
corrected,195,Caste!,,,1469,Kastel,86,0.95,kastel-les-otzenhausen,number not printed in the index
corrected,195,Buweiler,,,1490,Budweillcr,87,0.89,buweiler,number not printed in the index
corrected,186,Aussen,,,1494,Aussen,87,1.00,aussen,number not printed in the index
corrected,261,Wicsbach,1493,,1495,Wissbach,87,0.88,wiesbach,
corrected,252,Thelcy,150»,,1504,Theley,87,1.00,theley,
corrected,225,Lindschcid,1551,,1531,Lindtschidt,88,0.86,lindscheid,
corrected,228,Marpingen,52,,1532,Merpingen,88,0.95,marpingen,
corrected,195,Buweiler,1553,,1533,BubweiUer,88,0.82,buweiler,
corrected,186,Aucrsmacher,4570,,1570,Awerssmachci-,89,0.78,auersmacher,
corrected,191,Bliescbersing,75,,1573,Eberssingen,90,0.95,bliesebersing,
corrected,261,Witring,1382,,1582,Witlringcn,90,0.82,wittring,
corrected,233,Nculgrange,1383,,1583,Neuscheurcn,90,0.95,neufgrange,
corrected,191,Blanche-Eglise,4598,,1598,Blanche-Eglise,90,1.00,blanche-eglise,
corrected,188,Batlielémont,1003,,1603,Barlhelémont,91,0.83,batlielemont,
corrected,200,Culling,25,,1623,Kuttingen,91,0.75,cutting,
corrected,213,Grening,1652,,1632,Grumingcn,91,0.95,grening,
corrected,216,Hellimer,46,,1633,Heylingenncr,92,0.95,hellimer,
corrected,184,Altrippc,1659,,1639,Altrippen,92,0.94,altrippe,
corrected,225,LostrofJf,,,1643,Lostroff,92,0.94,lostroff,number not printed in the index
corrected,240,Racrange,,,1649,Reckranges,92,0.95,racrange,number not printed in the index
corrected,201,Diffembach-lès-Puttclange,,,1652,DiefTembach,92,0.86,diefenbach-les-puttelange,number not printed in the index
corrected,213,Guebcnbausen,1665,,1663,Gebenhausscn,93,0.83,guebcnbausen,
corrected,189,Berus,,,1672,La ville de Bcaurains,93,0.38,berus,number not printed in the index
corrected,183,Achain,,,1705,Eschen,94,0.95,achain,number not printed in the index
corrected,205,Etzcling,1752,,1732,Etzlingen,95,0.82,etzling,
corrected,201,Dittclingen,1753,,1733,Dutlingen,95,0.95,dittclingen,
corrected,221,Kerbaeb,1754,,1734,Kirbach,95,0.95,kerbach,
corrected,195,Cadenbronn,,,1735,Kordenburn,95,0.95,cadenbronn,number not printed in the index
corrected,189,Behren,1757,,1737,Berren,95,0.83,behren,
corrected,256,Vaudémont,1758,,1738,Vaudémont,95,1.00,vaudemont,
corrected,257,Vézelise,1759,,1739,Vézelise,95,1.00,vezelise,
corrected,253,Thorey,1734,,1754,Tourcy,96,0.83,thorey-lyautey,
corrected,240,Pulney,1784,,1783,Pugney,96,0.95,pulney,
corrected,197,Châtel-sur-Mosclle,1795,,1793,Chastel,97,0.92,chatel-sur-moselle,
corrected,193,Bouxurulles,,,1802,Bouxereulles,97,0.87,bouxurulles,number not printed in the index
corrected,188,Batlexey,1815,,1813,Battcssey,97,0.82,battexey,
corrected,193,Bouxurulles,27,,1827,Bouxereulles,98,0.87,bouxurulles,
corrected,223,Lebcuville,ls29,,1829,La Beufvillc,98,0.95,lebeuville,
corrected,257,Villacourf,,,1835,Velacourt,98,0.95,villacourt,number not printed in the index
corrected,227,Marainville,57,,1837,Marainville,98,1.00,marainville-sur-madon,
corrected,186,Avrainville,,,1843,Avrainville,99,1.00,avrainville,number not printed in the index
corrected,250,Saint-Genest,1835,,1855,Sainct-Genois,99,0.82,saint-genest,
corrected,250,Saint-Gorgon,18S9,,1859,Sainct-Gcrgonnc,99,0.83,saint-gorgon,
corrected,232,Moussoux,1865,,1863,Moussou,99,0.93,moussoux,
corrected,246,Saulx-en-Voévre,,,1891,Sault,100,0.80,saulx-en-voevre,number not printed in the index
corrected,251,Saint-Rcmy,,,1892,Sainct-Remy,100,1.00,saint-remy-la-calonne,number not printed in the index
corrected,242,Relincourt,17,,1916,Relincourt,101,1.00,relincourt,
corrected,183,Affieville,1950,,1930,Afflainville,102,0.82,affleville,
corrected,184,Allamont,51,,1931,Allamont,102,1.00,allamont,
corrected,185,Ancy-sur-Moselle,1953,,1933,Ancy-sur-Mozelle,102,0.93,ancy-sur-moselle,
corrected,192,Boncourt,58,,1938,Boncourt,102,1.00,boncourt,
corrected,188,San Sainî-Symphorien,1945,,1943,Ban Sainct-Symphorien,102,0.89,san-saini-symphorien,
corrected,193,Broussey-en-Blois,1955,,1952,Broucey,103,0.80,broussey-en-blois,
corrected,202,Dommartin-la-Montagne,1965,,1963,Dommartin,103,1.00,dommartin-la-montagne,
corrected,212,Gîronville,,,1977,Gironville,103,1.00,gironville-sous-les-cotes,number not printed in the index
corrected,215,Hamonvillc,,,1979,Hamonville,103,1.00,hamonville,number not printed in the index
corrected,220,Jouaville,1985,,1983,Houaville,103,0.95,jouaville,
corrected,222,Lairey,1989,,1988,Lairey,104,1.00,lairey,
corrected,233,Nançois-le-Grand,2015,,2013,Mançoy,104,0.95,nancois-le-grand,
corrected,249,Saint-Aubin,2050,,2030,Sainct-Aulbin,105,0.95,saint-aubin-sur-aire,
corrected,254,Vacherauville,2045,,2043,Vacheronvillc,105,0.85,vacherauville,
corrected,257,Ville-au-Val,,,2049,Ville prcz Mousson,105,0.95,ville-au-val,number not printed in the index
corrected,261,Xonville,,,2053,Xonville,105,1.00,xonville,number not printed in the index
corrected,202,Domèvre-sur Vezouse,2056,,2055,Domepvre,106,0.93,domevre-sur-vezouze,
corrected,185,Amenoncourt,,,2080,Amenoncourt,106,1.00,amenoncourt,number not printed in the index
corrected,210,Frisonviller,9087,,2087,Frizonvillcr,107,0.92,frisonviller,
corrected,214,Hadomey,3096,,2096,Halomey,107,0.86,hadomey,
corrected,246,Sarrebourg,,,2101,Sarbourg,107,0.89,sarrebourg,number not printed in the index
corrected,221,Kerprich-aux-Bois,2115,,2113,Kiperg,108,0.95,kerprich-aux-bois,
corrected,184,Ailcmand-Rombach (F),2150,,2130,L'Allemand-Rombach,109,0.90,ailcmand-rombach,
corrected,248,Spilzemberg,2152,,2132,Spitzemberg,109,1.00,chateau-du-spitzemberg,
corrected,224,Lengelsbcim,2143,,2144,Lcngissheim,110,0.95,lengelsheim,
corrected,260,Weiskirch,2101,,2161,Weisskrich,110,0.84,weiskirch,
corrected,254,Urbach,2165,,2163,Urbach,110,1.00,urbach,
corrected,191,Bôckweilcr (?),2175,,2174,Boweillcr,111,0.84,bockweiler,
corrected,260,Waldeck,,,2193,Waldecli,112,0.80,waldeck,number not printed in the index
corrected,229,Merschweiller,,,2227,Esehweiller,113,0.91,merschweiller,number not printed in the index
corrected,247,Scbweyen,2229,,2228,Schweygen,113,0.82,schweyen,
corrected,204,Einarizhauscn,2255,,2233,Einartzhauscn,113,0.92,einarizhauscn,
corrected,219,Ihïitenhauscn,2255,,2235,Hiltenhaussen,113,0.85,ihiitenhauscn,
corrected,258,Vilsberg,2258,,2238,Wilssberg,114,0.82,vilsberg,
corrected,214,Guemviller,,,2244,Gunweiller,114,0.74,guenviller,number not printed in the index
corrected,210,Freybouse,2255,,2253,Freybuss,114,0.82,freybouse,
corrected,239,Ponlpierre,,,2259,Steinbiderstorff,114,0.95,pontpierre,number not printed in the index
corrected,223,Laning,2283,,2284,Landingen,115,0.95,laning,
corrected,215,Haraucourt-sur-Seille,228S,,2288,Harracourt,115,0.90,haraucourt-sur-seille,
corrected,202,Dompairc,2509,,2309,Dompaire,128,1.00,dompaire,
corrected,196,Charmes-sur-Moselle,2315,,2313,Charmes,128,1.00,charmes,
corrected,259,Villel,2516,,2316,Vilel,128,0.91,vittel,
corrected,202,Domjulien,2517,,2317,Donjulien,128,0.89,domjulien,
corrected,256,Vaudémont,2521,,2321,Vaudémont,128,1.00,vaudemont,
corrected,257,Vézelise,,,2322,Vézelise,128,1.00,vezelise,number not printed in the index
corrected,191,Rlâmont,2325,,2323,Blamont,128,0.86,blamont,
corrected,200,Deneuvre,2525,,2325,Deneuvre,128,1.00,deneuvre,
corrected,198,Clézentaine,2527,,2327,Clezcntaines,128,0.96,clezentaine,
corrected,192,Boulay,2552,,2332,Boullay,129,0.92,boulay,
corrected,193,Bouzonville,2555,,2335,Bouzonvillc,129,1.00,bouzonville,
corrected,201,Dieuze,,,2338,Dicuie,129,0.83,dieuze,number not printed in the index
corrected,206,Faulquemont,2540,,2340,Faulqucmonl,129,1.00,faulquemont,
corrected,208,Forbach,2542,,2342,Forbach,129,1.00,forbach,
corrected,232,Morhangc,2345,,2343,Morhanges,129,0.94,morhange,
corrected,246,Sarrebourg,,,2352,Sarbourg,129,0.89,sarrebourg,number not printed in the index
corrected,249,Saint-Avold,2555,,2355,Sainct-Avol,129,0.95,saint-avold,
corrected,233,Nancy,2562,,2362,Sainct-George,129,1.00,nancy,
corrected,233,Nancy,63,,2363,Sainct-Michel,129,1.00,nancy,abbreviated after 2291
corrected,256,Vaudémont,64,,2364,Vaudémont,130,1.00,vaudemont,
corrected,200,Darncy,,,2365,Darney,130,1.00,darney,number not printed in the index
corrected,200,Deneuvre,07,,2367,Dcneuvre,130,1.00,deneuvre,
corrected,246,Sarrebourg,,,2371,Sarbourg,130,0.89,sarrebourg,number not printed in the index
corrected,233,Nancy,78,,2378,Sainct-iMartin',130,1.00,nancy,abbreviated after 2363
corrected,189,Beaupré,2581,,2381,Bclpré,130,0.77,beaupre,
corrected,251,Saint-Sauveur,,,2382,Sainct-Sauvcur,130,1.00,saint-sauveur,number not printed in the index
corrected,202,Domèvre-sur Vezouse,2585,,2383,Domepvre,130,0.93,domevre-sur-vezouze,
corrected,216,Haute-Seille,2584,,2384,Haullc-Scille,130,0.96,haute-seille,
corrected,232,Moyenmnulicr,2587,,2387,Moycnmouslier,130,0.88,moyenmoutier,
corrected,258,Villers-Beltnach,2597,,2397,Viller-Betinach,131,0.90,villers-bettnach,
corrected,230,Meillach,2599,,2399,Mettloch,131,0.75,mettlach,
corrected,249,Sturzelbronn,2405,,2403,Sturtzelborn,131,0.83,sturzelbronn,
corrected,205,Epinal,,,2405,Espinal,131,0.92,epinal,number not printed in the index
corrected,251,Saint-Nicolas,2484,,2424,Sainct-Nicolas,132,1.00,saint-nicolas-de-port,
corrected,255,Varangéville,2423,,2425,Varengeville,132,0.92,varangeville,
corrected,210,Froville,,,2434,Froville,132,1.00,froville,number not printed in the index
corrected,222,Landécourt,2455,,2435,Landécouri,132,0.90,landecourt,
corrected,224,Léomont,2457,,2437,Léomonl,132,1.00,leomont,
corrected,187,Bainville-aux-Miroirs,2156,,2456,Bainville-aux-Mirouers,132,0.92,bainville-aux-miroirs,
corrected,246,Sarrebourg,,,2470,Sarbourg,133,0.89,sarrebourg,number not printed in the index
corrected,196,Charmes-sur-Moselle,,,2474,Carmes,133,0.92,charmes,number not printed in the index
corrected,246,Sarrebourg,,,2483,Sarbourg,133,0.89,sarrebourg,number not printed in the index
corrected,210,Gelucourt,9484,,2484,Gclloucourl,133,0.90,gelucourt,
spelling differs,223,Lay-Saint-Cristophe,42,,42,Lay,37,0.30,lay-saint-christophe,
spelling differs,236,Onnes-ct-Viï!ï'; canton d'Ilaroué,70,,70,Ormes,38,0.45,onnes-ct-vii-i-canton-d-ilaroue,check: the entry no line claims
spelling differs,200,Damas-aux-Bois,146,,146,Dommart-aux-Boispour le tiers et les deux tiers à Chaslcl,40,0.34,damas-aux-bois,
spelling differs,222,Lamath,185,,185,La May,42,0.44,lamath,
spelling differs,222,Lamath,265,,265,La May,44,0.44,lamath,
spelling differs,257,Vie (le),306,,306,La Vy,46,0.40,le-vie,
spelling differs,229,Merlusses (les Haines cl Basses),388,,388,La Murlusse,49,0.41,merlusses,
spelling differs,230,idontctair,407,,407,Le Moncel.j,50,0.47,idontctair,
spelling differs,190,Beulay,418,,418,Boulay.{ La mairie deLeaveline.i,50,0.31,le-beulay,
spelling differs,235,Norbépaire,428,,428,Noncpaire.I Le ban de llurbache.!,50,0.44,norbepaire,
spelling differs,223,Laneiivelotie,487,,487,Neufloue,52,0.48,laneiivelotie,
spelling differs,206,Faulx',516,,516,Faulx-Sainct-Pierre,53,0.48,faulx,
spelling differs,206,Faulx',517,,517,Faulx Sainct Estienne,53,0.43,faulx,
spelling differs,196,Champey,526,,526,ChanuR'l,54,0.43,champey-sur-moselle,check: the entry no line claims
spelling differs,184,AHain,560,,560,Allain-aux-Boeufz,55,0.40,ahain,check: the entry no line claims
spelling differs,245,Rupt,751,,751,Buz,61,0.29,rupt-sur-moselle,
spelling differs,259,Vincey,877,,877,Vinccy au ban des Chesnes,66,0.44,vincey,
spelling differs,256,Velolie-et-Tatignécourt,9S9,,959,Villotte,68,0.41,velotte-et-tatignecourt,
spelling differs,259,Void-d'Escles,988,,988,LeVoid,69,0.47,void-d-escles,
spelling differs,196,Charniois-rOrgueilIcux,996,,996,Charmois,70,0.48,charniois-rorgueilicux,
spelling differs,197,Chaumouzcy,1004,,1004,Cliamoysy-la-Villc,70,0.38,chaumousey,
spelling differs,234,NeuveviHc-souis-Montfort (la),1051,,1051,LaNeufville,71,0.42,la-neuveville-sous-montfort,
spelling differs,253,Thiétry,1071,,1071,La Grosse verrière Tiédry,72,0.37,thietry,
spelling differs,217,Hennezel (verrerie),1072,,1072,La verrière Hennez^l,72,0.45,hennezel-darney,
spelling differs,198,Claudon,1074,,1074,Cbastillon,72,0.47,claudon,
spelling differs,199,Côte (la),1106,,1106,La Cosle Sainct-Antoine,74,0.38,la-cote-passavant,
spelling differs,193,Srcul {le)y prévôté de Chûtcnois,1120,,1120,LeBreul,74,0.36,srcul-le-y-prevote-de-chutcnois,
spelling differs,229,Ménil,1201,,1201,Mesuil-sur-Vcirc,77,0.42,menil-balleville,
spelling differs,243,Relhei,1215,,1215,Battel,78,0.33,relhei,
spelling differs,227,Marienflosse. moulin (collégiale),1233,,1233,Bruch,78,0.49,marienflosse-moulin,check: the entry no line claims
spelling differs,235,Ober-Leuken ou Oberlcuken,1255,,1255,Leucken,79,0.41,oberleuken,check: the entry no line claims
spelling differs,234,NicdaltdoK (Niedaltroff),1290,,1290,AÏlorfi,80,0.36,niedaltdorf,
spelling differs,235,Ober-Leuken ou Oberlcuken,1291,,1291,Luckcn,80,0.36,oberleuken,
spelling differs,231,Monclair ou Monteclair,1347,,1347,Monder,82,0.38,monclair,
spelling differs,192,Boulay,1348,,1348,Bolchcn,82,0.46,boulay,
spelling differs,199,Ceume,1360,,1360,Chonne,82,0.36,coume,
spelling differs,236,Ottonville,1363,,1363,Ottcndorff,82,0.40,ottonville,
spelling differs,258,Villing,96,,1396,Wuirfingen,83,0.47,villing,
spelling differs,209,Fraulaulcrn (Lautern),1401,,1401,Lautherii,84,0.44,fraulautern,
spelling differs,225,Lisdorf (Lisitolï),1402,,1402,Licsstorff,84,0.48,lisdorf,
spelling differs,221,Kerperieh-ilemmersdorf,1421,,1421,Kirburg,84,0.29,kerprich-hemmersdorf,
spelling differs,221,Kerperieh-ilemmersdorf,22,,1422,Hvmerrslorlï,84,0.42,kerprich-hemmersdorf,
spelling differs,217,Heiiselhofen (voy. Aschbach),1478,,1478,Haînuclhoven,87,0.46,heiiselhofen,
spelling differs,212,GoldlKtch,1492,,1492,Golbacli,87,0.47,goldlktch,
spelling differs,235,Oberkirchen* (anciennement Catharin-Ostern),1511,,1511,Kelternostern,88,0.48,oberkirchen,check: the entry no line claims
spelling differs,235,Oberkirchen* (anciennement Catharin-Ostern),46,,1546,Kctternostern,89,0.48,oberkirchen,
spelling differs,190,Bideslroft,1621,,1621,BuderetortT,91,0.48,bidestroff,
spelling differs,225,LostrofJf,1645,,1645,Alstorff-lez-Leyningcn,92,0.41,lostroff,
spelling differs,219,Ihn (Lognon),1679,,1679,Inné,93,0.46,ihn,
spelling differs,196,Château-Rouge,1691,,1691,Rodendorff,93,0.27,chateau-rouge,
spelling differs,254,Vahl-lès-Faulquemont,1718,,1718,Wallen,94,0.42,vahl-les-faulquemont,
spelling differs,239,Praye,1743,,1743,Prée-soub-Sion,95,0.35,praye,
spelling differs,248,Sion,1770,,1770,Nostre-Dame de Syon,96,0.30,sion,
spelling differs,252,They,91,,1791,They-soub-Vaudémont,97,0.38,they-sous-vaudemont,
spelling differs,214,Hailigny-lcz-Verrières,1824,,1824,Hadigny,98,0.44,hadigny-les-verrieres,
spelling differs,213,"(jranduoyain*, bailliage d'Apremont, 1970",1976,,1976,Grandvoysin,103,0.40,jranduoyain-bailliage-d-apremont,
spelling differs,226,"Maf""iy.• «nton de Verny (Moselle)",1995,,1995,M»?ny,104,0.33,maf-iy-nton-de-verny,check: the entry no line claims
spelling differs,231,Moncel-îès-Marchéville,2007,,2007,Monceï,104,0.46,moncel-ies-marcheville,
spelling differs,231,Moniet,2100,,2100,Le prieuré du Moynier,107,0.45,moniet,
spelling differs,243,Rinting,2102,,2102,Couvent des soeurs de Rentingen,107,0.35,renting,
spelling differs,217,Hesse,2105,,2105,Immclingen. chasteau et village,108,0.46,hesse,check: the entry no line claims
spelling differs,258,Villette au val Sainei-Grégoire,2121,,2121,Villetlc au val Sainct-Grégoire. que souloient tenir en fieù du duché de Lorraine les seigneur de Hasstatt,108,0.44,villette-au-val-sainei-gregoire,
spelling differs,246,SarrallK?,2135,,2135,Aulbe,109,0.31,sarrallk,
spelling differs,236,Obeistiinbach,2149,,2149,11 n'en dépend que le seul village dudict Steimbach,110,0.34,obeistiinbach,
spelling differs,191,Bining-lës-Rohrbaeh,2178,,2178,Bc<;ingen,111,0.42,bining-les-rohrbaeh,
spelling differs,260,Waldeck,2195,,2195,Hilsperg,112,0.27,waldeck,
spelling differs,238,Petil-Tenquin,2197,,2197,Teutschen-la-Petite,112,0.41,petit-tenquin,
spelling differs,234,Niedersimtenou Obersimlen,2208,,2208,Symptcn,112,0.32,niedersimtenou-obersimlen,
spelling differs,203,Donsicders,2215,,2215,DhOiïsiUfïS,113,0.48,donsieders,
spelling differs,219,Imshuchc?rtof,2220,,2220,Imssbacli,113,0.48,imshuchc-rtof,
spelling differs,261,Wieswiller,2230,,2230,Volfflingcn etWeissweiîler,113,0.58,wiesviller,check: the entry no line claims
spelling differs,261,Woelfling,2230,,2230,Volfflingcn etWeissweiîler,113,0.70,woelfling,check: the entry no line claims
spelling differs,249,Saint-Avold,2240,,2240,La ville de Sainct-Avol ou Sataet-Nabor,114,0.46,saint-avold,
spelling differs,257,Vigneulles-Haute,2260,,2260,OberfûUeo,114,0.33,vigneulles-haute,
spelling differs,224,L'hôpital,2261,,2261,Zumspiul,114,0.40,l-hopital,
spelling differs,246,SarrallK?,2351,,2351,Aulbe,129,0.31,sarrallk,
spelling differs,201,Dieuze,2358,,2358,Metz,129,0.40,dieuze,
spelling differs,225,Longeville-lès-Saint-Avold,96,,2396,Sainct-Martin les Glandières,131,0.34,longeville-les-saint-avold,
spelling differs,230,Metz,2411,,2411,Saincte-Maric es Metz,131,0.38,metz,
spelling differs,233,Neufchâleau,2413,,2413,Saincte-Claire,131,0.35,neufchateau,
spelling differs,243,Rinting,2421,,2421,Rentingen lez Sarbourg,131,0.44,renting,
spelling differs,223,Lay-Saint-Cristophe,2432,,2432,Lay,132,0.30,lay-saint-christophe,
spelling differs,231,Moniet,2436,,2436,Le Moynicr soub Deneuvre,132,0.40,moniet,
spelling differs,241,Raon-l'Eiape,2468,,2468,Baon,133,0.43,raon-l-etape,
spelling differs,250,Saint-Jean,2476,,2476,Sainct-Jean-du-Vicl-Aislrede Nancy,133,0.49,saint-jean,
spelling differs,226,LunévîHc,2477,,2477,Sainct-Georges lez Lunéville,133,0.44,luneville,
spelling differs,243,Relhei,2487,,2487,Raltel-lez-Sirques,134,0.45,relhei,
agrees,233,Nancy,1,,1,Nancy,35,1.00,nancy,
agrees,251,Saint-Nicolas,2,,2,Sainct-iNicolas,36,0.96,saint-nicolas-de-port,
agrees,246,Saulrupt (le),4,,4,Le Saulruz,36,0.80,saurupt,
agrees,185,Art-sur-Meurlhe,5,,5,Arth-sur-Meurlhe,36,0.96,art-sur-meurthe,
agrees,196,Champigneulles,6,,6,Gbampîgneulles,36,0.86,champigneulles,
agrees,202,Dombasle,7,,7,Dombaslc,36,1.00,dombasle,
agrees,210,Frouard,8,,8,Frouarl,36,0.86,frouard,
agrees,211,Gérarcourt,9,,9,Giradcourt,36,0.80,gerarcourt,
agrees,216,Heillecourt,10,,10,Haillecourt,36,0.91,heillecourt,
agrees,219,Houdemont,11,,11,Houdemont,36,1.00,houdemont,
agrees,219,Houdelmont,12,,12,Houdelmont,36,1.00,houdelmont,
agrees,223,Laxou,14,,14,Laixou,36,0.91,laxou,
agrees,226,Lupcouri,15,,15,Loupcourt,36,0.82,lupcouri,
agrees,226,Ludres,16,,16,Ludres,36,1.00,ludres,
agrees,223,Laneuvevillc-devant-Naney,17,,17,La Neufville,36,0.76,laneuveville-devant-nancy,
agrees,227,Malzéville,18,,18,Maïzévilïe,36,0.80,malzeville,
agrees,228,Maxéville,19,,19,Marchainvillc,36,0.95,maxeville,
agrees,227,Manoncourt-en-Vcrmois,20,,20,Manoncourt,36,1.00,manoncourt-en-vermois,
agrees,240,Pulnoy,21,,21,Pullenoy,36,0.86,pulnoy,
agrees,238,Picrrevillc,22,,22,Pierreville,36,1.00,pierreville,
agrees,242,Remicourt,24,,24,Remycourt,36,0.89,remicourt,
agrees,243,Richardménil,25,,25,Ricbardmesnil,36,0.88,richardmenil,
agrees,255,Varangéville,26,,26,Varcngéville,36,0.92,varangeville,
agrees,255,Vandoeuvre,27,,27,Vendeuvre,36,0.84,vandoeuvre-les-nancy,
agrees,257,Villc-en-Vcrmoîs,28,,28,Villc-en-Vcrmois,36,1.00,ville-en-vermois,
agrees,258,Villers-lès-Nancy,29,,29,Viller,36,0.92,villers-les-nancy,
agrees,186,Azelot,30,,30,Azelot,37,1.00,azelot,
agrees,198,Clairlicu,34,,34,Clerlieu,37,0.82,clairlieu,
agrees,213,Grand-Yezin,40,,40,Grandvezain,37,0.86,grandvezin,
agrees,219,Hudivillcr,41,,41,Hudiviller,37,1.00,hudiviller,
agrees,227,Mangonville,43,,43,Mangonvillc,37,1.00,mangonville,
agrees,248,Somir.erviller,45,,45,Sommerviller,37,0.88,sommerviller,
agrees,255,Varangéville,46,,46,Warengcville,37,0.83,varangeville,
agrees,189,Benney,47,,47,Bcnney,37,1.00,benney,
agrees,192,Bosserville,48,,48,Bosserville,37,1.00,bosserville,
agrees,200,Crévéchamps,49,,49,Grevecbamps,37,0.82,crevechamps,
agrees,199,Crantenoy,50,,50,Crantenoy,37,1.00,crantenoy,
agrees,195,Ceinlrey,51,,51,Ccinlrey,37,1.00,ceintrey,
agrees,202,Dombasle,52,,52,Dombasle,37,1.00,dombasle,
agrees,205,Essey-Iés-ISancy,54,,54,Essey,37,0.53,essey-les-nancy,
agrees,207,FJéville,55,,55,Fléville,37,0.88,fleville-devant-nancy,
agrees,211,Gerbécourt-ct-Iîaplemont,56,,56,Gerbercourt,38,0.61,gerbecourt-et-haplemont,
agrees,216,Haroué,57,,57,Haroucl,38,0.92,haroue,
agrees,217,Herbemoui,58,,58,Herbclmont,38,0.74,herbemoui,
agrees,215,Haplemont,59,,59,Happlemont,38,0.95,haplemont,
agrees,220,Jcvoncourt,60,,60,Jcvoncourt,38,1.00,jevoncourt,
agrees,220,Jarville,61,,61,Jarvillc,38,1.00,jarville-la-malgrange,
agrees,224,Lcnoncourt,62,,62,Lenoncourt,38,1.00,lenoncourt,
agrees,223,Laneuveville-devam-Bayon,64,,64,La Neufviile-lès-Bayon,38,0.67,laneuveville-devant-bayon,
agrees,229,Mérévilîc,65,,65,Mérévilie,38,1.00,mereville,
agrees,230,Messcin,66,,66,Messien,38,0.86,messein,
agrees,228,Maron,67,,67,Maron,38,1.00,maron,
agrees,227,Malzéville,68,,68,Malzéville,38,1.00,malzeville,
agrees,234,Nctivillcr-sur-Mosdlc,69,,69,Neufviller,38,0.80,neuviller-sur-moselle,
agrees,183,Affracourt,71,,71,Offracourl,38,0.90,affracourt,
agrees,240,Pulligny,72,,72,Puîligny,38,0.88,pulligny,
agrees,242,Remicourt,74,,74,Remycourt,38,0.89,remicourt,
agrees,250,Saint-Max,7b,,75,Sainct-Marc,38,0.82,saint-max,
agrees,247,Séchamps,76,,76,Séchamps,38,1.00,seichamps,
agrees,251,Saint-Remimont,77,,77,Sainct-Rcmymonl,38,0.92,saint-remimont,
agrees,246,Saulxures-lès-Nancy,78,,78,Saulxures,38,1.00,saulxures-les-nancy,
agrees,256,Vaudeville,79,,79,Vaudeville,38,1.00,vaudeville,
agrees,253,Tomblaine,80,,80,Tomblainc,38,1.00,tomblaine,
agrees,256,Vaudigny,81,,81,Vaudigny,38,1.00,vaudigny,
agrees,259,Voinémont,82,,82,Vannemont,38,0.95,voinemont,
agrees,258,Ville-sur-Madon,83,,83,Ville-sur-Madon,38,1.00,ville-sur-madon,
agrees,186,Avant-garde (I'),87,,87,L'avantgarde,38,0.95,avant-garde,
agrees,239,Pompey,88,,88,Pompé,38,0.91,pompey,
agrees,227,Marbache,89,,89,Marbacbc,38,0.88,marbache,
agrees,245,Saizerais,90,,90,Saizerey-Sainet-Gcorge,38,0.55,saizerais,
agrees,245,Saizerais,91,,91,Saizcrcy-Saincl-Amaml,38,0.57,saizerais,
agrees,189,Belleville,93,,93,Bellevil'e,39,0.95,belleville,
agrees,191,Blénod-lès-Pont-à-Mousson,94,,94,Blénod,39,1.00,blenod-les-pont-a-mousson,
agrees,207,Fey-cn-Haye,95,,95,Le Fay,39,0.50,fey-en-haye,
agrees,220,Jezainville,97,,97,Gisainville,39,0.95,jezainville,
agrees,211,Gezoneourt,98,,98,Gisoncourl,39,0.95,gezoncourt,
agrees,251,Sainte-Geneviève,99,,99,Saincte-Genefviefve,39,0.94,sainte-genevieve,
agrees,250,Saint-Jean-Pierrefort,100,,100,Le Petit Sainct-Jean,39,0.95,saint-jean-pierrefort,
agrees,227,Mamey,101,,101,Mammcy,39,0.91,mamey,
agrees,228,Martincourt,102,,102,Martincourt,39,1.00,martincourt,
agrees,238,Pierrefort,10i,,104,Pierrefort,39,1.00,pierrefort,
agrees,244,Rosiéres-en-Haye,105,,105,Rosières-cn-Ilcy,39,0.79,rosieres-en-haye,
agrees,241,Regniévillc,106,,106,Regniéville,39,1.00,regnieville,
agrees,242,Réménauville',107,,107,Rcménoville,39,0.87,remenauville,
agrees,258,Villcrs-cn-Haye,108,,108,Villcy-en-Hey,39,0.75,villers-en-haye,
agrees,207,Fiircy,109,,109,Fleurey,39,0.62,flirey,
agrees,207,Fey-cn-Haye,110,,110,Fay,39,0.50,fey-en-haye,
agrees,225,Limey,111,,111,Limey,39,1.00,limey,
agrees,227,Mamey,112,,112,Mammey,39,0.91,mamey,
agrees,231,Montauville,113,,113,Monlauville,39,1.00,montauville,
agrees,242,Réménauville',115,,115,Rcménoville,39,0.87,remenauville,
agrees,241,Regniévillc,116,,116,Regniéville,39,1.00,regnieville,
agrees,196,Châtelet (le),117,,117,Le Chastelet,39,0.94,le-chatelet,
agrees,186,Autigny-la-Tour,118,,118,Attigny la-Tour,39,0.92,autigny-la-tour,
agrees,186,Attignéville,119,,119,Attignévillc,39,1.00,attigneville,
agrees,199,Coussey,120,,120,Gouxey,39,0.62,coussey,
agrees,215,Harchéchamp,121,,121,Harchéchamps,39,0.96,harchechamp,
agrees,210,Fruzc,122,,122,Fruze,39,1.00,fruze,
agrees,239,Pompierre,124,,124,Pontpicrrc,40,0.84,pompierre,
agrees,244,Rouvres-la-Chétive,125,,125,Rouve-la-Clicslifve,40,0.73,rouvres-la-chetive,
agrees,246,Sartes,126,,126,Sartes,40,1.00,sartes,
agrees,195,Chaligny,127,,127,Challigny,40,0.94,chaligny,
agrees,239,Pont-Saint-Vincent,128,,128,Le Pont Sainct-Vincent,40,1.00,pont-saint-vincent,
agrees,223,Laval,129,,129,Le Vaul,40,0.95,laval,
agrees,233,Neuves-Maisons,130,,130,Les Neuves-Maisons,40,1.00,neuves-maisons,
agrees,225,Lorey,132,,132,Lorey-lcz-Bayon,40,0.56,lorey,
agrees,228,Méligny-Ie-Petit,137,,137,Melligny-le-Pelit,40,0.90,meligny-le-petit,
agrees,197,Chonville,140,,140,Chonvillc,40,1.00,chonville,
agrees,225,Longor,141,,141,Longeau,40,0.95,longor,
agrees,249,Saint-Aubin,142,,142,Sainct-Aulbin,40,0.95,saint-aubin-sur-aire,
agrees,224,Lcrouville,143,,143,Rcloville,40,0.95,lerouville,
agrees,244,Rûsîéres-aux-Saiines,144,,144,Rosières,40,0.88,rosieres-aux-salines,
agrees,204,Einvaux,14»,,145,Einvau,40,0.92,einvaux,
agrees,231,Montzey,147,,147,Monzey,40,0.92,montzey,
agrees,239,Portieux,148,,148,Poriepsicux,40,0.74,portieux,
agrees,251,Saint-Remy-aux-Bois,149,,149,Sainct-Remy-aux-Bois pour la moitié,41,0.73,saint-remy-aux-bois,
agrees,256,Vennezey,150,,150,Venaisey,41,0.62,vennezey,
agrees,191,Blainville-sur-rEau,151,,151,Blainville,41,1.00,blainville-sur-reau,
agrees,192,Borville,152,,152,Borville,41,1.00,borville,
agrees,205,Essey-la-CôtC; <„anton de Gerbéviller,153,,153,Essey,41,1.00,essey-la-cotc-anton-de-gerbeviller,
agrees,210,Froville,154,,154,Froville,41,1.00,froville,
agrees,215,Haigneville,155,,155,Haigneville,41,1.00,haigneville,
agrees,228,Méhoncourt,15G,,156,Méhoncourt,41,1.00,mehoncourt,
agrees,232,Moriviller,157,,157,Moriviller,41,1.00,moriviller,
agrees,232,Moycmont,158,,158,Moyenmont,41,0.94,moyemont,
agrees,211,Gerbéviller,159,,159,Prieuré de Gcrbéviller,41,0.71,gerbeviller,
agrees,259,Virecourt,160,,160,Virecourt,41,1.00,virecourt,
agrees,256,Vennezey,161,,161,Venaizey,41,0.75,vennezey,
agrees,234,Nctivillcr-sur-Mosdlc,162,,162,Prieuré de Neufviller,41,0.55,neuviller-sur-moselle,
agrees,222,Landécourt,163,,163,Prieuré de Landécourt,41,0.69,landecourt,
agrees,211,Gerbéviller,164,,164,Prieuré de Gerbéviller,41,0.71,gerbeviller,
agrees,188,Bayon,165,,165,Bayon,41,1.00,bayon,
agrees,188,Barbonvillc,166,,166,Barbonvilie,41,0.91,barbonvillc,
agrees,196,Charmois,167,,167,Charmois,41,1.00,charmois,
agrees,198,Coiviller,168,,168,Coyviller,41,0.89,coyviller,
agrees,198,Clayeurcs,169,,169,Clayeurcs,41,1.00,clayeures,
agrees,200,Damelcvières,170,,170,Damelevièrcs,41,1.00,damelevieres,
agrees,191,Blainville-sur-rEau,171,,171,Blainville,41,1.00,blainville-sur-reau,
agrees,203,Domptail-en-1'Air,172,,172,Domtaille,41,0.82,domptail-en-l-air,
agrees,200,Deinvillers,173,,173,Dynviller,41,0.95,deinvillers,
agrees,202,Domèvre,174,,174,Domepvre,41,0.93,domevre,
agrees,193,Brémoncourl,175,,175,Bremoncourt,41,1.00,bremoncourt,
agrees,210,Froville,176,,176,Froville,41,1.00,froville,
agrees,209,Franconville,177,,177,Franconville,41,1.00,franconville,
agrees,207,Fcrricres,178,,178,Ferrières,41,1.00,ferrieres,
agrees,206,Fauconcourt,179,,179,Faukoncourt,42,0.91,fauconcourt,
agrees,209,Fraimbois,180,,180,Fraimbois,42,1.00,fraimbois,
agrees,211,Giriviller,182,,182,GirivilLr,42,0.95,giriviller,
agrees,216,Haussonville,183,,183,Haussonville,42,1.00,haussonville,
agrees,222,Landécourt,184,,184,Landécourt,42,1.00,landecourt,
agrees,228,Méhoncourt,186,,186,Mêhoncourt,42,1.00,mehoncourt,
agrees,226,Magnién's,187,,187,Magnières,42,0.82,magnieres,
agrees,230,Mexel',188,,188,Marxcy,42,0.95,mexel,
agrees,228,Mattexey,189,,189,Maltcxcy,42,1.00,mattexey,
agrees,231,Moranviller,190,,190,Morainviller,42,0.96,moranviller,
agrees,244,Romont,192,,192,Romont,42,1.00,romont,
agrees,242,Rémenoville,193,,193,Remcnoville,42,1.00,remenoville,
agrees,244,Rozelieures,194,,194,Rozcreulles,42,0.64,rozelieures,
agrees,244,Romain,195,,195,Romain,42,1.00,romain,
agrees,245,Saffais,196,,196,Saffais,42,1.00,saffais,
agrees,250,Sainl-Mard,197,,197,Sainct-Mars,42,0.89,saint-mard,
agrees,250,Saint-Maurice,199,,199,Sainct-Maurice,42,1.00,saint-maurice-sur-mortagne,
agrees,247,Séranville,200,,200,Serainvillc,42,0.95,seranville,
agrees,253,Tonnoy,201,,201,Tonnov,42,0.83,tonnoy,
agrees,256,Velle-sur-Moselle,202,,202,"Vellc. """,42,1.00,velle-sur-moselle,
agrees,255,Vallois,203,,203,Valois,42,0.92,vallois,
agrees,257,Vigneules,204,,204,Vigneullcs,42,0.95,vigneulles,
agrees,195,Chamagne,205,,205,Chamagne,42,1.00,chamagne,
agrees,204,Einvillc,206,,206,Einvillc,42,1.00,einville-au-jard,
agrees,192,Bonviller,207,,207,Bonviller,42,1.00,bonviller,
agrees,200,Crion,208,,208,Crion,42,1.00,crion,
agrees,237,Parroy,209,,209,Parroye,42,0.92,parroy,
agrees,217,Hénaménil,210,,210,Hénamesnil,42,0.95,henamenil,
agrees,248,Sionviller-,211,,211,Séonviller,42,0.90,sionviller,
agrees,190,Bienville-la-Petite,212,,212,Bienville-la-Petile,42,1.00,bienville-la-petite,
agrees,224,Léomont,213,,213,Léomont,43,1.00,leomont,
agrees,192,Bonneval,214,,214,Bonneval,43,1.00,bonneval,
agrees,259,Vitrimont,215,,215,Vitrymont,43,0.89,vitrimont,
agrees,194,Bures,216,,216,Bures,43,1.00,bures,
agrees,262,Xousse,217,,217,Xousses,43,0.92,xousse,
agrees,188,Bathelémont-lès-Bauzemont,218,,218,Bathelémont,43,1.00,bathelemont-les-bauzemont,
agrees,224,Lezcy,219,,219,Lczey,43,1.00,lezey,
agrees,215,Haraucourt,220,,220,Harraucourt,43,0.95,haraucourt,
agrees,218,Hincourt,221,,221,Hautourl,43,0.62,hincourt,
agrees,185,Arracourt,222,,222,Arracourt,43,1.00,arracourt,
agrees,188,Bauzcmont,223,,223,Bauzemont,43,1.00,bauzemont,
agrees,237,Parroy,224,,224,Parroyc,43,0.92,parroy,
agrees,203,Drouville,22»,,225,Drouville,43,1.00,drouville,
agrees,255,Valhey,226,,226,Vaîhey,43,0.83,valhey,
agrees,241,Raville,227,,227,Raville,43,1.00,raville-sur-sanon,
agrees,200,Crion,229,,229,Cryon,43,0.80,crion,
agrees,217,Hénaménil,231,,231,Hénamesnil,43,0.95,henamenil,
agrees,248,Sionviller-,232,,232,Séonviller,43,0.90,sionviller,
agrees,186,Athienville,234,,234,Athienville,43,1.00,athienville,
agrees,190,Bienville-la-Petite,235,,235,Bienville-!a-Petite,43,0.97,bienville-la-petite,
agrees,226,LunévîHc,236,,236,Lunéville,43,0.82,luneville,
agrees,257,Viller,237,,237,Viller,43,1.00,viller,
agrees,241,Rehainviller,239,,239,Rebainviller,43,0.92,rehainviller,
agrees,230,Moncel-lès-Lunéville,24u,,240,Moncel,43,1.00,moncel-les-luneville,
agrees,217,Hériménil,241,,241,Harymesnil,44,0.74,herimenil,
agrees,183,Adoménil,242,,242,Adomesnil,44,0.94,adomenil,
agrees,223,Laneuvcville-aux-Bois',244,,244,La Neuville-aux-Bois,44,0.88,laneuveville-aux-bois,
agrees,189,Beaupré,245,,245,Beaupré,44,1.00,beaupre,
agrees,189,Belchamp,246,,246,Beauchamps,44,0.78,belchamp,
agrees,256,Verdenal,247,,247,Vardenay,44,0.95,verdenal,
agrees,227,Manonviller,248,,248,Prieuré de Manonviller,44,0.71,manonviller,
agrees,211,Giriviller,249,,249,Giriviller,44,1.00,giriviller,
agrees,188,Beaulieu,250,,250,Prieuré de Beaulicu,44,0.64,prieure-de-menil-a-luneville,
agrees,189,Bénaménil,251,,251,Bénasmesnîl,44,0.90,benamenil,
agrees,227,Marainviller,252,,252,Marainviller,44,1.00,marainviller,
agrees,253,Thiébauménil,254,,254,Thiébaumesnil,44,0.96,thiebaumenil,
agrees,220,Joiivct,256,,256,Vihuviller,44,0.95,jolivet,
agrees,247,Serres,257,,257,Serres,44,1.00,serres,
agrees,212,Glonvîlle,258,,258,Glonville,44,1.00,glonville,
agrees,191,Blainville-sur-rEau,259,,259,Blainville,44,1.00,blainville-sur-reau,
agrees,202,Domjevin,260,,260,Doragevin,44,0.71,domjevin,
agrees,261,Xermaménil,2G1,,261,Xermamesnil,44,0.95,xermamenil,
agrees,217,Hériménil,262,,262,Haryroesnil,44,0.60,herimenil,
agrees,231,Mont,263,,263,Mont,44,1.00,mont-sur-meurthe,
agrees,232,Mortagnc,264,,264,Mortane,44,0.93,mortagnc,
agrees,196,Chanleheux,266,,266,Chanteheu,44,0.95,chanteheux,
agrees,186,Azerailles,268,,268,Azerailles,44,1.00,azerailles,
agrees,207,Flin,269,,269,Flin,44,1.00,flin,
agrees,187,Badinénil,270,,270,Bandemesnil,44,0.70,badinenil,
agrees,249,Saint-Dié,273,,273,Sainct-Diey,45,0.94,saint-die-des-vosges,
agrees,226,Lubine,274,,274,Lubine,45,1.00,lubine,
agrees,261,Wisembach,275,,275,Wysembaeh,45,0.89,wisembach,
agrees,243,Repas (le),276,,276,Repas,45,1.00,le-repas,
agrees,223,Laycgotttlc,277,,277,Layegoutte,45,0.86,laycgotttlc,
agrees,192,Bonipaire,278,,278,Bonypaire,45,0.89,bonipaire,
agrees,198,Combrimont,279,,279,Combrymont,45,0.90,combrimont,
agrees,257,Verpellière (la),280,,280,La Vapillière,45,0.95,la-verpelliere,
agrees,185,Anould,281,,281,Anoul,45,0.91,anould,
agrees,251,Sainte-Marguerite,282,,282,Saincte-Margueréc,45,0.90,sainte-marguerite,
agrees,201,Dcveline,283,,283,Dcuveline,45,0.94,dcveline,
agrees,248,Spadangea,285,,285,Spadanges,45,0.89,spadangea,
agrees,237,Paire (le),286,,286,Le Paire,45,1.00,le-paire,
agrees,248,Souche (le),287,,287,La Souche,45,1.00,le-souche,
agrees,256,Vauchères,288,,288,Venchières,45,0.74,vaucheres,
agrees,257,Vie (le),289,,289,Le Vie,45,1.00,le-vie,
agrees,193,Braconeelle,290,,290,Breeoneel,45,0.80,braconeelle,
agrees,212,Gouttes (les),291,,291,Les Gouttes,45,1.00,les-gouttes,
agrees,215,Hardallc (la),292,,292,La Bardai,45,0.57,la-hardalle,
agrees,197,Chipai (le),294,,294,Le Chipai,45,1.00,le-chipai,
agrees,254,Trouchc (la),295,,295,La Treize,45,0.62,la-trouchc,
agrees,245,Sadey,296,,296,Sardey,46,0.91,sadey,
agrees,223,Lapraye,297,,297,La Pré,46,0.60,lapraye,
agrees,240,Québrux,298,,298,Quebrui,46,0.86,quebrux,
agrees,257,Verpellière (la),299,,299,Verpillière,46,0.91,la-verpelliere,
agrees,226,Lubine,302,,302,Lubine,46,1.00,lubine,
agrees,198,Clefcy',303,,303,Gleuvccy,46,0.57,clefcy,
agrees,217,Hervafaing,304,,304,Hcrwanfrain,46,0.76,hervafaing,
agrees,245,Sachemont,305,,305,Scichemonf,46,0.74,sachemont,
agrees,244,Rualmont,308,,308,ftaalmont,46,0.71,rualmont,
agrees,241,Raon-l'Eiape,309,,309,Raon,46,0.57,raon-l-etape,
agrees,234,NcuveviMc-lez-Raon,310,,310,La Neuville,46,0.71,la-neuveville-les-raon,
agrees,254,Trouche (la),312,,312,La Trouehe,46,1.00,la-trouche,
agrees,228,Marzclay,316,,316,Mazcllav,46,0.75,marzelay,
agrees,237,Pêcherie (la),317,,317,LaPoucherée,47,0.63,la-pecherie,
agrees,243,Robache,318,,318,Robaehc,47,1.00,robache,
agrees,245,Sachemont,320,,320,Seichemont,47,0.84,sachemont,
agrees,248,Souche (le),321,,321,Souche,47,1.00,le-souche-clefcy,
agrees,237,Pellière (la),322,,322,Les Piiiiers,47,0.50,la-pelliere,
agrees,259,Voïvrelle (la),327,,327,La Voyvressc,47,0.67,la-voivrelle,
agrees,242,Remomeix,328,,328,Romomey,47,0.67,remomeix,
agrees,252,Terre Faulquei (la),329,,329,La Terre Faulquel,47,0.92,la-terre-faulquei,
agrees,195,Caefièe-Sue (la),330,,330,La Cachée Rue,47,0.74,la-caefiee-sue,
agrees,261,WiilervUle,335,,335,Willerville,47,0.76,wiilervule,
agrees,217,Herbaville,338,,338,Herbauville,47,0.95,herbaville,
agrees,245,Salle (la),341,,341,La Salle,47,1.00,la-salle,
agrees,259,Vivier (le),346,,346,Le Vivier,47,1.00,le-vivier,
agrees,232,Moyenmnulicr,348,,348,Moycnmonstler,48,0.80,moyenmoutier,
agrees,249,Saint-Biaise,349,,349,Sainct-Biaise,48,1.00,saint-blaise,
agrees,251,Sainl-Prayel,350,,350,Sainct-Prayer,48,0.91,sainl-prayel,
agrees,216,Haute-Mandray (la),356,,356,La Haulte-Mandray,48,0.96,la-haute-mandray,
agrees,188,Bassc-Mandray (la),358,,358,La Basse-Mandray,48,1.00,la-bassc-mandray,
agrees,242,Remémont,361,,361,Remymont,48,0.88,rememont,
agrees,246,Searapt,365,,365,Scaruz,48,0.62,scarupt,
agrees,250,Saint-Léonard,367,,367,Sainct-Léonard,48,1.00,saint-leonard,
agrees,211,Girompairc,368,,368,Girompaire,48,1.00,girompairc,
agrees,230,Monccl (le),369,,369,MonceL,48,1.00,le-monccl,
agrees,245,Ruelle(/a),370,,370,La Ruelle,48,0.92,ruelle,
agrees,199,Contramoulin,372,,372,Contramolin,48,0.96,contramoulin,
agrees,239,Provenchères,376,,376,Provenchiéres,49,0.96,provencheres-sur-fave,
agrees,252,Taintrux,383,,383,Teintruz,49,0.75,taintrux,
agrees,261,Xainfaing,384,,384,Xintain,49,0.50,xainfaing,
agrees,244,Rougevîlle,387,,387,RougiviUe,49,0.74,rougeville,
agrees,237,Petite-Fosse ;la),389,,389,La Petite-Fosse,49,0.92,la-petite-fosse,
agrees,244,Kouaux (le),390,,390,Rouau,49,0.73,le-kouaux,
agrees,196,Chatas,392,,392,Cbattay,49,0.62,chatas,
agrees,233,Nayemont,393,,393,Nahuemonl,49,0.82,nayemont-les-fosses,
agrees,223,Launois,397,,397,La Volnoy,49,0.95,launois,
agrees,222,Laitre,400,,400,Laistre,49,0.92,laitre,
agrees,198,Coinches,401,,401,Coinehe,49,0.93,coinches,
agrees,208,Fouchîfol,402,,402,Fourchifol,49,0.95,fouchifol,
agrees,199,Contramoulin,403,,403,Contramoulin,49,1.00,contramoulin,
agrees,245,Sadey,404,,404,Sardey,49,0.91,sadey,
agrees,250,Saint-Léonard,406,,406,Saiiïct-Lconard.;,50,0.85,saint-leonard,
agrees,185,Anozcl,408,,408,Anouzcl,50,0.92,anozcl,
agrees,186,Aubripaire,409,,409,Aubripaire.!,50,1.00,aubripaire,
agrees,199,Cours (les),410,,410,Le Cours,50,1.00,les-cours,
agrees,239,Provenchères,411,,411,Provenctuï'rcs,50,0.80,provencheres-sur-fave,
agrees,226,Lusse,412,,412,Lusse,50,1.00,lusse,
agrees,217,Herbaupaire,414,,414,Herbeaupaire,50,0.96,herbaupaire,
agrees,237,Pariée (la),415,,415,La Pargée,50,0.83,la-pariee,
agrees,254,Trois-Maisons,416,,416,Trois-Maisons,50,1.00,trois-maisons,
agrees,252,Thanvillé,417,,417,Tanviller,50,0.89,thanville,
agrees,223,Laveline,419,,419,Leaveline,50,0.94,laveline,
agrees,241,Raumont,420,,420,Ramont,50,0.92,raumont,
agrees,218,Honvillc,421,,421,HonviUe,50,0.80,honvillc,
agrees,254,Trouchc (la),422,,422,La Treuxe,50,0.62,la-trouchc,
agrees,198,Coinchimont,423,,423,Coinebymont,50,0.82,coinchimont,
agrees,256,Vetupaire,424,,424,Velupaire,50,1.00,vetupaire,
agrees,240,Québrux,425,,425,Quebruz,50,0.86,quebrux,
agrees,257,Verpellière (la),426,,426,Verpillière.\,50,0.91,la-verpelliere,
agrees,261,Wisembach,427,,427,Wysembaeh,50,0.89,wisembach,
agrees,219,Hurbache,429,,429,Hurbaclic,50,0.82,hurbache,
agrees,250,Saint-Jean-d'Ormont,430,,430,Sainct-Jean d'Ormont.j,50,0.97,saint-jean-d-ormont,
agrees,259,Voivre (la),431,,431,La Voyvre,50,0.83,la-voivre,
agrees,226,Louvicrc (la),432,,432,La Rouvière,50,0.95,la-louvicrc,
agrees,198,Colroy-la-Grandc,433,,433,Colroy,50,1.00,colroy-la-grande,
agrees,241,Raves,434,,434,Raves,50,1.00,raves,
agrees,234,NcuvilIer-sur-Favc,435,,435,Neufviller,50,0.84,neuvillers-sur-fave,
agrees,211,Ginfosse,437,,437,Gehinfosse,51,0.89,ginfosse,
agrees,237,Pairc-el-Grandrupt (le),439,,439,Le Paire de Grand-Ruz,51,0.84,pair-et-grandrupt,
agrees,233,Nayemont-lez-Fosses,440,,440,Nabuentonl,51,0.67,nayemont-lez-fosses,
agrees,211,Geminfaing,441,,441,Gerfvainfain,51,0.73,gemainfaing,
agrees,189,Belrepairc,442,,442,Belrepaire,51,1.00,belrepairc,
agrees,228,Mazcville (le),443,,443,Mauzeville,51,0.95,le-mazcville,
agrees,186,Aulnes (les) ham.,444,,444,Les Aulnes,51,0.80,aulnes-les-ham,
agrees,198,Clairgoutte,44a,,445,Clairegoultc,51,0.96,clairgoutte,
agrees,199,Coslelle (la),446,,446,La Costelle,51,1.00,la-coslelle,
agrees,229,Menemel,447,,447,Menemcl,51,1.00,menemel,
agrees,246,Searapt,448,,448,Scaruz,51,0.62,scarupt,
agrees,238,Plaînfaing,449,,449,Plainfain,51,0.95,plainfaing,
agrees,235,Noiregoutlc,450,,450,Noiregoutte,51,1.00,noiregoutlc,
agrees,214,Habaurupt,451,,451,Halaruz,51,0.95,habaurupt,
agrees,255,Valtin (le),452,,452,Le Vcltin,51,0.83,le-valtin,
agrees,196,Château-Salins,455,,455,Chasteau-Sallin,51,0.89,chateau-salins,
agrees,245,Salonne,456,,456,Salone,51,0.92,salonnes,
agrees,222,Lailre-sous-Amance,457,,457,Laisire,51,0.77,laitre-sous-amance,
agrees,185,Ameléeourt,458,,458,Amelecourt,51,1.00,amelecourt,
agrees,199,Courbcssaux,459,,459,Courbessault,51,0.87,courbesseaux,
agrees,258,Villers-Iès-Moivron,460,,460,Villicr-lez-Mouveron,51,0.69,villers-ies-moivron,
agrees,192,Bouxières-aux-Chcnes,461,,461,Grand-Bouxières,51,0.78,bouxieres-aux-chenes,
agrees,203,Ecuelle,462,,462,Cuelle,51,0.92,ecuelle,
agrees,232,Moulins,463,,463,Molin,51,0.83,moulins,
agrees,191,Blanzey,465,,465,Blanzey,52,1.00,blanzey,
agrees,236,Outremont,466,,466,Oultrcmont,52,0.95,outremont,
agrees,245,Salonne,467,,467,Salone,52,0.92,salonnes,
agrees,226,Lucy,468,,468,Lucy,52,1.00,lucy,
agrees,255,Vannecourt,469,,469,Vanneeourt,52,1.00,vannecourt,
agrees,210,Fresnes-en-Saintois,470,,470,Fraisnes,52,0.80,fresnes-en-saulnois,
agrees,196,Champenoux,471,,471,Cham|>enoult,52,0.80,champenoux,
agrees,248,Sornéville,472,,472,Sorneville,52,1.00,sorneville,
agrees,228,Mazerulcs,474,,474,Mazereulles,52,0.90,mazerulles,
agrees,224,Leyr,475,,475,Laves,52,0.95,leyr,
agrees,256,Vaxy,476,,476,Vaxey,52,0.89,vaxy,
agrees,211,Gerbécourt,477,,477,Gerbécourt,52,1.00,gerbecourt,
agrees,226,Lubccourt,478,,478,Lebécourt,52,0.95,lubecourt,
agrees,240,Pulligny,479,,479,Putligny,52,1.00,puttigny,
agrees,232,Morvilie-sur-Scille,480,,480,Morville,52,0.88,morville-sur-seille,
agrees,230,Moivron,481,,481,Moyveron,52,0.80,moivron,
agrees,199,Courbcssaux,482,,482,Courbessault,52,0.87,courbesseaux,
agrees,218,Hoéville,483,,483,Ohéville,52,0.95,hoeville,
agrees,212,Goin,484,,484,Going,52,0.89,goin,
agrees,202,Dommartin-sous-Amance,48»,,485,Dommartin,52,1.00,dommartin-sous-amance,
agrees,195,Cercueil,4b6,,486,Cercueur,52,0.75,cercueil,
agrees,191,Bioncourt,489,,489,Byoncourt,52,0.89,bioncourt,
agrees,184,Ajoneourf,490,,490,Ajoneourt,52,0.89,ajoncourt,
agrees,253,Thicourt,491,,491,Thiecourt,52,0.94,thicourt,
agrees,198,Clémcry,492,,492,Clémery,52,1.00,clemery,
agrees,237,Pange,493,,493,Panges,52,0.91,pange,
agrees,231,Mont,494,,494,Mont,52,1.00,mont,
agrees,198,Colligny,495,,495,ColUgny,52,0.80,colligny,
agrees,185,Arm&ucourt,497,,497,Armacourt,52,0.89,armaucourt,
agrees,223,Lanfroicourt,498,,498,Lanfroieourt,53,1.00,lanfroicourt,
agrees,245,Rupt-lés-Moivron,499,,499,Ruz-lez-Mouveron,53,0.71,rupt-les-moivron,
agrees,185,Arrayc-el-Han,500,,500,Arrée,53,0.62,arraye-et-han,
agrees,253,Thimonville,501,,501,Tbimonville,53,0.91,thimonville,
agrees,256,Vathimont,502,,502,Vaultbimont,53,0.80,vatimont,
agrees,227,Mardigny (?),503,,503,Redigny,53,0.95,mardigny,
agrees,197,Chiconrt,504,,504,Chiecourt,53,0.82,chicourt,
agrees,256,Vaucremont,505,,505,Vairemont,53,0.84,vaucremont,
agrees,249,Stoneourt,506,,506,Stoncourt,53,1.00,stoncourt,
agrees,258,Villcrs-Stoncourt,507,,507,ViUer et,53,0.52,villers-stoncourt,
agrees,215,Hamanges,509,,509,Hamanges,53,1.00,hamanges,
agrees,220,Jallaucourt,510,,510,Jallacourt,53,0.95,jallaucourt,
agrees,253,Thonville,514,,514,Trouville,53,0.95,thonville,
agrees,200,Cuslines,51»,,515,Condé,53,0.95,custines,
agrees,227,Malleloy,518,,518,Malleloy et,53,0.89,malleloy,
agrees,231,Montenoy,519,,519,Montcnoy,53,1.00,montenoy,
agrees,230,Millery,520,,520,Millery et,53,0.88,millery,
agrees,186,Autrewlle,521,,521,Autreville,53,0.84,autreville-sur-moselle,
agrees,239,Prény,522,,522,Preny,53,1.00,preny,
agrees,185,Arnaville,524,,524,Arnaville,53,1.00,arnaville,
agrees,214,Hagéville,527,,527,Hageville,54,1.00,hageville,
agrees,257,Villecey-sur-Mad,528,,528,Villecey-sur-Maz,54,0.93,villecey-sur-mad,
agrees,241,Regniévillc,530,,530,Regniéville,54,1.00,regnieville,
agrees,258,Villers-sous-Prény,531,,531,Viller-soubz-Preny,54,0.88,villers-sous-preny,
agrees,251,Sainte-Marie-au-Bois,532,,532,Saincie-Marie-aux-Bois,54,0.89,sainte-marie-au-bois,
agrees,195,Buzy,537,,537,Buzy,54,1.00,buzy,
agrees,220,Jaulny,538,,538,Jaulny,54,1.00,jaulny,
agrees,228,Mars-la-Tour,539,,539,Mars-la-Tonr,54,0.90,mars-la-tour,
agrees,250,Saint-Jcan-lès-Buzy,540,,540,Sainct-Jean,54,1.00,saint-jean-les-buzy,
agrees,237,Parfondrupt,541,,541,Profondruz,54,0.76,parfondrupt,
agrees,216,Haucourt,542,,542,Haucourt,54,1.00,haucourt-la-rigole,
agrees,188,Bayonville,544,,544,Bayonville,54,1.00,bayonville-sur-mad,
agrees,200,Cuvry,545,,545,Cuvery,54,0.91,cuvry,
agrees,239,Pournoy-la-Chélive,546,,546,Prenoy ou Pounoy-la-Chétifve,54,0.75,pournoy-la-chetive,
agrees,192,Boneourt,547,,547,Boncourt,54,1.00,boncourt-sur-meuse,
agrees,255,Vandières,548,,548,Vendières,54,0.89,vandieres,
agrees,212,Gondrcville,549,,549,Gondreville,54,1.00,gondreville,
agrees,187,Bagneux,550,,550,Baigneux,54,0.93,bagneux,
agrees,246,Sanzey,551,,551,Sanzcv,54,0.83,sanzey,
agrees,249,Saint-Epvre,552,,552,Abbaye de Sainct-Epvre-lez-Toul,55,0.57,saint-epvre,
agrees,247,Sexey-aux-Forges,554,,554,Sexey-aux-Forges,55,1.00,sexey-aux-forges,
agrees,198,Coîombcy-Ics-Belles,556,,556,Colombier,55,0.54,colombey-les-belles,
agrees,258,Villey-le-Sec,557,,557,Viller-ie-See,55,0.82,villey-le-sec,
agrees,187,Bagneux,558,,558,Bagneux,55,1.00,bagneux,
agrees,247,Selaineourt,559,,559,Selaineourt,55,1.00,selaincourt,
agrees,200,Crézillcs,»61,,561,Crezilles,55,1.00,crezilles,
agrees,227,Manoncourt-en-Voivrc,562,,562,Manoneourt,55,1.00,manoncourt-en-voivrc,
agrees,199,Crépey,563,,563,Crepey,55,1.00,crepey,
agrees,253,Thuilley-aux-Groseillcs,56i,,564,Thuilly,55,0.93,thuilley-aux-groseilles,
agrees,184,Aingeray,565,,565,Angery,55,0.86,aingeray,
agrees,228,Marthcmoni,566,,566,Marthemont,55,0.90,marthemont,
agrees,236,Ochey,567,,567,Ochiet,55,0.73,ochey,
agrees,259,Void,568,,568,Voed,55,0.75,void,
agrees,258,Villey-Saint-Etiennc,569,,569,Viller-Sainct-Esticnne,55,0.92,villey-saint-etienne,
agrees,222,Lagney,570,,570,Lagny,55,0.91,lagney,
agrees,226,Luccy,571,,571,Lucy,55,0.95,lucey,
agrees,208,Fonienoy-sur-Moselle,572,,572,Fontenoy,55,0.88,fontenoy-sur-moselle,
agrees,255,Vannes-le-Châtel,573,,573,Vannes,55,1.00,vannes-le-chatel,
agrees,236,Ochey,574,,574,Ochiet,55,0.73,ochey,
agrees,220,Jubainville,575,,575,Jubainville,55,1.00,jubainville,
agrees,246,Saulxures-lès-Vannes,576,,576,Saulxures,55,1.00,saulxures-les-vannes,
agrees,231,Mont-le-Vignoble,577,,577,Mont-le-Vincux,55,0.77,mont-le-vignoble,
agrees,256,Velaine-en-Haye,578,,578,Velaine-lez-Bois,55,0.67,velaine-en-haye,
agrees,247,Sexey-les-Bois,579,,579,Sexey-lez-Bois,56,0.92,sexey-les-bois,
agrees,194,Bulligny,580,,580,Bulligny,56,1.00,bulligny,
agrees,258,Villey-le-Sec,581,,581,Viller-le-Sec,56,0.91,villey-le-sec,
agrees,194,Bruyères,582,,582,Bruyères,56,1.00,bruyeres,
agrees,196,Champ-Ic-Duc,583,,583,Le Champ-Ie-Duc,56,1.00,champ-le-duc,
agrees,259,Viméni),584,,584,Vymesnil,56,0.71,vimenil,
agrees,201,Deycimont,586,,586,Decvmont,56,0.82,deycimont,
agrees,213,Grandvillcrs,587,,587,Grandviller,56,0.96,grandvillers,
agrees,229,Mémenil,588,,588,Memesnil,56,0.93,memenil,
agrees,207,Fontenay,589,,589,Fonlenay,56,1.00,fontenay,
agrees,186,Aydoiles,590,,590,Aidolles,56,0.75,aydoilles,
agrees,202,Dompierre,591,,591,Dompierre,56,1.00,dompierre,
agrees,199,Corcieux,592,,592,Coursieux,56,0.82,corcieux,
agrees,227,Mariémont,593,,593,Macymont,56,0.95,mariemont,
agrees,243,Rennegoutte,594,,594,Rcnnegoutte,56,1.00,rennegoutte,
agrees,233,Neune,595,,595,Neune,56,1.00,neune,
agrees,253,Thin'ville,596,,596,Thiriville,56,0.84,thin-ville,
agrees,201,Docclles,597,,597,Docelles,57,1.00,docelles,
agrees,260,Vraichamp,598,,598,Vraicbamps,57,0.84,vraichamp,
agrees,238,Pierreponl,599,,599,Picrrepont,57,1.00,pierrepont-sur-l-arentele,
agrees,214,Gugnéccurl,600,,600,Gugnecourt,57,0.90,gugnecourt,
agrees,211,Girecourt,601,,601,Girecourt,57,1.00,girecourt-sur-durbion,
agrees,262,Yvoux,602,,602,Ivou,57,0.67,yvoux,
agrees,196,Chapelle (!a),603,,603,La Cbappelle,57,0.78,la-chapelle-devant-bruyeres,
agrees,244,Rosière i la] ou Larosière,60i,,604,La Rosière,57,0.50,rosiere-i-la-ou-larosiere,
agrees,186,Aumontzey,605,,605,Amonzey,57,0.88,aumontzey,
agrees,220,Jussampt,606,,606,Jussaruz,57,0.62,jussampt,
agrees,217,Herpctmont,607,,607,Hapelmont,57,0.84,herpelmont,
agrees,239,Prey,608,,608,Prey,57,1.00,prey,
agrees,223,Laval,609,,609,Laval,57,1.00,laval-sur-vologne,
agrees,223,Lavcline-du-Iloux,610,,610,Leavéline,57,0.94,laveline-devant-bruyeres,
agrees,213,Granges,611,,611,Granges,57,1.00,granges-sur-vologne,
agrees,196,Champdray,612,,612,Champdray,57,1.00,champdray,
agrees,257,Vienvilte,614,,614,Vielville,57,0.89,vienville,
agrees,193,Brouaumont,615,,615,Brouramont,57,0.90,brouaumont,
agrees,189,Bellegoutte,616,,616,Bullegoutte,57,0.95,bellegoutte,
agrees,199,Sur-la-Côte,617,,617,La Coste,57,0.95,sur-la-cote,
agrees,257,Vichibure,618,,618,Vichibure,57,1.00,vichibure,
agrees,199,Cours (les),619,,619,Les Courtz,57,0.73,les-cours-corcieux,
agrees,242,Rehaupal,620,,620,Rehaupault,57,0.89,rehaupal,
agrees,190,Bifontainc,621,,621,Byfontaine,57,0.90,biffontaine,
agrees,239,Poullières (les),622,,622,Lespouillière,57,0.78,les-poulieres,
agrees,196,Champdray,623,,623,Champdray,57,1.00,champdray,
agrees,196,Champs-de-Laxci (les),624,,624,Champ de Laxey,57,0.88,les-champs-de-laxci,
agrees,244,"Boulier (Ici, canton de Bruvères, 626, 6i",626,,626,Le Boulier,57,0.61,boulier,
agrees,196,Charmois-dcvant-Bruyéres,627,,627,Charmois,57,0.53,charmois-devant-bruyeres,
agrees,188,Bayecourt,628,,628,Bayecourl,57,1.00,bayecourt,
agrees,202,Domèvre-sur Durbion,629,,629,Domepvre-sur-Durbion,57,0.97,domevre-sur-durbion,
agrees,243,Rennegoutte,631,,631,Rennegoutte,57,1.00,rennegoutte,
agrees,186,Aydoiles,636,,636,Aidolles,58,0.75,aydoilles,
agrees,207,Fontenay,637,,637,Fontenay,58,1.00,fontenay,
agrees,229,Mémenil,638,,638,Mesmesnil,58,0.88,memenil,
agrees,196,Charmois-dcvant-Bruyéres,641,,641,Charmois,58,0.53,charmois-devant-bruyeres,
agrees,244,"Boulier (Ici, canton de Bruvères, 626, 6i",642,,642,Le Roullier,58,0.50,boulier,
agrees,193,Brouvelicures.ch.-l. de canton,645,,645,Brouvelieures,58,0.90,brouvelieures,
agrees,202,Domfaing,646,,646,Donfain,58,0.80,domfaing,
agrees,232,Morlagnc,647,,647,Mortane,58,0.93,mortagne,
agrees,242,Rehaupal,648,,648,Rehaupault,58,0.89,rehaupal,
agrees,201,Destord,649,,649,Destort,58,0.86,destord,
agrees,235,Nonzeville,650,,650,Nonzcville,58,1.00,nonzeville,
agrees,190,Bifontainc,651,,651,Byfontaine,58,0.90,biffontaine,
agrees,239,Poullières (les),652,,652,Lcspouillière,58,0.78,les-poulieres,
agrees,188,Bayecourt,653,,653,Bayecourt,58,1.00,bayecourt,
agrees,202,Domèvre-sur Durbion,654,,654,Domepvre,58,0.93,domevre-sur-durbion,
agrees,258,Villoncourt,655,,655,ViUoncourt,58,0.86,villoncourt,
agrees,224,Lépangcs,656,,656,Lespange,58,0.88,lepanges-sur-vologne,
agrees,207,Fiménil,657,,657,Fymesnil,58,0.80,fimenil,
agrees,219,Houssière (la),658,,658,La Koussière,58,0.89,la-houssiere,
agrees,199,Sur-la-Côte,659,,659,La Coste,58,0.95,sur-la-cote,
agrees,211,Gerbépal,660,,660,Gerbepauli,58,0.89,gerbepal,
agrees,193,Brouvelicures.ch.-l. de canton,661,,661,Brouvelicures,59,0.90,brouvelieures,
agrees,202,Domfaing,662,,662,Donfain,59,0.80,domfaing,
agrees,232,Morlagnc,663,,663,Morlane,59,0.93,mortagne,
agrees,189,Belmont,664,,664,Belmont,59,1.00,belmont-sur-buttant,
agrees,259,Void-de-Belmont,665,,665,Le Void de Bclmont,59,1.00,void-de-belmont,
agrees,188,Barbay-Scroux,666,,666,Serou,59,0.95,barbey-seroux,
agrees,257,Vichibure,667,,667,Vichibure,59,1.00,vichibure,
agrees,242,Rembaville,669,,669,Rambcville,59,0.80,rembaville,
agrees,197,Cheniménil,670,,670,Chenusmesnil,59,0.82,chenimenil,
agrees,196,Châtcau-sur-Pcrlc,671,,671,Chasteau-sur-Pcrlc,59,0.97,chateau-de-saint-jean-du-marche,
agrees,213,Granges,672,,672,Granges,59,1.00,granges-sur-vologne,
agrees,211,Girecourt,673,,673,Girecourt,59,1.00,girecourt-sur-durbion,
agrees,209,Frémifontaine,674,,674,Fremyfontaine,59,0.92,fremifontaine,
agrees,202,Domèvre-sur Durbion,675,,675,Domepvre-sur-Durbion,59,0.97,domevre-sur-durbion,
agrees,257,Vervezelle,676,,676,La Vervezellc,59,1.00,vervezelle,
agrees,206,Faucompicrre,677,,677,Faulcompicrrc,59,0.96,faucompierre,
agrees,209,Fouies (les),678,,678,Les Foulz,59,0.95,les-fouies,
agrees,250,Saint-Jean-du-Marehé,679,,679,Sainct-Jean-du-Marché,59,1.00,saint-jean-du-marche,
agrees,192,Boulay (le),680,,680,Le Boullay,59,0.92,le-boulay,
agrees,185,Arches,682,,682,Arches,59,1.00,arches,
agrees,185,Archetles,683,,683,Arebelle,59,0.82,archettes,
agrees,211,Géroménil,684,,684,Giromcsnil,59,0.84,geromenil,
agrees,214,Guménil,685,,685,Gimesnil,59,0.95,gumenil,
agrees,222,Laménil,686,,686,Allaniesnil,59,0.67,lamenil,
agrees,183,Agneuménil,687,,687,Anneufmcsnii,59,0.73,agneumenil,
agrees,214,Hadol,688,,688,Hadon,59,0.95,hadol,
agrees,204,Eloycs,689,,689,Les Royes,59,0.95,eloyes,
agrees,247,Senade,690,,690,Scnavdes,59,0.86,senade,
agrees,246,Sautelz (le),691,,691,Le Sautel,60,0.92,le-sautelz,
agrees,244,Routier (le),692,,692,Le Roullicr de Dounoux,60,0.58,le-routier,
agrees,195,Chaîne-Goutte,694,,694,Clairegoulte,60,0.95,chaine-goutte,
agrees,196,Chambrc-de-Moulin,695,,695,La Chambre de Molin,60,0.97,chambrc-de-moulin,
agrees,241,Ranfaing,696,,696,Ranfain,60,0.93,ranfaing,
agrees,256,Verconroye,C97,,697,Le Vcrd-Corrois,60,0.67,verconroye,
agrees,236,Olichamp,698,,698,Olychamps,60,0.82,olichamp,
agrees,244,Rouveroye,699,,699,Rouvcrois,60,0.78,rouveroye,
agrees,236,Oulrclean,700,,700,Outreleau,60,0.89,oulrclean,
agrees,252,Tendon,70i,,701,Tendon,60,1.00,tendon,
agrees,223,Lavcline-du-Iloux,702,,702,Leavelinc de Houx,60,0.80,laveline-devant-bruyeres,
agrees,261,Xamontarupt,703,,703,Chamonlaruz,60,0.95,xamontarupt,
agrees,219,Hutte (ta),704,,704,La Hutte,60,0.83,hutte,
agrees,200,Démange-Champ,706,,706,Demenge-Champs,60,0.88,demange-champ,
agrees,217,Hennezel,707,,707,Hennezel,60,1.00,hennezel,
agrees,231,Monnclotz {les),708,,708,Les Monnclolz,60,0.86,les-monnclotz,
agrees,229,Ménil (le),709,,709,Le Mesnil,60,0.91,le-menil-ramonchamp,
agrees,226,Maisons-de-Raon. ce.,710,,710,Raon,60,0.95,maisons-de-raon-ce,
agrees,226,Mnilleronfaing,711,,711,Milleronfain,60,0.95,mnilleronfaing,
agrees,239,Pont-Jeanson (le),712,,712,Le Pont-Janson,60,0.95,le-pont-jeanson,
agrees,239,Pont-de-Pierre (le),713,,713,Le Pont-de-Pierre,60,1.00,le-pont-de-pierre,
agrees,220,Jaileray,714,,714,LeJallercl,60,0.56,jaileray,
agrees,238,Plombières,715,,715,Plombières,60,1.00,plombieres-les-bains,
agrees,232,Moulin,716,,716,Molin,60,0.91,moulin,
agrees,208,Foresterie (la) du ban de Moulin,717,,717,La Forrestcrie,60,0.95,foresterie-la-du-ban-de-moulin,
agrees,247,Seux,718,,718,Seuch,60,0.67,seux,
agrees,261,Xennoîs,719,,719,Senevois,60,0.95,xennois,
agrees,186,Autrive,720,,720,Aulerive,60,0.93,autrive,
agrees,228,Méhachamp,721,,721,Mehachamps,61,0.95,mehachamp,
agrees,234,Ncyvillers,722,,722,Nailleviller,61,0.95,ncyvillers,
agrees,249,Saint-Amé,723,,723,Sainct-Avei,61,0.82,saint-ame,
agrees,249,Saint-Etienne,724,,724,Sainct-Esliennc,61,0.96,saint-etienne-les-remiremont,
agrees,254,Vagney,726,,726,Vagny,61,0.91,vagney,
agrees,239,Pubas,728,,728,Pubas,61,1.00,pubas,
agrees,199,Çonlrexard,729,,729,Contrexart,61,0.90,conlrexard,
agrees,199,Crémanviller,731,,731,Cremonvillcr,61,0.92,cremanviller,
agrees,259,Vixard,732,,732,Vielxart,61,0.71,vixard,
agrees,235,Nol (la),733,,733,Nol,61,1.00,la-nol,
agrees,224,Lejols,734,,734,Lesiol,61,0.67,lejols,
agrees,239,Pubas,735,,735,Pubais,61,0.91,pubas,
agrees,239,Prclle (la),736,,736,Breirc,61,0.95,la-prclle,
agrees,254,Trougcmont,737,,737,Trugemont,61,0.95,trougcmont,
agrees,213,Graviers (les),739,,739,Les Graviers,61,1.00,les-graviers,
agrees,243,Rochesson,740,,740,Rougesson,61,0.95,rochesson,
agrees,238,Planois,741,,741,Planoy,61,0.77,planois,
agrees,238,Poirie (la),742,,742,Poirie de Saulxures,61,0.52,la-poirie-saulxures,
agrees,211,Gerbamonl,743,,743,Gerbaumonl,61,0.95,gerbamont,
agrees,237,Pecaviller,744,,744,Peecaviller,61,0.95,pecaviller,
agrees,262,Zainvillcr,745,,745,Jainviller,61,0.95,zainvillers,
agrees,195,Cens-la-VHle,746,,746,Enssens-la-Ville,61,0.75,cens-la-vhle,
agrees,211,Gcrardmer,747,,747,Giradraer,61,0.67,gerardmer,
agrees,193,Bresse (la),748,,748,La Bresse,61,1.00,la-bresse,
agrees,225,Longchamp,749,,749,Lonchamps,61,0.89,longchamp,
agrees,209,Franould,750,,750,Franoult,61,0.88,franould,
agrees,238,Poirie (la),752,,752,La Poyrie,62,0.83,la-poirie-dommarlin,
agrees,242,Reherrey,754,,754,Beherey,62,0.80,reherrey,
agrees,224,Lépangc,755,,755,Lespange,62,0.93,lepangc,
agrees,201,Dcrmanville (la),756,,756,La Dcrmanvillc,62,1.00,la-dcrmanville,
agrees,243,Roche (la),757,,757,La Roche,62,1.00,la-roche,
agrees,242,Remanvillcrs,758,,758,Remanviller,62,0.96,remanvillcrs,
agrees,197,Chêne (le),759,,759,Le Chesne,62,0.91,le-chene,
agrees,246,Sauli,760,,760,Saulx,62,0.80,sauli,
agrees,224,Liébauxard,761,,761,Lîcbauxart,62,0.90,liebauxard,
agrees,206,Fcrdrupt,762,,762,Fcrdruz,62,0.80,ferdrupt,
agrees,224,Létrayc,765,,765,Lcslraye,62,0.93,letrayc,
agrees,232,Mouline (la),766,,766,La Moline,62,0.92,la-mouline,
agrees,205,Etat (!'),767,,767,Lestât,62,0.80,etat,
agrees,250,Saint-Maurice,768,,768,Sainct-Mauiïcc,62,0.92,saint-maurice-sur-moselle,
agrees,195,Bussang,769,,769,Busans,62,0.77,bussang,
agrees,242,Remiremont,770,,770,Remyrcmont,62,0.90,remiremont,
agrees,250,Saint-Mont (le),771,,771,Le Sainct--Mont,62,1.00,le-saint-mont,
agrees,217,Hérival,772,,772,Hérival,62,1.00,herival,
agrees,239,Pont,773,,773,Pont,62,1.00,pont,
agrees,195,Celles,774,,774,Selle,62,0.95,celles,
agrees,249,Saint-Etienne,777,,777,Sainct-Eslienne,62,0.96,saint-etienne-les-remiremont,
agrees,202,Dommartin,778,,778,Doinmartiu,63,0.74,dommartin-les-remiremont,
agrees,241,Raon-aux-Bois,779,,779,Baon-aux-Bois,63,0.91,raon-aux-bois,
agrees,209,Franould,780,,780,Franoult,63,0.88,franould,
agrees,249,Saint-Amé,781,,781,Sainct-Amct,63,0.94,saint-ame,
agrees,188,Battelieule (la),782,,782,La Bastelieule,63,0.91,la-battelieule,
agrees,199,Côtes (les),783,,783,La Costc,63,0.80,les-cotes,
agrees,200,Croix (la),785,,785,La Croix,63,1.00,la-croix,
agrees,224,Levai,787,,787,Leyval,63,0.73,levai,
agrees,206,Faymont,788,,788,Fraymont,63,0.93,faymont,
agrees,199,Courrupt,789,,789,Colruz,63,0.95,courrupt,
agrees,197,Chênes (les),790,,790,Les Chcsncs,63,0.92,les-chenes,
agrees,215,Hamauxard,791,,791,Hamauxart,63,0.89,hamauxard,
agrees,237,Outrcmonl,792,,792,Oullrcmont,63,0.95,outrcmonl,
agrees,196,Champs (les),793,,793,Les Champs,63,1.00,les-champs,
agrees,222,Laitre,794,,794,Laislre,63,0.92,laitre-val-d-ajol,
agrees,223,Larrière,795,,795,Larriére,63,1.00,larriere,
agrees,200,Dandirant,796,,796,Dandiranti,63,0.95,dandirant,
agrees,198,Combclle (la),797,,797,CombclgouUe,63,0.74,la-combclle,
agrees,216,Hario {le),798,,798,Le Haryol,63,0.77,le-hario,
agrees,236,Olichamp,799,,799,Olycliamps,63,0.67,olichamp-val-d-ajol,
agrees,229,Mercille,800,,800,&.cxille,63,0.71,mercille,
agrees,206,Faings-Polots (les)» ham.,801,,801,Les Fains-Polalz,63,0.69,faings-polots-les-ham,
agrees,192,Boucliatel,802,,802,Boncbastcl,63,0.70,boucliatel,
agrees,238,Plombières,803,,803,Plombières,63,1.00,plombieres-les-bains,
agrees,220,Jarménil,804,,804,Jeharmcsnii,63,0.74,jarmenil,
agrees,232,Moussoux,805,,805,Moussou,63,0.93,moussoux,
agrees,203,Dounoux,806,,806,Donnon,63,0.62,dounoux,
agrees,254,Uriménil,807,,807,CJrymcsnil,63,0.67,urimenil,
agrees,211,Géroménil,808,,808,Gcromesnil,63,0.95,geromenil,
agrees,232,Moyenpal,809,,809,Moyenpault,63,0.89,moyenpal,
agrees,254,Uzemain',810,,810,Uzemain,63,1.00,uzemain-les-forges,
agrees,187,Bains,811,,811,Bains,64,1.00,bains-les-bains,
agrees,241,Raon-aux-Bois,812,,812,Raon,64,1.00,raon-aux-bois,
agrees,209,Franc-Chazcau (le),813,,813,Les Francs-Cbasaulx,64,0.69,le-franc-chazcau,
agrees,225,Longuet,814,,814,Longuet,64,1.00,longuet,
agrees,251,Saint-Nabord,815,,815,Sainct-Nabvoir,64,0.87,saint-nabord,
agrees,254,Vagney,816,,816,Vagny,64,0.91,vagney,
agrees,208,Foresterie du ban de Vagncy (la),817,,817,La Forrcsleric,64,0.95,la-foresterie-du-ban-de-vagncy,
agrees,246,Sapais,818,,818,Sapois,64,0.83,sapois,
agrees,243,Rochesson,819,,819,Rougesson,64,0.95,rochesson,
agrees,238,Planois,821,,821,Planoy,64,0.77,planois,
agrees,187,Bamont,822,,822,Baymont,64,0.95,bamont,
agrees,185,Ainias (les),824,,824,Les Amyas,64,0.55,les-ainias,
agrees,237,Pecaviller,825,,825,Peccaviller,64,0.95,pecaviller,
agrees,262,Zainvillcr,826,,826,Jainviller,64,0.95,zainvillers,
agrees,239,Prclle (la),827,,827,Bresle,64,0.67,la-prclle,
agrees,207,Fontaine,828,,828,Fontaine,64,1.00,fontaine,
agrees,199,Crémanviller,829,,829,Cremanviller,64,1.00,cremanviller,
agrees,187,Bains,831,,831,Bains,64,1.00,bains-les-bains,
agrees,196,Chanois (le),832,,832,Le Chesnois,64,0.80,le-chanois,
agrees,262,Xoulce,833,,833,Xousses,64,0.62,xoulce,
agrees,199,Cornimont,834,,834,Cornymont,64,0.89,cornimont,
agrees,224,Lépangc,836,,836,Lespahge,64,0.80,lepangc,
agrees,228,Maxonchamp,837,,837,Maxonchamps,64,0.95,maxonchamp,
agrees,224,Lette,839,,839,L'Estat,64,0.60,lette,
agrees,243,Roche (la),840,,840,La Boche,64,0.80,la-roche,
agrees,206,Fcrdrupt,841,,841,Fcrdruz,64,0.80,ferdrupt,
agrees,209,Franould,842,,842,Franoull,64,0.88,franould,
agrees,199,Côte (la),843,,843,La Coste,64,0.89,la-cote,
agrees,238,Poirie (la),844,,844,La Poitie,65,0.83,la-poirie-dommarlin,
agrees,187,Bamont,845,,845,Baymont,65,0.95,bamont,
agrees,208,Foresterie (la),846,,846,Forrcsteric du ban de Longchamps,65,0.53,la-foresterie,
agrees,239,Pré-Derrière,848,,848,Le Prey,65,0.95,pre-derriere,
agrees,200,Demrupl,849,,849,Demeruz,65,0.71,demrupl,
agrees,229,Ménil (le),850,,850,Le Mesnil,65,0.91,le-menil-229,
agrees,250,Saint-Maurice,851,,851,Sainct-Maurise,65,0.92,saint-maurice-sur-moselle,
agrees,196,Charniois-rOrgueilIcux,852,,852,Le Charmois-dcvant-Bains,65,0.50,charniois-rorgueilicux,
agrees,208,Fontenoy-la-Ville,854,,854,Fontenoy-la-Ville,65,1.00,fontenoy-la-ville,
agrees,229,Ménil (le),855,,855,Le Mesnil,65,0.91,le-menil-bellefontainc,
agrees,231,Montmotler,856,,856,Montmonslier,65,0.82,montmotier,
agrees,253,Trémonzey,857,,857,Tremonxey,65,0.89,tremonzey,
agrees,261,Xertigny,858,,858,Xartigny,65,0.88,xertigny,
agrees,185,Amcrey,859,,859,Amcrey,65,1.00,amcrey,
agrees,215,Hardémont,860,,860,Gardelmont,65,0.95,hardemont,
agrees,208,Forêi (la),861,,861,LaForrcst,65,0.57,la-forei,
agrees,209,Franouze (la),862,,862,La Franouzc,65,1.00,la-franouze,
agrees,213,Granges-de-Plombières (les),863,,863,Granges,65,1.00,granges-de-plombieres,
agrees,213,Grémifontaine,864,,864,Gremefontaine,65,0.92,gremifontaine,
agrees,196,Chapelle-aux-Boîs (la),866,,866,La Chappcllc,65,0.94,la-chapelle-aux-bois,
agrees,241,Razey,867,,867,Razey,65,1.00,razey,
agrees,209,Fougerollcs,868,,868,Fougerolles,65,1.00,fougerolles,
agrees,196,Charmes-sur-Moselle,869,,869,Charmes,65,1.00,charmes,
agrees,245,Rugney,870,,870,Rugny,65,0.91,rugney,
agrees,207,Fiorémont,871,,871,Florémont,65,0.89,floremont,
agrees,193,Bralleville,872,,872,Bralleviilc,65,0.91,bralleville,
agrees,211,Gcrmonville,873,,873,Germonvillc,66,1.00,germonville,
agrees,213,Gripport,874,,874,Gripport,66,1.00,gripport,
agrees,248,Soeourt,875,,875,Socourt,66,1.00,socourt,
agrees,193,Rrantiguy,876,,876,Branligny,66,0.78,brantigny,
agrees,262,Xugney,878,,878,Xugney,66,1.00,xugney,
agrees,214,Gugney-aux-Aulx,879,,879,Gugncy-aux-Aulx,66,1.00,gugney-aux-aulx,
agrees,205,Essegncy,880,,880,Enccgney,66,0.75,essegney,
agrees,190,Bettegney-Saint-Brice,881,,881,Battigny-Sainct-Briee,66,0.95,bettegney-saint-brice,
agrees,205,Evaux-ct-Ménil,882,,882,Le Val,66,0.95,evaux-et-menil,
agrees,229,Ménil,883,,883,Le Mcsnil,66,0.91,menil-evaux-ct-menil,
agrees,213,Gripport,884,,884,Gripport,66,1.00,gripport,
agrees,248,Soeourt,885,,885,Socourt,66,1.00,socourt,
agrees,249,Saint-Firmin,886,,886,Sainct-Finnin,66,0.82,saint-firmin,
agrees,246,Savigny,887,,887,Savigny,66,1.00,savigny,
agrees,190,Bettegney-Saint-Brice,889,,889,Battigny-Saincl-Brice,66,0.84,bettegney-saint-brice,
agrees,254,Ubexy,890,,890,L'bcxey,66,0.80,ubexy,
agrees,257,Viéville,891,,891,Viefvilie,66,0.82,vieville,
agrees,249,Saint-Firmin,892,,892,Sainct-Firmin,66,1.00,saint-firmin,
agrees,229,Ménil,894,,894,Le Mcsnil,66,0.91,menil-evaux-ct-menil,
agrees,214,Gugney-aux-Aulx,895,,895,Gugncy-aux-Aulz,66,0.92,gugney-aux-aulx,
agrees,193,Bralleville,896,,896,Brallevîlle,66,1.00,bralleville,
agrees,211,Gcrmonville,897,,897,Germonvillc,66,1.00,germonville,
agrees,220,Jcvoncourt,898,,898,Xironcourt et Juvoncourt,66,0.56,jevoncourt,
agrees,234,NeuveviHc-souis-Montfort (la),900,,900,La Ncuftïlîe-soubz-Montfort,66,0.73,la-neuveville-sous-montfort,
agrees,242,Remoncourt,901,,901,Remoncourt,66,1.00,remoncourt,
agrees,188,Bazoî!les-et-Ménil,902,,902,Bazailles,66,0.58,bazoilles-et-menil,
agrees,259,Viviers-lez-Offroicourt,903,,903,Vivier,67,0.92,viviers-les-offroicourt,
agrees,219,Hymont,904,,904,Hymont,67,1.00,hymont,
agrees,228,Maltaincourt,905,,905,Maltaincourt,67,1.00,mattaincourt,
agrees,260,Vroville,906,,906,Vroville,67,1.00,vroville,
agrees,240,Puzieux,907,,907,Puzieu,67,0.92,puzieux,
agrees,240,Ramecourt,908,,908,Bomecourt,67,0.78,ramecourt,
agrees,197,Chauffecourt,909,,909,Chauvecourt,67,0.87,chauffecourt,
agrees,190,Bettoncourt,910,,910,Bethoncourl,67,0.91,bettoncourt,
agrees,184,Ambacourt,911,,911,Ambascourt,67,0.95,ambacourt,
agrees,258,Villers,912,,912,Viller,67,0.92,villers,
agrees,239,Poussay,914,,914,Poursas,67,0.71,poussay,
agrees,205,Estrennes,91»,,915,Eslrenncs,67,1.00,estrennes,
agrees,188,Bazoî!les-et-Ménil,916,,916,Bazaille,67,0.61,bazoilles-et-menil,
agrees,229,Ménil,917,,917,Le Mesnil,67,0.91,le-mesnil,
agrees,252,They-sous-Monifort,918,,918,They-soub-Montfort,67,0.88,they-sous-monifort,
agrees,211,Girecourt-lez-Yiéville,919,,919,Girecourt,67,1.00,girecourt-lez-yieville,
agrees,257,Viéville,920,,920,Viefville,67,0.94,vieville,
agrees,184,Ambacourt,921,,921,Embescourt,67,0.95,ambacourt,
agrees,237,Parey-sous-Monlfort,922,,922,Parey-soubz-Monlfort,67,0.91,parey-sous-montfort,
agrees,242,Remoncourt,923,,923,Rcmoncourt-,67,1.00,remoncourt,
agrees,225,Lignéville,924,,924,Ligniville,67,0.90,ligneville,
agrees,259,Villel,925,,925,Vilcl,67,0.91,vittel,
agrees,236,Offroieourl,928,,928,Offraucourt,67,0.82,offroicourt,
agrees,212,Girovillcrs-sous-llontfort,929,,929,Gironviller,67,0.91,girovillers-sous-montfort,
agrees,228,Mazirot,930,,930,Mazirot,67,1.00,mazirot,
agrees,215,Haréville-sous-Monlforl,931,,931,Harévillc,68,1.00,hareville,
agrees,220,Juvaincourt,935,,935,Jevaincourt,68,0.95,juvaincourt,
agrees,240,Ramecourt,936,,936,Bamecourt,68,0.89,ramecourt,
agrees,188,Baudricourt,937,,937,Baudricourt,68,1.00,baudricourt,
agrees,242,Remicourt,939,,939,Romccourt,68,0.78,remicourt-mirecourt,
agrees,188,Bazoî!les-et-Ménil,940,,940,Bazoilles,68,0.67,bazoilles-et-menil,
agrees,205,Estrennes,941,,941,Estrennes,68,1.00,estrennes,
agrees,211,Girecourt-lez-Yiéville,942,,942,Girecourt,68,1.00,girecourt-lez-yieville,
agrees,229,Ménil,944,,944,Le Mesnil,68,0.91,le-mesnil,
agrees,240,Ramecourt,94b,,945,Remecourt,68,0.89,ramecourt,
agrees,203,Domvallicr,946,,946,Dompvallier,68,0.95,domvallier,
agrees,253,Thiraucourl,947,,947,Tliiroeourt,68,0.73,thiraucourt,
agrees,202,Dompairc,948,,948,Dompaire,68,1.00,dompaire,
agrees,255,Val-devant-Dompaire* (le),949,,949,Le Vaul-devant-Dompaire,68,0.97,le-val-devant-dompaire,
agrees,186,Avillers,950,,950,Aviller,68,0.93,avillers,
agrees,192,Bouxières-aux-Bois,951,,951,Bouxiéres,68,1.00,bouxieres-aux-bois,
agrees,226,Madegney,952,,952,Madigny,68,0.80,madegney,
agrees,241,Regney,953,,953,Bugny,68,0.55,regney,
agrees,259,Vomécourl,954,,954,Vomécourt,68,1.00,vomecourl,
agrees,188,Ba/.egncy,955,,955,Bazigny,68,0.71,bazegney,
agrees,193,Bouzemont,957,,957,Bouzemont,68,1.00,bouzemont,
agrees,214,Hagécourt,961,,961,Hagiecourt,68,0.95,hagecourt,
agrees,226,Muiîeeourt,962,,962,Madrecourl,69,0.70,muiieeourt,
agrees,240,Racécourl,963,,963,Baeecourt,69,0.89,racecourt,
agrees,220,Joncy,965,,965,Juxey,69,0.60,jorxey,
agrees,212,Gorhey,966,,966,Goherey,69,0.77,gorhey,
agrees,202,Dommarlin-lcs-Ville,967,,967,Dommartin,69,0.69,dommarlin-lcs-ville,
agrees,204,Enssens-la-Ville,968,,968,Enssens-la-Ville,69,1.00,enssens-la-ville,
agrees,222,Lamerey,969,,969,Lamerey,69,1.00,lamerey,
agrees,255,Valleroy-le-Sec,970,,970,Valleroy,69,1.00,valleroy-le-sec,
agrees,197,Chenilmont,971,,971,Chcnymont,69,0.84,chenilmont,
agrees,232,Naglaincourt,972,,972,Naglancourt,69,0.96,naglaincourt,
agrees,190,Bcttegney,974,,974,Bettigny,69,0.82,bellegney-devant-dompaire,
agrees,254,Uxegney,975,,975,Uxegoey,69,0.86,uxegney,
agrees,245,Sam-bey,976,,976,Seuxey,69,0.50,sam-bey,
agrees,197,Chatimont,977,,977,Chattimont,69,0.95,chatimont,
agrees,233,Neuves-Granges (les),978,,978,Les Granges,69,0.95,les-neuves-granges,
agrees,219,Humbertois,979,,979,Humbatemps,69,0.60,humbertois,
agrees,245,Safframénil,980,,980,Saiïremesnil,69,0.70,safframenil,
agrees,198,Cône,981,,981,Cosne,69,0.89,cone,
agrees,250,Saint-Laurent,982,,982,Sainct-Laurent,69,1.00,saint-laurent,
agrees,208,Forges (les),983,,983,Les Forges,69,1.00,les-forges,
agrees,187,Bainviile,984,,984,Bainville,69,0.89,bainville-aux-saules,
agrees,239,Ponl-tei-Bonfays,985,,985,Pont-lez-Bonfay,69,0.89,pont-les-bonfays,
agrees,241,Rancourt,986,,986,Rancourt,69,1.00,rancourt,
agrees,205,Escles,987,,987,Escles,69,1.00,escles,
agrees,224,Lerrain,989,,989,Larrin,69,0.95,lerrain,
agrees,259,Vioménil,990,,990,Vyomesnil,69,0.82,viomenil,
agrees,216,Harol,991,,991,Harol,69,1.00,harol,
agrees,225,Longcroyc,992,,992,Les Longues-Royes,69,0.86,longcroyc,
agrees,229,Ménil (le),993,,993,Le Mesnil,70,0.91,le-menil-harol,
agrees,240,Putlegney,994,,994,Putligny,70,0.82,putlegney,
agrees,245,Rue-sous-llarol (la),995,,995,La Rue,70,1.00,la-rue-sous-llarol,
agrees,241,Reblangollc,997,,997,Reblangotle,70,1.00,reblangollc,
agrees,234,Nobaimont,998,,998,Nobclmont,70,0.78,nobaimont,
agrees,253,Thunimonl. ham.,999,,999,Tunymont,70,0.70,thunimonl-ham,
agrees,255,Valfroieourt,1000,,1000,Valfroicourt,70,1.00,valfroicourt,
agrees,187,Bainviile,1001,,1001,Bainville,70,0.89,bainville-aux-saules,
agrees,210,Frenois,1002,,1002,Frenoy,70,0.77,frenois,
agrees,229,Ménil (le),1006,,1006,Le Mcsnil,70,0.91,le-menil-harol,
agrees,233,Naimont,1007,,1007,Neumont,70,0.71,naimont,
agrees,243,Renauvoid,1008,,1008,Renaudvoid,70,0.95,renauvoid,
agrees,236,Oncourl,1009,,1009,Oncourt,70,1.00,oncourt,
agrees,200,Derbamont,1010,,1010,Derbamont,70,1.00,derbamont,
agrees,197,Circourt,1011,,1011,Girecourt,70,0.95,circourt,
agrees,191,Bocfjiiegney,1012,,1012,Bocquegney,70,0.73,bocquegney,
agrees,211,Gigney,1013,,1013,Gigney,70,1.00,gigney,
agrees,183,Ableuveneltes (les),1014,,1014,Abvcfvenet-la-Pelite,70,0.65,les-ableuvenettes,
agrees,190,Bcttegney,1015,,1015,Battigny,70,0.71,bellegney-devant-dompaire,
agrees,252,Tatignécourl,1016,,1016,Talignecourt,70,1.00,tatignecourt,
agrees,212,Gorhey,1017,,1017,Goherey,70,0.77,gorhey,
agrees,191,Bocfjiiegney,18,,1018,Bocquegney,70,0.73,bocquegney,
agrees,207,Fomercy,1019,,1019,Fomcrey,70,1.00,fomerey,
agrees,217,Hennecourt,1020,,1020,Hennecourt,70,1.00,hennecourt,
agrees,211,Girancourt,1021,,1021,Girancourt,71,1.00,girancourt,
agrees,202,Dommarlin-aux-Bois,1022,,1022,Dommartin-aux-Bois,71,1.00,dommartin-aux-bois,
agrees,259,Void-de-Girancourl (le),1024,,1024,Le Void,71,1.00,le-void-de-girancourl,
agrees,233,Naimont,25,,1025,Naymont,71,0.86,naimont,
agrees,254,Uzemain',1026,,1026,Uzeiïiain,71,0.75,uzemain-les-forges,
agrees,228,Méloménil,1027,,1027,Malomesnil,71,0.84,melomenil,
agrees,253,Thiélouze,1028,,1028,Thilouze,71,0.94,thielouze,
agrees,183,Agémont,1029,,1029,Ajoncourt,71,0.95,agemont,
agrees,211,Gigney,30,,1030,Gigney,71,1.00,gigney,
agrees,241,Rancourt,1031,,1031,Raucourt,71,0.88,rancourt,
agrees,220,Joncy,1033,,1033,Joxey,71,0.80,jorxey,
agrees,211,Gigney,39,,1039,Gigney,71,1.00,gigney,
agrees,217,Hennecourt,40,,1040,Hennecourt,71,1.00,hennecourt,
agrees,223,Laviéville,1041,,1041,La Viefville,71,0.84,lavieville,
agrees,255,Valleroy-aux-Saules,1042,,1042,Valleroy-aux-Saulxes,71,0.97,valleroy-aux-saules,
agrees,210,Gclvécourt-ct-Adompt,1043,,1043,Gellenecourt,71,0.60,gelvecourt-et-adompt,
agrees,214,Hagécourt,1044,,1044,Hagiecourt,71,0.95,hagecourt,
agrees,189,Begnécourt,1046,,1046,Bignécourt,71,0.90,begnecourt,
agrees,223,Lcgéville-cl-Bonfays,1047,,1047,Ligeville,71,0.59,legeville-et-bonfays,
agrees,228,Mazelay,1048,,1048,Mazelet,71,0.71,mazelay,
agrees,183,Adompt,1050,,1050,Adon,71,0.60,adompt,
agrees,193,Bouzemont,1052,,1052,Bouzemofif,71,0.74,bouzemont,
agrees,191,Blémerey,1054,,1054,Blamerey,72,0.95,blemerey,
agrees,243,Renauvoid,56,,1056,Begnauldvoid,72,0.76,renauvoid,
agrees,191,Bocfjiiegney,57,,1057,Bocquegney,72,0.73,bocquegney,
agrees,207,Fomercy,58,,1058,Fomercy,72,1.00,fomerey,
agrees,217,Hennecourt,59,,1059,Henneeourt,72,1.00,hennecourt,
agrees,200,Derbamont,60,,1060,Derbamont,72,1.00,derbamont,
agrees,197,Circourt,1061,,1061,Sirecourt,72,0.95,circourt,
agrees,200,Derbamont,62,,1062,Hermamont,72,0.95,derbamont,
agrees,200,Darncy,1064,,1064,Darney,72,1.00,darney,
agrees,186,Atligny,1065,,1065,Attigny,72,1.00,attigny,
agrees,192,Bonvillet,1066,,1066,Bonviller,72,0.89,bonvillet,
agrees,255,Vallois (les),1067,,1067,VaUois,72,0.77,les-vallois,
agrees,202,Dommartin-lès-Vallois,1068,,1068,Dompmartin enssens Vallois,72,0.84,dommartin-les-vallois,
agrees,220,Jésonville,1069,,1069,Gesonville,72,0.95,jesonville,
agrees,247,Senonges,1070,,1070,Senonges,72,1.00,senonges,
agrees,193,Brisevcrre,1073,,1073,Briseverre,72,1.00,brisevcrre,
agrees,247,Senenne,1076,,1076,Senennes,73,0.93,senenne,
agrees,249,Sybille (la),1077,,1077,La Sybille,73,1.00,la-sybille,
agrees,253,Thomas,1078,,1078,Sainct-Vaubert,73,0.95,thomas,
agrees,189,Belrupt,1079,,1079,Belruz,73,0.77,belrupt,
agrees,219,Houdricbalel,1080,,1080,Houdrichapelle,73,0.77,houdricbalel,
agrees,198,Clairey,1081,,1081,Clérey,73,0.77,clairey,
agrees,212,Grande-Catherine(la),1082,,1082,La Grande-Catherine,73,1.00,la-grande-catherine,
agrees,212,Grammont (le),1085,,1085,Grandmont,73,0.82,le-grammont,
agrees,253,Tholoy,1086,,1086,Toullot,73,0.95,tholoy,
agrees,217,Henrieel,1087,,1087,La verrièreHenricé,73,0.61,henrieel,
agrees,210,Frison (la),10â8,,1088,La Frison,73,1.00,la-frison,
agrees,219,Hubert (le),1090,,1090,Du Hubert,73,0.86,le-hubert,
agrees,224,Leppenoux,1091,,1091,De Lespcnoux,73,0.80,leppenoux,
agrees,254,Trois-Bans (les),1092,,1092,Des Trois-Bans,73,0.86,les-trois-bans,
agrees,242,Relanges,1094,,1094,Relange,73,0.93,relanges,
agrees,203,Droiteval,109»,,1095,Droitteval,73,0.95,droiteval,
agrees,186,Atligny,96,,1096,Atligny,73,1.00,attigny,
agrees,192,Bonvillet,97,,1097,Bonviller,73,0.89,bonvillet,
agrees,189,Belrupt,1098,,1098,Belruz,73,0.77,belrupt-darncy,
agrees,202,Dombasle-devanl-Darney,1099,,1099,Dombasle,73,0.57,dombasle-devant-darney,
agrees,235,Nonviile,1100,,1100,Nonvillc,73,0.88,nonville,
agrees,259,Viviers-le-Gras,1101,,1101,Vivier-lc-Gras,74,0.96,viviers-le-gras,
agrees,202,Dombrol-sur-Vair,1102,,1102,Dombrot,74,1.00,dombrot-sur-vair,
agrees,237,Passavant,1103,,1103,Chasteaù de Passavant,74,0.64,passavant-la-rochere,
agrees,241,Regnéville,1104,,1104,Rcgniévclle,74,0.86,regnevelle,
agrees,228,Martinvelle,1105,,1105,Martinvelle,74,1.00,martinvelle,
agrees,231,Monihureux-sur-Saône,1107,,1107,Monstcreul-sur-Saône,74,0.78,monthureux-sur-saone,
agrees,235,Nonviile,1108,,1108,Nonville,74,0.88,nonville,
agrees,189,Rclmont,1109,,1109,Belmont,74,0.86,belmont-les-darney,
agrees,202,Dombrol-sur-Vair,1110,,1110,Dombroi,74,0.86,dombrot-sur-vair,
agrees,249,Saint-Basiemonl,1111,,1111,Sainct-Baslemont,74,0.93,saint-baslemont,
agrees,205,Eslcy,1112,,1112,Esley,74,1.00,esley,
agrees,189,Belrupt,1113,,1113,Belruz,74,0.77,belrupt-darncy,
agrees,194,Bulgnéville,1114,,1114,Bullegnéville,74,0.92,bulgneville,
agrees,213,Granges (les),1116,,1116,Les Granges,74,1.00,les-granges,
agrees,197,Châtenois,1117,,1117,Chaslenois,74,0.95,chatenois,
agrees,199,Courlille (la),1121,,1121,La Courtillc,74,1.00,la-courlille,
agrees,254,Valaincourt,1122,,1122,Valaincourt,74,1.00,valaincourt,
agrees,227,Mannccourl,1123,,1123,Manneeourt,74,1.00,mannccourl,
agrees,240,Rainville,1124,,1124,Rainville,75,1.00,rainville,
agrees,190,Biécourl,1125,,1125,Biécourt,75,1.00,biecourt,
agrees,251,Sainl-Prancher,1126,,1126,Sainct-Pranchier,75,0.96,saint-prancher,
agrees,244,Rouceux,1127,,1127,Rcceu,75,0.95,rouceux,
agrees,234,Neuveville-sous-Ch5tenois (la),1128,,1128,La Neuville,75,0.89,la-neuveville-sous-chatenois,
agrees,235,Norroy-sur-Vair,1129,,1129,Nourroy,75,0.92,norroy-sur-vair,
agrees,251,Saint-Paul,1130,,1130,Sainct-Paul,75,1.00,saint-paul,
agrees,236,Ollainville,1131,,1131,Dollainville,75,0.96,ollainville,
agrees,186,Auzainviiliers,1134,,1134,Auzainville,75,0.80,auzainvilliers,
agrees,259,Viocourt,1135,,1135,Vyocourt,75,0.88,viocourt,
agrees,251,Saint-Paul,40,,1140,Sainct-Paul,75,1.00,saint-paul,
agrees,243,Rollamville,1141,,1141,RollainvUle,75,0.73,rollainville,
agrees,185,Aouze,1142,,1142,Aouze,75,1.00,aouze,
agrees,227,Mandres-sur-Vair,1144,,1144,Mandrcs-sur-Veire,75,0.90,mandres-sur-vair,
agrees,244,Rouvres-cn-Xaintois,1145,,1145,Rouvrc-en-Sainclois,75,0.88,rouvres-en-xaintois,
agrees,260,Vouxey,1146,,1146,Vouxey,75,1.00,vouxey,
agrees,246,Saulxures-lez-Bulgnéville,1147,,1147,Saulxures,75,1.00,saulxures-les-bulgneville,
agrees,253,Tolainviltc,1148,,1148,Toutainville,75,0.96,totainville,
agrees,231,Moncourt,1149,,1149,Moncourt,75,1.00,maconcourt,
agrees,214,Hagnéville,1150,,1150,Hignéville,75,0.95,hagneville,
agrees,229,Ménil-en-Xaînlois,1151,,1151,Le Mesnil-cn-Sainctois,75,0.90,menil-en-xaintois,
agrees,225,Longchamp,1152,,1152,Longchamps,75,0.95,longchamp-sous-chatenois,
agrees,211,Gerbonvaux,1154,,1154,Gcrbonval,75,0.84,gerbonvaux,
agrees,251,Saint-Remimont,1155,,1155,Sainct-Remvmonl,76,0.92,saint-remimont-buigneville,
agrees,186,Auzainviiliers,57,,1157,Auzainviller,76,0.85,auzainvilliers,
agrees,242,Remois,1158,,1158,Ramois,76,0.83,remois,
agrees,235,Norroy-sur-Vair,59,,1159,Nourroy,76,0.92,norroy-sur-vair,
agrees,187,Balléville,1160,,1160,Balléville,76,1.00,balleville,
agrees,240,Rainville,61,,1161,Rainville,76,1.00,rainville,
agrees,228,Martigny-lez-Gerbonvaux,1162,,1162,Martigny,76,1.00,martigny-les-gerbonvaux,
agrees,232,Morclrnaison,1163,,1163,Moremaison,76,0.82,morelmaison,
agrees,211,Gironcourt,1164,,1164,Gironcourt,76,1.00,gironcourt-sur-vraine,
agrees,242,Removille,1165,,1165,Removille,76,1.00,removille,
agrees,219,Houécourt,1166,,1166,Houécourt,76,1.00,houecourt,
agrees,202,Dommanin-sur-Vrainc,1167,,1167,Dommartin,76,0.82,dommartin-sur-vraine,
agrees,250,Saint-Menge,1168,,1168,Sainct-Mange,76,0.90,saint-menge,
agrees,245,Sandaucourt,1170,,1170,Sandaucburt,76,0.91,sandaucourt,
agrees,189,Beltnont-sur-Vair,71,,1171,Belmont,76,0.80,belmont-sur-vair,
agrees,194,Bulgnéville,72,,1172,Bullegnévîlle,76,0.92,bulgneville,
agrees,225,Longchamp,74,,1174,Lonchamps,76,0.89,longchamp-sous-chatenois,
agrees,259,Viocourt,75,,1175,Vyocourl,76,0.88,viocourt,
agrees,187,Balléville,76,,1176,Balléville,76,1.00,balleville,
agrees,202,Dolaincourt,1177,,1177,Dollaincourt,76,0.96,dolaincourt,
agrees,199,Courcelles-sous-Châtenois,1178,,1178,Courcelles,76,1.00,courcelles-sous-chatenois,
agrees,193,Brancourt,1179,,1179,Brancourt,76,1.00,brancourt,
agrees,249,Saint-Elophe,1180,,1180,Sainct-Alophe,76,0.91,saint-elophe,
agrees,228,Maxey-sur-Meuse,1181,,1181,Maxey-soubz-Brexey,76,0.69,maxey-sur-meuse,
agrees,215,Happoncourt,1182,,1182,Haponcourt,76,0.95,happoncourt,
agrees,228,Martigny-lez-Gerbonvaux,83,,1183,Martigny,76,1.00,martigny-les-gerbonvaux,
agrees,248,Soulosse,1184,,1184,Soulosse,76,1.00,soulosse,
agrees,212,Gouécoun,1185,,1185,Gohccourt,76,0.71,gouecourt,
agrees,219,Houèville,1186,,1186,Houéville,76,1.00,houeville,
agrees,188,Barville,1187,,1187,Barvillc,76,1.00,barville,
agrees,197,Chef-Haut,1188,,1188,Chevau,76,0.71,chef-haut,
agrees,248,Sommerécoun,1189,,1189,Somcréeourt,77,0.82,sommerecourt,
agrees,227,Mandres-sur-Vair,91,,1191,Mandres,77,1.00,mandres-sur-vair,
agrees,253,Tilleux,1192,,1192,Tilleux,77,1.00,tilleux,
agrees,198,Circourt,1194,,1194,Sirecourt,77,0.95,circourt-sur-mouzon,
agrees,257,Villard,1195,,1195,Villars-aux-Cloycs,77,0.52,villard,
agrees,193,Breehaincourî,1196,,1196,Brechaincourt,77,0.92,breehaincouri,
agrees,200,Darncy-aux-Chénes,1197,,1197,Darney-aux-Chcsnes,77,0.97,darney-aux-chenes,
agrees,241,R.'benville,1198,,1198,Rebeufville,77,0.80,rebeuville,
agrees,186,Auzainviiliers,99,,1199,Auzainvillcr,77,0.85,auzainvilliers,
agrees,244,Roncourt,12Û0,,1200,Roncourt,77,1.00,roncourt,
agrees,211,GémonviUe,1202,,1202,Gémonville,77,0.84,gemonville,
agrees,247,Sierck,1204,,1204,Sirques,78,0.62,sierck,
agrees,221,Kirsclinaumen,1205,,1205,Kirchnomcn,78,0.70,kirschnaumen,
agrees,235,Obernaumen,1206,,1206,Obrcnomen,78,0.74,obernaumen,
agrees,221,Kallzweiller,1207,,1207,Katzweiller,78,0.95,kaltweiler,
agrees,205,Evendorff,1210,,1210,Eftendorff,78,0.84,evendorff,
agrees,191,Bising,1212,,1212,Bursingen,78,0.67,bising,
agrees,242,Rémeling,1213,,1213,Bumelingcu,78,0.67,remeling,
agrees,207,Flatten,1214,,1214,Flatten,78,1.00,flatten,
agrees,198,Colmen,1216,,1216,Colman,78,0.83,colmen,
agrees,213,Grindorflf,1217,,1217,Brondorff,78,0.95,grindorf,
agrees,215,Halslroff,1218,,1218,Habtorff,78,0.71,halstroff,
agrees,234,NicdaltdoK (Niedaltroff),1219,,1219,Altroff,78,0.50,niedaltdorf,
agrees,231,Monneren',1220,,1220,Mondlcr,78,0.95,monneren,
agrees,191,Biringen (Buren),1221,,1221,Biringcn,78,0.76,biringen,
agrees,235,Ober-Esch ou Oberesch,1222,,1222,Oberesch,78,0.62,oberesch,
agrees,221,Kerling-lès-Sierek,1223,,1223,Kerlingcn,78,0.88,kerling-les-sierck,
agrees,209,Freching,1224,,1224,Frichingen,78,0.95,freching,
agrees,256,Veckring(?),1225,,1225,Wcrbcringen,78,0.95,veckring,
agrees,224,Lemcstroff,1226,,1226,Lemerstroiï,78,0.76,lemestroff,
agrees,221,Kirseh-lês-Sicrek,1227,,1227,Kirch,78,0.50,kirsch-les-sierck,
agrees,261,Weilen,1228,,1228,Witten,78,0.83,weiten,
agrees,236,Ocft (Eft),1229,,1229,Esft,78,0.55,ocft,
agrees,216,Hellendoriï,1230,,1230,Hellendorff,78,0.82,hellendorf,
agrees,229,Merschweiller,1231,,1231,Mersweillcr,78,0.87,merschweiller,
agrees,185,Apach,1232,,1232,Appach,78,0.91,apach,
agrees,236,Ouderen,1236,,1236,Udern,79,0.83,ouderen,
agrees,223,LaunstrofT,1237,,1237,Lonstorfî,79,0.63,launstroff,
agrees,191,Bising,40,,1240,Busingen,79,0.71,bising,
agrees,223,Laumesfeld,1241,,1241,Lumersfeldl,79,0.86,laumesfeld,
agrees,216,Har^arien,1242,,1242,Hargarden,79,0.82,hargarten-les-laumelsfeld,
agrees,221,Kontz-Basse,1244,,1244,Nidercontz,79,0.95,kontz-basse,
agrees,215,Halslroff,46,,1246,Halstorff,79,0.89,halstroff,
agrees,262,Zeurange',1247,,1247,Zuringen,79,0.95,zeurange,
agrees,191,Biringen (Buren),48,,1248,fiiringen,79,0.64,biringen,
agrees,235,Ober-Esch ou Oberesch,1249,,1249,Oberesch,79,0.62,oberesch,
agrees,221,Kerling-lès-Sierek,50,,1250,Kerlingcn,79,0.88,kerling-les-sierck,
agrees,207,Flaslroiï,1251,,1251,Flachstorff,79,0.60,flaslroii,
agrees,228,Mcchcrn (Mechcrcn),1253,,1253,Morchern,79,0.52,mechern,
agrees,209,Fremmesdr'* v:-»m. de Rehlingen,1254,,1254,Frymestroû*,79,0.57,fremmesdr-v-m-de-rehlingen,
agrees,261,Wochern,125G,,1256,Wuclicni,79,0.53,wochern,
agrees,212,Gommelangc,1257,,1257,Gclmingcn,79,0.95,gomelange,
agrees,212,Gongelfang,1258,,1258,Golstingen,79,0.60,gongelfang,
agrees,191,Bockange,1259,,1259,Buchingen,79,0.95,bockange,
agrees,217,Hestroff,1260,,1260,Hcrstoriï,79,0.59,hestroff,
agrees,221,Kédangc,1261,,1261,Kedingcn,79,0.95,kedange,
agrees,221,Klang. vil.,1262,,1262,Klingen,79,0.53,klang-vil,
agrees,218,Hobling,1264,,1264,Hoblingen,79,0.88,hobling,
agrees,197,Chémery,1266,,1266,Schombcrg,79,0.95,chemery,
agrees,219,Ingliug,1267,,1267,Englingcn,79,0.95,ingliug,
agrees,206,Férange,1268,,1268,Feringen,79,0.95,ferange,
agrees,184,Alz.ing,1269,,1269,Ausclingcn,79,0.62,alzing,
agrees,231,Monneren',70,,1270,Mondler,79,0.95,monneren,
agrees,190,Bibiche,1271,,1271,Bincrssheim,80,0.95,bibiche,
agrees,224,Lemcstroff,72,,1272,Lemcrslroff,80,0.95,lemestroff,
agrees,223,Laumesfeld,73,,1273,Limersfcldl,80,0.76,laumesfeld,
agrees,221,Kalembourg,1274,,1274,Kalemburg,80,0.95,kalembourg,
agrees,205,Evendorff,7»,,1275,Efîendorlï,80,0.63,evendorff,
agrees,222,Lacroix,1276,,1276,La Croix,80,0.83,lacroix,
agrees,243,Rodelach,1277,,1277,Rodlach,80,0.93,rodlach,
agrees,198,Condé,1278,,1278,Conchen,80,0.67,conde,
agrees,235,Norihen,1279,,1279,Northen,80,0.86,northen,
agrees,228,Mégange,1280,,1280,Mehingen,80,0.67,megange,
agrees,214,Guirlange,1281,,1281,Gcrlingen,80,0.95,guirlange,
agrees,191,Bockange,82,,1282,Buchingen,80,0.95,bockange,
agrees,238,Piblange,1284,,1284,Bublingen,80,0.95,piblange,
agrees,258,Villers-Beltnach,1285,,1285,Viller-Bctnach,80,0.93,villers-bettnach,
agrees,209,Freislroff,1286,,1286,Fraystorff,80,0.70,freistroff,
agrees,235,Ohcrperî,1287,,1287,Obcrperl,80,0.75,oberperl,
agrees,237,Perl ou Niederperl,1288,,1288,Niderpcrl et,80,0.67,perl,
agrees,247,Sehndorf,1289,,1289,Syndorfi,80,0.75,sehndorf,
agrees,261,Wochern,92,,1292,Wuchern,80,0.95,wochern,
agrees,198,Condé,93,,1293,Conchen,80,0.67,conde,
agrees,235,Norihen,94,,1294,Morthen,80,0.71,northen,
agrees,228,Mégange,95,,1295,Mehingen,80,0.67,megange,
agrees,214,Guirlange,1296,,1296,Gerlingcn,80,0.95,guirlange,
agrees,238,Piblange,97,,1297,Publingcn,80,0.95,piblange,
agrees,203,Drogny,98,,1298,Drachenach,80,0.95,drogny,
agrees,207,FilstrofT,1299,,1299,Felstrofî,80,0.78,filstroff,
agrees,214,Guerlefang,1300,,1300,Gerolfingen,80,0.67,guerlefang,
agrees,246,Scharhmorther,1303,,1303,Schartzmorther,81,0.89,scharhmorther,
agrees,216,Hasenholh,1305,,1305,Hasenholb,81,0.89,hasenholh,
agrees,212,Godchurc (ou Godtcheurcn),1306,,1306,Gadcrscheuren,81,0.65,godchurc,
agrees,233,Neudlangc,1308,,1308,Nodlingen,81,0.95,neudlangc,
agrees,247,Schwerdorff,1324,,1324,Schwcrdorfr,81,0.91,schwerdorff,
agrees,214,Guerstling,1325,,1325,Gursingen,81,0.74,guerstling,
agrees,221,Kilzing,1326,,1326,Kutssingcn,81,0.95,kitzing,
agrees,229,Menskirch,1327,,1327,Mensskirch,81,0.95,menskirch,
agrees,243,Ritzing,1328,,1328,Rutzingen,81,0.95,ritzing,
agrees,230,Mclzcresche,1329,,1329,Metzer-Esch,81,0.95,metzeresche,
agrees,203,Eimersdorf,1339,,1339,Eymerstorlï,82,0.67,eimersdorf,
agrees,220,Ising',1340,,1340,Lugsingen,82,0.57,ising,
agrees,262,Zeurange',1345,,1345,Zuzingen,82,0.62,zeurange,
agrees,229,Mensberg,1346,,1346,Mentzberg,82,0.82,meinsberg,
agrees,207,FilstrofT,1354,,1354,Felstorff,82,0.67,filstroff,
agrees,252,Théding,1355,,1355,Tedingen,82,0.80,theding,
agrees,244,Rosbruch,1356,,1356,Bossbruckcn,82,0.63,rosbruck,
agrees,216,Hargarien-aux-Mines,1359,,1359,Hargarten,82,0.89,hargarien-aux-mines,
agrees,244,Roupeldauge,1362,,1362,Rupplingcn,82,0.95,roupeldange,
agrees,218,Holling,1364,,1364,Hollingcn,82,0.88,holling,
agrees,201,Differten,1365,,1365,Dieffcrlcn,82,0.95,differten,
agrees,255,Varize,1366,,1366,Weibelsskirchen,82,0.83,varize,
agrees,225,Longeville-lès-Saint-Avold,1368,,1368,Longeville,83,1.00,longeville-les-saint-avold,
agrees,258,Villing,1370,,1370,Wellingen,83,0.95,villing,
agrees,227,Marangc-Zondrangc,1376,,1376,Meringen,83,0.95,marange-zondrange,
agrees,255,Varize,82,,1382,Warize,83,0.83,varize,
agrees,218,Holling,87,,1387,Hollingen,83,0.88,holling,
agrees,242,Rémclfang,1388,,1388,Bumelfingen,83,0.60,remelfang,
agrees,191,Bockange,1389,,1389,Buchingen,83,0.95,bockange,
agrees,255,Valmunster,1391,,1391,Walmunster,83,0.90,valmunster,
agrees,260,VVallerfangen (Vaudrevange),1400,,1400,La ville de Valderfanges pour tout domaine,84,0.55,vvallerfangen,
agrees,218,Hôlzweiler (Hûlzweiler),1404,,1404,Hultzvcillcr,84,0.56,hulzweiler,
agrees,245,Saarwellingen,1405,,1405,Sahrwellingen,84,0.92,saarwellingen,
agrees,213,Griesborn,1406,,1406,Griessborn,84,0.95,griesborn,
agrees,243,Roden,1407,,1407,Roden,84,1.00,roden,
agrees,206,Felsberg (Felsberg-le-Neuf),1408,,1408,Fressberg,84,0.56,felsberg,
agrees,233,Nalbach,1409,,1409,Le Val de Nolbach,84,0.63,nalbach,
agrees,248,Siersberg,1410,,1410,Sirsperg,84,0.82,siersberg,
agrees,221,Kolchen,1412,,1412,Kolchcn,84,1.00,kolchen,
agrees,242,Rehlingen,1413,,1413,Rellingen,84,0.89,rehlingen,
agrees,241,Rantmelfangen,1414,,1414,Remclfangen,84,0.83,rammelfangen,
agrees,248,Siersdorf (Sistroff),1415,,1415,Sirssdorf,84,0.62,siersdorf,
agrees,220,Itzbach,1416,,1416,Itzbach,84,1.00,itzbach,
agrees,194,Bîircn,1417,,1417,Beuren,84,0.67,biiren,
agrees,216,Hargarten (llargarten-lès-Becking),1418,,1418,Hargarden,84,0.57,hargarten,
agrees,242,Reimsbach,1419,,1419,Remssbach,84,0.89,reimsbach,
agrees,205,Erbringcn,1420,,1420,Erbringen,84,1.00,erbringen,
agrees,229,Merchingen,1423,,1423,Morehingen,85,0.95,merchingen,
agrees,203,Dreisbach,1424,,1424,Drcyssbaeh,85,0.84,dreisbach,
agrees,235,Nohn,1425,,1425,Nonne,85,0.67,nohn,
agrees,190,Besseringen,1426,,1426,Besseringcn,85,1.00,besseringen,
agrees,250,Suiiit-Gangolph',1427,,1427,Suinct-Gangolphe,85,0.83,suiiit-gangolph,
agrees,230,Meillach,1428,,1428,Mettloch,85,0.75,mettlach,
agrees,221,Kcuchingen,1429,,1429,Kuchingen,85,0.95,keuchingen,
agrees,216,Hargarten (llargarten-lès-Becking),32,,1432,Hargarten,85,0.64,hargarten,
agrees,242,Reimsbach,33,,1433,Rcmsbach,85,0.94,reimsbach,
agrees,243,Roden,35,,1435,Roden,85,1.00,roden,
agrees,201,Dillingcn (Dilling),1436,,1436,Dullingen,85,0.64,dillingen,
agrees,194,Bîircn,38,,1438,Beurcn,85,0.67,biiren,
agrees,214,Guisingen,1441,,1441,Gessingen,85,0.95,gisingen,
agrees,242,Rehlingen,42,,1442,Rellingcn,85,0.89,rehlingen,
agrees,242,Rehlingen,1442,,1442,Rellingcn,85,0.89,rehlingen-nillel,
agrees,207,Fickingen,1443,,1443,Fuckingen,85,0.95,fickingen,
agrees,205,Erbringcn,44,,1444,Erbringcn,85,1.00,erbringen,
agrees,234,Nillel,45,,1445,Nittc),85,0.91,nillel,
agrees,217,Hilbringen,1446,,1446,Hilbringen,85,1.00,hilbringen,
agrees,207,Fitten,1447,,1447,Fuchten,85,0.95,fitten,
agrees,187,Ballern,1448,,1448,Baldern,85,0.86,ballern,
agrees,243,Ripplingen,1449,,1449,Kupplingen,86,0.80,ripplingen,
agrees,241,Rech,1450,,1450,Hech,86,0.75,rech,
agrees,248,Silvingen,1451,,1451,Sylmingou,86,0.56,silvingen,
agrees,247,Schwemmlingen,1452,,1452,Sehcinliiigen,86,0.69,schwemlingen,
agrees,195,Bûschdorf,1453,,1453,Bisscrstorff,86,0.95,buschdorf,
agrees,194,Budingen,1454,,1454,Budingcn,86,1.00,budingen,
agrees,260,Wciler,1455,,1455,Weiller,86,1.00,weiler,
agrees,261,Wellingen,1456,,1456,Wcillingcn,86,0.95,wellingen,
agrees,190,Bettingen,1457,,1457,Beliingcn,86,0.89,bettingen,
agrees,260,Wchingen,1458,,1458,Wchingen,86,1.00,wehingen,
agrees,187,Baldringen,1459,,1459,Haltlcringen,86,0.73,baldringen,
agrees,231,Mondorf,1460,,1460,Mondorff,86,0.93,mondorf,
agrees,230,Merzig,1461,,1461,Mertzig,86,0.92,merzig,
agrees,190,Biezen,62,,1462,Bulzen,86,0.95,bietzen,
agrees,216,Harlingen,1464,,1464,Harlingen,86,1.00,harlingen,
agrees,229,Merchingen,65,,1465,Morchingcn,86,0.95,merchingen,
agrees,187,Iîachem,1466,,1466,Bachcn,86,0.62,iiachem,
agrees,246,Schaumberg,1467,,1467,Scliawembourg,86,0.61,schaumberg,
agrees,253,Tholcy,1468,,1468,Tholey,86,1.00,tholey,
agrees,199,Costenbach (Kostcnbach),1470,,1470,Kostenbach,86,0.67,kostenbach,
agrees,241,Rathcn,1471,,1471,Zuracliten,86,0.62,rathen,
agrees,225,Limbacb,1472,,1472,Limbach,86,0.86,limbach,
agrees,225,Lindschcid,1473,,1473,Lindtschidi,86,0.86,lindscheid,
agrees,252,Thelcy,1474,,1474,Theley,86,1.00,theley,
agrees,249,Steinbacb,1475,,1475,Steimbach,86,0.78,steinbach,
agrees,201,Dersdorf,1476,,1476,Ders&toiff,87,0.71,doersdorf,
agrees,246,Schellembach,1477,,1477,Schellembach,87,1.00,schellembach,
agrees,184,Aisweilcr,1480,,1480,Altzweiller,87,0.95,asweiler,
agrees,261,Winterbach,1481,,1481,Wittcrbach,87,0.90,winterbach,
agrees,228,Marpingen,1482,,1482,Merpingen,87,0.95,marpingen,
agrees,234,Niederhofen,1483,,1483,Nidcrhoveii,87,0.73,niederhofen,
agrees,191,Bliesen,1484,,1484,Blicssen,87,0.93,bliesen,
agrees,204,Eisweiler,1485,,1485,Enweillcr,87,0.78,eisweiler,
agrees,224,Linden,1486,,1486,Zurlinden,87,0.95,linden,
agrees,236,Osenbaeh,1487,,1487,Ostcmbach,87,0.82,osenbaeh,
agrees,213,Gronig,1488,,1488,Gronich,87,0.77,gronig,
agrees,210,Gehweiler,1489,,1489,Gedessweiller,87,0.80,gehweiler,
agrees,254,Nicder-Sauhach,1491,,1491,Sambach,87,0.50,niedersaubach,
agrees,190,Bettingen,1493,,1493,Bcttingen,87,1.00,bettingen,
agrees,189,Secitteldingcn,1496,,1496,Beehteldingen,87,0.81,secitteldingcn,
agrees,252,Thalecksweiler,1498,,1498,Exweiller,87,0.95,thalexweiler,
agrees,248,Sotzweiler,1499,,1499,Suhzwciller,87,0.76,sotzweiler,
agrees,246,Scheuem,1500,,1500,Sclicurcn,87,0.62,scheuem,
agrees,233,Neipel,1501,,1501,Nippel,87,0.83,neipel,
agrees,213,Gresaubach,1502,,1502,Grifïhambach,87,0.64,gresaubach,
agrees,253,Tholcy,1503,,1503,Tholey,87,1.00,tholey,
agrees,231,Mondorf,1505,,1505,Mondoriï,87,0.80,mondorf,
agrees,216,Harlingen,1506,,1506,Harlingcn,87,1.00,harlingen,
agrees,214,Hahnweiler',1507,,1507,Honweiller,87,0.95,hahnweiler,
agrees,219,Immweiler,1508,,1508,Imweillcr,87,0.89,imweiler,
agrees,213,Gronig,1509,,1509,Gronich,87,0.77,gronig,
agrees,204,Eisweiler,1510,,1510,Einveiller,88,0.74,eisweiler,
agrees,246,Schellembach,1512,,1512,Schellembach. î »,88,0.96,schellembach,
agrees,252,Thalecksweiler,1513,,1513,Exweiller,88,0.95,thalexweiler,
agrees,248,Sotzweiler,1514,,1514,Sutzweiller,88,0.90,sotzweiler,
agrees,236,Osenbaeh,1515,,1515,Osiembach,88,0.82,osenbaeh,
agrees,210,Gehweiler,1517,,1517,GodessweiUer,88,0.67,gehweiler,
agrees,224,Linden,1518,,1518,Zurlinden,88,0.95,linden,
agrees,234,Niederhofen,1519,,1519,Niderhoven,88,0.86,niederhofen,
agrees,261,Winterbach,1520,,1520,Wirtcrbach,88,0.90,winterbach,
agrees,191,Bliesen,1521,,1521,Blicssen,88,0.93,bliesen,
agrees,184,Aisweilcr,1522,,1522,Altzweiller,88,0.95,asweiler,
agrees,228,Marpingen,1523,,1523,Merpingen,88,0.95,marpingen,
agrees,199,Costenbach (Kostcnbach),1524,,1524,Kostembach,88,0.60,kostenbach,
agrees,241,Rathcn,1525,,1525,Zurachtcn,88,0.67,rathen,
agrees,195,Caste!,1526,,1526,Kastcl,88,0.95,kastel-les-otzenhausen,
agrees,260,Wchingen,1527,,1527,Wchingen,88,1.00,wehingen,
agrees,190,Bettingen,1528,,1528,Bettingcn,88,1.00,bettingen,
agrees,186,Aussen,1529,,1529,Aussen,88,1.00,aussen,
agrees,225,Limbacb,1530,,1530,l.imbach,88,0.86,limbach,
agrees,252,Thalecksweiler,36,,1536,Eiweiller,88,0.64,thalexweiler,
agrees,249,Steinbacb,1537,,1537,Nidersleimbach,88,0.61,steinbach,
agrees,249,Steinbacb,38,,1538,Obersleimbach,88,0.64,steinbach,
agrees,246,Schellembach,39,,1539,Schellembach,88,1.00,schellembach,
agrees,201,Dersdorf,1540,,1540,Derstorff,88,0.82,doersdorf,
agrees,184,Aisweilcr,41,,1541,Altzweiller,88,0.95,asweiler,
agrees,234,Niederhofen,42,,1542,Niderhoven,88,0.86,niederhofen,
agrees,261,Winterbach,43,,1543,Wulembach,88,0.74,winterbach,
agrees,214,Guidersweiler,1544,,1544,Guderssweiller,89,0.96,gudesweiler,
agrees,233,Namborn,1545,,1545,Nauborn,89,0.86,namborn,
agrees,210,Haupersweiler,1547,,1547,Huprcchtzweiller,89,0.71,haupersweiler,
agrees,248,Sotzweiler,48,,1548,Sutzwciller,89,0.86,sotzweiler,
agrees,191,Sleysspaeh,1549,,1549,Bleysspach,89,0.90,sleysspaeh,
agrees,215,Griigelhorn (Krùgelborn),i550,,1550,Krulborn,89,0.55,griigelhorn,
agrees,217,Herchweiler,1551,,1551,Herchweiller,89,1.00,herchweiler,
agrees,205,Eppellborn,1552,,1552,Huppelborn,89,0.80,eppelborn,
agrees,252,Thelcy,53,,1553,Theley,89,1.00,theley,
agrees,204,Eisweiler,54,,1554,Einweiller,89,0.89,eisweiler,
agrees,241,Rappweiler,1555,,1555,Rappwciller,89,0.95,rappweiler,
agrees,209,Freisen,1556,,1556,Freysen,89,0.86,freisen,
agrees,218,Hobslelen ou Gbsteten,1557,,1557,Hoffcstetten,89,0.58,hobslelen-ou-gbsteten,
agrees,225,Liesstcrthah office de Schambourg',1558,,1558,Lîessterthal,89,0.73,liesstcrthah-office-de-schambourg,
agrees,214,Guidersweiler,1559,,1559,GudersweiUcr,89,0.88,gudesweiler,
agrees,214,Hahnweiler',1560,,1560,Henweiilcr,89,0.80,hahnweiler,
agrees,210,Fursehweiler,1561,,1561,Frudcsswciller,89,0.69,furschweiler-les-namborn,
agrees,242,Reitseheid,1562,,1562,Raudtsehidt,89,0.67,reitscheid,
agrees,260,Wadrill,1563,,1563,Wadrill,89,1.00,wadrill,
agrees,233,Neunkirchen,1564,,1564,Neunkirchen,89,1.00,neunkirchen,
agrees,247,Seilbach,1565,,1565,Seilbach,89,1.00,seilbach,
agrees,230,Mitiel-Bollenbacli,1566,,1566,Mittclwrillembach,89,0.65,mitiel-bollenbacli,
agrees,246,Sarreguemines,1567,,1567,Guemunde,89,0.95,sarreguemines,
agrees,213,Grosbliederstroff,1568,,1568,Grossblidcrsslorfï,89,0.80,grosbliederstroff,
agrees,221,Kleinblittcrsdorf,1569,,1569,KleinblidesstorfT,89,0.71,kleinblittersdorf,
agrees,233,Neunkirch,1571,,1571,Neunkirchen,89,0.90,neunkirch,
agrees,207,Folpcrswillcr,1572,,1572,FolpersMciller,89,0.89,folpersviller,
agrees,206,Fcchingcn,1574,,1574,Fechingen,90,1.00,fechingen,
agrees,191,Bliescbersing,1575,,1575,Eberssingen,90,0.95,bliesebersing,
agrees,212,Giafcnthal,1576,,1576,Gravemhal,90,0.63,giafcnthal,
agrees,252,Tenteling,1577,,1577,Tentlingen,90,0.84,tenteling,
agrees,210,Heckcnransbach,1578,,1578,Rausspach,90,0.52,heckenransbach,
agrees,201,Diebling,1579,,1579,Dublingen,90,0.95,diebling,
agrees,191,Bliesguerschwiller,1580,,1580,Gcrsweiller,90,0.95,blies-guersviller,
agrees,246,Sarreinsming,1581,,1581,Sar-Enssingcn,90,0.95,sarreinsming,
agrees,242,Rémelfing,1584,,1584,Rumelfingen,90,0.95,remelfing,
agrees,252,Tenteling,85,,1585,Tentlingen,90,0.84,tenteling,
agrees,244,Rouhling,1586,,1586,Rollingen,90,0.71,rouhling,
agrees,206,Fcchingcn,87,,1587,Fechingen,90,1.00,fechingen,
agrees,201,Dieuze,1588,,1588,Dieuze,90,1.00,dieuze,
agrees,225,Lindrc-Hautc,1589,,1589,HauUc-Lîndrc,90,0.55,lindre-haute,
agrees,262,Zommange,1590,,1590,Semangcs,90,0.62,zommange,
agrees,225,Lindre-Bassc,1591,,1591,Basse-Lindrc,90,0.55,lindre-basse,
agrees,185,Angviller,1592,,1592,Angweiller,90,0.78,angviller,
agrees,186,Asscnoneourt,1593,,1593,Asscnoncourt,90,1.00,assenoncourt,
agrees,252,Tarquimpol,1594,,1594,Techemphul,90,0.95,tarquimpol,
agrees,232,Mulcey,1595,,1595,Mellecey,90,0.71,mulcey,
agrees,221,Kerprich-lès-Dieuze,1596,,1596,Kirberg,90,0.95,kerprich-les-dieuze,
agrees,213,Guébestroff,1597,,1597,Gebersdorff,90,0.73,guebestroff,
agrees,191,Bisping,1599,,1599,Bispenges,90,0.75,bisping,
agrees,226,Loudrcfing,1600,,1600,Luderfingen,90,0.95,loudrefing,
agrees,200,Culling,1601,,1601,Kutlingen,90,0.75,cutting,
agrees,188,Bassing,1602,,1602,Bessingen,90,0.95,bassing,
agrees,210,Gelucourt,1604,,1604,Geloucourt,91,0.95,gelucourt,
agrees,220,Insming,1605,,1605,Amanges,91,0.95,insming,
agrees,255,Vallerange,1606,,1606,Walleranges,91,0.86,vallerange,
agrees,220,Insming,7,,1607,Amanges,91,0.95,insming,
agrees,210,Gelucourt,8,,1608,Geloucourt,91,0.95,gelucourt,
agrees,196,Château-Voué,1609,,1609,Chasteau-houel,91,0.83,chateauvoue,
agrees,214,Guermange,1610,,1610,Guermanges,91,0.95,guermange,
agrees,260,Vuisse,1611,,1611,Wiss,91,0.95,vuisse,
agrees,248,Sotzeiing,1612,,1612,Solzlinguen,91,0.70,sotzeling,
agrees,250,Saint-Jean-Rohrbach,1613,,1613,Sainct-Jean de Rorbach,91,0.91,saint-jean-rohrbach,
agrees,257,Viller,1614,,1614,WUler,91,0.55,viller-asscnoncourt,
agrees,213,Guéblange,1615,,1615,Gueblanges,91,0.95,gueblange-les-dieuze,
agrees,259,Vintrange,1616,,1616,Wittringen,91,0.95,vintrange,
agrees,254,Vahl,1617,,1617,Walen,91,0.95,vahl,
agrees,253,Torcheville,1618,,1618,Dorssweiller,91,0.95,torcheville,
agrees,210,Gelucourt,19,,1619,Gelloucourt,91,0.90,gelucourt,
agrees,215,Hampont,1620,,1620,Hampopr,91,0.71,hampont,
agrees,227,Marimont,1622,,1622,Morsperg,91,0.95,marimont,
agrees,226,Loudrcfing,24,,1624,Luderfingen,91,0.95,loudrefing,
agrees,202,Domnom,1625,,1625,Domcnheim,91,0.95,domnom-les-dieuze,
agrees,188,Bassing,26,,1626,Bessingen,91,0.95,bassing,
agrees,214,Guinzeling,1627,,1627,Ginsslingen,91,0.67,guinzeling,
agrees,259,Vitiersbourg,1628,,1628,Witterssbourg,91,0.80,vittersbourg,
agrees,220,Insming,29,,1629,Amanges,91,0.95,insming,
agrees,233,Nelling,1630,,1630,Nollingcn,91,0.95,nelling,
agrees,201,Diffembaeh-lès-Hellimer,1634,,1634,DîelTenbach,92,0.67,diffembach-les-hellimer,
agrees,259,Virming,1636,,1636,Wirmanges,92,0.95,virming,
agrees,219,Uunskirich,1637,,1637,Hunkirchen,92,0.70,uunskirich,
agrees,213,GuénestrolT,1640,,1640,Gunersstorff,92,0.61,guenestrolt,
agrees,226,Loudrcfing,41,,1641,Luderfingen,92,0.95,loudrefing,
agrees,200,Culling,42,,1642,Kutlingen,92,0.75,cutting,
agrees,224,Léning,1644,,1644,Leyningcn,92,0.80,lening,
agrees,201,Diffembaeh-lès-Hellimer,1647,,1647,Dieffenbach,92,0.86,diffembach-les-hellimer,
agrees,245,Rode,1648,,1648,Rode,92,1.00,rode-les-morhange,
agrees,233,Nébing,1650,,1650,Nebingen,92,0.86,nebing,
agrees,240,Pultelange-lès-Sarralbe,1651,,1651,La ville de Puttelenges,92,0.64,pultelange-les-sarralbe,
agrees,216,Hellimer,1653,,1653,Himradt,92,0.53,hellimer,
agrees,243,Ricbeling ou Richling,1654,,1654,Reicldingen,92,0.60,richeling,
agrees,187,Ballering,1655,,1655,Balleringen,92,0.90,ballering,
agrees,190,Bcttring,1656,,1656,Bcrtrîngcn,92,0.78,bettring,
agrees,218,Holving,1657,,1657,Holbingen,92,0.95,holving,
agrees,218,Hin/in?,1658,,1658,Huntzingen,92,0.53,hin-in,
agrees,201,Diederfing,1660,,1660,Dieicrfingen,92,0.82,diederfing,
agrees,230,Meizing,1661,,1661,Mutzingcn,92,0.62,metzing,
agrees,235,Noussewiller lès-Putlelange,1662,,1662,Nussweiller,92,0.95,noussewiller-les-putlelange,
agrees,226,Loupershausen,1664,,1664,Luppertzhausscn,93,0.95,loupershausen,
agrees,213,Grundwiller,1665,,1665,Grundiweiller,93,0.78,grundviller,
agrees,242,Rémcring,1666,,1666,Rymeringen,93,0.78,remcring,
agrees,204,Elwiller,1667,,1667,Elweiller,93,0.88,elviller,
agrees,206,Farschwiller,1668,,1668,Farssweiller,93,0.82,farschwiller,
agrees,195,Cappel,1669,,1669,Kappeln,93,0.77,cappel,
agrees,219,Hundling,1670,,1670,Hundlingen,93,0.89,hundling,
agrees,201,Diebling,1671,,1671,Dublingcn,93,0.95,diebling,
agrees,242,Rémering,1673,,1673,Rimeringen,93,0.78,remering-les-bouzonville,
agrees,253,Tromborn,1674,,1674,Dreyborn,93,0.95,tromborn,
agrees,190,BerweiUer,1675,,1675,Berweiller,93,0.89,berweiuer,
agrees,218,Holling,1676,,1676,Hollingen,93,0.88,holling,
agrees,190,Betlange,1677,,1677,Bettingen,93,0.95,bettange,
agrees,203,Edling,1678,,1678,Edelingcn,93,0.80,edling,
agrees,223,Leidingcn (Leyding),1680,,1680,Leydingen,93,0.56,leiding,
agrees,256,Velving (?),1681,,1681,Weyllingen,93,0.59,velving,
agrees,216,Heining,1682,,1682,Huningen,93,0.67,heining,
agrees,214,Guerstling,1683,,1683,Gersslingen,93,0.76,guerstling,
agrees,184,Alt et Neu-Forweiler (le Vieux et le Nouveau-Forwei-Icr),1684,,1684,Forweiller,93,0.51,neuforweiler,
agrees,191,Bistcn,1685,,1685,Biesten,93,0.92,bisten,
agrees,189,Bedersdorf,1686,,1686,Bederstorff,93,0.86,bedersdorf,
agrees,220,Ittersdorf,1687,,1687,WiderstorlT,93,0.57,ittersdorf,
agrees,258,Villing,1688,,1688,Willingen,93,0.75,villing-bouzonville,
agrees,235,Oberdorff,1690,,1690,Oberdorff,93,1.00,oberdorff,
agrees,259,Voelfling,1692,,1692,Wolflingen,93,0.95,voelfling-les-bouzonville,
agrees,236,Odenhoven,1694,,1694,Odenhoven,93,1.00,odenhoven,
agrees,230,Mcrtcn,1696,,1696,Morten,94,0.95,merten,
agrees,190,Bibling,1697,,1697,Bublingen,94,0.95,bibling,
agrees,252,Téterchen,1698,,1698,Tetterchen,94,0.95,teterchen,
agrees,193,Bouzonville,1699,,1699,Houionville,94,0.82,bouzonville,
agrees,223,Leidingcn (Leyding),1700,,1700,Leidingen,94,0.72,leiding,
agrees,230,Mcrtcn,1701,,1701,Morten,94,0.95,merten,
agrees,190,Bibling,1702,,1702,Bublingen,94,0.95,bibling,
agrees,232,Morhangc,1703,,1703,La ville de Morhangcs,94,0.67,morhange,
agrees,240,Racrange,1704,,1704,Reckrangcs,94,0.95,racrange,
agrees,238,Pévange,1706,,1706,Pebingen,94,0.95,pevange,
agrees,243,Riche,1707,,1707,Reich,94,0.80,riche,
agrees,224,Lidrcquin,1708,,1708,Linderchin,94,0.95,lidrequin,
agrees,224,Lidrczing,1709,,1709,Liedersingen,94,0.57,lidrezing,
agrees,248,Sotzeiing,1710,,1710,Sollzlingen,94,0.70,sotzeling,
agrees,262,Zarbeling,1711,,1711,Serbelingen,94,0.95,zarbeling,
agrees,243,Rodalbe,1712,,1712,Rodalben,94,0.93,rodalbe,
agrees,201,Destry,1713,,1713,Deistrich,94,0.67,destry,
agrees,222,Landroff,1714,,1714,Lendorff,94,0.95,landroff,
agrees,258,Viller,1715,,1715,Weiller,94,0.95,viller-grostenquin,
agrees,216,Harprich,1716,,1716,Herbrich,94,0.75,harprich,
agrees,206,Faulquemont,1717,,1717,La ville de Faulquemont,94,0.76,faulquemont,
agrees,183,Adelangc,1719,,1719,Edlingen,94,0.95,adelange,
agrees,204,Einchwiller,1720,,1720,Enssweillcr,94,0.73,einchwiller,
agrees,253,Tritteling,1721,,1721,Druttlingen,94,0.67,tritteling,
agrees,214,Guemviller,1722,,1722,Gengweiller,94,0.60,guenviller,
agrees,232,Morlangc,1723,,1723,Norlangen,94,0.82,morlange,
agrees,208,Forbach,1724,,1724,La ville de Forbach,95,0.67,forbach,
agrees,237,Pelite-Rosselle,1725,,1725,Klain-Rosseln,95,0.95,petite-rosselle,
agrees,236,OEting,1726,,1726,Oltingen,95,0.71,oeting,
agrees,248,Spickeren ou Speichercn,1727,,1727,Speieher,95,0.55,spickeren-ou-speichercn,
agrees,244,Ruchlingen,1728,,1728,Roehlingen,95,0.95,ruchlingen,
agrees,184,Alsting,1729,,1729,Alstingen,95,0.88,alsting,
agrees,217,Hesseling,1730,,1730,Hesslingen,95,0.84,hesseling,
agrees,196,Chaouilley,1740,,1740,Chaoulley,95,0.95,chaouilley,
agrees,205,Eulmont,1741,,1741,Eumont,95,0.92,eulmont-dommaric-eulmont,
agrees,202,Dommarie-Eulmont,1742,,1742,Dommaric,95,0.70,dommarie-eulmont,
agrees,209,FrenelIc-la-Grande,1744,,1744,Fresnel-la-Grande,95,0.90,frenelle-la-grande,
agrees,188,Battigny,1745,,1745,Battigny,95,1.00,battigny,
agrees,210,Gélaucourt,1746,,1746,Gellocourt,95,0.80,gelaucourt,
agrees,201,Diarvillc,1747,,1747,Dyarville,95,0.89,diarville,
agrees,219,Houdreville,1748,,1748,Hôudreville,95,1.00,houdreville,
agrees,215,Hammeville,1749,,1749,Hamcvillc,95,0.95,hammeville,
agrees,198,Clérey,1750,,1750,Clercy,95,1.00,clerey-sur-brenon,
agrees,214,Gugney,1752,,1752,Gugney,95,1.00,gugney,
agrees,208,Forcelles-sous-Gugney,1753,,1753,ForccHes-soub-Gugney,95,0.86,forcelles-sous-gugney,
agrees,206,Favières,1755,,1755,Fabvières,96,0.94,favieres,
agrees,246,Saulxerotte,1756,,1756,Saulxerotte,96,1.00,saulxerotte,
agrees,259,Vitrey,1757,,1757,Vitrey,96,1.00,vitrey,
agrees,212,Govillcr,1758,,1758,Goviller,96,1.00,goviller,
agrees,202,Dolcourt,1759,,1759,Dollecourl,96,0.89,dolcourt,
agrees,236,Ognévillc,1760,,1760,Ongnèville,96,0.95,ogneville,
agrees,237,Parey-Saint-Césaire,1761,,1761,Parey-Sainet-César,96,0.91,parey-saint-cesaire,
agrees,240,Puxe,1762,,1762,Puis,96,0.50,puxe,
agrees,256,Velle,1763,,1763,Vclle,96,1.00,velle,
agrees,248,Souveraincourl,1764,,1764,Souveraincourl,96,1.00,souveraincourl,
agrees,219,Houdelmont,1765,,1765,Houdelmont,96,1.00,houdelmont,
agrees,210,Frcnelle-la-Petile,1766,,1766,Fraisne-la-Pclite,96,0.95,frenelle-la-petite,
agrees,213,Grimonviller,1767,,1767,Gremonviller,96,0.92,grimonviller,
agrees,193,Bouzanville,1768,,1768,Bouzainvîlle,96,0.96,bouzanville,
agrees,243,Repel,1769,,1769,Reppel,96,0.91,repel,
agrees,192,Boulaincourt,1771,,1771,Boullaincourt,96,0.96,boulaincourt,
agrees,255,Vandeléville,1772,,1772,Vandelainvillc,96,0.95,vandeleville,
agrees,252,Thelod,1773,,1773,Thclod,96,1.00,thelod,
agrees,186,Autrcy,1774,,1774,Aultrcy,96,0.92,autrcy,
agrees,252,Tanton »lle,1775,,1775,Tantonvillc,96,0.90,tantonville,
agrees,205,Etreval,1776,,1776,Estreval,96,0.93,etreval,
agrees,208,Forcelles-Saint-Gorgon,1777,,1777,Forcelles-Sainct-Gergonne,96,0.90,forcelles-saint-gorgon,
agrees,260,Vroncourl,1778,,1778,Veroncourl,96,0.95,vroncourt,
agrees,240,Quevilloncourt,1779,,1779,Queveiiloncourt,96,0.90,quevilloncourt,
agrees,236,Omelmont,1780,,1780,Omelmont,96,1.00,omelmont,
agrees,199,Courcelles,1781,,1781,Courceilcs,96,0.90,courcelles,
agrees,192,Boulaincourt,82,,1782,Boulaineouri,96,0.92,boulaincourt,
agrees,255,Vandeléville,84,,1784,Vandelainville,97,0.95,vandeleville,
agrees,206,Fécocourt,1785,,1785,Fecocourt,97,1.00,fecocourt,
agrees,193,Bouzanville,b6,,1786,Bouzainville,97,0.96,bouzanville,
agrees,246,Saxon,1787,,1787,Saxon,97,1.00,saxon,
agrees,197,Chef-Haut,1788,,1788,Chevaux,97,0.67,chef-haut,
agrees,183,Aboncourt,1789,,1789,Aboncourt,97,1.00,aboncourt,
agrees,244,Rouvres-cn-Xaintois,1790,,1790,Rouvre-en-Sainctois,97,0.91,rouvres-en-xaintois,
agrees,191,Blémerey,1792,,1792,Blamerey,97,0.95,blemerey,
agrees,235,Nomexy,1794,,1794,Nommexy,97,0.92,nomexy,
agrees,232,Moriville,1795,,1795,Moreville,97,0.95,moriville,
agrees,215,Haillainville,1796,,1796,Hatllainville,97,0.92,haillainville,
agrees,241,Rehaincourt,1797,,1797,Rehaincourt,97,1.00,rehaincourt,
agrees,198,Clézentaine,1798,,1798,Clezcntaines,97,0.96,clezentaine,
agrees,239,Portieux,1799,,1799,Portesseux,97,0.78,portieux-charmes,
agrees,215,Hardancourt,1800,,1800,Hardancourt,97,1.00,hardancourt,
agrees,236,Orioncourt,1801,,1801,Ortoncourl,97,0.90,ortoncourt,
agrees,237,Passoncourl,1805,,1805,Passoncourt,97,1.00,passoncourt,
agrees,251,Saint-Remy-aux-Bois,1806,,1806,Saiiicl-Remy-aux-Bois,97,0.88,saint-remy-aux-bois,
agrees,200,Damas-aux-Bois,1807,,1807,Dommart-aux-Bois,97,0.95,damas-aux-bois,
agrees,223,Langley,1808,,1808,Langley,97,1.00,langley,
agrees,249,Saint-Boiug,1809,,1809,Sainct-Boin,97,0.84,saint-boingt,
agrees,231,Montzey,1810,,1810,Monzcy,97,0.92,montzey,
agrees,257,Verrières-d'Onzaines (les),1811,,1811,Verrières d'Onzaines,97,1.00,les-verrieres-douzaines,
agrees,257,Villacourf,1812,,1812,Vclacourt,97,0.95,villacourt,
agrees,250,Saint-Germain,1814,,1814,Sainct-Gcraiain,97,0.88,saint-germain,
agrees,195,Chamagne,1815,,1815,Chamagne,98,1.00,chamagne,
agrees,244,Rozelieures,1817,,1817,Rnzelcures,98,0.86,rozelieures,
agrees,189,Belval,1818,,1818,Belleval,98,0.86,belval,
agrees,186,Aubiey,1819,,1819,Abiey,98,0.95,aubiey,
agrees,195,Chamagne,20,,1820,Chamagne,98,1.00,chamagne,
agrees,250,Saint-Germain,21,,1821,Sainct-Germain,98,1.00,saint-germain,
agrees,235,Nomexy,1822,,1822,Nomcxey,98,0.92,nomexy,
agrees,250,Saint-Germain,23,,1823,Sainct-Gerroain,98,0.88,saint-germain,
agrees,195,Chamagne,25,,1825,Chamagne,98,1.00,chamagne,
agrees,257,Verrières-d'Onzaines (les),26,,1826,Verrières d'Onzaines,98,1.00,les-verrieres-douzaines,
agrees,257,Villacourf,28,,1828,Velacourt,98,0.95,villacourt,
agrees,227,Marainville,1830,,1830,Marainville,98,1.00,marainville-sur-madon,
agrees,210,Frizon (la Haute et la Basse-),31,,1831,Frizon-la-Bassc,98,0.76,frizon,
agrees,187,Bainville-aux-Miroirs,1833,,1833,Bainville,98,1.00,bainville-aux-miroirs,
agrees,195,Chamagne,34,,1834,Chamagne,98,1.00,chamagne,
agrees,250,Saint-Germain,38,,1838,Sainct-Gcrmain,98,1.00,saint-germain,
agrees,195,Chamagne,39,,1839,Chamagne,98,1.00,chamagne,
agrees,261,Xaronval,18i0,,1840,Xaronval,99,1.00,xaronval,
agrees,217,Hergugncy,1841,,1841,Hergugney,99,1.00,hergugney,
agrees,188,Batlexey,42,,1842,Batessey,99,0.75,battexey,
agrees,205,Epinal,1844,,1844,Espinal,99,0.92,epinal,
agrees,212,Golbcy,1845,,1845,Gollebey,99,0.86,golbey,
agrees,197,Chavclot,1846,,1846,Chavelot,99,1.00,chavelot,
agrees,252,Thaon,1847,,1847,Thaon,99,1.00,thaon-les-vosges,
agrees,201,Deyvillers,1848,,1848,Deyviiter,99,0.84,deyvillers,
agrees,211,Girmont,1849,,1849,Girmont,99,1.00,girmont,
agrees,247,Sereoeur,1850,,1850,Sercueur,99,0.88,sercoeur,
agrees,258,Villoncourt,1851,,1851,Villoncourl,99,1.00,villoncourt,
agrees,237,Padoux,1852,,1852,Pandoux,99,0.92,padoux,
agrees,187,Badménil-aux-Bois,1853,,1853,Bandesmcsnil,99,0.80,badmenil-aux-bois,
agrees,201,Dignonville,1854,,1854,Dignonville,99,1.00,dignonville,
agrees,251,Sainte-Hélène,1856,,1856,Sainctc-Hélène,99,1.00,sainte-helene,
agrees,259,Vomécourl,1857,,1857,Vomécourt,99,1.00,vomecourl,
agrees,194,Bult,1858,,1858,Bul,99,0.86,bult,
agrees,202,Dognévillc,1860,,1860,Dongneville,99,0.95,dogneville,
agrees,259,Vincey,1861,,1861,Vencey,99,0.83,vincey,
agrees,187,Baffe (la1),1862,,1862,La Baffe,99,0.83,la-baffe,
agrees,185,Archetles,1864,,1864,Archetlc,99,0.94,archettes,
agrees,225,Longchamp,1865,,1865,Lonchamp,100,0.94,longchamp-epinal,
agrees,220,Jeuxey,1866,,1866,Jeuxey,100,1.00,jeuxey,
agrees,202,Domévrc-sur-Avière,1867,,1867,Domepvrc-sur-Aviôre,100,0.91,domevre-sur-aviere,
agrees,256,Vaxoncourt,1868,,1868,Vaxoncourt,100,1.00,vaxoncourt,
agrees,237,Pallegncy,1869,,1869,Palligny,100,0.82,pallegney,
agrees,262,Zincourt,1870,,1870,Zineourt,100,1.00,zincourt,
agrees,256,Vaudeville,1871,,1871,Vaudainville,100,0.82,vaudeville-epinal,
agrees,219,Igncy,1872,,1872,Igney,100,1.00,igncy,
agrees,259,Vincey,73,,1873,Vencey,100,0.83,vincey,
agrees,211,Gigney,1874,,1874,Gigney,100,1.00,gigney,
agrees,201,Deyvillers,75,,1875,Deyvillcr,100,0.95,deyvillers,
agrees,212,Golbcy,76,,1876,Gollebey,100,0.86,golbey,
agrees,197,Chavclot,77,,1877,Chavelot,100,1.00,chavelot,
agrees,256,Vaxoncourt,78,,1878,Vaxoncourt,100,1.00,vaxoncourt,
agrees,237,Pallegncy,79,,1879,Palligny,100,0.82,pallegney,
agrees,262,Zincourt,8G,,1880,Zineourt,100,1.00,zincourt,
agrees,256,Vaudeville,81,,1881,Vaudainville,100,0.82,vaudeville-epinal,
agrees,219,Igncy,82,,1882,Igney,100,1.00,igncy,
agrees,216,Hattonchâtcl,1883,,1883,Hatonchastel,100,0.92,hattonchatel,
agrees,216,Hattonville,1885,,1885,Hatonville,100,0.95,hattonville,
agrees,217,Herbeuville,1886,,1886,Herbevifle,100,0.86,herbeuville,
agrees,201,Deuxnouds-aux-Bois,1887,,1887,Deuxnowes,100,0.78,deuxnouds-aux-bois,
agrees,257,VigneulIes-lès-Hatloncliâtcl. ch.-l. de canton,1888,,1888,Vigneulles,100,0.90,vigneulles-les-hattonchatel,
agrees,261,Woël,1889,,1889,Voél,100,0.75,woel,
agrees,194,Sntrilte,1890,,1890,Broviile,100,0.50,sntrilte,
agrees,191,Rilly-sous-les-Côtes,1893,,1893,Billy,100,0.80,billy-sous-les-cotes,
agrees,247,Seuzey,1894,,1894,Seuzy,101,0.91,seuzey,
agrees,223,Lavignéville,1895,,1895,Lavigneville,101,1.00,lavigneville,
agrees,215,Hannonville-sous-les-Côtes,1896,,1896,Hanonville,101,0.95,hannonville-sous-les-cotes,
agrees,222,Lamorville,1897,,1897,Morville,101,0.89,lamorville,
agrees,195,Chaillon,1898,,1898,Cliaîllon,101,0.82,chaillon,
agrees,188,Bassaucourt,1899,,1899,Barsaucourt,101,0.95,bassaucourt,
agrees,257,Viéville-sous-lcs-Côles,1900,,1900,Viefville,101,0.94,vieville-sous-les-cotes,
agrees,188,Bannoncourt,1901,,1901,Bannoncourt,101,1.00,bannoncourt,
agrees,202,Dompccvrin,1902,,1902,Donseverin,101,0.70,dompcevrin,
agrees,248,Spada,1903,,1903,Gerbeuville,101,0.95,spada,
agrees,255,Varvinay,1904,,1904,Varvinay,101,1.00,varvinay,
agrees,227,Maîzcy,1905,,1905,Maizcy,101,1.00,maizey,
agrees,242,Relincourt,1906,,1906,Relincourt,101,1.00,relincourt,
agrees,247,Senonville,1907,,1907,Senonville,101,1.00,senonville,
agrees,246,Savonnières-en-Voévre,1908,,1908,Savonnières,101,1.00,savonnieres-en-voevre,
agrees,186,Avillers,1909,,1909,Avillers,101,1.00,avillers-fresnes-cn-vocvrc,
agrees,250,Saini-Maurice-sous-les-Côtes,1910,,1910,Sainct-Maurice,101,0.92,saini-maurice-sous-les-cotes,
agrees,249,Saint-Benoit,1911,,1911,Sainct-Benoist,101,0.96,saint-benoit-en-woevre,
agrees,200,Crcue,1912,,1912,Creuue,101,0.91,creue,
agrees,215,Hannonville-sous-les-Côtes,1913,,1913,Hanonville,101,0.95,hannonville-sous-les-cotes,
agrees,227,Maîzcy,14,,1914,Maizcy,101,1.00,maizey,
agrees,248,Spada,15,,1915,Gerbeuville,101,0.95,spada,
agrees,247,Senonville,17,,1917,Senonville,101,1.00,senonville,
agrees,185,Apremonl,1918,,1918,Aspremont,101,0.94,apremont-la-foret,
agrees,253,Tigéville,1919,,1919,Thigeville,102,0.95,tigeville,
agrees,249,Saint-Agnant,1920,,1920,Sainct-Aignan,102,0.91,saint-agnant-sous-les-cotes,
agrees,225,Liouville,1921,,1921,LyoviHe,102,0.62,liouville,
agrees,192,Boncourt,1922,,1922,Boncourt,102,1.00,boncourt,
agrees,227,Mandre-Ia-Pclite,1923,,1923,Mandres-la-Pclite,102,0.90,mandre-ia-pclite,
agrees,208,Forbeauvoisin,1924,,1924,Fort-bel-voisin,102,0.85,forbeauvoisin,
agrees,205,Euvczin,192»,,1925,Euvezin,102,1.00,euvezin,
agrees,215,Hamonvillc,1926,,1926,Hamonville,102,1.00,hamonville,
agrees,220,Jouy-sous-lcs-Côtes,1927,,1927,Joyey,102,0.95,jouy-sous-les-cotes,
agrees,184,Allamont,1928,,1928,Allamont,102,1.00,allamont,
agrees,227,Marbottc,1929,,1929,Marbottc,102,1.00,marbotte,
agrees,185,Arry,1936,,1936,Arrce,102,0.95,arry,
agrees,186,Aulnois-sous-Yerluzey,1937,,1937,Aulnoy,102,0.77,aulnois-sous-yerluzey,
agrees,192,Bouillonville,1939,,1939,Bouillonville,102,1.00,bouillonville,
agrees,187,San Bouryon,1940,,1940,Ban Bourgon,102,0.80,san-bouryon,
agrees,187,Sun de Laistrc,1941,,1941,Ban de Laistre,102,0.83,sun-de-laistrc,
agrees,187,San de la Seine,1942,,1942,Ban de la Royne,102,0.67,san-de-la-seine,
agrees,188,San de Vezin,1944,,1944,Ban de Vezin,102,0.90,san-de-vezin,
agrees,188,Bayonville,1945,,1945,Bayonville,102,1.00,bayonville-sur-mad,
agrees,189,Bertrameix,1946,,1946,Bertrandmcy,102,0.76,bertrameix,
agrees,191,Blénod-lès-Pont-à-Mousson,1947,,1947,Blénod,102,1.00,blenod-les-pont-a-mousson,
agrees,191,Boinvilie,1948,,1948,Bainville,102,0.95,boinville-en-woevre,
agrees,193,Bovée,1949,,1949,Bonnée,102,0.73,bovee-sur-barboure,
agrees,193,Boviolles,1950,,1950,Bonnieulles,102,0.95,boviolles,
agrees,193,Brieulles-sur-Meusc,1951,,1951,Brieulles,102,1.00,brieulles-sur-meusc,
agrees,194,Bure,1953,,1953,Brues,103,0.67,bure,
agrees,188,San Saint-Pierre,1954,,1954,Ban Sainct-Pierre,103,0.93,san-saint-pierre,
agrees,187,San de Chaste!,1955,,1955,Ban de Chastel,103,0.87,san-de-chaste,
agrees,197,Chonville,1956,,1956,Chonvillc,103,1.00,chonville,
agrees,196,Charcy,1957,,1957,Charrcy,103,0.92,charey,
agrees,197,Chazclles,1958,,1958,Chazcllcs,103,1.00,chazelles,
agrees,199,Corniéviile,1959,,1959,Cornienvillc,103,0.87,cornieville,
agrees,200,Cuvry,1960,,1960,Cuvery,103,0.91,cuvry,
agrees,200,Dampvitoux,1961,,1961,Danvilou,103,0.78,dampvitoux,
agrees,201,Dieulouard,1962,,1962,Dieuleward,103,0.80,dieulouard,
agrees,201,Deuxnouds-aux-Bois,1964,,1964,Donnenoul,103,0.56,deuxnouds-aux-bois,
agrees,200,Dain,1965,,1965,Dun au Saulnoir,103,0.95,dain-en-saulnois,
agrees,205,Euville,1966,,1966,Einvillc,103,0.95,euville,
agrees,203,Ecrouves-et-Grand-Ménil,1967,,1967,Escrouve,103,0.78,ecrouves-et-grand-menil,
agrees,205,Essey-et-Maizerais,1968,,1968,Esscy-en-Voivre,103,0.95,essey-et-maizerais,
agrees,254,Urcourt,1969,,1969,Enrecourt,103,0.75,urcourt,
agrees,208,Forbeauvoisin,70,,1970,Fort-bel-voisin,103,0.85,forbeauvoisin,
agrees,209,Frémeréville,1971,,1971,Frémcrévillc,103,1.00,fremereville-sous-les-cotes,
agrees,211,Girauvoisin,1972,,1972,Girardvoisin,103,0.87,girauvoisin,
agrees,212,Gîronville,1973,,1973,Gironville,103,1.00,gironville-sous-les-cotes,
agrees,220,Jezainville,1974,,1974,Gisainville,103,0.95,jezainville,
agrees,212,Grand-Ménil,1975,,1975,Grandmesnil,103,0.95,grand-menil,
agrees,213,Grosrouvre,1978,,1978,Grosrouvre,103,1.00,grosrouvre,
agrees,215,Ihimbery,1980,,1980,Hamberg,103,0.67,ihimbery,
agrees,222,Lamarche-en-Voëvre,1981,,1981,Has,103,0.95,lamarche-en-voevre,
agrees,225,Loucbamp,1982,,1982,Honchamps,103,0.59,loucbamp,
agrees,220,Jury (?),1984,,1984,Jaircy,103,0.95,jury,
agrees,220,Jussy,1985,,1985,Juxey,103,0.95,jussy,
agrees,220,Jouy-sous-lcs-Côtes,86,,1986,Joycy,103,0.95,jouy-sous-les-cotes,
agrees,222,Lahayville,1987,,1987,Lahéville,103,0.84,lahayville,
agrees,251,Saint-Prival-Ia-Montagne,1989,,1989,La Montagne,104,0.55,saint-privat-la-montagne,
agrees,222,Landres,1990,,1990,Landres,104,1.00,landres,
agrees,225,Lixières,1991,,1991,Lixières,104,1.00,lixieres,
agrees,225,Liouville,92,,1992,Lyoville,104,0.82,liouville,
agrees,227,Mandre-Ia-Pclite,94,,1994,Mandres-la-Petite,104,0.90,mandre-ia-pclite,
agrees,226,Mailly,1996,,1996,Mailly,104,1.00,mailly-sur-seille,
agrees,227,Manheullcs,1997,,1997,Mahuere,104,0.59,manheulles,
agrees,228,Marre,1998,,1998,Mare,104,0.89,marre,
agrees,228,Maison,1999,,1999,Marson,104,0.83,marson-sur-barboure,
agrees,227,Maizery,2000,,2000,Maizery,104,1.00,maizery,
agrees,231,Monlhairons (les),2001,,2001,Mechairon,104,0.70,les-monthairons,
agrees,229,Merancourt ou Merancourt,2002,,2002,Mcraucourt,104,0.56,merancourt-ou-merancourt,
agrees,232,Murvaux,2003,,2003,Mervaulx,104,0.80,murvaux,
agrees,228,Marvoisin,2004,,2004,Mervisin,104,0.82,marvoisin,
agrees,229,Méni!-la-Tour,200b,,2005,Mcsnil-Iez-Toul,104,0.70,menil-la-tour,
agrees,230,Milly,2006,,2006,Milly,104,1.00,milly,
agrees,231,Mont-devant-Sassey,2008,,2008,Mons,104,0.75,mont-devant-sassey,
agrees,232,Mousson,2009,,2009,Mousson,104,1.00,mousson,
agrees,232,Moulainville,2010,,2010,Mouliainville,104,0.96,moulainville,
agrees,230,Moincvillc,2011,,2011,Moynevillc,104,0.90,moineville,
agrees,232,Murville,2012,,2012,Murvîlle,104,1.00,murville,
agrees,233,Neuvcville (la3),2014,,2014,Neufvîlle-lez-Grand-Fontaine,104,0.54,neuvcville,
agrees,236,Ottange,2015,,2015,Ottanges,104,0.93,ottange,
agrees,239,Pont-sur-Meuse,2016,,2016,Pont-sur-Meuze,104,0.92,pont-sur-meuse,
agrees,237,Parfondrupt,2017,,2017,Parfonruz,104,0.80,parfondrupt,
agrees,237,Pannes,2018,,2018,Pannes,104,1.00,pannes,
agrees,238,Platenges,2019,,2019,Platenges,104,1.00,platenges,
agrees,239,Pont-sur-Meuse,20,,2020,Ponl-lez-Mescrignes,104,0.55,pont-sur-meuse,
agrees,239,Pont-sur-Meuse,21,,2021,Pont-sur-Meuze,104,0.92,pont-sur-meuse,
agrees,240,Rainbucouri,2022,,2022,Rambuescouri,104,0.78,rainbucouri,
agrees,242,Rémelange,2023,,2023,Ramelenges,104,0.95,remelange,
agrees,241,Raulccourt,2024,,2024,Raulecourt,105,1.00,raulecourt,
agrees,242,Remoiville (?),2025,,2025,Renionville,105,0.95,remoiville,
agrees,243,Rcssoneourt,2026,,2026,Ressoncourt,105,1.00,rcssoneourt,
agrees,243,Rîchecourt,2027,,2027,Rigccoiirt,105,0.70,richecourt,
agrees,244,Royaumeix,2028,,2028,Renonamcy,105,0.56,royaumeix,
agrees,244,Rozérietilles,2029,,2029,Rozereulles,105,0.83,rozerieulles,
agrees,249,Saint-Baussant,2031,,2031,Sainct-Baussonne,105,0.81,saint-baussant,
agrees,250,Saïnt-Jure,2032,,2032,Sainct-Jourc,105,0.95,saint-jure,
agrees,250,Saint-Julien,2033,,2033,Sainct-Julian,105,0.91,saint-julien-les-gorze,
agrees,252,Sainte-Marie-aux-Chènes,2034,,2034,Saincte-Maric,105,1.00,sainte-marie-aux-chenes,
agrees,251,Saint-Privat,2035,,2035,Sainct-Privé,105,0.86,saint-privat,
agrees,252,Sainte-Ruffine,2036,,2036,Sainctc-Raphine,105,0.95,sainte-ruffine,
agrees,188,Beaumont,2037,,2037,Sanbucfnionl,105,0.50,beaumont,
agrees,246,Sanzey,203§,,2038,Sanzcy,105,1.00,sanzey,
agrees,247,Seicheprey,2039,,2039,Séchcprcy,105,0.95,seicheprey,
agrees,249,Sponville,2041,,2041,Sponville,105,1.00,sponville,
agrees,252,Tannoy,2042,,2042,Tannoy,105,1.00,tannoy,
agrees,255,Val-Sainle-Marie,2044,,2044,Val Saîncte-Marie,105,1.00,val-sainle-marie,
agrees,255,Valleroy,2045,,2045,Vallerov-îez-Briev,105,0.58,valleroy,
agrees,256,Vaux,2046,,2046,Vaul. ',105,0.75,vaux,
agrees,257,VigneulIes-lès-Hatloncliâtcl. ch.-l. de canton,2047,,2047,Vigneulles,105,0.90,vigneulles-les-hattonchatel,
agrees,257,Verluzey,2048,,2048,Vertuzey,105,1.00,vertuzey,
agrees,258,Villers-le-Prud'homme,2050,,2050,Viller,105,0.92,villers-le-prud-homme,
agrees,205,Euvczin,2051,,2051,Euvczin,105,1.00,euvezin,
agrees,261,Xammes,2052,,2052,Xcsmes,105,0.67,xammes,
agrees,191,Rlâmont,2054,,2054,Blamont,105,0.86,blamont,
agrees,243,Repaix,2056,,2056,Repas,106,0.73,repaix,
agrees,209,Frémonvillc,2057,,2057,Frémonville,106,1.00,fremonville,
agrees,188,Barbas,2058,,2058,Barbas,106,1.00,barbas,
agrees,186,Autrepierrc,2059,,2059,Aultrepierre,106,0.96,autrepierre,
agrees,185,Amenoncourt,2060,,2060,Amenoncourt,106,1.00,amenoncourt,
agrees,242,Reillon,2061,,2061,Reillon,106,1.00,reillon,
agrees,242,Remoncourt,2062,,2062,Remoncourt,106,1.00,remoncourt-blamont,
agrees,219,Igney,2063,,2063,Igney,106,1.00,igney,
agrees,202,Domjevin,2064,,2064,Dongevin,106,0.75,domjevin,
agrees,191,Blémerey,2065,,2065,Blcmerey,106,1.00,blemerey-blamont,
agrees,215,Halloville,2066,,2066,Halloville,106,1.00,halloville,
agrees,212,Gondrcxon,2067,,2067,Gondrexon,106,1.00,gondrexon,
agrees,197,Chazclles,2068,,2068,Chazelles,106,1.00,chazelles-sur-albe,
agrees,223,Lcintrey,2069,,2069,Lcntrey,106,0.93,leintrey,
agrees,202,Domèvre-sur Vezouse,70,,2070,Domepvre,106,0.93,domevre-sur-vezouze,
agrees,251,Saint-Sauveur,2071,,2071,Sainct-Sauveur,106,1.00,saint-sauveur,
agrees,236,Ogéviller,2072,,2072,Ogieviller,106,0.95,ogeviller,
agrees,241,Reclonville,2073,,2073,ReelonviHc,106,0.86,reclonville,
agrees,204,Embermcnii,2074,,2074,Embcrmcsnil,106,0.86,embermenil,
agrees,230,Mignévillc,2075,,2075,Méginéville,106,0.95,migneville,
agrees,250,Saint-Martin,2076,,2076,Sainct-Martin,106,1.00,saint-martin,
agrees,223,Launoy ou Lanoy,2077,,2077,Lanoy,106,0.56,launoy-ou-lanoy,
agrees,242,Reillon,78,,2078,Reillon,106,1.00,reillon,
agrees,217,Herbéviller,2079,,2079,Herbiviller,106,0.91,herbeviller,
agrees,231,Montreux,2081,,2081,Monteruel,106,0.71,montreux,
agrees,235,Nonhigny,2082,,2082,Nonhcgny,106,0.88,nonhigny,
agrees,250,Saint-Maurice,2083,,2083,Sainct-Maurice,106,1.00,saint-maurice-aux-forges,
agrees,212,Gondrcxon,84,,2084,Gondrexon,106,1.00,gondrexon,
agrees,248,Sinzey,2085,,2085,Arenzey,106,0.95,sinzey,
agrees,186,Avricourt,2086,,2086,Averoneourt,107,0.95,avricourt,
agrees,200,Deneuvre,2088,,2088,Dcneuvre,107,1.00,deneuvre,
agrees,222,Laitre,2089,,2089,Laislre,107,0.92,laitre-dcneuvie,
agrees,208,Fontcnoy-Ia-Joute,2090,,2090,Fontenoy,107,0.70,fontenoy-la-joute,
agrees,186,Azerailles,2091,,2091,Azerailles,107,1.00,azerailles,
agrees,207,Flin,2092,,2092,Mairie du Mesnil et Flin,107,1.00,flin,
agrees,229,Ménil-Flin,2092,,2092,Mairie du Mesnil et Flin,107,0.62,menil-flin,
agrees,194,Brouvilie,2094,,2094,Brouville,107,0.89,brouville,
agrees,193,Brouvelotte,2095,,2095,Brouvelotte,107,1.00,brouvelotte,
agrees,242,Réhéray,2097,,2097,Reherey,107,0.86,reheray,
agrees,187,Ban de la Rivière,2098,,2098,Le ban de la Rivière,107,1.00,ban-de-la-riviere,
agrees,212,Gosselming,2104,,2104,Gossclmingen,108,0.91,gosselming,
agrees,219,Imling,2105,,2105,Immclingen. chasteau et village,108,0.75,imling,
agrees,234,Nitling,2106,,2106,Nottiugen,108,0.62,nitting,
agrees,190,Bcliling,2108,,2108,Putlingcn,108,0.95,bcliling,
agrees,216,Héming,2109,,2109,Ilcrmingen,108,0.62,heming,
agrees,245,Saarec! e,2110,,2110,Sarech,108,0.77,saarec-e,
agrees,246,Sarraltroff,2111,,2111,Allroff,108,0.78,sarraltroff,
agrees,218,Hoimnarting,2112,,2112,Hommertingen,108,0.70,hommarting,
agrees,202,Dolving,2114,,2114,Dolffuigcn,108,0.59,dolving,
agrees,194,Bt'ihl,2115,,2115,Buhel,108,0.60,buhl,
agrees,212,Gosselming,16,,2116,Goselmingen,108,0.86,gosselming,
agrees,234,Nitling,2118,,2118,Ncdingen,108,0.53,nitting,
agrees,203,Eich,2119,,2119,Eieh,108,1.00,eich,
agrees,250,Saint-Hippolyte,2120,,2120,Sainct-Ilippolite,108,0.83,saint-hippolyte,
agrees,248,Soulzbach,2122,,2122,Sultzbach,108,0.89,soulzbach,
agrees,225,Lièpvrc,2124,,2124,Liepvre,108,1.00,liepvre,
agrees,251,Sainte-Croix-aux-Mines,2125,,2125,Sainctc-Croix et Zuckmantel,109,0.65,sainte-croix-aux-mines,
agrees,262,Zugmantel,2125,,2125,Sainctc-Croix et Zuckmantel,109,0.84,zugmantel,
agrees,252,Saintc-Marie-aux-Mines,2127,,2127,Saincte-Maric,109,1.00,sainte-marie-aux-mines,
agrees,212,Grand-Rombach (le),2128,,2128,Le Grand-Rombach,109,1.00,le-grand-rombach,
agrees,238,Pciil-Kombach,2129,,2129,Le Petit-Rombach,109,0.83,pciil-kombach,
agrees,260,Vraie-Côte (la),2131,,2131,Ranaycoste,109,0.95,la-vraie-cote,
agrees,233,Nayemont-lez-Fosses,2133,,2133,Naymont,109,0.93,nayemont-lez-fosses,
agrees,241,Rech,2136,,2136,Zumrcch,109,0.95,rech-241,
agrees,245,Saltzbronn,2138,,2138,Saltzborn. saline et village,109,0.53,saltzbronn,
agrees,234,Nîdcck,2139,,2139,Nideckh,109,0.92,nidcck,
agrees,191,Biuhe,2140,,2140,Biche,109,0.80,biuhe,
agrees,221,Kaltenliausen,2141,,2141,Kaltenhaussen,109,0.85,kaltenliausen,
agrees,243,Rohr,2142,,2142,For,109,0.57,rohr,
agrees,247,Sehorbach,2143,,2143,Schorbach,110,1.00,schorbach,
agrees,224,Lengelsbcim,2144,,2144,Lcngissheim,110,0.95,lengelsheim,
agrees,215,Hanwiller,2145,,2145,Hauweillcr,110,0.84,hanviller-les-bitche,
agrees,243,Reyerswiller,2147,,2146,Reygcrssweiller,110,0.88,reyerswiller,
agrees,192,Bousseviller,2147,,2147,Bussweiller,110,0.76,bousseviller,
agrees,193,Breidenbach,2148,,2148,Breytembach,110,0.73,breidenbach,
agrees,260,Walschbronn,2150,,2150,Waldsborn,110,0.70,walschbronn,
agrees,216,Haspeilseheidt,2151,,2151,Huspclschîd:,110,0.80,haspeilseheidt,
agrees,260,Waldhausen,2152,,2152,Wollhaussen,110,0.76,waldhausen,
agrees,222,Kroppen,2153,,2153,Greppen,110,0.95,kroppen,
agrees,254,Trulben,2154,,2154,Drulben,110,0.95,trulben,
agrees,205,Eppenbrunn,2155,,2155,Eppenborn,110,0.84,eppenbrunn,
agrees,218,Hilst,2156,,2156,Hilscht,110,0.83,hilst,
agrees,247,Schweii,2157,,2157,Schweigs,110,0.80,schweix,
agrees,224,Liedcrscheidt,2158,,2158,Ludenschidt,110,0.95,liedcrscheidt,
agrees,244,Roppwiller,2159,,2159,Roppweiller,110,0.90,roppeviller,
agrees,243,Rimling,2160,,2160,Bumelingen,110,0.59,rimling,
agrees,259,Volmunster,2162,,2162,Wolmunsler,110,0.90,volmunster,
agrees,205,Epping,2164,,2164,Eppingen,110,0.86,epping,
agrees,190,Bcuwillcr,2165,,2165,Bedweiller,110,0.78,bcuwillcr,
agrees,218,Hœlling,2166,,2166,Hcllingen,110,0.95,hoelling,
agrees,214,Guising,2167,,2167,Gissingen,110,0.95,guising,
agrees,238,Pelil-Bcderchimj,2168,,2168,Riderchingcn,110,0.52,pelil-bcderchimj,
agrees,219,Hotiwiller,2169,,2169,Hoddweiller,111,0.70,hotiwiller,
agrees,205,Erching,2170,,2170,Orcînngen,111,0.62,erching,
agrees,218,Holbach-lès-Lemberg,2171,,2171,Holbach,111,1.00,holbach,
agrees,236,Olberding,2172,,2172,Abbcrlingen,111,0.95,olferding,
agrees,236,Onnerswiller,2173,,2173,Ornesweiller,111,0.78,onnerswiller,
agrees,260,Walsheim,2175,,2175,"""Walsimcr",111,0.95,walsheim,
agrees,226,Lotthringen,2176,,2176,Lothringen,111,0.95,lotthringen,
agrees,184,Altheim,2177,,2177,Altheim,111,1.00,altheim,
agrees,248,Siersihal,2179,,2179,Sigersslall,111,0.70,siersthal,
agrees,224,Lemberg,2180,,2180,Lohemberg,111,0.95,lemberg,
agrees,222,Lambaeh,2181,,2181,Limbach,111,0.95,lambach,
agrees,204,Enchcnbcrg,2182,,2182,Echembcrg,111,0.84,enchenberg,
agrees,243,Rohrbaeh,2183,,2183,Rorbach,111,0.93,rohrbach,
agrees,213,Gros-Kédercbing,2184,,2184,Rîderchingcn,111,0.95,grosrederching,
agrees,221,Kalhausen,2185,,2185,Kallcnhaussen,111,0.95,kalhausen,
agrees,183,Achen,2186,,2186,Achen,111,1.00,achen,
agrees,205,Etting,2187,,2187,Euingen,111,0.62,etting,
agrees,243,Rolbing,2188,,2188,Roïlingen,111,0.75,rolbing,
agrees,246,Schmalenthal,2189,,2189,Schraalemhal,111,0.75,schmalenthal-les-baerenthal,
agrees,232,Mouterhatisen,2190,,2190,PJolerhausen,111,0.72,mouterhatisen,
agrees,218,Hobc-Wcyersberg,2191,,2191,Hochwcygerssburg,111,0.95,hobc-wcyersberg,
agrees,213,Gucndersberg,2192,,2192,Gcfilcrssberg,112,0.72,gentersberg,
agrees,203,Eguelshardt,2194,,2194,Kgclsshardl,112,0.82,eguelshardt,
agrees,262,Zcllen,2196,,2196,Zell,112,0.80,zcllen,
agrees,199,Conthil,2198,,2198,Conthill,112,0.93,conthil,
agrees,235,Obergailbach,2199,,2199,Obergailbach,112,1.00,obergailbach,
agrees,234,Nicdcrgailbach,2200,,2200,Ntdergailbach,112,0.89,niedergailbach,
agrees,249,Sturzelbronn,2201,,2201,Siurzelborn,112,0.78,sturzelbronn,
agrees,224,Lemberg,2202,,2202,Lcmberg,112,1.00,lemberg-pirmasens,
agrees,206,Eymngcn,2203,,2203,Eyningcn,112,0.80,eymngcn,
agrees,243,Riedelberg,2204,,2204,Ridelburg,112,0.84,riedelberg,
agrees,261,Winzeln,2205,,2205,Welzelm,112,0.95,winzeln,
agrees,211,Gersbach,2206,,2206,Gcrsspach,112,0.82,gersbach,
agrees,205,Erlenbrunn,2207,,2207,Erlemborn,112,0.74,erlenbrunn,
agrees,238,Pirmascns,2209,,2209,Pfumersens,112,0.95,pirmasens,
agrees,252,Thalfrôschen,2210,,2210,Froschcn,112,0.95,thalfroschen,
agrees,206,Et/ch,2211,,2211,Eych,112,0.75,et-ch,
agrees,260,WeUftrhaus,2212,,2212,Weyllerhaws,112,0.67,weuftrhaus,
agrees,206,Eynothaws,2213,,2213,Eynothaws,112,1.00,eynothaws,
agrees,194,Burgalben,2214,,2214,Burg-Alben,112,1.00,burgalben,
agrees,232,Mùnchweilcr,2216,,2216,Muridweiller,113,0.73,munchweilcr,
agrees,201,Dictersba.eh,2217,,2217,Dieterssbaeh,113,0.96,dictersba-eh,
agrees,241,Ransctiborn,2218,,2218,Ranschborn,113,0.86,ransctiborn,
agrees,249,Stanuemiein,2219,,2219,Stanwenstein,113,0.70,stanuemiein,
agrees,205,Erlenbrunn,2221,,2221,Erlemborn,113,0.74,erlenbrunn,
agrees,260,Weidcsheim,2222,,2222,Wedcsht?iro,113,0.70,weidesheim,
agrees,206,Falkeinstein,2223,,2223,Falkcnsiein,113,0.87,falkenstein-les-baerenthal,
agrees,184,Althorn,2224,,2224,Altltaun,113,0.53,althorn,
agrees,233,Neuulhann,2225,,2225,Neunthann,113,0.89,neuulhann,
agrees,225,Loulzwiller,2226,,2226,Undtsweiiler,113,0.61,loutzviller,
agrees,238,Phalstourg. eh.-l. de canton,2232,,2232,Pfoltzbourg,113,0.58,phalstourg-eh-l-de-canton,
agrees,226,Lutzelbourg,2234,,2234,Lutzclbourg,113,1.00,lutzelbourg,
agrees,216,Hazelbourg,2236,,2236,Haselbourg,114,0.90,hazelbourg,
agrees,230,Mitlelbronn,2237,,2237,Mitteîborn,114,0.76,mittelbronn,
agrees,218,Hombourg-Bas,2241,,2241,Hombourg,114,0.84,hombourg-bas,
agrees,226,Macheren,2242,,2242,Mâchera,114,0.80,macheren,
agrees,198,Cocheren,2245,,2245,Rochern,114,0.80,cocheren,
agrees,204,Emmcrsweiler,2246,,2246,EmerssweiUer,114,0.83,emmersweiler,
agrees,207,Folckling,2247,,2247,Folcklingen,114,0.90,folckling,
agrees,254,Vahl-Ebersing,2248,,2248,Eberiingea,114,0.64,vahl-ebersing,
agrees,224,Lixing-lcs-Laning,2249,,2249,Luxingeo,114,0.52,lixing-lcs-laning,
agrees,206,Faréberswiller,2250,,2250,Vor Eberssweiller,114,0.79,farebersviller,
agrees,232,Morsbach,2251,,2251,Mor*Uch,114,0.71,morsbach,
agrees,192,Bousse,2252,,2252,Buss,114,0.95,bousse,
agrees,247,Seingbousse,2254,,2254,Senghiuss,114,0.70,seingbousse,
agrees,228,Maxstadt,2255,,2255,Magstatl,114,0.75,maxstadt,
agrees,218,Host,2256,,2256,Hoost,114,0.89,hoste,
agrees,252,Téling,2257,,2257,Tetliogeo,114,0.67,teting,
agrees,230,Métring,2258,,2258,Mettringen,114,0.82,metring,
agrees,203,Dourd'hal,2262,,2262,Dnrehdalheun,115,0.50,dourd-hal,
agrees,222,Lachambrc,2263,,2263,La Chambre,115,0.88,lachambre,
agrees,252,Téterchen,2264,,2264,Tetlerchen,115,0.95,teterchen,
agrees,184,Alfviller,2265,,2265,Allwciller,115,0.74,altviller,
agrees,214,Guinglange,2266,,2266,Genglingen,115,0.95,guinglange,
agrees,249,Saint-Avold,67,,2267,L'abbaye dudict Sainct-Avol,115,0.58,saint-avold,
agrees,214,Guessling,2268,,2268,Geysslingen,115,0.80,guessling,
agrees,216,Hémcring,2269,,2269,Hemeringcn,115,0.89,hemering,
agrees,252,Téling,70,,2270,Tettingen,115,0.80,teting,
agrees,192,Boustroff,2271,,2271,Bausstorff,115,0.95,boustroff,
agrees,191,Bisten-im-Loch,2272,,2272,Biestcin,115,0.60,bisten-im-loch,
agrees,236,Oberwisse,2274,,2274,Obersweyssen,115,0.76,obervisse,
agrees,234,Nidcrwisse,2275,,2275,Niderwevssen,115,0.82,niedervisse,
agrees,215,Mailing,2276,,2276,HaUingen,115,0.53,mailing-boulay,
agrees,224,Lelling,2277,,2277,Lellingen,115,0.88,lelling,
agrees,207,Folschwiller,2278,,2278,Folschweiller,115,0.92,folschwiller,
agrees,218,Hinckange,2279,,2279,Hemcuingen,115,0.53,hinckange,
agrees,194,Buding,2280,,2280,Budingen,115,0.86,buding,
agrees,255,Valmont,2281,,2281,Walmen,115,0.95,valmont,
agrees,207,Folschwiller,82,,2282,Folsschweiller,115,0.88,folschwiller,
agrees,209,Fréinestroff,228»,,2285,Fremerstroff,115,0.83,fremestroff,
agrees,228,Marsal,2286,,2286,Marsal,115,1.00,marsal,
agrees,220,Juvelise,2287,,2287,Gevelize,115,0.62,juvelize,
agrees,250,Saint-Médard,2289,,2289,Sainct-Médard,115,1.00,saint-medard,
agrees,203,Donnelay,2290,,2290,Donnelay,116,1.00,donnelay,
agrees,233,Nancy,2291,,2291,Nancy,127,1.00,nancy,
agrees,251,Saint-Nicolas,2292,,2292,Sainot-Nieolys,127,0.88,saint-nicolas-de-port,
agrees,244,Rûsîéres-aux-Saiines,2293,,2293,Roziêres,127,0.75,rosieres-aux-salines,
agrees,204,Einvillc,2294,,2294,Einvillc,127,1.00,einville-au-jard,
agrees,226,LunévîHc,2295,,2295,Luneville,128,0.82,luneville,
agrees,241,Raon-l'Eiape,2296,,2296,Raon,128,0.57,raon-l-etape,
agrees,249,Saint-Dié,2297,,2297,Sainct-Dicy,128,0.94,saint-die-des-vosges,
agrees,184,Amance,2298,,2298,Amance,128,1.00,amance,
agrees,239,Prény,2299,,2299,Preny,128,1.00,preny,
agrees,212,Gondrcville,2300,,2300,Gondreville,128,1.00,gondreville,
agrees,196,Château-Salins,2301,,2301,Chasteau-Sallîn,128,0.89,chateau-salins,
agrees,245,Salonne,2302,,2302,Salone,128,0.92,salonnes,
agrees,211,Gerbéviller,2303,,2303,Gerbéviller,128,1.00,gerbeviller,
agrees,188,Bayon,2304,,2304,Bayon,128,1.00,bayon,
agrees,226,Magnién's,2306,,2306,Nagniércs,128,0.71,magnieres,
agrees,230,Mirecourt,2308,,2308,Mirecourt,128,1.00,mirecourt,
agrees,200,Darncy,2310,,2310,Darnev,128,0.83,darney,
agrees,185,Arches,2311,,2311,Arches,128,1.00,arches,
agrees,194,Bruyères,2312,,2312,Bruyères,128,1.00,bruyeres,
agrees,197,Châtenois,2314,,2314,Chastenoy,128,0.78,chatenois,
agrees,233,Neufchâleau,2315,,2315,Neufchasteau,128,0.96,neufchateau,
agrees,245,Sandaucourt,2318,,2318,Sandaucourt,128,1.00,sandaucourt,
agrees,258,Ville-sur-Illon,2319,,2319,Villc-sur-lllon,128,0.92,ville-sur-illon,
agrees,236,Ogéviller,2324,,2324,Ogiéviller,128,0.95,ogeviller,
agrees,197,Châtel-sur-Mosclle,2326,,2326,Chastel,128,0.92,chatel-sur-moselle,
agrees,205,Epinal,2328,,2328,Espinal,128,0.92,epinal,
agrees,216,Hattonchâtcl,2329,,2329,Hatonchastcl,128,0.92,hattonchatel,
agrees,244,Rouvrois-sur-Mcuse,2330,,2330,Rouveroy,128,0.75,rouvrois-sur-meuse,
agrees,247,Sierck,2331,,2331,Sirques,129,0.62,sierck,
agrees,230,Merzig,2334,,2334,Mertzig,129,0.92,merzig,
agrees,246,Sarreguemines,2337,,2337,Guemunde,129,0.95,sarreguemines,
agrees,256,Vergaville,2339,,2339,Vargaville,129,0.90,vergaville,
agrees,240,Pultelange-lès-Sarralbe,2341,,2341,Puttelanges,129,0.95,pultelange-les-sarralbe,
agrees,198,Commcrcy,2344,,2344,Commercy,129,1.00,commcrcy,
agrees,257,Vignot,2345,,2345,Vignol,129,1.00,vignot,
agrees,252,Saintc-Marie-aux-Mines,2346,,2346,Saincte-Marie,129,1.00,sainte-marie-aux-mines,
agrees,250,Saint-Hippolyte,2347,,2347,Sainct-Hippolyte,129,1.00,saint-hippolyte,
agrees,239,Pont-Saint-Vincent,2348,,2348,\JC Pont-Sainct-Vincent,129,0.94,pont-saint-vincent,
agrees,194,Bulgnéville,2349,,2349,Bullegnéville,129,0.92,bulgneville,
agrees,191,Biuhe,2350,,2350,Biche,129,0.80,biuhe,
agrees,238,Phalstourg. eh.-l. de canton,2353,,2353,Pfallzbourg,129,0.67,phalstourg-eh-l-de-canton,
agrees,218,Hombourg-Ilatit,2354,,2354,Hombourg,129,0.73,hombourg-haut,
agrees,228,Marsal,2356,,2356,Harsal,129,0.83,marsal,
agrees,225,Longeville-lès-Saint-Avold,2357,,2357,Longeville,129,1.00,longeville-les-saint-avold,
agrees,253,Toul,2359,,2359,Toul,129,1.00,toul,
agrees,256,Verdun,2360,,2360,Verdun,129,1.00,verdun,
agrees,249,Saint-Dié,2361,,2361,Sainct-Diey,129,0.94,saint-die-des-vosges,
agrees,191,Rlâmont,66,,2366,Blamont,130,0.86,blamont,
agrees,216,Haussonville,2368,,2368,Hatissonvillc,130,0.88,haussonville,
agrees,216,Hattonchâtcl,69,,2369,Hatonchastcl,130,0.92,hattonchatel,
agrees,198,Commcrcy,70,,2370,Commercy,130,1.00,commcrcy,
agrees,218,Hombourg-Ilatit,72,,2372,Hombourg,130,0.73,hombourg-haut,
agrees,242,Remiremont,2373,,2373,Remyremont,130,0.90,remiremont,
agrees,205,Epinal,2374,,2374,Espinal,130,0.92,epinal,
agrees,252,Thelod,2375,,2375,Thelod,130,1.00,thelod,
agrees,228,Marsal,77,,2377,Marsal,130,1.00,marsal,
agrees,226,LunévîHc,2380,,2380,Lunéville,130,0.82,luneville,
agrees,189,Belchamp,2385,,2385,Belchamps,130,0.94,belchamp,
agrees,247,Senones,2386,,2386,Senonne,130,0.86,senones,
agrees,205,Etival,2388,,2388,Estival,130,0.92,etival,
agrees,186,Autrey,2389,,2389,Aullrey-en-Vosges,130,0.57,autrey,
agrees,197,Chaumouzcy,2390,,2390,Chanioysy,130,0.53,chaumousey,
agrees,192,Bonfays,2391,,2391,Bonfay,130,0.92,bonfays-legeville-et-bonfays,
agrees,245,Salivai,2392,,2392,Salivai,130,1.00,salival,
agrees,249,Saint-Epvre,2393,,2393,Sainct-Epvrc,130,1.00,saint-epvre,
agrees,251,Sainte-Marie-au-Bois,2394,,2394,Sainclc-Maric-aux-Bois,130,0.94,sainte-marie-au-bois,
agrees,249,Saint-Benoit,2395,,2395,Sainci-Benoisten Woyvre,131,0.62,saint-benoit-en-woevre,
agrees,253,Tholcy,2398,,2398,Tboley,131,0.83,tholey,
agrees,193,Bouzonville,2400,,2400,Bouzonville,131,1.00,bouzonville,
agrees,209,Freislroff,2401,,2401,Frayslroff,131,0.80,freistroff,
agrees,249,Saint-Avold,2402,,2402,Sainct-Avol,131,0.95,saint-avold,
agrees,242,Remiremont,2404,,2404,Remyremont,131,0.90,remiremont,
agrees,239,Poussay,2406,,2406,Poursas,131,0.71,poussay,
agrees,193,Bouxières-aux-Dames,2407,,2407,Bouxières',131,1.00,bouxieres-aux-dames,
agrees,205,Etanchc (I'),2408,,2408,L'Estanche,131,0.88,l-etanche,
agrees,256,Vergaville,2409,,2409,Vargaville,131,0.90,vergaville,
agrees,233,Nancy,2412,,2412,Dames Prescheresses de Nancy,131,1.00,nancy,
agrees,209,Fraulaulcrn (Lautern),2414,,2414,Frauw-Laulhern,131,0.71,fraulautern,
agrees,233,Nancy,15,,2415,Nancy,131,1.00,nancy,
agrees,226,LunévîHc,2416,,2416,Lunéville,131,0.82,luneville,
agrees,196,Château-Salins,2417,,2417,Chasteau-Sallin,131,0.89,chateau-salins,
agrees,201,Dieuze,2419,,2419,Dieuze,131,1.00,dieuze,
agrees,245,Rustroff,2420,,2420,Rustorff lez Sirques,131,0.54,rustroff,
agrees,252,Téterchen,2422,,2422,Tetterchen lez Boulay,131,0.64,teterchen,
agrees,233,Nancy,23,,2423,Nancy,132,1.00,nancy,
agrees,249,Saint-Don,2426,,2426,Sainct-Don,132,1.00,saint-don,
agrees,255,Vandoeuvre,2427,,2427,Vendeuvre,132,0.84,vandoeuvre-les-nancy,
agrees,233,Neuves-Maisons,2428,,2428,Les Neuves-Maisons,132,1.00,neuves-maisons,
agrees,222,Lailre-sous-Amance,2429,,2429,Laislre-soub-Amanee,132,0.91,laitre-sous-amance,
agrees,191,Blanzey,2430,,2430,Blanzey,132,1.00,blanzey,
agrees,245,Salonne,2431,,2431,Salone,132,0.92,salonnes,
agrees,211,Gerbéviller,2433,,2433,Gcrbéviller,132,1.00,gerbeviller,
agrees,227,Manonviller,2438,,2438,Manonviller,132,1.00,manonviller,
agrees,188,Beaulieu,2439,,2439,Beaulieu,132,1.00,prieure-de-menil-a-luneville,
agrees,250,Saint-Mont (le),2440,,2440,Le Sainct-Mont,132,1.00,le-saint-mont,
agrees,217,Hérival,2441,,2441,Dérivai,132,0.71,herival,
agrees,203,Droiteval,2442,,2442,Droicteval,132,0.95,droiteval,
agrees,238,Plombières,2443,,2443,Plombières,132,1.00,plombieres-les-bains,
agrees,244,Romont,2444,,2444,Romont,132,1.00,romont,
agrees,186,Aubiey,2445,,2445,Abiey,132,0.95,aubiey,
agrees,207,Fiavigny-sur-Moselle,2446,,2446,Flavigny,132,0.88,fiavigny-sur-moselle,
agrees,189,Belval,2447,,2447,Belleval,132,0.86,belval,
agrees,234,Nctivillcr-sur-Mosdlc,2448,,2448,Neufviller,132,0.80,neuviller-sur-moselle,
agrees,192,Boulaincourt,2449,,2449,Boullaincourt,132,0.96,boulaincourt,
agrees,255,Vandeléville,2450,,2450,Vandelainville,132,0.95,vandeleville,
agrees,231,Monihureux-sur-Saône,2451,,2451,Monstereul-sur-Saône,132,0.78,monthureux-sur-saone,
agrees,185,Apremonl,2452,,2452,Aspremont,132,0.94,apremont-la-foret,
agrees,233,Neufchâleau,54,,2454,Neufchasteau,132,0.96,neufchateau,
agrees,211,Gerbonvaux,2455,,2455,Gerbonvaul,132,0.90,gerbonvaux,
agrees,220,Insming,2457,,2457,Amanges,132,0.95,insming,
agrees,262,Zcllen,2458,,2458,Zell,133,0.80,zcllen,
agrees,253,Thicourt,2459,,2459,Thieeourt,133,0.94,thicourt,
agrees,236,Outremont,2460,,2460,Ouliremont,133,0.95,outremont,
agrees,192,Bonneval,2461,,2461,Bonneval,133,1.00,bonneval,
agrees,242,Relanges,2462,,2462,Belanges,133,0.88,relanges,
agrees,225,Lièpvrc,2463,,2463,Liepvre,133,1.00,liepvre,
agrees,230,Merzig,2464,,2464,Mertzig,133,0.92,merzig,
agrees,212,Giafcnthal,246a,,2465,Grevenlhal,133,0.70,giafcnthal,
agrees,233,Nancy,66,,2466,Nancy,133,1.00,nancy,
agrees,233,Neufchâleau,67,,2467,Neufchasteau,133,0.96,neufchateau,
agrees,230,Mirecourt,2469,,2469,Mirecourt,133,1.00,mirecourt,
agrees,233,Nancy,71,,2471,Minimes de Nancy,133,0.53,nancy,
agrees,247,Serres,2472,,2472,Minimes de Serres,133,0.57,serres,
agrees,233,Nancy,75-75,,2475,Jésuites de Nancy,133,0.50,nancy,
agrees,259,Virecourt,2478,,2478,Virecourt lez Bayon,133,0.69,virecourt,
agrees,262,Xugney,2479,,2479,Xugney lez Charmes,133,0.55,xugney,
agrees,227,Marbottc,2480,,2480,Marbotie,133,0.88,marbotte,
agrees,235,Norroy-sur-Vair,2481,,2481,Nourroy,133,0.92,norroy-sur-vair,
agrees,243,Robécourt,2482,,2482,Robécourt,133,1.00,robecourt,
agrees,189,Beckingen,2485,,2485,Bickingen,133,0.89,beckingen,
