no,text,name,descriptors,district_id,realm_id,section,holder_id,share,share_with,series,order,place_id,source_page,confidence,notes
1,"Nancy, palais et résidence ordinaire du prince souverain et ville capitale de toul le duché, en laquelle est cstably l'arsenal et la Monnoye. Y sont les abbayes de Sainct-Marlin, églises collégiales de Sainct-Georgc et Sainct-JMichcl ; les monastères et couvenu des dames Prcsclieresscs, des Cordelicrs, Minimes, Capuchins et soeurs de l'ordre de Sainct-François.",Nancy,town|abbey|collegiate_church|convent|palace,provostship-nancy,,domain,,,,main,franciscan,nancy,35,high,number read from 'V'
2,"Sainct-iNicolas, anciennement Port, beau et grand bourg, renommé par toute l'Europe; prieuré dépendant de l'abbaïe de Gorze, ordre de Sainct-Benoist.",Sainct-iNicolas,small_town|abbey|priory,provostship-nancy,,domain,,,,main,benedictine,saint-nicolas-de-port,36,high,1 number(s) missing before
3,"La Malgrange, chasteau et maison de plaisir, ez portes dudict Nancy.",La Malgrange,castle|pleasure_house,provostship-nancy,,domain,,,,main,,la-malgrange,36,medium,index match by confused number (1.00)
4,"Le Saulruz, de mesme.",Le Saulruz,,provostship-nancy,,domain,,,,main,,saurupt,36,high,
5,Arth-sur-Meurthe.,Arth-sur-Meurthe,,provostship-nancy,,domain,,,,main,,art-sur-meurthe,36,high,number read from 'ïi'
6,Champigneulles.,Champigneulles,,provostship-nancy,,domain,,,,main,,champigneulles,36,high,1 number(s) missing before
7,Dombasle.,Dombasle,,provostship-nancy,,domain,,,,main,,dombasle,36,high,
8,"Frouart, bourg et chasteau.",Frouart,castle|small_town,provostship-nancy,,domain,,,,main,,frouard,36,high,
9,Giradcourt.,Giradcourt,,provostship-nancy,,domain,,,,main,,gerarcourt,36,high,
10,Haillecourt.,Haillecourt,,provostship-nancy,,domain,,,,main,,heillecourt,36,high,
11,Houdemont.,Houdemont,,provostship-nancy,,domain,,,,main,,houdemont,36,high,
12,Houdelmont.,Houdelmont,,provostship-nancy,,domain,,,,main,,houdelmont,36,high,
13,Jarville.,Jarville,,provostship-nancy,,domain,,,,main,,jarville-la-malgrange,36,medium,index match by confused number (1.00)
14,Laixou.,Laixou,,provostship-nancy,,domain,,,,main,,laxou,36,high,
15,Loupcourt.,Loupcourt,,provostship-nancy,,domain,,,,main,,lupcouri,36,high,
16,Ludres.,Ludres,,provostship-nancy,,domain,,,,main,,ludres,36,high,
17,La Neufville.,La Neufville,,provostship-nancy,,domain,,,,main,,laneuveville-devant-nancy,36,high,
18,Malzéville.,Malzéville,,provostship-nancy,,domain,,,,main,,malzeville,36,high,
19,Marchainville.,Marchainville,,provostship-nancy,,domain,,,,main,,maxeville,36,high,
20,Manoncourt.,Manoncourt,,provostship-nancy,,domain,,,,main,,manoncourt-en-vermois,36,high,
21,Pullenoy.,Pullenoy,,provostship-nancy,,domain,,,,main,,pulnoy,36,high,
22,Pierreville.,Pierreville,,provostship-nancy,,domain,,,,main,,pierreville,36,high,
23,Parey-Sainct-Coesar.,Parey-Sainct-Coesar,,provostship-nancy,,domain,,,,main,,parey-saint-cesaire,36,medium,index match by confused number (0.91)
24,Remycourt.,Remycourt,,provostship-nancy,,domain,,,,main,,remicourt,36,high,
25,"Richardmesnil, deux chasteaux et village.",Richardmesnil,castle|village,provostship-nancy,,domain,,,,main,,richardmenil,36,high,number read from '2a'
26,Varengéville.,Varengéville,,provostship-nancy,,domain,,,,main,,varangeville,36,high,
27,"Vendeuvre, prieuré dépendant de l'abbaye deSaincl-Epvre.",Vendeuvre,abbey|priory,provostship-nancy,,domain,,,,main,,vandoeuvre-les-nancy,36,high,
28,Ville-en-Vermois.,Ville-en-Vermois,,provostship-nancy,,domain,,,,main,,ville-en-vermois,36,high,
29,Viller.,Viller,,provostship-nancy,,domain,,,,main,,villers-les-nancy,36,high,
30,Azelot.,Azelot,,provostship-nancy,,clergy,,,,main,,azelot,37,high,
31,Anthelu.,Anthelu,,provostship-nancy,,clergy,,,,main,,anthelupt,37,medium,index match by confused number (0.88)
32,"Bouxières, abbaye de dames de l'ordre de Sainct-Benoist.",Bouxières,abbey,provostship-nancy,,clergy,,,,main,benedictine,bouxieres-aux-dames,37,medium,index match by confused number (1.00)
33,Burthecourt.,Burthecourt,,provostship-nancy,,clergy,,,,main,,burthecourt-aux-chenes,37,medium,index match by confused number (1.00)
34,"Clerlieu, abbaye de L'ordre de Cisteau.",Clerlieu,abbey,provostship-nancy,,clergy,,,,main,cistercian,clairlieu,37,high,
35,Crevic.,Crevic,,provostship-nancy,,clergy,,,,main,,crevic,37,medium,index match by confused number (1.00)
36,"Sainct-Don, prieuré dépendant de Sainct-Georgc de Nancy.",Sainct-Don,priory,provostship-nancy,,clergy,,,,main,,saint-don,37,medium,index match by confused number (1.00)
37,Eumont.,Eumont,,provostship-nancy,,clergy,,,,main,,eulmont,37,medium,index match by confused number (0.92)
38,Hainvau.,Hainvau,,provostship-nancy,,clergy,,,,main,,flainval,37,medium,index match by index number (1.00)
39,"Flavigny, prieuré et trois villages.",Flavigny,village|priory,provostship-nancy,,clergy,,,,main,,fiavigny-sur-moselle,37,medium,index match by confused number (0.88)
40,Grandvezain.,Grandvezain,,provostship-nancy,,clergy,,,,main,,grandvezin,37,high,
41,Hudiviller.,Hudiviller,,provostship-nancy,,clergy,,,,main,,hudiviller,37,high,
42,"Lay, prieuré et village.",Lay,village|priory,provostship-nancy,,clergy,,,,main,,lay-saint-christophe,37,medium,index match by number (0.30)
43,Mangonville.,Mangonville,,provostship-nancy,,clergy,,,,main,,mangonville,37,high,
44,"Roville, prieuré et village.",Roville,village|priory,provostship-nancy,,clergy,,,,main,,roville-devant-bayon,37,high,number read from '45-'
45,Sommerviller.,Sommerviller,,provostship-nancy,,clergy,,,,main,,sommerviller,37,high,
46,"Warengeville, prieuré.",Warengeville,priory,provostship-nancy,,clergy,,,,main,,varangeville,37,high,
47,Benney.,Benney,,provostship-nancy,,fief,,,,main,,benney,37,high,
48,"Bosserville, chasteau et village.",Bosserville,castle|village,provostship-nancy,,fief,,,,main,,bosserville,37,high,
49,Crevechamps.,Crevechamps,,provostship-nancy,,fief,,,,main,,crevechamps,37,high,
50,Crantenoy.,Crantenoy,,provostship-nancy,,fief,,,,main,,crantenoy,37,high,
51,Ceintrey.,Ceintrey,,provostship-nancy,,fief,,,,main,,ceintrey,37,high,
52,"Dombasle, chasteau et village.",Dombasle,castle|village,provostship-nancy,,fief,,,,main,,dombasle,37,high,
53,Dommartemont.,Dommartemont,,provostship-nancy,,fief,,,,main,,dommartemont,37,medium,index match by loose number (1.00)
54,"Essey, chasteau et village.",Essey,castle|village,provostship-nancy,,fief,,,,main,,essey-les-nancy,37,high,
55,"Fléville, chasteau et village.",Fléville,castle|village,provostship-nancy,,fief,,,,main,,fleville-devant-nancy,37,high,
56,Gerbercourt.,Gerbercourt,,provostship-nancy,,fief,,,,main,,gerbecourt-et-haplemont,38,high,
57,"Harouel, chasteau et village.",Harouel,castle|village,provostship-nancy,,fief,,,,main,,haroue,38,high,
58,llerbclmont.,Herbclmont,,provostship-nancy,,fief,,,,main,,herbemoui,38,high,
59,Happlemont.,Happlemont,,provostship-nancy,,fief,,,,main,,haplemont,38,high,
60,Jevoncourt.,Jevoncourt,,provostship-nancy,,fief,,,,main,,jevoncourt,38,high,
61,Jarville.,Jarville,,provostship-nancy,,fief,,,,main,,jarville-la-malgrange,38,high,number read from 'Et'
62,"Lenoncourt, chasteau et village.",Lenoncourt,castle|village,provostship-nancy,,fief,,,,main,,lenoncourt,38,high,
63,Lemainville.,Lemainville,,provostship-nancy,,fief,,,,main,,lemainville,38,medium,index match by confused number (0.87)
64,La Neufville-lès-Bayon.,La Neufville-lès-Bayon,,provostship-nancy,,fief,,,,main,,laneuveville-devant-bayon,38,high,
65,"Méréville, ebasteauet village.",Méréville,village,provostship-nancy,,fief,,,,main,,mereville,38,high,
66,Messien.,Messien,,provostship-nancy,,fief,,,,main,,messein,38,high,
67,Maron.,Maron,,provostship-nancy,,fief,,,,main,,maron,38,high,
68,Malzéville.,Malzéville,,provostship-nancy,,fief,,,,main,,malzeville,38,high,
69,"Neufviller, chasteau et village.",Neufviller,castle|village,provostship-nancy,,fief,,,,main,,neuviller-sur-moselle,38,high,
70,"Ormes, chasteau et bourg.",Ormes,castle|small_town,provostship-nancy,,fief,,,,main,,onnes-ct-vii-i-canton-d-ilaroue,38,medium,index match by index number (0.45)
71,Offracourt.,Offracourt,,provostship-nancy,,fief,,,,main,,affracourt,38,high,
72,"Pulligny, chasteau et village.",Pulligny,castle|village,provostship-nancy,,fief,,,,main,,pulligny,38,high,
73,Pisserécourt.,Pisserécourt,,provostship-nancy,,fief,,,,main,,pixerecourt,38,medium,index match by confused number (0.87)
74,"Remycourt, chasteau.",Remycourt,castle,provostship-nancy,,fief,,,,main,,remicourt,38,high,
75,"Sainct-Marc, chasteau et village,",Sainct-Marc,castle|village,provostship-nancy,,fief,,,,main,,saint-max,38,high,
76,Séchamps.,Séchamps,,provostship-nancy,,fief,,,,main,,seichamps,38,high,
77,"Sainct-Remymont,",Sainct-Remymont,,provostship-nancy,,fief,,,,main,,saint-remimont,38,high,
78,Saulxures.,Saulxures,,provostship-nancy,,fief,,,,main,,saulxures-les-nancy,38,high,
79,Vaudeville.,Vaudeville,,provostship-nancy,,fief,,,,main,,vaudeville,38,high,
80,Tomblaine.,Tomblaine,,provostship-nancy,,fief,,,,main,,tomblaine,38,high,
81,Vaudigny.,Vaudigny,,provostship-nancy,,fief,,,,main,,vaudigny,38,high,
82,Vannemont.,Vannemont,,provostship-nancy,,fief,,,,main,,voinemont,38,high,
83,Ville-sur-Madon.,Ville-sur-Madon,,provostship-nancy,,fief,,,,main,,ville-sur-madon,38,high,
84,Xirocourt.,Xirocourt,,provostship-nancy,,fief,,,,main,,xirocourt,38,medium,index match by loose number (1.00)
85,Juvoncourt.,Juvoncourt,,provostship-nancy,,fief,,,,main,,jevoncourt,38,medium,index match by loose number (0.95)
87,"L'avantgarde, chasteau.",L'avantgarde,castle,provostship-nancy,lordship-l-avant-garde,fief,,,,main,,avant-garde,38,high,1 number(s) missing before
88,Pompé.,Pompé,,provostship-nancy,lordship-l-avant-garde,fief,,,,main,,pompey,38,high,
89,Marbache.,Marbache,,provostship-nancy,lordship-l-avant-garde,fief,,,,main,,marbache,38,high,
90,Saizerey-Sainct-George.,Saizerey-Sainct-George,,provostship-nancy,lordship-l-avant-garde,fief,,,,main,,saizerais,38,high,
91,Saizerey-Sainct-Amand.,Saizerey-Sainct-Amand,,provostship-nancy,lordship-l-avant-garde,fief,,,,main,,saizerais,38,high,
92,Avrainville.,Avrainville,,provostship-nancy,lordship-pierrefort,fief,,,,main,,avrainvillc,39,medium,index match by loose number (1.00)
93,Bellevil'e.,Bellevil'e,,provostship-nancy,lordship-pierrefort,fief,,,,main,,belleville,39,high,
94,Blénod.,Blénod,,provostship-nancy,lordship-pierrefort,fief,,,,main,,blenod-les-pont-a-mousson,39,high,
95,Le Fay.,Le Fay,,provostship-nancy,lordship-pierrefort,fief,,,,main,,fey-en-haye,39,high,
96,Grisecourt.,Grisecourt,,provostship-nancy,lordship-pierrefort,fief,,,,main,,griscourt,39,medium,index match by confused number (0.95)
97,Gisainville.,Gisainville,,provostship-nancy,lordship-pierrefort,fief,,,,main,,jezainville,39,high,
98,Gisoncourt.,Gisoncourt,,provostship-nancy,lordship-pierrefort,fief,,,,main,,gezoncourt,39,high,
99,Saincte-Genefviefve.,Saincte-Genefviefve,,provostship-nancy,lordship-pierrefort,fief,,,,main,,sainte-genevieve,39,high,
100,Le Petit Sainct-Jean.,Le Petit Sainct-Jean,,provostship-nancy,lordship-pierrefort,fief,,,,main,,saint-jean-pierrefort,39,high,
101,Mammey.,Mammey,,provostship-nancy,lordship-pierrefort,fief,,,,main,,mamey,39,high,
102,Martincourt.,Martincourt,,provostship-nancy,lordship-pierrefort,fief,,,,main,,martincourt,39,high,
103,Montauville.,Montauville,,provostship-nancy,lordship-pierrefort,fief,,,,main,,montauville,39,medium,index match by confused number (1.00)
104,"Pierrefort, chasteau.",Pierrefort,castle,provostship-nancy,lordship-pierrefort,fief,,,,main,,pierrefort,39,high,
105,Rosières-en-Hey.,Rosières-en-Hey,,provostship-nancy,lordship-pierrefort,fief,,,,main,,rosieres-en-haye,39,high,
106,Regniéville.,Regniéville,,provostship-nancy,lordship-pierrefort,fief,,,,main,,regnieville,39,high,
107,Reménoville.,Reménoville,,provostship-nancy,lordship-pierrefort,fief,,,,main,,remenauville,39,high,
108,Villey-en-Hey.,Villey-en-Hey,,provostship-nancy,lordship-pierrefort,fief,,,,main,,villers-en-haye,39,high,
109,Fleurey.,Fleurey,,provostship-nancy,lordship-hey,fief,,,,main,,flirey,39,high,
110,Fay.,Fay,,provostship-nancy,lordship-hey,fief,,,,main,,fey-en-haye,39,high,
111,Limey.,Limey,,provostship-nancy,lordship-hey,fief,,,,main,,limey,39,high,
112,Mammey.,Mammey,,provostship-nancy,lordship-hey,fief,,,,main,,mamey,39,high,
113,Montauville.,Montauville,,provostship-nancy,lordship-hey,fief,,,,main,,montauville,39,high,
114,Madières.,Madières,,provostship-nancy,lordship-hey,fief,,,,main,,maidieres,39,medium,index match by loose number (0.82)
115,Reménoville.,Reménoville,,provostship-nancy,lordship-hey,fief,,,,main,,remenauville,39,high,
116,Regniéville.,Regniéville,,provostship-nancy,lordship-hey,fief,,,,main,,regnieville,39,high,
117,"Le Chastelet, chasteau et village.",Le Chastelet,castle|village,provostship-nancy,lordship-le-chatelet,fief,,,,main,,le-chatelet,39,high,
118,Attigny la-Tour.,Attigny la-Tour,,provostship-nancy,lordship-le-chatelet,fief,,,,main,,autigny-la-tour,39,high,
119,Attignéville.,Attignéville,,provostship-nancy,lordship-le-chatelet,fief,,,,main,,attigneville,39,high,
120,Gouxey.,Gouxey,,provostship-nancy,lordship-le-chatelet,fief,,,,main,,coussey,39,high,
121,Harchéchamps.,Harchéchamps,,provostship-nancy,lordship-le-chatelet,fief,,,,main,,harchechamp,39,high,
122,Fruze.,Fruze,,provostship-nancy,lordship-le-chatelet,fief,,,,main,,fruze,39,high,
123,"Oultrancourt, chasteau et village.",Oultrancourt,castle|village,provostship-nancy,lordship-le-chatelet,fief,,,,main,,outrancourt,40,medium,index match by confused number (0.96)
124,Pontpierre.,Pontpierre,,provostship-nancy,lordship-le-chatelet,fief,,,,main,,pompierre,40,high,
125,Rouve-la-Chestifve.,Rouve-la-Chestifve,,provostship-nancy,lordship-le-chatelet,fief,,,,main,,rouvres-la-chetive,40,high,
126,Sartes.,Sartes,,provostship-nancy,lordship-le-chatelet,fief,,,,main,,sartes,40,high,
127,Challigny.,Challigny,,provostship-nancy,county-chaligny,fief,,,,main,,chaligny,40,high,
128,"Le Pont Sainct-Vincent, chasteau et bourg.",Le Pont Sainct-Vincent,castle|small_town,provostship-nancy,county-chaligny,fief,,,,main,,pont-saint-vincent,40,high,
129,Le Vaul.,Le Vaul,,provostship-nancy,county-chaligny,fief,,,,main,,laval,40,high,
130,"Les Neuves-Maisons, prieuré et village.",Les Neuves-Maisons,village|priory,provostship-nancy,county-chaligny,fief,,,,main,,neuves-maisons,40,high,
131,Chavigny.,Chavigny,,provostship-nancy,county-chaligny,fief,,,,main,,chavigny,40,medium,index match by confused number (1.00)
132,Lorey-lez-Bayon.,Lorey-lez-Bayon,,provostship-nancy,county-chaligny,fief,,,,main,,lorey,40,high,
133,"Commercy, ville et deux chas(eaux, église collégiatte.",Commercy,town|collegiate_church,provostship-nancy,lordship-commercy,fief,,,,main,,commcrcy,40,medium,index match by confused number (1.00)
134,"Vignot, bourg.",Vignot,small_town,provostship-nancy,lordship-commercy,fief,,,,main,,vignot,40,medium,index match by confused number (1.00)
135,Malomont.,Malomont,,provostship-nancy,lordship-commercy,fief,,,,main,,malaumont,40,medium,index match by confused number (0.82)
136,Melligny-le-Grand.,Melligny-le-Grand,,provostship-nancy,lordship-commercy,fief,,,,main,,meligny-le-grand,40,medium,index match by confused number (0.83)
137,Melligny-le-Petit.,Melligny-le-Petit,,provostship-nancy,lordship-commercy,fief,,,,main,,meligny-le-petit,40,high,
138,Vaulx-la-Grande.,Vaulx-la-Grande,,provostship-nancy,lordship-commercy,fief,,,,main,,vaux-la-grande,40,medium,index match by loose number (0.96)
139,Vaulx-la-Petite.,Vaulx-la-Petite,,provostship-nancy,lordship-commercy,fief,,,,main,,vaux-la-petite,40,medium,index match by confused number (0.88)
140,Chonville.,Chonville,,provostship-nancy,lordship-commercy,fief,,,,main,,chonville,40,high,
141,Longeau.,Longeau,,provostship-nancy,lordship-commercy,fief,,,,main,,longor,40,high,
142,Sainct-Aulbin.,Sainct-Aulbin,,provostship-nancy,lordship-commercy,fief,,,,main,,saint-aubin-sur-aire,40,high,
143,Reloville.,Reloville,,provostship-nancy,lordship-commercy,fief,,,,main,,lerouville,40,high,
144,"Rosières, ville, chasteau et sallines.",Rosières,castle|town,provostship-rosieres,,domain,,,,main,,rosieres-aux-salines,40,high,
145,"Einvau, partie.",Einvau,,provostship-rosieres,,domain,,part,,main,,einvaux,40,high,
146,Dommart-aux-Bois pour le tiers et les deux tiers à Chastel.,Dommart-aux-Bois pour le tiers et les deux tiers à Chastel,,provostship-rosieres,,domain,,,,main,,damas-aux-bois,40,medium,index match by number (0.34)
147,Monzey.,Monzey,,provostship-rosieres,,domain,,,,main,,montzey,40,high,
148,"Portessieux, jumenteric et maison de mesnage.",Portessieux,,provostship-rosieres,,domain,,,,main,,portieux,40,high,
149,"Sainct-Remy-aux-Bois pour la moitié, l'aullre moitié h. Chaste!.",Sainct-Remy-aux-Bois pour la moitié,,provostship-rosieres,,domain,,1/2,,main,,saint-remy-aux-bois,41,high,
150,"Venaisey, partie.",Venaisey,,provostship-rosieres,,domain,,part,,main,,vennezey,41,high,
151,Blainville.,Blainville,,provostship-rosieres,,clergy,,,,main,,blainville-sur-reau,41,high,
152,Borville.,Borville,,provostship-rosieres,,clergy,,,,main,,borville,41,high,
153,Essey.,Essey,,provostship-rosieres,,clergy,,,,main,,essey-la-cote,41,high,
154,"Froville, prieuré et village.",Froville,village|priory,provostship-rosieres,,clergy,,,,main,,froville,41,high,
155,Haigneville.,Haigneville,,provostship-rosieres,,clergy,,,,main,,haigneville,41,high,
156,Méhoncourt.,Méhoncourt,,provostship-rosieres,,clergy,,,,main,,mehoncourt,41,high,
157,Moriviller.,Moriviller,,provostship-rosieres,,clergy,,,,main,,moriviller,41,high,
158,Moyenmont.,Moyenmont,,provostship-rosieres,,clergy,,,,main,,moyemont,41,high,
159,Prieuré de Gerbéviller.,Prieuré de Gerbéviller,,provostship-rosieres,,clergy,,,,main,,gerbeviller,41,high,
160,Virecourt.,Virecourt,,provostship-rosieres,,clergy,,,,main,,virecourt,41,high,
161,Venaizey.,Venaizey,,provostship-rosieres,,clergy,,,,main,,vennezey,41,high,
162,Prieuré de Neufviller.,Prieuré de Neufviller,,provostship-rosieres,,clergy,,,,main,,neuviller-sur-moselle,41,high,
163,Prieuré de Landécourt.,Prieuré de Landécourt,,provostship-rosieres,,clergy,,,,main,,landecourt,41,high,
164,Prieuré de Gerbéviller.,Prieuré de Gerbéviller,,provostship-rosieres,,clergy,,,,main,,gerbeviller,41,high,
165,"Bayon, chasteau et bourg.",Bayon,castle|small_town,provostship-rosieres,,fief,,,,main,,bayon,41,high,
166,Barbonville.,Barbonville,,provostship-rosieres,,fief,,,,main,,barbonvillc,41,high,
167,Charmois.,Charmois,,provostship-rosieres,,fief,,,,main,,charmois,41,high,
168,Coyviller.,Coyviller,,provostship-rosieres,,fief,,,,main,,coyviller,41,high,
169,Clayeures.,Clayeures,,provostship-rosieres,,fief,,,,main,,clayeures,41,high,
170,"Damelevières, chasteau et village.",Damelevières,castle|village,provostship-rosieres,,fief,,,,main,,damelevieres,41,high,
171,"Blainville, chasteau et village.",Blainville,castle|village,provostship-rosieres,,fief,,,,main,,blainville-sur-reau,41,high,
172,Domtaille.,Domtaille,,provostship-rosieres,,fief,,,,main,,domptail-en-l-air,41,high,
173,Dynviller.,Dynviller,,provostship-rosieres,,fief,,,,main,,deinvillers,41,high,
174,Domepvre.,Domepvre,,provostship-rosieres,,fief,,,,main,,domevre,41,high,
175,"Bremoncourt, chasteau et village.",Bremoncourt,castle|village,provostship-rosieres,,fief,,,,main,,bremoncourt,41,high,
176,"Froville, chasteau, village et prieuré.",Froville,castle|village|priory,provostship-rosieres,,fief,,,,main,,froville,41,high,
177,Franconville.,Franconville,,provostship-rosieres,,fief,,,,main,,franconville,41,high,
178,Ferrières.,Ferrières,,provostship-rosieres,,fief,,,,main,,ferrieres,41,high,
179,Faukoncourt.,Faukoncourt,,provostship-rosieres,,fief,,,,main,,fauconcourt,42,high,
180,Fraimbois.,Fraimbois,,provostship-rosieres,,fief,,,,main,,fraimbois,42,high,
181,"Gerbéviller, cliasteau, ville et prieuré.",Gerbéviller,town|priory,provostship-rosieres,,fief,,,,main,,gerbeviller,42,medium,index match by loose number (1.00)
182,Giriviller.,Giriviller,,provostship-rosieres,,fief,,,,main,,giriviller,42,high,
183,"Haussonville,chasteau,villageel églisecollégiatti",Haussonville,castle|collegiate_church,provostship-rosieres,,fief,,,,main,,haussonville,42,high,
184,Landécourt.,Landécourt,,provostship-rosieres,,fief,,,,main,,landecourt,42,high,
185,La May.,La May,,provostship-rosieres,,fief,,,,main,,lamath,42,medium,index match by number (0.44)
186,"Mêhoncourt, chasteau et village.",Mêhoncourt,castle|village,provostship-rosieres,,fief,,,,main,,mehoncourt,42,high,
187,"Magnières, chasteau et bourg.",Magnières,castle|small_town,provostship-rosieres,,fief,,,,main,,magnieres,42,high,
188,Marxey.,Marxey,,provostship-rosieres,,fief,,,,main,,mexel,42,high,
189,Mattexey.,Mattexey,,provostship-rosieres,,fief,,,,main,,mattexey,42,high,
190,Morainviller.,Morainviller,,provostship-rosieres,,fief,,,,main,,moranviller,42,high,number read from '1%'
191,Sainct-Pierremont.,Sainct-Pierremont,,provostship-rosieres,,fief,,,,main,,saint-pierremont,42,medium,index match by loose number (1.00)
192,"Romont, prieuré et village.",Romont,village|priory,provostship-rosieres,,fief,,,,main,,romont,42,high,
193,Remenoville.,Remenoville,,provostship-rosieres,,fief,,,,main,,remenoville,42,high,
194,Rozereulles.,Rozereulles,,provostship-rosieres,,fief,,,,main,,rozelieures,42,high,
195,Romain.,Romain,,provostship-rosieres,,fief,,,,main,,romain,42,high,
196,Saffais.,Saffais,,provostship-rosieres,,fief,,,,main,,saffais,42,high,
197,Sainct-Mars.,Sainct-Mars,,provostship-rosieres,,fief,,,,main,,saint-mard,42,high,
198,Saincte-Marie.,Saincte-Marie,,provostship-rosieres,,fief,,,,main,,sainte-marie,42,medium,index match by loose number (1.00)
199,Sainct-Maurice.,Sainct-Maurice,,provostship-rosieres,,fief,,,,main,,saint-maurice-sur-mortagne,42,high,
200,Serainville.,Serainville,,provostship-rosieres,,fief,,,,main,,seranville,42,high,
201,"Tonnov, chasteau et village.",Tonnov,castle|village,provostship-rosieres,,fief,,,,main,,tonnoy,42,high,
202,Velle,Velle,,provostship-rosieres,,fief,,,,main,,velle-sur-moselle,42,high,
203,Valois.,Valois,,provostship-rosieres,,fief,,,,main,,vallois,42,high,
204,Vigneulles.,Vigneulles,,provostship-rosieres,,fief,,,,main,,vigneulles,42,high,
205,Chamagne.,Chamagne,,provostship-rosieres,,fief,,,,main,,chamagne,42,high,
206,"Einville, chasteau, ville et parc.",Einville,castle|town,provostship-einville,,domain,,,,main,,einville-au-jard,42,high,
207,Bonviller.,Bonviller,,provostship-einville,,domain,,,,main,,bonviller,42,high,
208,Crion.,Crion,,provostship-einville,,domain,,,,main,,crion,42,high,
209,"Parroye, deux chasteaux et village, partie.",Parroye,castle|village,provostship-einville,,domain,,part,,main,,parroy,42,high,
210,Hénamesnil.,Hénamesnil,,provostship-einville,,domain,,,,main,,henamenil,42,high,
211,Séonviller.,Séonviller,,provostship-einville,,domain,,,,main,,sionviller,42,high,
212,Bienville-la-Petile.,Bienville-la-Petile,,provostship-einville,,domain,,,,main,,bienville-la-petite,42,high,
213,"Léomont, prieuré.",Léomont,priory,provostship-einville,,clergy,,,,main,,leomont,43,high,number read from 'il5'
214,"Bonneval, prieuré.",Bonneval,priory,provostship-einville,,clergy,,,,main,,bonneval,43,high,
215,Vitrymont.,Vitrymont,,provostship-einville,,clergy,,,,main,,vitrimont,43,high,
216,Bures.,Bures,,provostship-einville,,clergy,,,,main,,bures,43,high,
217,Xousses.,Xousses,,provostship-einville,,clergy,,,,main,,xousse,43,high,
218,"Bathelémont, rue de la Court.",Bathelémont,,provostship-einville,,clergy,,,,main,,bathelemont-les-bauzemont,43,high,
219,Lezey.,Lezey,,provostship-einville,,clergy,,,,main,,lezey,43,high,
220,"Harraucourt, chasteau et vihV",Harraucourt,castle,provostship-einville,,fief,,,,main,,haraucourt,43,high,
221,Haucourt.,Haucourt,,provostship-einville,,fief,,,,main,,hincourt,43,high,
222,Arracourt.,Arracourt,,provostship-einville,,fief,,,,main,,arracourt,43,high,
223,"Bauzemont, chasteau et village.",Bauzemont,castle|village,provostship-einville,,fief,,,,main,,bauzemont,43,high,
224,"Parroye, cy-dessus.",Parroye,,provostship-einville,,fief,,,,main,,parroy,43,high,
225,Drouville.,Drouville,,provostship-einville,,fief,,,,main,,drouville,43,high,
226,"Valhey, chasteau et village.",Valhey,castle|village,provostship-einville,,fief,,,,main,,valhey,43,high,
227,Raville.,Raville,,provostship-einville,,fief,,,,main,,raville-sur-sanon,43,high,
228,Marches.,Marches,,provostship-einville,,fief,,,,main,,maixe,43,medium,index match by loose number (0.95)
229,Cryon.,Cryon,,provostship-einville,,fief,,,,main,,crion,43,high,
230,Gellenoncourt.,Gellenoncourt,,provostship-einville,,fief,,,,main,,gellenoncourt,43,medium,index match by loose number (1.00)
231,Hénamesnil.,Hénamesnil,,provostship-einville,,fief,,,,main,,henamenil,43,high,
232,Séonviller.,Séonviller,,provostship-einville,,fief,,,,main,,sionviller,43,high,
233,Foucquerey.,Foucquerey,,provostship-einville,,fief,,,,main,,foucrey,43,medium,index match by index number (1.00)
234,Athienville.,Athienville,,provostship-einville,,fief,,,,main,,athienville,43,high,
235,Bienville-la-Petite.,Bienville-la-Petite,,provostship-einville,,fief,,,,main,,bienville-la-petite,43,high,
236,"Lunéville, chasteau, ville, abbayede l'ordre régulier de sainct Augustin, commanderie, couvent de soeurs de l'ordre de sainct François.",Lunéville,castle|town|abbey|convent|commandery,provostship-luneville,,domain,,,,main,augustinian,luneville,43,high,
237,Viller.,Viller,,provostship-luneville,,domain,,,,main,,viller,43,high,
238,Mesnil.,Mesnil,,provostship-luneville,,domain,,,,main,,menil,43,medium,index match by confused number (0.91)
239,Rehainviller.,Rehainviller,,provostship-luneville,,domain,,,,main,,rehainviller,43,high,
240,Moncel.,Moncel,,provostship-luneville,,domain,,,,main,,moncel-les-luneville,43,high,
241,llarymesnil.,Harymesnil,,provostship-luneville,,domain,,,,main,,herimenil,44,high,
242,Adomesnil.,Adomesnil,,provostship-luneville,,domain,,,,main,,adomenil,44,high,
243,"Domepvre, partie.",Domepvre,,provostship-luneville,,domain,,part,,main,,domevre-sur-vezouze,44,medium,index match by confused number (0.93)
244,"La Neuville-aux-Bois, partie.",La Neuville-aux-Bois,,provostship-luneville,,domain,,part,,main,,laneuveville-aux-bois,44,high,
245,"Beaupré, de l'ordre de Citeaux.",Beaupré,,provostship-luneville,,clergy,,,,main,cistercian,beaupre,44,high,
246,"Beauchamps,abbaye de l'ordre régulier de sainct Augustin.",Beauchamps,abbey,provostship-luneville,,clergy,,,,main,augustinian,belchamp,44,high,
247,Vardenay.,Vardenay,,provostship-luneville,,clergy,,,,main,,verdenal,44,high,
248,Prieuré de Manonviller.,Prieuré de Manonviller,,provostship-luneville,,clergy,,,,main,,manonviller,44,high,
249,Giriviller.,Giriviller,,provostship-luneville,,clergy,,,,main,,giriviller,44,high,
250,Prieuré de Beaulieu.,Prieuré de Beaulieu,,provostship-luneville,,clergy,,,,main,,prieure-de-menil-a-luneville,44,high,
251,Bénasmesnil.,Bénasmesnil,,provostship-luneville,,clergy,,,,main,,benamenil,44,high,
252,Marainviller.,Marainviller,,provostship-luneville,,clergy,,,,main,,marainviller,44,high,number read from '552'
253,Hatonville.,Hatonville,,provostship-luneville,,clergy,,,,main,,haudonville,44,medium,index match by confused number (0.95)
254,Thiébaumesnil.,Thiébaumesnil,,provostship-luneville,,clergy,,,,main,,thiebaumenil,44,high,
255,"Hadonviller, chasteau et village.",Hadonviller,castle|village,provostship-luneville,,fief,,,,main,,croismare,44,high,
256,Vihuviller.,Vihuviller,,provostship-luneville,,fief,,,,main,,jolivet,44,high,
257,"Serres, chasteau, village et couvent de Minimes.",Serres,castle|village|convent,provostship-luneville,,fief,,,,main,minim,serres,44,high,
258,Glonville.,Glonville,,provostship-luneville,,fief,,,,main,,glonville,44,high,
259,"Blainville, chasteau et village.",Blainville,castle|village,provostship-luneville,,fief,,,,main,,blainville-sur-reau,44,high,
260,Doragevin.,Doragevin,,provostship-luneville,,fief,,,,main,,domjevin,44,high,
261,Xermamesnil,Xermamesnil,,provostship-luneville,,fief,,,,main,,xermamenil,44,high,
262,Harymesnil.,Harymesnil,,provostship-luneville,,fief,,,,main,,herimenil,44,high,
263,Mont.,Mont,,provostship-luneville,,fief,,,,main,,mont-sur-meurthe,44,high,
264,Mortane.,Mortane,,provostship-luneville,,fief,,,,main,,mortagnc,44,high,
265,La May.,La May,,provostship-luneville,,fief,,,,main,,lamath,44,medium,index match by number (0.44)
266,Chanteheu.,Chanteheu,,provostship-luneville,,fief,,,,main,,chanteheux,44,high,
267,Athienville.,Athienville,,provostship-luneville,,fief,,,,main,,athienville,44,medium,index match by confused number (1.00)
268,Azerailles.,Azerailles,,provostship-azerailles,,other,,,,main,,azerailles,44,high,
269,Flin.,Flin,,provostship-azerailles,,other,,,,main,,flin,44,high,
270,"Bandemesnil, partie.",Bandemesnil,,provostship-azerailles,,other,,part,,main,,badinenil,44,high,
271,Gellaucourt.,Gellaucourt,,provostship-azerailles,,other,,,,main,,gelacourt,45,medium,index match by index number (1.00)
272,"Glonville, partie.",Glonville,,provostship-azerailles,,other,,part,,main,,glonville,45,high,
273,"Sainct-Diey, ville, chasteau, église collégialtc insigne.",Sainct-Diey,castle|town|collegiate_church,provostship-saint-die,,domain,,,,main,,saint-die-des-vosges,45,high,
274,Lubine.,Lubine,,provostship-saint-die,,domain,,,,main,,lubine,45,high,
275,"Wysembach,où sont les fonderiespour les myiics de la Croix.",Wysembach,,provostship-saint-die,lordship-warde-de-wisembach,domain,,,,main,,wisembach,45,high,
276,Repas.,Repas,,provostship-saint-die,lordship-warde-de-wisembach,domain,,,,main,,le-repas,45,high,
277,Layegoutte.,Layegoutte,,provostship-saint-die,lordship-warde-de-wisembach,domain,,,,main,,laycgotttlc,45,high,
278,Bonypaire.,Bonypaire,,provostship-saint-die,lordship-warde-de-wisembach,domain,,,,main,,bonipaire,45,high,
279,Combrymont.,Combrymont,,provostship-saint-die,lordship-warde-de-wisembach,domain,,,,main,,combrimont,45,high,
280,"La Vapillière, en partie.",La Vapillière,,provostship-saint-die,lordship-warde-de-wisembach,domain,,part,,main,,la-verpelliere,45,high,
281,Anoul.,Anoul,,ban-anould,,domain,,,,main,,anould,45,high,
282,Saincte-Marguerée.,Saincte-Marguerée,,ban-anould,,domain,,,,main,,sainte-marguerite,45,high,
283,Deuveline.,Deuveline,,ban-anould,,domain,,,,main,,dcveline,45,high,
284,Challegoutte.,Challegoutte,,ban-anould,,domain,,,,main,,chalgoulte,45,medium,index match by loose number (0.91)
285,Spadanges.,Spadanges,,ban-anould,,domain,,,,main,,spadangea,45,high,
286,Le Paire.,Le Paire,,ban-anould,,domain,,,,main,,le-paire,45,high,
287,La Souche.,La Souche,,ban-anould,,domain,,,,main,,le-souche,45,high,
288,Venchières.,Venchières,,ban-anould,,domain,,,,main,,vaucheres,45,high,
289,Le Vie.,Le Vie,,ban-anould,,domain,,,,main,,le-vie,45,high,
290,Breconcel.,Breconcel,,ban-anould,,domain,,,,main,,braconeelle,45,high,
291,Les Gouttes.,Les Gouttes,,ban-anould,,domain,,,,main,,les-gouttes,45,high,
292,La Hardal.,La Hardal,,ban-anould,,domain,,,,main,,la-hardalle,45,high,
293,La Croix.,La Croix,,ban-anould,,domain,,,,main,,la-croix-aux-mines,45,medium,index match by confused number (1.00)
294,Le Chipal.,Le Chipal,,ban-anould,,domain,,,,main,,le-chipal,45,high,
295,La Treize.,La Treize,,ban-anould,,domain,,,,main,,la-trouchc,45,high,
296,Sardey.,Sardey,,ban-anould,,domain,,,,main,,sadey,46,high,
297,La Prée.,La Prée,,ban-anould,,domain,,,,main,,lapraye,46,high,
298,Quebruz.,Quebruz,,ban-anould,,domain,,,,main,,quebrux,46,high,
299,Verpillière.,Verpillière,,ban-anould,,domain,,,,main,,la-verpelliere,46,high,
300,Allegoutte et,Allegoutte et,,ban-anould,,domain,,,,main,,algoutle,46,medium,index match by confused number (0.80)
301,"Leuveline, village et chasteau ruiné.",Leuveline,castle|village|deserted_village,ban-anould,,domain,,,,main,,laveline,46,medium,index match by confused number (0.95)
302,"Lubine, fonderie pour la myne Nostre-Damc de Lusse.",Lubine,mine,provostship-saint-die,lordship-warde-du-saulcy,domain,,,,main,,lubine,46,high,
303,Cleuvecy.,Cleuvecy,,ban-ban-le-duc,,domain,,,,main,,clefcy,46,high,
304,Herwanfrain.,Herwanfrain,,ban-ban-le-duc,,domain,,,,main,,hervafaing,46,high,
305,Seichemont.,Seichemont,,ban-ban-le-duc,,domain,,,,main,,sachemont,46,high,
306,La Vy.,La Vy,,ban-ban-le-duc,,domain,,,,main,,le-vie,46,medium,index match by number (0.40)
307,Breconcel.,Breconcel,,ban-ban-le-duc,,domain,,,,main,,braconeelle,46,medium,index match by confused number (0.80)
308,Rualmont.,Rualmont,,ban-ban-le-duc,,domain,,,,main,,rualmont,46,high,
309,"Raon, ville au-dessus de laquelle est le chasteau ruyné de Belregard. Tout contre ladicte ville lia couvent de religieux de l'ordre de sainct François.",Raon,castle|town|convent|deserted_village,district-raon-l-etape,,domain,,,,main,franciscan,raon-l-etape,46,high,
310,La Neuville.,La Neuville,,district-raon-l-etape,,domain,,,,main,,la-neuveville-les-raon,46,high,
311,Vezeval.,Vezeval,,district-raon-l-etape,,domain,,,,main,,vezeval,46,medium,index match by confused number (1.00); number read from '3H'
312,La Trouche.,La Trouche,,district-raon-l-etape,,domain,,,,main,,la-trouche,46,high,
313,"La ville dudict Sainct Dicy, partie au chapitre.",La ville dudict Sainct Dicy,,provostship-saint-die,,clergy,,part,,main,,saint-die-des-vosges,46,medium,index match by index number (0.94)
314,"La ville de Raon, partie à l'abbé de Moyenmonstier.",La ville de Raon,,provostship-saint-die,,clergy,,part,,main,,raon-l-etape,46,medium,index match by index number (1.00)
315,Le Viller.,Le Viller,,ban-saint-die,,clergy,,,,main,,le-viller,46,medium,index match by confused number (1.00)
316,Mazellay.,Mazellay,,ban-saint-die,,clergy,,,,main,,marzelay,46,high,
317,La Poucherée.,La Poucherée,,ban-saint-die,,clergy,,,,main,,la-pecherie,47,high,
318,Robache.,Robache,,ban-saint-die,,clergy,,,,main,,robache,47,high,
319,Cleuvecy.,Cleuvecy,,ban-clefcy,,clergy,,,,main,,clefcy,47,medium,index match by index number (1.00)
320,Seichemont.,Seichemont,,ban-clefcy,,clergy,,,,main,,sachemont,47,high,
321,Souche.,Souche,,ban-clefcy,,clergy,,,,main,,le-souche-clefcy,47,high,
322,Les Pilliers.,Les Pilliers,,ban-clefcy,,clergy,,,,main,,la-pelliere,47,high,
323,Vanifosse.,Vanifosse,,ban-clefcy,,clergy,,,,main,,vanifosse,47,medium,index match by loose number (1.00)
324,Neufviller.,Neufviller,,ban-clefcy,,clergy,,,,main,,neuvillers-sur-fave,47,medium,index match by confused number (0.84)
325,Saincte-Marguerée.,Saincte-Marguerée,,mayoralty-sainte-marguerite,,clergy,,,,main,,sainte-marguerite,47,medium,index match by loose number (0.90)
326,Le Fain Messire Thiéry.,Le Fain Messire Thiéry,,mayoralty-sainte-marguerite,,clergy,,,,main,,le-faingt,47,medium,index match by index number (0.80)
327,La Voyvresse.,La Voyvresse,,mayoralty-sainte-marguerite,,clergy,,,,main,,la-voivrelle,47,high,
328,Romomey.,Romomey,,mayoralty-sainte-marguerite,,clergy,,,,main,,remomeix,47,high,
329,La Terre Faulquel.,La Terre Faulquel,,mayoralty-sainte-marguerite,,clergy,,,,main,,la-terre-faulquei,47,high,
330,La Cachée Rue.,La Cachée Rue,,mayoralty-sainte-marguerite,,clergy,,,,main,,la-caefiee-sue,47,high,
331,Hallieure.,Hallieure,,mayoralty-sainte-marguerite,,clergy,,,,main,,hameure,47,high,
332,La Grande-Fosse.,La Grande-Fosse,,mayoralty-sainte-marguerite,,clergy,,,,main,,la-grande-fosse,47,medium,index match by confused number (1.00)
333,"Estival, abbaye de l'ordre de Prénionstré.",Estival,abbey,ban-etival,,clergy,,,,main,,etival,47,medium,index match by loose number (0.92)
334,Nonpatelise.,Nonpatelise,,ban-etival,,clergy,,,,main,,nompatelize,47,medium,index match by index number (0.82)
335,Willerville.,Willerville,,ban-etival,,clergy,,,,main,,wiilervule,47,high,
336,Brechymont.,Brechymont,,ban-etival,,clergy,,,,main,,brehimont,47,medium,index match by loose number (0.84)
337,La Thisserandie.,La Thisserandie,,ban-etival,,clergy,,,,main,,thisserandie,47,medium,index match by loose number (0.89)
338,llerbauville.,Herbauville,,ban-etival,,clergy,,,,main,,herbaville,47,high,
339,Saulxeray.,Saulxeray,,ban-etival,,clergy,,,,main,,sauceray,47,medium,index match by confused number (0.82)
340,La Bourgonce.,La Bourgonce,,ban-etival,,clergy,,,,main,,la-bourgonce,47,medium,index match by confused number (1.00)
341,La Salle.,La Salle,,ban-etival,,clergy,,,,main,,la-salle,47,high,
342,Sainct-Remy.,Sainct-Remy,,ban-etival,,clergy,,,,main,,saint-remy,47,medium,index match by confused number (1.00)
343,Le Mesnil.,Le Mesnil,,ban-etival,,clergy,,,,main,,le-menil,47,medium,index match by confused number (0.91)
344,La Fosse.,La Fosse,,ban-etival,,clergy,,,,main,,fosse-la-ham,47,medium,index match by confused number (0.77)
345,Pageolle.,Pageolle,,ban-etival,,clergy,,,,main,,pajaille,47,medium,index match by index number (1.00)
346,Le Vivier.,Le Vivier,,ban-etival,,clergy,,,,main,,le-vivier,47,high,
347,Dayefosse.,Dayefosse,,ban-etival,,clergy,,,,main,,deyfosse,47,medium,index match by confused number (0.82)
348,"Moyenmonstier,abbaye de l'ordre de sainct Bcnoist, ledict ban sçavoir :",Moyenmonstier,abbey,ban-etival,,clergy,,,,main,,moyenmoutier,48,high,
349,Sainct-Biaise.,Sainct-Biaise,,ban-etival,,clergy,,,,main,,saint-blaise,48,high,
350,Sainct-Prayer.,Sainct-Prayer,,ban-etival,,clergy,,,,main,,sainl-prayel,48,high,
351,La Paire.,La Paire,,ban-etival,,clergy,,,,main,,le-paire-moyenmoulier,48,medium,index match by confused number (1.00)
352,La Chapelle.,La Chapelle,,ban-etival,,clergy,,,,main,,la-chapelle,48,medium,index match by confused number (1.00)
353,Denypaire.,Denypaire,,ban-etival,,clergy,,,,main,,denipaire,48,medium,index match by loose number (0.89)
354,Le ban d'Aray.,Le ban d'Aray,,ban-etival,,clergy,,,,main,,aray-le-lan-v-ban-de-moyenmouticr,48,medium,index match by index number (1.00)
355,"Mandray, au chapitre.",Mandray,,mayoralty-mandray,,clergy,,,,main,,mandray,48,medium,index match by confused number (1.00)
356,La Haulte-Mandray.,La Haulte-Mandray,,mayoralty-mandray,,clergy,,,,main,,la-haute-mandray,48,high,
357,L'Emmy-Mandray.,L'Emmy-Mandray,,mayoralty-mandray,,clergy,,,,main,,la-mi-mandray,48,medium,index match by confused number (0.95)
358,La Basse-Mandray.,La Basse-Mandray,,mayoralty-mandray,,clergy,,,,main,,la-bassc-mandray,48,high,
359,Benyfosse.,Benyfosse,,mayoralty-mandray,,clergy,,,,main,,benifosse,48,medium,index match by confused number (0.89)
360,Entre deux eaux.,Entre deux eaux,,mayoralty-mandray,,clergy,,,,main,,entre-deux-eaux,48,medium,index match by confused number (1.00)
361,Remymont.,Remymont,,mayoralty-mandray,,clergy,,,,main,,rememont,48,high,
362,Fouchifol.,Fouchifol,,mayoralty-mandray,,clergy,,,,main,,fouchifol,48,medium,index match by confused number (1.00)
363,La Cachée Rue.,La Cachée Rue,,mayoralty-mandray,,clergy,,,,main,,la-caefiee-sue,48,medium,index match by index number (1.00)
364,Hallieure.,Hallieure,,mayoralty-mandray,,clergy,,,,main,,hameure,48,medium,index match by confused number (0.75)
365,Scaruz.,Scaruz,,mayoralty-meurthe,,clergy,,,,main,,scarupt,48,high,
366,Vannemont.,Vannemont,,mayoralty-meurthe,,clergy,,,,main,,vanemont,48,medium,index match by confused number (0.94)
367,Sainct-Léonard.,Sainct-Léonard,,mayoralty-meurthe,,clergy,,,,main,,saint-leonard,48,high,
368,Girompaire.,Girompaire,,mayoralty-meurthe,,clergy,,,,main,,girompairc,48,high,
369,Moncel,Moncel,,mayoralty-meurthe,,clergy,,,,main,,le-monccl,48,high,
370,La Ruelle.,La Ruelle,,mayoralty-meurthe,,clergy,,,,main,,ruelle,48,high,
371,Saulcy.,Saulcy,,mayoralty-meurthe,,clergy,,,,main,,saulcy-sur-meurthe,48,medium,index match by confused number (1.00)
372,Contramolin.,Contramolin,,mayoralty-meurthe,,clergy,,,,main,,contramoulin,48,high,
373,Le Chesnois de Saulcy.,Le Chesnois de Saulcy,,mayoralty-meurthe,,clergy,,,,main,,le-chenois,48,medium,index match by index number (0.93)
374,Bertrimonstier.,Bertrimonstier,,mayoralty-bertrimoutier,,clergy,,,,main,,bertrimoutier,48,medium,index match by confused number (0.89)
375,Frappelle.,Frappelle,,mayoralty-bertrimoutier,,clergy,,,,main,,frapelle,48,medium,index match by loose number (0.94)
376,Provenchiéres.,Provenchiéres,,mayoralty-bertrimoutier,,clergy,,,,main,,provencheres-sur-fave,49,high,
377,Vanifosse.,Vanifosse,,mayoralty-bertrimoutier,,clergy,,,,main,,vanifosse,49,medium,index match by confused number (1.00)
378,Layegoutte.,Layegoutte,,mayoralty-bertrimoutier,,clergy,,,,main,,laycgotttlc,49,medium,index match by loose number (0.86)
379,Lusse.,Lusse,,mayoralty-bertrimoutier,,fief,,,,main,,lusse,49,medium,index match by confused number (1.00)
380,Lusseux.,Lusseux,,mayoralty-bertrimoutier,,fief,,,,main,,lesseux,49,medium,index match by confused number (0.86)
381,Herbeaupaire.,Herbeaupaire,,mayoralty-bertrimoutier,,fief,,,,main,,herbaupaire,49,medium,index match by confused number (0.96)
382,La Payne.,La Payne,,mayoralty-bertrimoutier,,fief,,,,main,,la-pariee,49,medium,index match by index number (1.00)
383,"Teintruz, chasteau et village.",Teintruz,castle|village,ban-taintrux,,fief,,,,main,,taintrux,49,high,
384,Xintain.,Xintain,,ban-taintrux,,fief,,,,main,,xainfaing,49,high,
385,Le Payre.,Le Payre,,ban-taintrux,,fief,,,,main,,paire-le-bam,49,medium,index match by index number (1.00)
386,Chawry.,Chawry,,ban-taintrux,,fief,,,,main,,cheuvry,49,medium,index match by confused number (0.95)
387,Rougiville.,Rougiville,,ban-taintrux,,fief,,,,main,,rougeville,49,high,
388,La Murlusse.,La Murlusse,,ban-taintrux,,fief,,,,main,,merlusses,49,medium,index match by number (0.41)
389,La Petite-Fosse.,La Petite-Fosse,,ban-taintrux,,fief,,,,main,,la-petite-fosse,49,high,
390,Rouau.,Rouau,,ban-sept,,fief,,,,main,,le-kouaux,49,high,
391,Les Foulz.,Les Foulz,,ban-sept,,fief,,,,main,,les-fols,49,medium,index match by index number (1.00)
392,Chattay.,Chattay,,ban-sept,,fief,,,,main,,chatas,49,high,
393,Nahuemont.,Nahuemont,,ban-sept,,fief,,,,main,,nayemont-les-fosses,49,high,
394,Le Fratteux.,Le Fratteux,,ban-sept,,fief,,,,main,,fraiteux,49,medium,index match by confused number (0.88)
395,Germainfain.,Germainfain,,ban-sept,,fief,,,,main,,gemainfaing,49,medium,index match by confused number (0.86)
396,La Goutte de Bouray.,La Goutte de Bouray,,ban-sept,,fief,,,,main,,bouras,49,medium,index match by confused number (0.95)
397,La Volnoy.,La Volnoy,,ban-sept,,fief,,,,main,,launois,49,high,
398,Frayemont,Frayemont,,ban-sept,,fief,,,,main,,faycmont,49,medium,index match by confused number (0.94)
399,La Fontenelle.,La Fontenelle,,ban-sept,,fief,,,,main,,la-fontcnelle,49,medium,index match by confused number (1.00)
400,Laistre.,Laistre,,ban-sept,,fief,,,,main,,laitre,49,high,
401,Coinehe.,Coinehe,,ban-sept,,fief,,,,main,,coinches,49,high,
402,Fourchifol.,Fourchifol,,ban-sept,,fief,,,,main,,fouchifol,49,high,
403,Contramoulin.,Contramoulin,,ban-sept,,fief,,,,main,,contramoulin,49,high,
404,Sardey.,Sardey,,ban-sardey,,fief,,,,main,,sadey,49,high,
405,Clingoulte.,Clingoulte,,ban-sardey,,fief,,,,main,,clingouite,50,medium,index match by confused number (0.90); number read from 'k>5'
406,Sainct-Léonard,Sainct-Léonard,,ban-sardey,,fief,,,,main,,saint-leonard,50,high,
407,Le Moncel.j,Le Moncel,,ban-sardey,,fief,,,,main,,idontctair,50,high,
408,Anouzel.,Anouzel,,ban-sardey,,fief,,,,main,,anozcl,50,high,
409,Aubripaire.!,Aubripaire,,ban-sardey,,fief,,,,main,,aubripaire,50,high,
410,Le Cours.,Le Cours,,ban-sardey,,fief,,,,main,,les-cours,50,high,
411,Provenchières.,Provenchières,,ban-sardey,,fief,,,,main,,provencheres-sur-fave,50,high,number read from '4M'
412,Lusse.,Lusse,,ban-sardey,,fief,,,,main,,lusse,50,high,1 number(s) missing before
413,Lusseux.,Lusseux,,ban-sardey,,fief,,,,main,,lesseux,50,medium,index match by confused number (0.86)
414,Herbeaupaire.,Herbeaupaire,,ban-sardey,,fief,,,,main,,herbaupaire,50,high,
415,La Pargée.,La Pargée,,ban-sardey,,fief,,,,main,,la-pariee,50,high,
416,Trois-Maisons.,Trois-Maisons,,ban-sardey,,fief,,,,main,,trois-maisons,50,high,
417,"Tanviller, chasteau et village.j",Tanviller,castle|village,ban-sardey,,fief,,,,main,,thanville,50,high,
418,Boulay.{ La mairie deLeaveline.i,Boulay.{ La mairie deLeaveline.i,,ban-sardey,,fief,,,,main,,le-beulay,50,medium,index match by number (0.31)
419,"Leaveline, village et chasteau ruiné.",Leaveline,castle|village|deserted_village,ban-sardey,,fief,,,,main,,laveline,50,high,
420,Ramont,Ramont,,ban-sardey,,fief,,,,main,,raumont,50,high,1 number(s) missing before
421,Honville.,Honville,,ban-sardey,,fief,,,,main,,honvillc,50,high,
422,La Treuxe.,La Treuxe,,ban-sardey,,fief,,,,main,,la-trouchc,50,high,
423,Coinchymont.,Coinchymont,,ban-sardey,,fief,,,,main,,coinchimont,50,high,
424,Velupaire.,Velupaire,,ban-sardey,,fief,,,,main,,vetupaire,50,high,
425,Quebruz.,Quebruz,,ban-sardey,,fief,,,,main,,quebrux,50,high,
426,Verpillière.\,Verpillière,,ban-sardey,,fief,,,,main,,la-verpelliere,50,high,
427,Wysembach.,Wysembach,,ban-sardey,,fief,,,,main,,wisembach,50,high,
428,Noncpaire.I Le ban de llurbache.!,Noncpaire.I Le ban de llurbache.!,,ban-sardey,,fief,,,,main,,norbepaire,50,medium,index match by number (0.44)
429,"Hurbache, chasteau et village.I",Hurbache,castle|village,ban-sardey,,fief,,,,main,,hurbache,50,high,
430,Sainct-Jean d'Ormont.j,Sainct-Jean d'Ormont,,ban-sardey,,fief,,,,main,,saint-jean-d-ormont,50,high,
431,La Voyvre.,La Voyvre,,ban-sardey,,fief,,,,main,,la-voivre,50,high,
432,La Rouvière.,La Rouvière,,ban-sardey,,fief,,,,main,,la-louvicrc,50,high,
433,Colroy.,Colroy,,ban-sardey,,fief,,,,main,,colroy-la-grande,50,high,
434,Raves.,Raves,,ban-sardey,,fief,,,,main,,raves,50,high,
435,Neufviller.,Neufviller,,ban-sardey,,fief,,,,main,,neuvillers-sur-fave,50,high,
436,Combrimont.,Combrimont,,ban-sardey,,fief,,,,main,,combrimont,51,medium,index match by confused number (1.00)
437,Gehinfosse.,Gehinfosse,,ban-sardey,,fief,,,,main,,ginfosse,51,high,
438,Grand-Ruz.,Grand-Ruz,,ban-sardey,,fief,,,,main,,grandrupt,51,medium,index match by confused number (0.82)
439,Le Paire de Grand-Ruz.,Le Paire de Grand-Ruz,,ban-sardey,,fief,,,,main,,pair-et-grandrupt,51,high,
440,Nahuemont.,Nahuemont,,ban-sardey,,fief,,,,main,,nayemont-lez-fosses,51,high,
441,Gerfvainfain.,Gerfvainfain,,ban-sardey,,fief,,,,main,,gemainfaing,51,high,
442,Belrepaire.,Belrepaire,,ban-fraize,,fief,,,,main,,belrepairc,51,high,
443,Mauzeville.,Mauzeville,,ban-fraize,,fief,,,,main,,le-mazcville,51,high,
444,Les Aulnes.,Les Aulnes,,ban-fraize,,fief,,,,main,,aulnes-les-ham,51,high,
445,Clairegoutte.,Clairegoutte,,ban-fraize,,fief,,,,main,,clairgoutte,51,high,
446,La Costelle.,La Costelle,,ban-fraize,,fief,,,,main,,la-coslelle,51,high,
447,Menemel.,Menemel,,ban-fraize,,fief,,,,main,,menemel,51,high,
448,Scaruz.,Scaruz,,ban-fraize,,fief,,,,main,,scarupt,51,high,
449,Plainfain.,Plainfain,,ban-fraize,,fief,,,,main,,plainfaing,51,high,
450,Noiregoutte.,Noiregoutte,,ban-fraize,,fief,,,,main,,noiregoutlc,51,high,
451,Halaruz.,Halaruz,,ban-fraize,,fief,,,,main,,habaurupt,51,high,
452,Le Veltin.,Le Veltin,,ban-fraize,,fief,,,,main,,le-valtin,51,high,
453,Aubripaire.,Aubripaire,,ban-fraize,,fief,,,,main,,aubripaire,51,medium,index match by confused number (1.00)
454,"Amance, ville et chasteau.",Amance,castle|town,provostship-amance,,domain,,,,main,,amance,51,medium,index match by loose number (1.00)
455,"Chasteau-Sallin, salines, chasteau, bourg et couvent de soeurs de l'observance de sainct François.",Chasteau-Sallin,castle|small_town|convent|saltworks,provostship-amance,,domain,,,,main,franciscan,chateau-salins,51,high,
456,"Salone, salines, bourg et prieuré.",Salone,small_town|priory|saltworks,provostship-amance,,domain,,,,main,,salonnes,51,high,
457,"Laisire, ville et prieuré.",Laisire,town|priory,provostship-amance,,domain,,,,main,,laitre-sous-amance,51,high,
458,Amelecourt.,Amelecourt,,provostship-amance,,domain,,,,main,,amelecourt,51,high,
459,Courbessault.,Courbessault,,provostship-amance,,domain,,,,main,,courbesseaux,51,high,
460,Villier-lez-Mouveron,Villier-lez-Mouveron,,provostship-amance,,domain,,,,main,,villers-ies-moivron,51,high,
461,Grand-Bouxières.,Grand-Bouxières,,provostship-amance,,domain,,,,main,,bouxieres-aux-chenes,51,high,
462,Cuelle.,Cuelle,,provostship-amance,,domain,,,,main,,ecuelle,51,high,
463,Molin.,Molin,,provostship-amance,,domain,,,,main,,moulins,51,high,
464,Agiencourt.,Agiencourt,,provostship-amance,,domain,,,,main,,agincourt,51,medium,index match by confused number (0.95)
465,"Blanzey, prieuré.",Blanzey,priory,provostship-amance,,clergy,,,,main,,blanzey,52,high,
466,"Oultremont, prieuré.",Oultremont,priory,provostship-amance,,clergy,,,,main,,outremont,52,high,
467,Salone.,Salone,,provostship-amance,,clergy,,,,main,,salonnes,52,high,
468,Lucy.,Lucy,,provostship-amance,,clergy,,,,main,,lucy,52,high,
469,Vannecourt.,Vannecourt,,provostship-amance,,clergy,,,,main,,vannecourt,52,high,
470,Fraisnes.,Fraisnes,,provostship-amance,,clergy,,,,main,,fresnes-en-saulnois,52,high,
471,Champenoult.,Champenoult,,provostship-amance,,clergy,,,,main,,champenoux,52,high,
472,Sorneville.,Sorneville,,provostship-amance,,clergy,,,,main,,sorneville,52,high,
473,Aboncourt.,Aboncourt,,provostship-amance,,clergy,,,,main,,aboncourt-sur-seille,52,medium,index match by confused number (1.00)
474,Mazereulles.,Mazereulles,,provostship-amance,,clergy,,,,main,,mazerulles,52,high,
475,Laves.,Laves,,provostship-amance,,clergy,,,,main,,leyr,52,high,
476,Vaxey.,Vaxey,,provostship-amance,,clergy,,,,main,,vaxy,52,high,
477,Gerbécourt.,Gerbécourt,,provostship-amance,,clergy,,,,main,,gerbecourt,52,high,
478,Lebécourt.,Lebécourt,,provostship-amance,,clergy,,,,main,,lubecourt,52,high,
479,Puttigny.,Puttigny,,provostship-amance,,clergy,,,,main,,puttigny,52,high,
480,Morville.,Morville,,provostship-amance,,clergy,,,,main,,morville-sur-seille,52,high,
481,Moyveron.,Moyveron,,provostship-amance,,clergy,,,,main,,moivron,52,high,
482,Courbessault.,Courbessault,,provostship-amance,,clergy,,,,main,,courbesseaux,52,high,
483,Ohéville.,Ohéville,,provostship-amance,,clergy,,,,main,,hoeville,52,high,
484,"Going, chasteau et village.",Going,castle|village,provostship-amance,,fief,,,,main,,goin,52,high,
485,"Dommartin, chasteau et village.",Dommartin,castle|village,provostship-amance,,fief,,,,main,,dommartin-sous-amance,52,high,
486,"Cercueur, chasteau et village.",Cercueur,castle|village,provostship-amance,,fief,,,,main,,cercueil,52,high,
487,"Neufloue, chasteau et village.",Neufloue,castle|village,provostship-amance,,fief,,,,main,,laneuvelotte,52,medium,index match by number (0.48)
488,"Brin, chasteau et village.",Brin,castle|village,provostship-amance,,fief,,,,main,,brin-sur-seille,52,medium,index match by confused number (1.00)
489,"Byoncourt, chasteau et village.",Byoncourt,castle|village,provostship-amance,,fief,,,,main,,bioncourt,52,high,
490,"Ajoncourt, chasteau et village.",Ajoncourt,castle|village,provostship-amance,,fief,,,,main,,ajoncourt,52,high,
491,"Thiecourt, chasteau, village et prieuré.",Thiecourt,castle|village|priory,provostship-amance,,fief,,,,main,,thicourt,52,high,
492,"Clémery, chasteau et village.",Clémery,castle|village,provostship-amance,,fief,,,,main,,clemery,52,high,
493,"Panges, chasteau et village.",Panges,castle|village,provostship-amance,,fief,,,,main,,pange,52,high,
494,Mont.,Mont,,provostship-amance,,fief,,,,main,,mont,52,high,
495,Colligny.,Colligny,,provostship-amance,,fief,,,,main,,colligny,52,high,
496,Allincourt.,Allincourt,,provostship-amance,,fief,,,,main,,alaincourt-la-cote,52,medium,index match by confused number (0.90)
497,Armacourt.,Armacourt,,provostship-amance,,fief,,,,main,,armaucourt,52,high,
498,Lanfroicourt.,Lanfroicourt,,provostship-amance,,fief,,,,main,,lanfroicourt,53,high,
499,Ruz-lez-Mouveron.,Ruz-lez-Mouveron,,provostship-amance,,fief,,,,main,,rupt-les-moivron,53,high,
500,Arrée.,Arrée,,provostship-amance,,fief,,,,main,,arraye-et-han,53,high,
501,Thimonville.,Thimonville,,provostship-amance,,fief,,,,main,,thimonville,53,high,
502,Vaulthimont.,Vaulthimont,,provostship-amance,,fief,,,,main,,vatimont,53,high,
503,Redigny.,Redigny,,provostship-amance,,fief,,,,main,,mardigny,53,high,
504,Chiecourt.,Chiecourt,,provostship-amance,,fief,,,,main,,chicourt,53,high,
505,Vairemont.,Vairemont,,ban-sainct-pierre,,fief,,,,main,,vaucremont,53,high,
506,Stoncourt.,Stoncourt,,ban-sainct-pierre,,fief,,,,main,,stoncourt,53,high,
507,Viller,Viller,,ban-sainct-pierre,,fief,,,,main,,villers-stoncourt,53,high,
508,Albrich.,Albrich,,ban-sainct-pierre,,fief,,,,main,,aourys-vil,53,medium,index match by index number (1.00)
509,flamanges.,Hamanges,,ban-sainct-pierre,,fief,,,,main,,hamanges,53,high,
510,Jallacourt.,Jallacourt,,ban-sainct-pierre,,fief,,,,main,,jallaucourt,53,high,
511,"Aboncourt, ban de Chattemagne.",Aboncourt,,ban-sainct-pierre,,fief,,,,main,,abaucourt,53,medium,index match by index number (1.00)
512,"Xousses, alias Sultzen.",Xousses,,ban-sainct-pierre,,fief,,,,main,,suisse,53,medium,index match by number (0.40)
513,Brulanges.,Brulanges,,ban-sainct-pierre,,fief,,,,main,,brulange,53,medium,index match by confused number (0.94)
514,Trouville.,Trouville,,ban-sainct-pierre,,fief,,,,main,,thonville,53,high,
515,"Condé, chasteau et village.",Condé,castle|village,castellany-conde-et-val-des-faulx,,domain,,,,main,,custines,53,high,
516,Faulx-Sainct-Pierre.,Faulx-Sainct-Pierre,,castellany-conde-et-val-des-faulx,,domain,,,,main,,faulx,53,medium,index match by number (0.48)
517,Faulx Sainct Estienne.,Faulx Sainct Estienne,,castellany-conde-et-val-des-faulx,,domain,,,,main,,faulx,53,medium,index match by number (0.43)
518,Malleloy et,Malleloy,,castellany-conde-et-val-des-faulx,,domain,,,,main,,malleloy,53,high,
519,Montenoy.,Montenoy,,castellany-conde-et-val-des-faulx,,domain,,,,main,,montenoy,53,high,
520,Millery et,Millery et,,castellany-conde-et-val-des-faulx,,clergy,,,,main,,millery,53,high,
521,Autreville.,Autreville,,castellany-conde-et-val-des-faulx,,clergy,,,,main,,autreville-sur-moselle,53,high,
522,"Preny, chasteau et ville.",Preny,castle|town,provostship-preny,,domain,,,,main,,preny,53,high,
523,Vandelainville.,Vandelainville,,provostship-preny,,domain,,,,main,,vandelainville,53,medium,index match by confused number (1.00)
524,Arnaville.,Arnaville,,provostship-preny,,domain,,,,main,,arnaville,53,high,
525,Vendières.,Vendières,,provostship-preny,,domain,,,,main,,vandieres,54,high,number read from 'J2J'
526,Champel.,Champel,,provostship-preny,,domain,,,,main,,champey-sur-moselle,54,high,1 number(s) missing before
527,Ilageville.,Hageville,,provostship-preny,,domain,,,,main,,hageville,54,high,
528,Villecey-sur-Maz.,Villecey-sur-Maz,,provostship-preny,,domain,,,,main,,villecey-sur-mad,54,high,
529,Pargny.,Pargny,,provostship-preny,,domain,,,,main,,pagny-sur-moselle,54,medium,index match by loose number (0.91)
530,Regniéville.,Regniéville,,provostship-preny,,domain,,,,main,,regnieville,54,high,
531,Viller-soubz-Preny.,Viller-soubz-Preny,,provostship-preny,,domain,,,,main,,villers-sous-preny,54,high,
532,"Saincie-Marie-aux-Bois, abbaye de l'ordre de Prémonstré.",Saincie-Marie-aux-Bois,abbey,provostship-preny,,clergy,,,,main,premonstratensian,sainte-marie-au-bois,54,high,
533,Viefville.,Viefville,,provostship-preny,,clergy,,,,main,,vieville-en-haye,54,medium,index match by confused number (0.94)
534,Villecel-sur-Trin.,Villecel-sur-Trin,,provostship-preny,,clergy,,,,main,,vilcey-sur-trey,54,high,
535,Nourroy.,Nourroy,,provostship-preny,,clergy,,,,main,,norroy-le-veneur,54,medium,index match by index number (1.00)
536,"Chamblé, chasteau et village.",Chamblé,castle|village,provostship-preny,,fief,,,,main,,chamblcy,54,medium,index match by confused number (0.93)
537,"Buzy, chasteau et village.",Buzy,castle|village,provostship-preny,,fief,,,,main,,buzy,54,high,
538,"Jaulny, chasteau et village.",Jaulny,castle|village,provostship-preny,,fief,,,,main,,jaulny,54,high,
539,"Mars-la-Tour, chasteau et village.",Mars-la-Tour,castle|village,provostship-preny,,fief,,,,main,,mars-la-tour,54,high,
540,Sainct-Jean.,Sainct-Jean,,provostship-preny,,fief,,,,main,,saint-jean-les-buzy,54,high,
541,Profondruz.,Profondruz,,provostship-preny,,fief,,,,main,,parfondrupt,54,high,
542,Haucourt.,Haucourt,,provostship-preny,,fief,,,,main,,haucourt-la-rigole,54,high,
543,Darmont.,Darmont,,provostship-preny,,fief,,,,main,,darmont,54,medium,index match by confused number (1.00)
544,Bayonville.,Bayonville,,provostship-preny,,fief,,,,main,,bayonville-sur-mad,54,high,
545,Cuvery.,Cuvery,,provostship-preny,,fief,,,,main,,cuvry,54,high,
546,Prenoy ou Pounoy-la-Chétifve.,Prenoy ou Pounoy-la-Chétifve,,provostship-preny,,fief,,,,main,,pournoy-la-chetive,54,high,
547,Boncourt.,Boncourt,,provostship-preny,,fief,,,,main,,boncourt-sur-meuse,54,high,
548,Vendières.,Vendières,,provostship-preny,,fief,,,,main,,vandieres,54,high,
549,"Gondreville, palais et ville.",Gondreville,town|palace,provostship-gondreville,,domain,,,,main,,gondreville,54,high,
550,Baigneux.,Baigneux,,provostship-gondreville,,domain,,,,main,,bagneux,54,high,
551,Sanzey.,Sanzey,,provostship-gondreville,,domain,,,,main,,sanzey,54,high,
552,"Abbaye de Sainct-Epvre-lez-Toul,de l'ordre de sainct Benoist.",Abbaye de Sainct-Epvre-lez-Toul,,provostship-gondreville,,clergy,,,,main,benedictine,saint-epvre,55,high,
553,Viterne.,Viterne,,provostship-gondreville,,clergy,,,,main,,viterne,55,medium,index match by confused number (1.00)
554,Sexey-aux-Forges.,Sexey-aux-Forges,,provostship-gondreville,,clergy,,,,main,,sexey-aux-forges,55,high,
555,Mallonville.,Mallonville,,provostship-gondreville,,clergy,,,,main,,moutrot,55,medium,index match by confused number (0.95)
556,Colombier.,Colombier,,provostship-gondreville,,clergy,,,,main,,colombey-les-belles,55,high,
557,Viller-le-Sec.,Viller-le-Sec,,provostship-gondreville,,clergy,,,,main,,villey-le-sec,55,high,
558,Bagneux.,Bagneux,,provostship-gondreville,,clergy,,,,main,,bagneux,55,high,
559,Selaincourt.,Selaincourt,,provostship-gondreville,,clergy,,,,main,,selaincourt,55,high,
560,Allain-aux-Boeufz.,Allain-aux-Boeufz,,provostship-gondreville,,clergy,,,,main,,allain,55,medium,index match by index number (0.40)
561,Crezilles.,Crezilles,,provostship-gondreville,,clergy,,,,main,,crezilles,55,high,
562,Manoncourt.,Manoncourt,,provostship-gondreville,,clergy,,,,main,,manoncourt-en-voivrc,55,high,
563,Crepey.,Crepey,,provostship-gondreville,,clergy,,,,main,,crepey,55,high,
564,Thuilly.,Thuilly,,provostship-gondreville,,clergy,,,,main,,thuilley-aux-groseilles,55,high,
565,Angery.,Angery,,provostship-gondreville,,clergy,,,,main,,aingeray,55,high,
566,Marthemont.,Marthemont,,provostship-gondreville,,clergy,,,,main,,marthemont,55,high,
567,Ochiet.,Ochiet,,provostship-gondreville,,clergy,,,,main,,ochey,55,high,
568,"Voed, chasteau et village.",Voed,castle|village,provostship-gondreville,,clergy,,,,main,,void,55,high,
569,Viller-Sainct-Estienne.,Viller-Sainct-Estienne,,provostship-gondreville,,clergy,,,,main,,villey-saint-etienne,55,high,
570,Lagny.,Lagny,,provostship-gondreville,,clergy,,,,main,,lagney,55,high,
571,Lucy.,Lucy,,provostship-gondreville,,clergy,,,,main,,lucey,55,high,
572,"Fontenoy,chasteau et village.",Fontenoy,castle|village,provostship-gondreville,,fief,,,,main,,fontenoy-sur-moselle,55,high,
573,"Vannes, chasteau et village.",Vannes,castle|village,provostship-gondreville,,fief,,,,main,,vannes-le-chatel,55,high,
574,Ochiet.,Ochiet,,provostship-gondreville,,fief,,,,main,,ochey,55,high,
575,Jubainville.,Jubainville,,provostship-gondreville,,fief,,,,main,,jubainville,55,high,
576,Saulxures.,Saulxures,,provostship-gondreville,,fief,,,,main,,saulxures-les-vannes,55,high,
577,Mont-le-Vineux.,Mont-le-Vineux,,provostship-gondreville,,fief,,,,main,,mont-le-vignoble,55,high,
578,Velaine-lez-Bois.,Velaine-lez-Bois,,provostship-gondreville,,fief,,,,main,,velaine-en-haye,55,high,
579,Sexey-lez-Bois.,Sexey-lez-Bois,,provostship-gondreville,,fief,,,,main,,sexey-les-bois,56,high,
580,Bulligny.,Bulligny,,provostship-gondreville,,fief,,,,main,,bulligny,56,high,
581,Viller-le-Sec.,Viller-le-Sec,,provostship-gondreville,,fief,,,,main,,villey-le-sec,56,high,
582,"Bruyères, chasteau et bourg.",Bruyères,castle|small_town,provostship-bruyeres,,domain,,,,main,,bruyeres,56,high,
583,Le Champ-le-Duc.,Le Champ-le-Duc,,provostship-bruyeres,,domain,,,,main,,champ-le-duc,56,high,
584,Vymesnil.,Vymesnil,,provostship-bruyeres,,domain,,,,main,,vimenil,56,high,
585,La Neufville.,La Neufville,,provostship-bruyeres,,domain,,,,main,,la-neuveville-devant-lepanges,56,medium,index match by index number (1.00)
586,Decymont.,Decymont,,provostship-bruyeres,,domain,,,,main,,deycimont,56,high,
587,Grandviller.,Grandviller,,provostship-bruyeres,,domain,,,,main,,grandvillers,56,high,
588,Memesnil.,Memesnil,,provostship-bruyeres,,domain,,,,main,,memenil,56,high,
589,Fontenay.,Fontenay,,provostship-bruyeres,,domain,,,,main,,fontenay,56,high,
590,Aidolles.,Aidolles,,provostship-bruyeres,,domain,,,,main,,aydoilles,56,high,
591,Dompierre.,Dompierre,,provostship-bruyeres,,domain,,,,main,,dompierre,56,high,
592,Coursieux.,Coursieux,,provostship-bruyeres,,domain,,,,main,,corcieux,56,high,
593,Macymont.,Macymont,,provostship-bruyeres,,domain,,,,main,,mariemont,56,high,
594,Rennegoutte.,Rennegoutte,,provostship-bruyeres,,domain,,,,main,,rennegoutte,56,high,
595,Neune.,Neune,,provostship-bruyeres,,domain,,,,main,,neune,56,high,
596,Thiriville.,Thiriville,,provostship-bruyeres,,domain,,,,main,,thin-ville,56,high,
597,Docelles.,Docelles,,provostship-bruyeres,,domain,,,,main,,docelles,57,high,
598,Vraichamps.,Vraichamps,,provostship-bruyeres,,domain,,,,main,,vraichamp,57,high,
599,Pierrepont.,Pierrepont,,provostship-bruyeres,,domain,,,,main,,pierrepont-sur-l-arentele,57,high,
600,Gugnecourt.,Gugnecourt,,provostship-bruyeres,,domain,,,,main,,gugnecourt,57,high,
601,Girecourt.,Girecourt,,provostship-bruyeres,,domain,,,,main,,girecourt-sur-durbion,57,high,
602,lvou.,Ivou,,provostship-bruyeres,,domain,,,,main,,yvoux,57,high,
603,La Chappelle.,La Chappelle,,provostship-bruyeres,,domain,,,,main,,la-chapelle-devant-bruyeres,57,high,
604,La Rosière.,La Rosière,,provostship-bruyeres,,domain,,,,main,,rosiere-i-la-ou-larosiere,57,high,
605,Amonzey.,Amonzey,,provostship-bruyeres,,domain,,,,main,,aumontzey,57,high,
606,Jussaruz.,Jussaruz,,provostship-bruyeres,,domain,,,,main,,jussarupt,57,high,
607,Hapelmont.,Hapelmont,,provostship-bruyeres,,domain,,,,main,,herpelmont,57,high,
608,Prey.,Prey,,provostship-bruyeres,,domain,,,,main,,prey,57,high,
609,Laval.,Laval,,provostship-bruyeres,,domain,,,,main,,laval-sur-vologne,57,high,
610,Leavéline.,Leavéline,,provostship-bruyeres,,domain,,,,main,,laveline-devant-bruyeres,57,high,
611,Granges.,Granges,,provostship-bruyeres,,domain,,,,main,,granges-sur-vologne,57,high,
612,Champdray.,Champdray,,provostship-bruyeres,,domain,,,,main,,champdray,57,high,
613,La Nol.,La Nol,,provostship-bruyeres,,domain,,,,main,,la-nolle,57,medium,index match by confused number (0.75)
614,Viefville.,Viefville,,provostship-bruyeres,,domain,,,,main,,vienville,57,high,
615,Brouramont.,Brouramont,,provostship-bruyeres,,domain,,,,main,,brouaumont,57,high,
616,Bullegoutte.,Bullegoutte,,provostship-bruyeres,,domain,,,,main,,bellegoutte,57,high,
617,La Coste.,La Coste,,provostship-bruyeres,,domain,,,,main,,sur-la-cote,57,high,
618,Vichibure.,Vichibure,,provostship-bruyeres,,domain,,,,main,,vichibure,57,high,
619,Les Courtz.,Les Courtz,,provostship-bruyeres,,domain,,,,main,,les-cours-corcieux,57,high,
620,Rehaupault.,Rehaupault,,provostship-bruyeres,,clergy,,,,main,,rehaupal,57,high,
621,Byfontaine.,Byfontaine,,provostship-bruyeres,,clergy,,,,main,,biffontaine,57,high,
622,Lespouillière.,Lespouillière,,provostship-bruyeres,,clergy,,,,main,,les-poulieres,57,high,
623,Champdray.,Champdray,,provostship-bruyeres,,clergy,,,,main,,champdray,57,high,
624,Champ de Laxey.,Champ de Laxey,,provostship-bruyeres,,clergy,,,,main,,les-champs-de-laxci,57,high,
625,Nonziville.,Nonziville,,provostship-bruyeres,,clergy,,,,main,,nonzeville,57,medium,index match by loose number (0.90)
626,Le Boulier.,Le Boulier,,provostship-bruyeres,,clergy,,,,main,,boulier,57,high,
627,Charmois.,Charmois,,provostship-bruyeres,,clergy,,,,main,,charmois-devant-bruyeres,57,high,
628,Bayecourt.,Bayecourt,,provostship-bruyeres,,clergy,,,,main,,bayecourt,57,high,
629,Domepvre-sur-Durbion.,Domepvre-sur-Durbion,,provostship-bruyeres,,clergy,,,,main,,domevre-sur-durbion,57,high,
630,Villoncourt.,Villoncourt,,provostship-bruyeres,,clergy,,,,main,,villoncourt,57,medium,index match by confused number (1.00)
631,Rennegoutte.,Rennegoutte,,provostship-bruyeres,,clergy,,,,main,,rennegoutte,57,high,
632,Destord.,Destord,,provostship-bruyeres,,clergy,,,,main,,destord,58,medium,index match by loose number (1.00)
633,Fremyfontaine.,Fremyfontaine,,provostship-bruyeres,,clergy,,,,main,,fremifontaine,58,medium,index match by confused number (0.92)
634,Decymont.,Decymont,,provostship-bruyeres,,clergy,,,,main,,deycimont,58,medium,index match by confused number (0.82)
635,Vymesnil.,Vymesnil,,ban-grandvillers-et-dompierre,,clergy,,,,main,,vimenil,58,medium,index match by index number (1.00)
636,Aidolles.,Aidolles,,ban-grandvillers-et-dompierre,,clergy,,,,main,,aydoilles,58,high,
637,Fontenay.,Fontenay,,ban-grandvillers-et-dompierre,,clergy,,,,main,,fontenay,58,high,
638,Mesmesnil.,Mesmesnil,,ban-grandvillers-et-dompierre,,clergy,,,,main,,memenil,58,high,
639,Fontenay.,Fontenay,,ban-vaudicourt,,clergy,,,,main,,fontenay,58,medium,index match by confused number (1.00)
640,Aidolles',Aidolles,,ban-vaudicourt,,clergy,,,,main,,aydoilles,58,high,
641,Charmois.,Charmois,,ban-vaudicourt,,clergy,,,,main,,charmois-devant-bruyeres,58,high,
642,Le Roullier.,Le Roullier,,ban-vaudicourt,,clergy,,,,main,,boulier,58,high,number read from 'C42'
643,Mozeville.,Mozeville,,ban-vaudicourt,,clergy,,,,main,,nonzeville,58,medium,index match by confused number (0.84)
644,Girecourt.,Girecourt,,ban-vaudicourt,,clergy,,,,main,,girecourt-sur-durbion,58,medium,index match by confused number (1.00)
645,Brouvelieures.,Brouvelieures,,ban-belmont,,clergy,,,,main,,brouvelieures,58,high,
646,Donfain.,Donfain,,ban-belmont,,clergy,,,,main,,domfaing,58,high,
647,Mortane.,Mortane,,ban-belmont,,clergy,,,,main,,mortagne,58,high,
648,Rehaupault.,Rehaupault,,ban-belmont,,clergy,,,,main,,rehaupal,58,high,
649,Destort.,Destort,,ban-belmont,,clergy,,,,main,,destord,58,high,
650,Nonzeville.,Nonzeville,,ban-belmont,,clergy,,,,main,,nonzeville,58,high,
651,Byfontaine.,Byfontaine,,ban-belmont,,clergy,,,,main,,biffontaine,58,high,
652,Lespouillière.,Lespouillière,,ban-belmont,,clergy,,,,main,,les-poulieres,58,high,
653,Bayecourt.,Bayecourt,,ban-bayecourt,,clergy,,,,main,,bayecourt,58,high,
654,Domepvre.,Domepvre,,ban-bayecourt,,clergy,,,,main,,domevre-sur-durbion,58,high,
655,Villoncourt.,Villoncourt,,ban-bayecourt,,clergy,,,,main,,villoncourt,58,high,
656,Lespange.,Lespange,,ban-bayecourt,,fief,,,,main,,lepanges-sur-vologne,58,high,
657,Fymesnil.,Fymesnil,,ban-bayecourt,,fief,,,,main,,fimenil,58,high,
658,La Houssière.,La Houssière,,ban-bayecourt,,fief,,,,main,,la-houssiere,58,high,
659,La Coste.,La Coste,,ban-bayecourt,,fief,,,,main,,sur-la-cote,58,high,
660,Gerbepault.,Gerbepault,,ban-bayecourt,,fief,,,,main,,gerbepal,58,high,
661,Brouvelicures.,Brouvelicures,,ban-bayecourt,,fief,,,,main,,brouvelieures,59,high,
662,Donfain.,Donfain,,ban-bayecourt,,fief,,,,main,,domfaing,59,high,
663,Mortane.,Mortane,,ban-bayecourt,,fief,,,,main,,mortagne,59,high,
664,Belmont.,Belmont,,ban-bayecourt,,fief,,,,main,,belmont-sur-buttant,59,high,
665,Le Void de Belmont.,Le Void de Belmont,,ban-bayecourt,,fief,,,,main,,void-de-belmont,59,high,
666,Serou.,Serou,,ban-bayecourt,,fief,,,,main,,barbey-seroux,59,high,
667,Vichibure.,Vichibure,,ban-bayecourt,,fief,,,,main,,vichibure,59,high,
668,Rexurieux.,Rexurieux,,ban-bayecourt,,fief,,,,main,,ruxurieux,59,medium,index match by loose number (0.89)
669,Rambeville.,Rambeville,,ban-bayecourt,,fief,,,,main,,rembaville,59,high,
670,Chenusmesnil.,Chenusmesnil,,ban-bayecourt,,fief,,,,main,,chenimenil,59,high,
671,Chasteau-sur-Perle.,Chasteau-sur-Perle,,ban-bayecourt,,fief,,,,main,,chatcau-sur-pcrlc,59,high,
672,Granges.,Granges,,ban-bayecourt,,fief,,,,main,,granges-sur-vologne,59,high,
673,"Girecourt, chasteau et village.",Girecourt,castle|village,ban-bayecourt,,fief,,,,main,,girecourt-sur-durbion,59,high,
674,Fremyfontaine.,Fremyfontaine,,ban-bayecourt,,fief,,,,main,,fremifontaine,59,high,
675,"Domepvre-sur-Durbion, chasteau et village,",Domepvre-sur-Durbion,castle|village,ban-bayecourt,,fief,,,,main,,domevre-sur-durbion,59,high,
676,La Vervezelle.,La Vervezelle,,ban-bayecourt,,fief,,,,main,,vervezelle,59,high,
677,"Faulcompierre, chasteau ruiné.",Faulcompierre,castle|deserted_village,provostship-bruyeres,lordship-faucompierre,fief,,,,main,,faucompierre,59,high,
678,Les Foulz.,Les Foulz,,provostship-bruyeres,lordship-faucompierre,fief,,,,main,,les-fouies,59,high,
679,Sainct-Jean-du-Marché.,Sainct-Jean-du-Marché,,provostship-bruyeres,lordship-faucompierre,fief,,,,main,,saint-jean-du-marche,59,high,
680,Le Boullay.,Le Boullay,,provostship-bruyeres,lordship-faucompierre,fief,,,,main,,le-boulay,59,high,
681,"Arches, chasteau et ville.",Arches,castle|town,ban-arches,,domain,,,,main,,arches,59,medium,index match by loose number (1.00)
682,"Arches, village.",Arches,village,ban-arches,,domain,,,,main,,arches,59,high,
683,"Archette, franc fied,",Archette,,ban-arches,,domain,,,,main,,archettes,59,high,
684,Giromesnil.,Giromesnil,,ban-arches,,domain,,,,main,,geromenil,59,high,
685,Gimesnil.,Gimesnil,,ban-arches,,domain,,,,main,,gumenil,59,high,
686,Allamesnil.,Allamesnil,,ban-arches,,domain,,,,main,,lamenil,59,high,
687,Anneufmesnil.,Anneufmesnil,,ban-arches,,domain,,,,main,,agneumenil,59,high,
688,Hadon.,Hadon,,ban-arches,,domain,,,,main,,hadol,59,high,
689,Les Royes.,Les Royes,,ban-arches,,domain,,,,main,,eloyes,59,high,
690,Senaydes.,Senaydes,,ban-arches,,domain,,,,main,,senade,59,high,
691,Le Sautel.,Le Sautel,,ban-arches,,domain,,,,main,,le-sautelz,60,high,
692,Le Roullier de Dounoux.,Le Roullier de Dounoux,,ban-arches,,domain,,,,main,,le-routier,60,high,
693,Pouxey.,Pouxey,,ban-arches,,domain,,,,main,,pouxeux,60,medium,index match by confused number (0.77)
694,Clairegoutte.,Clairegoutte,,ban-arches,,domain,,,,main,,chaine-goutte,60,high,
695,La Chambre de Molin.,La Chambre de Molin,,ban-arches,,domain,,,,main,,chambrc-de-moulin,60,high,
696,Ranfain.,Ranfain,,ban-arches,,domain,,,,main,,ranfaing,60,high,
697,Le Verd-Corrois.,Le Verd-Corrois,,ban-arches,,domain,,,,main,,verconroye,60,high,
698,Olychamps.,Olychamps,,ban-arches,,domain,,,,main,,olichamp,60,high,
699,Rouverois.,Rouverois,,ban-arches,,domain,,,,main,,rouveroye,60,high,
700,Outreleau.,Outreleau,,ban-arches,,domain,,,,main,,oulrclean,60,high,
701,Tendon.,Tendon,,ban-tendon,,domain,,,,main,,tendon,60,high,
702,Leaveline de Houx.,Leaveline de Houx,,ban-tendon,,domain,,,,main,,laveline-du-houx,60,high,
703,Chamontaruz.,Chamontaruz,,ban-tendon,,domain,,,,main,,xamontarupt,60,high,
704,La Hutte.,La Hutte,,ban-tendon,,domain,,,,main,,hutte,60,high,
705,La Poirie.,La Poirie,,ban-tendon,,domain,,,,main,,la-poirie,60,medium,index match by confused number (1.00)
706,Demenge-Champs.,Demenge-Champs,,ban-tendon,,domain,,,,main,,demange-champ,60,high,
707,Hennezel.,Hennezel,,ban-tendon,,domain,,,,main,,hennezel,60,high,
708,Les Monnelotz.,Les Monnelotz,,ban-tendon,,domain,,,,main,,les-monnclotz,60,high,
709,Le Mesnil.,Le Mesnil,,ban-bellefontaine,,domain,,,,main,,le-menil-ramonchamp,60,high,
710,Raon.,Raon,,ban-bellefontaine,,domain,,,,main,,maisons-de-raon-ce,60,high,
711,Milleronfain.,Milleronfain,,ban-bellefontaine,,domain,,,,main,,mnilleronfaing,60,high,
712,Le Pont-Janson.,Le Pont-Janson,,ban-bellefontaine,,domain,,,,main,,le-pont-jeanson,60,high,
713,Le Pont-de-Pierre.,Le Pont-de-Pierre,,ban-bellefontaine,,domain,,,,main,,le-pont-de-pierre,60,high,
714,Le Jallerel.,Le Jallerel,,ban-bellefontaine,,domain,,,,main,,jaileray,60,high,
715,"Plombières, bains naturellement enaudz et prieuré.",Plombières,priory,ban-bellefontaine,,domain,,,,main,,plombieres-les-bains,60,high,
716,Molin.,Molin,,ban-molin,,domain,,,,main,,moulin,60,high,
717,La Forresterie.,La Forresterie,,ban-molin,,domain,,,,main,,foresterie-la-du-ban-de-moulin,60,high,
718,Seuch.,Seuch,,ban-molin,,domain,,,,main,,seux,60,high,
719,Senevois.,Senevois,,ban-molin,,domain,,,,main,,xennois,60,high,
720,Auterive.,Auterive,,ban-molin,,domain,,,,main,,autrive,60,high,
721,Mehachamps.,Mehachamps,,ban-molin,,domain,,,,main,,mehachamp,61,high,
722,Nailleviller.,Nailleviller,,ban-molin,,domain,,,,main,,ncyvillers,61,high,
723,Sainct-Avet.,Sainct-Avet,,ban-molin,,domain,,,,main,,saint-ame,61,high,
724,Sainct-Estienne.,Sainct-Estienne,,ban-molin,,domain,,,,main,,saint-etienne-les-remiremont,61,high,
725,La Grande Mairie.,La Grande Mairie,,ban-vagney,,domain,,,,main,,la-grande-mairie,61,low,index match by none (0.00)
726,Vagny.,Vagny,,ban-vagney,,domain,,,,main,,vagney,61,high,
727,La Poyrie.,La Poyrie,,ban-vagney,,domain,,,,main,,la-poirie-saulxures,61,high,
728,Pubas.,Pubas,,ban-vagney,,domain,,,,main,,pubas,61,high,
729,Contrexart.,Contrexart,,ban-vagney,,domain,,,,main,,conlrexard,61,high,
730,Gerbaumont.,Gerbaumont,,ban-vagney,,domain,,,,main,,gerbamont,61,medium,index match by confused number (0.95)
731,Cremonviller.,Cremonviller,,ban-vagney,,domain,,,,main,,cremanviller,61,high,
732,Vielxart.,Vielxart,,ban-vagney,,domain,,,,main,,vixard,61,high,
733,Nol.,Nol,,ban-vagney,,domain,,,,main,,la-nol,61,high,
734,Lesiol.,Lesiol,,ban-vagney,,domain,,,,main,,lejols,61,high,
735,Pubais.,Pubais,,mayoralty-usuaires,,domain,,,,main,,pubas,61,high,
736,Breire.,Breire,,mayoralty-usuaires,,domain,,,,main,,la-prclle,61,high,
737,Trugemont.,Trugemont,,mayoralty-usuaires,,domain,,,,main,,trougcmont,61,high,
738,Les Amyas.,Les Amyas,,mayoralty-usuaires,,domain,,,,main,,les-ainias,61,medium,index match by index number (1.00)
739,Les Graviers.,Les Graviers,,mayoralty-usuaires,,domain,,,,main,,les-graviers,61,high,
740,Rougesson.,Rougesson,,mayoralty-usuaires,,domain,,,,main,,rochesson,61,high,
741,Planoy.,Planoy,,mayoralty-usuaires,,domain,,,,main,,planois,61,high,
742,Poirie de Saulxures.,Poirie de Saulxures,,mayoralty-usuaires,,domain,,,,main,,la-poirie-saulxures,61,high,
743,Gerbaumont.,Gerbaumont,,mayoralty-usuaires,,domain,,,,main,,gerbamont,61,high,
744,Peccaviller.,Peccaviller,,mayoralty-usuaires,,domain,,,,main,,pecaviller,61,high,
745,Jainviller.,Jainviller,,mayoralty-usuaires,,domain,,,,main,,zainvillers,61,high,
746,Enssens-la-Ville.,Enssens-la-Ville,,mayoralty-usuaires,,domain,,,,main,,cens-la-vhle,61,high,
747,"Giradmer, beau lac et vi""-7c.",Giradmer,,mayoralty-usuaires,,domain,,,,main,,gerardmer,61,high,
748,La Bresse.,La Bresse,,mayoralty-usuaires,,domain,,,,main,,la-bresse,61,high,
749,Lonchamps.,Lonchamps,,ban-longchamp,,domain,,,,main,,longchamp,61,high,
750,Franoult.,Franoult,,ban-longchamp,,domain,,,,main,,franould,61,high,
751,Buz.,Buz,,ban-longchamp,,domain,,,,main,,rupt-sur-moselle,61,medium,index match by number (0.29)
752,La Poyrie.,La Poyrie,,ban-longchamp,,domain,,,,main,,la-poirie-dommarlin,62,high,
753,Vescoux.,Vescoux,,ban-longchamp,,domain,,,,main,,vecoux,62,medium,index match by confused number (0.92)
754,Beherey.,Beherey,,ban-longchamp,,domain,,,,main,,reherrey,62,high,
755,Lespange.,Lespange,,ban-longchamp,,domain,,,,main,,lepangc,62,high,
756,La Dermanville.,La Dermanville,,ban-longchamp,,domain,,,,main,,la-dcrmanville,62,high,
757,La Roche.,La Roche,,ban-longchamp,,domain,,,,main,,la-roche,62,high,
758,Remanviller.,Remanviller,,ban-longchamp,,domain,,,,main,,remanvillcrs,62,high,
759,Le Chesne.,Le Chesne,,ban-longchamp,,domain,,,,main,,le-chene,62,high,
760,Saulx.,Saulx,,ban-longchamp,,domain,,,,main,,sauli,62,high,
761,Liebauxart.,Liebauxart,,ban-longchamp,,domain,,,,main,,liebauxard,62,high,
762,Ferdruz.,Ferdruz,,ban-longchamp,,domain,,,,main,,ferdrupt,62,high,
763,Xouaruz.,Xouaruz,,ban-longchamp,,domain,,,,main,,xoarupt,62,high,
764,Ramonchamps.,Ramonchamps,,ban-ramonchamp,,domain,,,,main,,ramonchamp,62,medium,index match by confused number (0.95)
765,Lestraye.,Lestraye,,ban-ramonchamp,,domain,,,,main,,letrayc,62,high,
766,La Moline.,La Moline,,ban-ramonchamp,,domain,,,,main,,la-mouline,62,high,
767,Lestât.,Lestât,,ban-ramonchamp,,domain,,,,main,,etat,62,high,
768,Sainct-Maurice.,Sainct-Maurice,,ban-ramonchamp,,domain,,,,main,,saint-maurice-sur-moselle,62,high,
769,Busans.,Busans,,ban-ramonchamp,,domain,,,,main,,bussang,62,high,
770,"Remyremont, ville et abbaye de dames de l'ordre de sainct Benoisl'.",Remyremont,town|abbey,ban-ramonchamp,,clergy,,,,main,benedictine,remiremont,62,high,
771,"Le Sainct--Mont, prieuré de l'ordre de...s",Le Sainct--Mont,priory,ban-ramonchamp,,clergy,,,,main,,le-saint-mont,62,high,
772,"Hérival, prieuré de l'ordre de premonstré.",Hérival,priory,ban-ramonchamp,,clergy,,,,main,premonstratensian,herival,62,high,
773,Pont.,Pont,,ban-ramonchamp,,clergy,,,,main,,pont,62,high,
774,Selle.,Selle,,ban-ramonchamp,,clergy,,,,main,,celles,62,high,
775,Quessonville.,Quessonville,,ban-ramonchamp,,clergy,,,,main,,quessonviller,62,medium,index match by confused number (0.96)
776,Rouveroy.,Rouveroy,,ban-ramonchamp,,clergy,,,,main,,rouveroye,62,high,
777,Sainct-Estienne.,Sainct-Estienne,,ban-ramonchamp,,clergy,,,,main,,saint-etienne-les-remiremont,62,high,
778,Dommartin.,Dommartin,,ban-ramonchamp,,clergy,,,,main,,dommartin-les-remiremont,63,high,
779,Raon-aux-Bois.,Raon-aux-Bois,,ban-ramonchamp,,clergy,,,,main,,raon-aux-bois,63,high,
780,Franoult.,Franoult,,ban-ramonchamp,,clergy,,,,main,,franould,63,high,
781,Sainct-Amet.,Sainct-Amet,,ban-ramonchamp,,clergy,,,,main,,saint-ame,63,high,
782,La Bastelieule.,La Bastelieule,,val-ajol,,clergy,,,,main,,la-battelieule,63,high,
783,La Coste.,La Coste,,val-ajol,,clergy,,,,main,,les-cotes,63,high,
784,Le Moncel.,Le Moncel,,val-ajol,,clergy,,,,main,,le-moncel,63,medium,index match by confused number (1.00)
785,La Croix.,La Croix,,val-ajol,,clergy,,,,main,,la-croix,63,high,
786,La Banvoye.,La Banvoye,,val-ajol,,clergy,,,,main,,la-banvoye,63,medium,index match by confused number (1.00)
787,Leyval.,Leyval,,val-ajol,,clergy,,,,main,,levai,63,high,
788,Fraymont.,Fraymont,,val-ajol,,clergy,,,,main,,faymont,63,high,
789,Colruz.,Colruz,,val-ajol,,clergy,,,,main,,courrupt,63,high,
790,Les Chesnes.,Les Chesnes,,val-ajol,,clergy,,,,main,,les-chenes,63,high,
791,Hamauxart.,Hamauxart,,val-ajol,,clergy,,,,main,,hamauxard,63,high,
792,Oultremont.,Oultremont,,val-ajol,,clergy,,,,main,,outrcmonl,63,high,
793,Les Champs.,Les Champs,,val-ajol,,clergy,,,,main,,les-champs,63,high,
794,Laistre.,Laistre,,val-ajol,,clergy,,,,main,,laitre-val-d-ajol,63,high,
795,Larriére.,Larriére,,val-ajol,,clergy,,,,main,,larriere,63,high,
796,Dandirand.,Dandirand,,val-ajol,,clergy,,,,main,,dandirant,63,high,
797,Combelgoutte.,Combelgoutte,,val-ajol,,clergy,,,,main,,la-combclle,63,high,
798,Le Haryol.,Le Haryol,,val-ajol,,clergy,,,,main,,le-hario,63,high,
799,Olychamps.,Olychamps,,val-ajol,,clergy,,,,main,,olichamp-val-d-ajol,63,high,
800,Mexille.,Mexille,,val-ajol,,clergy,,,,main,,mercille,63,high,
801,Les Fains-Potalz.,Les Fains-Potalz,,val-ajol,,clergy,,,,main,,faings-polots-les-ham,63,high,
802,Bonchastel.,Bonchastel,,val-ajol,,clergy,,,,main,,boucliatel,63,high,
803,"Plombières, en partie.",Plombières,,val-ajol,,clergy,,part,,main,,plombieres-les-bains,63,high,
804,Jeharmesnil.,Jeharmesnil,,val-ajol,,fief,,,,main,,jarmenil,63,high,
805,Moussou.,Moussou,,val-ajol,,fief,,,,main,,moussoux,63,high,
806,Dounou.,Dounou,,val-ajol,,fief,,,,main,,dounoux,63,high,
807,Urymesnil.,Urymesnil,,val-ajol,,fief,,,,main,,urimenil,63,high,
808,Geromesnil.,Geromesnil,,val-ajol,,fief,,,,main,,geromenil,63,high,
809,Moyenpault.,Moyenpault,,val-ajol,,fief,,,,main,,moyenpal,63,high,
810,Uzemain.,Uzemain,,val-ajol,,fief,,,,main,,uzemain-les-forges,63,high,
811,Bains.,Bains,,val-ajol,,fief,,,,main,,bains-les-bains,64,high,number read from 'Mi'
812,Raon.,Raon,,val-ajol,,fief,,,,main,,raon-aux-bois,64,high,1 number(s) missing before
813,Les Francs-Chasaulx.,Les Francs-Chasaulx,,val-ajol,,fief,,,,main,,le-franc-chazcau,64,high,
814,Longuet.,Longuet,,val-ajol,,fief,,,,main,,longuet,64,high,
815,Sainct-Nabvoir.,Sainct-Nabvoir,,val-ajol,,fief,,,,main,,saint-nabord,64,high,
816,Vagny.,Vagny,,ban-vagney,,fief,,,,main,,vagney,64,high,
817,La Forresterie.,La Forresterie,,ban-vagney,,fief,,,,main,,la-foresterie-du-ban-de-vagncy,64,high,
818,Sapois.,Sapois,,ban-vagney,,fief,,,,main,,sapois,64,high,
819,Rougesson.,Rougesson,,ban-vagney,,fief,,,,main,,rochesson,64,high,
820,Lessol.,Lessol,,ban-vagney,,fief,,,,main,,lejols,64,medium,index match by index number (1.00)
821,Planoy.,Planoy,,ban-vagney,,fief,,,,main,,planois,64,high,
822,Baymont.,Baymont,,ban-vagney,,fief,,,,main,,bamont,64,high,
823,La Poirie.,La Poirie,,ban-vagney,,fief,,,,main,,la-poirie-238,64,medium,index match by confused number (1.00)
824,Les Amyas.,Les Amyas,,ban-vagney,,fief,,,,main,,les-ainias,64,high,
825,Peccaviller.,Peccaviller,,ban-vagney,,fief,,,,main,,pecaviller,64,high,
826,Jainviller.,Jainviller,,ban-vagney,,fief,,,,main,,zainvillers,64,high,
827,Bresle.,Bresle,,ban-vagney,,fief,,,,main,,la-prclle,64,high,
828,Fontaine.,Fontaine,,ban-vagney,,fief,,,,main,,fontaine,64,high,
829,Cremanviller.,Cremanviller,,ban-vagney,,fief,,,,main,,cremanviller,64,high,
830,Brehanviller.,Brehanviller,,ban-vagney,,fief,,,,main,,brehaviller,64,medium,index match by confused number (0.96)
831,Bains.,Bains,,ban-vagney,,fief,,,,main,,bains-les-bains,64,high,
832,Le Chesnois.,Le Chesnois,,ban-vagney,,fief,,,,main,,le-chanois,64,high,
833,Xousses.,Xousses,,ban-vagney,,fief,,,,main,,xoulce,64,high,
834,Cornymont.,Cornymont,,ban-vagney,,fief,,,,main,,cornimont,64,high,
835,Ventron.,Ventron,,ban-vagney,,fief,,,,main,,ventron,64,medium,index match by confused number (1.00)
836,Lespainge.,Lespainge,,mayoralty-longchamp,,fief,,,,main,,lepangc,64,high,
837,Maxonchamps.,Maxonchamps,,mayoralty-longchamp,,fief,,,,main,,maxonchamp,64,high,
838,Ruz.,Ruz,,mayoralty-longchamp,,fief,,,,main,,rupt-sur-moselle,64,high,
839,L'Estat.,L'Estat,,mayoralty-longchamp,,fief,,,,main,,lette,64,high,
840,La Roche.,La Roche,,mayoralty-longchamp,,fief,,,,main,,la-roche,64,high,
841,Ferdruz.,Ferdruz,,mayoralty-longchamp,,fief,,,,main,,ferdrupt,64,high,
842,Franoult.,Franoult,,mayoralty-longchamp,,fief,,,,main,,franould,64,high,
843,La Coste.,La Coste,,mayoralty-longchamp,,fief,,,,main,,la-cote,64,high,
844,La Poirie.,La Poirie,,mayoralty-longchamp,,fief,,,,main,,la-poirie-dommarlin,65,high,
845,Baymont.,Baymont,,mayoralty-longchamp,,fief,,,,main,,bamont,65,high,
846,Forresterie du ban de Longchamps.,Forresterie du ban de Longchamps,,mayoralty-longchamp,,fief,,,,main,,la-foresterie,65,high,
847,Fresse.,Fresse,,mayoralty-longchamp,,fief,,,,main,,fresse-sur-moselle,65,medium,index match by confused number (1.00)
848,Le Prey.,Le Prey,,mayoralty-longchamp,,fief,,,,main,,pre-derriere,65,high,
849,Demeruz.,Demeruz,,mayoralty-longchamp,,fief,,,,main,,demrupl,65,high,
850,Le Mesnil.,Le Mesnil,,mayoralty-longchamp,,fief,,,,main,,le-menil-229,65,high,
851,Sainct-Maurise.,Sainct-Maurise,,mayoralty-longchamp,,fief,,,,main,,saint-maurice-sur-moselle,65,high,
852,Le Charmois-devant-Bains.,Le Charmois-devant-Bains,,mayoralty-longchamp,,fief,,,,main,,le-charmois-bains,65,high,
853,"Fontenoy, baronnic, chasteau et village.",Fontenoy,castle|village,provostship-arches,lordship-fontenoy-le-chateau,fief,,,,main,,fontenoy-le-chateau,65,medium,index match by index number (1.00)
854,Fontenoy-la-Ville.,Fontenoy-la-Ville,,provostship-arches,lordship-fontenoy-le-chateau,fief,,,,main,,fontenoy-la-ville,65,high,
855,Le Mesnil.,Le Mesnil,,provostship-arches,lordship-fontenoy-le-chateau,fief,,,,main,,le-menil-bellefontainc,65,high,
856,Montmonstier.,Montmonstier,,provostship-arches,lordship-fontenoy-le-chateau,fief,,,,main,,montmotier,65,high,
857,Tremonxey.,Tremonxey,,provostship-arches,lordship-fontenoy-le-chateau,fief,,,,main,,tremonzey,65,high,
858,Xartigny.,Xartigny,,provostship-arches,lordship-l-alleu,fief,,,,main,,xertigny,65,high,
859,Amerey.,Amerey,,provostship-arches,lordship-l-alleu,fief,,,,main,,amcrey,65,high,
860,"Gardelmont, chasteau et ville.",Gardelmont,castle|town,provostship-arches,lordship-l-alleu,fief,,,,main,,hardemont,65,high,
861,La Forrest.,La Forrest,,provostship-arches,lordship-l-alleu,fief,,,,main,,la-forei,65,high,
862,La Franouze.,La Franouze,,provostship-arches,lordship-l-alleu,fief,,,,main,,la-franouze,65,high,
863,Granges.,Granges,,provostship-arches,lordship-l-alleu,fief,,,,main,,granges-de-plombieres,65,high,
864,Gremefontaine.,Gremefontaine,,provostship-arches,lordship-l-alleu,fief,,,,main,,gremifontaine,65,high,
865,Clerjus.,Clerjus,,provostship-arches,lordship-l-alleu,fief,,,,main,,le-clerjus,65,high,
866,La Chappelle.,La Chappelle,,provostship-arches,lordship-l-alleu,fief,,,,main,,la-chapelle-aux-bois,65,high,
867,Razey.,Razey,,provostship-arches,lordship-l-alleu,fief,,,,main,,razey,65,high,
868,"Fougerolles, chasteau et village.",Fougerolles,castle|village,provostship-arches,lordship-l-alleu,fief,,,,main,,fougerolles,65,high,
869,"Charmes, ville et chasteau ruiné.",Charmes,castle|town|deserted_village,provostship-charmes,,domain,,,,main,,charmes,65,high,
870,Rugny.,Rugny,,provostship-charmes,,domain,,,,main,,rugney,65,high,
871,Florémont.,Florémont,,provostship-charmes,,domain,,,,main,,floremont,65,high,
872,Bralleville.,Bralleville,,provostship-charmes,,domain,,,,main,,bralleville,65,high,number read from '87J'
873,Germonville.,Germonville,,provostship-charmes,,domain,,,,main,,germonville,66,high,
874,Gripport.,Gripport,,provostship-charmes,,domain,,,,main,,gripport,66,high,
875,Socourt.,Socourt,,provostship-charmes,,domain,,,,main,,socourt,66,high,
876,Brantigny.,Brantigny,,provostship-charmes,,domain,,,,main,,brantigny,66,high,
877,Vincey au ban des Chesnes.,Vincey au ban des Chesnes,,provostship-charmes,,domain,,,,main,,vincey,66,medium,index match by number (0.44)
878,"Xugney, commandcrie et village.",Xugney,village,provostship-charmes,,clergy,,,,main,,xugney,66,high,
879,Gugney-aux-Aulx.,Gugney-aux-Aulx,,provostship-charmes,,clergy,,,,main,,gugney-aux-aulx,66,high,
880,Encegney.,Encegney,,provostship-charmes,,clergy,,,,main,,essegney,66,high,
881,Battigny-Sainct-Brice.,Battigny-Sainct-Brice,,provostship-charmes,,clergy,,,,main,,bettegney-saint-brice,66,high,
882,Le Val.,Le Val,,provostship-charmes,,clergy,,,,main,,evaux-et-menil,66,high,
883,Le Mesnil.,Le Mesnil,,provostship-charmes,,clergy,,,,main,,menil-evaux-ct-menil,66,high,
884,Gripport.,Gripport,,provostship-charmes,,clergy,,,,main,,gripport,66,high,
885,Socourt.,Socourt,,provostship-charmes,,clergy,,,,main,,socourt,66,high,
886,Sainct-Finnin.,Sainct-Finnin,,provostship-charmes,,clergy,,,,main,,saint-firmin,66,high,
887,"Savigny, chasteau et village.",Savigny,castle|village,provostship-charmes,,fief,,,,main,,savigny,66,high,
888,Rappel.,Rappel,,provostship-charmes,,fief,,,,main,,rapey,66,high,
889,Battigny-Sainct-Brice.,Battigny-Sainct-Brice,,provostship-charmes,,fief,,,,main,,bettegney-saint-brice,66,high,
890,"Ubexey, cliasteau et village.",Ubexey,village,provostship-charmes,,fief,,,,main,,ubexy,66,high,
891,Viefville.,Viefville,,provostship-charmes,,fief,,,,main,,vieville,66,high,
892,Sainct-Firmin.,Sainct-Firmin,,provostship-charmes,,fief,,,,main,,saint-firmin,66,high,
893,Le Val.,Le Val,,provostship-charmes,,fief,,,,main,,evaux-et-menil,66,medium,index match by confused number (0.95)
894,Le Mesnil.,Le Mesnil,,provostship-charmes,,fief,,,,main,,menil-evaux-ct-menil,66,high,
895,Gugney-aux-Aulx.,Gugney-aux-Aulx,,provostship-charmes,,fief,,,,main,,gugney-aux-aulx,66,high,
896,Bralleville.,Bralleville,,provostship-charmes,,fief,,,,main,,bralleville,66,high,
897,Germonville.,Germonville,,provostship-charmes,,fief,,,,main,,germonville,66,high,
898,Xironcourt et Juvoncourt (le ban de).,Xironcourt et Juvoncourt,,provostship-charmes,,fief,,,,main,,jevoncourt,66,high,
899,"Mirecourt, ville.",Mirecourt,town,provostship-mirecourt-et-remoncourt,,domain,,,,main,,mirecourt,66,medium,index match by loose number (1.00)
900,La Neufville-soubz-Montfort.,La Neufville-soubz-Montfort,,provostship-mirecourt-et-remoncourt,,domain,,,,main,,la-neuveville-sous-montfort,66,high,
901,Remoncourt.,Remoncourt,,provostship-mirecourt-et-remoncourt,,domain,,,,main,,remoncourt,66,high,
902,Bazailles.,Bazailles,,provostship-mirecourt-et-remoncourt,,domain,,,,main,,bazoilles-et-menil,66,high,
903,Vivier.,Vivier,,provostship-mirecourt-et-remoncourt,,domain,,,,main,,viviers-les-offroicourt,67,high,
904,Hymont.,Hymont,,provostship-mirecourt-et-remoncourt,,domain,,,,main,,hymont,67,high,
905,Mattaincourt.,Mattaincourt,,provostship-mirecourt-et-remoncourt,,domain,,,,main,,mattaincourt,67,high,
906,Vroville.,Vroville,,provostship-mirecourt-et-remoncourt,,domain,,,,main,,vroville,67,high,
907,Puzieu.,Puzieu,,provostship-mirecourt-et-remoncourt,,domain,,,,main,,puzieux,67,high,
908,Romecourt.,Romecourt,,provostship-mirecourt-et-remoncourt,,domain,,,,main,,ramecourt,67,high,
909,Chauvecourt.,Chauvecourt,,provostship-mirecourt-et-remoncourt,,domain,,,,main,,chauffecourt,67,high,
910,Bethoncourt.,Bethoncourt,,provostship-mirecourt-et-remoncourt,,domain,,,,main,,bettoncourt,67,high,
911,Ambascourt.,Ambascourt,,provostship-mirecourt-et-remoncourt,,domain,,,,main,,ambacourt,67,high,
912,Viller.,Viller,,provostship-mirecourt-et-remoncourt,,domain,,,,main,,villers,67,high,
913,Dombasle-en-Sainctois.,Dombasle-en-Sainctois,,provostship-mirecourt-et-remoncourt,,domain,,,,main,,dombasle-en-xaintois,67,medium,index match by confused number (0.89)
914,"Poursas, abbaye de dames de L'ordre de... [*]",Poursas,abbey,provostship-mirecourt-et-remoncourt,,clergy,,,,main,,poussay,67,high,
915,Estrennes.,Estrennes,,provostship-mirecourt-et-remoncourt,,clergy,,,,main,,estrennes,67,high,
916,Bazaille.,Bazaille,,provostship-mirecourt-et-remoncourt,,clergy,,,,main,,bazoilles-et-menil,67,high,
917,Le Mesnil.,Le Mesnil,,provostship-mirecourt-et-remoncourt,,clergy,,,,main,,le-mesnil,67,high,
918,They-soub-Montfort.,They-soub-Montfort,,provostship-mirecourt-et-remoncourt,,clergy,,,,main,,they-sous-monifort,67,high,
919,Girecourt.,Girecourt,,provostship-mirecourt-et-remoncourt,,clergy,,,,main,,girecourt-lez-yieville,67,high,
920,Viefville.,Viefville,,provostship-mirecourt-et-remoncourt,,clergy,,,,main,,vieville,67,high,
921,Embescourt.,Embescourt,,provostship-mirecourt-et-remoncourt,,clergy,,,,main,,ambacourt,67,high,
922,Parey-soubz-Montfort.,Parey-soubz-Montfort,,provostship-mirecourt-et-remoncourt,,clergy,,,,main,,parey-sous-montfort,67,high,
923,Remoncourt,Remoncourt,,provostship-mirecourt-et-remoncourt,,clergy,,,,main,,remoncourt,67,high,
924,"Ligniville, chasteau et village.",Ligniville,castle|village,provostship-mirecourt-et-remoncourt,,fief,,,,main,,ligneville,67,high,
925,"Vitel, bourg.",Vitel,small_town,provostship-mirecourt-et-remoncourt,,fief,,,,main,,vittel,67,high,
926,"Donjulien, chasteau et bourg.",Donjulien,castle|small_town,provostship-mirecourt-et-remoncourt,,fief,,,,main,,domjulien,67,medium,index match by loose number (0.89)
927,Dombasle.,Dombasle,,provostship-mirecourt-et-remoncourt,,fief,,,,main,,dombasle-en-xaintois,67,medium,index match by index number (1.00)
928,"Offraucourt, chasteau et village",Offraucourt,castle|village,provostship-mirecourt-et-remoncourt,,fief,,,,main,,offroicourt,67,high,
929,Gironviller.,Gironviller,,provostship-mirecourt-et-remoncourt,,fief,,,,main,,girovillers-sous-montfort,67,high,
930,"Mazirot, chasteau et village.",Mazirot,castle|village,provostship-mirecourt-et-remoncourt,,fief,,,,main,,mazirot,67,high,
931,Haréville.,Haréville,,provostship-mirecourt-et-remoncourt,,fief,,,,main,,hareville,68,high,
932,Pont-sur-Mauldon.,Pont-sur-Mauldon,,provostship-mirecourt-et-remoncourt,,fief,,,,main,,pont-sur-madon,68,medium,index match by confused number (0.85)
933,Oilleville.,Oilleville,,provostship-mirecourt-et-remoncourt,,fief,,,,main,,oelleville,68,medium,index match by confused number (0.80)
934,Betoncourt.,Betoncourt,,provostship-mirecourt-et-remoncourt,,fief,,,,main,,bettoncourt,68,medium,index match by confused number (0.95)
935,Jevaincourt.,Jevaincourt,,provostship-mirecourt-et-remoncourt,,fief,,,,main,,juvaincourt,68,high,
936,Ramecourt.,Ramecourt,,provostship-mirecourt-et-remoncourt,,fief,,,,main,,ramecourt,68,high,
937,Baudricourt.,Baudricourt,,provostship-mirecourt-et-remoncourt,,fief,,,,main,,baudricourt,68,high,
938,Domèvre.,Domèvre,,provostship-mirecourt-et-remoncourt,,fief,,,,main,,domevre-sous-montfort,68,medium,index match by confused number (1.00)
939,Romecourt.,Romecourt,,provostship-mirecourt-et-remoncourt,,fief,,,,main,,remicourt-mirecourt,68,high,
940,Bazoilles.,Bazoilles,,provostship-mirecourt-et-remoncourt,,fief,,,,main,,bazoilles-et-menil,68,high,
941,Estrennes.,Estrennes,,provostship-mirecourt-et-remoncourt,,fief,,,,main,,estrennes,68,high,
942,Girecourt.,Girecourt,,provostship-mirecourt-et-remoncourt,,fief,,,,main,,girecourt-lez-yieville,68,high,
943,Viefville.,Viefville,,provostship-mirecourt-et-remoncourt,,fief,,,,main,,vieville,68,medium,index match by confused number (0.94)
944,Le Mesnil.,Le Mesnil,,provostship-mirecourt-et-remoncourt,,fief,,,,main,,le-mesnil,68,high,
945,Remecourt.,Remecourt,,val-harol,,fief,,,,main,,ramecourt,68,high,
946,Dompvallier.,Dompvallier,,val-harol,,fief,,,,main,,domvallier,68,high,
947,Thirocourt.,Thirocourt,,val-harol,,fief,,,,main,,thiraucourt,68,high,
948,"Dompaire, ville.",Dompaire,town,provostship-dompaire-et-valfroicourt,,domain,,,,main,,dompaire,68,high,
949,Le Vaul-devant-Dompaire.,Le Vaul-devant-Dompaire,,provostship-dompaire-et-valfroicourt,,domain,,,,main,,le-val-devant-dompaire,68,high,
950,Aviller.,Aviller,,provostship-dompaire-et-valfroicourt,,domain,,,,main,,avillers,68,high,
951,Bouxiéres.,Bouxiéres,,provostship-dompaire-et-valfroicourt,,domain,,,,main,,bouxieres-aux-bois,68,high,
952,Madigny.,Madigny,,provostship-dompaire-et-valfroicourt,,domain,,,,main,,madegney,68,high,
953,Rugny.,Rugny,,provostship-dompaire-et-valfroicourt,,domain,,,,main,,regney,68,high,
954,Vomécourt.,Vomécourt,,provostship-dompaire-et-valfroicourt,,domain,,,,main,,vomecourl,68,high,
955,Bazigny.,Bazigny,,provostship-dompaire-et-valfroicourt,,domain,,,,main,,bazegney,68,high,
956,Ahéville.,Ahéville,,provostship-dompaire-et-valfroicourt,,domain,,,,main,,aheville,68,high,
957,"Bouzemont, bourg.",Bouzemont,small_town,provostship-dompaire-et-valfroicourt,,domain,,,,main,,bouzemont,68,high,
958,Rozcrotte.,Rozcrotte,,provostship-dompaire-et-valfroicourt,,domain,,,,main,,rozerotte,68,medium,index match by confused number (0.89)
959,Villotte.,Villotte,,provostship-dompaire-et-valfroicourt,,domain,,,,main,,velotte-et-tatignecourt,68,medium,index match by number (0.41)
960,Valleroy.,Valleroy,,provostship-dompaire-et-valfroicourt,,domain,,,,main,,valleroy-le-sec,68,medium,index match by loose number (1.00)
961,Ilagiecourt.,Hagiecourt,,provostship-dompaire-et-valfroicourt,,domain,,,,main,,hagecourt,68,high,
962,Madrecourt.,Madrecourt,,provostship-dompaire-et-valfroicourt,,domain,,,,main,,muiieeourt,69,high,
963,Racecourt.,Racecourt,,provostship-dompaire-et-valfroicourt,,domain,,,,main,,racecourt,69,high,
964,Moyroncourt.,Moyroncourt,,provostship-dompaire-et-valfroicourt,,domain,,,,main,,maroncourt,69,medium,index match by loose number (0.86)
965,Juxey.,Juxey,,provostship-dompaire-et-valfroicourt,,domain,,,,main,,jorxey,69,high,
966,Goherey.,Goherey,,provostship-dompaire-et-valfroicourt,,domain,,,,main,,gorhey,69,high,
967,Dommartin.,Dommartin,,provostship-dompaire-et-valfroicourt,,domain,,,,main,,dommartin-les-ville,69,high,
968,Enssens-la-Ville.,Enssens-la-Ville,,provostship-dompaire-et-valfroicourt,,domain,,,,main,,dommartin-les-ville,69,high,
969,Lamerey.,Lamerey,,provostship-dompaire-et-valfroicourt,,domain,,,,main,,lamerey,69,high,
970,Valleroy.,Valleroy,,provostship-dompaire-et-valfroicourt,,domain,,,,main,,valleroy-le-sec,69,high,
971,Chenymont.,Chenymont,,provostship-dompaire-et-valfroicourt,,domain,,,,main,,chenilmont,69,high,
972,Naglancourt.,Naglancourt,,provostship-dompaire-et-valfroicourt,,domain,,,,main,,naglaincourt,69,high,
973,Tattignécourt.,Tattignécourt,,provostship-dompaire-et-valfroicourt,,domain,,,,main,,tatignecourt,69,medium,index match by confused number (0.96)
974,Bettigny.,Bettigny,,provostship-dompaire-et-valfroicourt,,domain,,,,main,,bellegney-devant-dompaire,69,high,
975,Uxegney.,Uxegney,,ban-uxegney,,domain,,,,main,,uxegney,69,high,
976,Seuxey.,Seuxey,,ban-uxegney,,domain,,,,main,,sanchey,69,high,
977,Chattimont.,Chattimont,,ban-uxegney,,domain,,,,main,,chatimont,69,high,
978,Les Granges.,Les Granges,,ban-uxegney,,domain,,,,main,,les-neuves-granges,69,high,
979,Humbatemps.,Humbatemps,,ban-uxegney,,domain,,,,main,,humbertois,69,high,
980,Saffremesnil.,Saffremesnil,,ban-uxegney,,domain,,,,main,,safframenil,69,high,
981,Cosne.,Cosne,,ban-uxegney,,domain,,,,main,,cone,69,high,
982,Sainct-Laurent.,Sainct-Laurent,,ban-uxegney,,domain,,,,main,,saint-laurent,69,high,
983,Les Forges.,Les Forges,,ban-uxegney,,domain,,,,main,,les-forges,69,high,
984,Bainville.,Bainville,,ban-uxegney,,domain,,,,main,,bainville-aux-saules,69,high,
985,Pont-lez-Bonfay.,Pont-lez-Bonfay,,ban-uxegney,,domain,,,,main,,pont-les-bonfays,69,high,
986,Rancourt.,Rancourt,,ban-uxegney,,domain,,,,main,,rancourt,69,high,
987,Escles.,Escles,,ban-escles,,domain,,,,main,,escles,69,high,
988,Le Void.,Le Void,,ban-escles,,domain,,,,main,,void-d-escles,69,high,
989,Larrin.,Larrin,,ban-escles,,domain,,,,main,,lerrain,69,high,
990,Vyomesnil.,Vyomesnil,,ban-escles,,domain,,,,main,,viomenil,69,high,
991,Harol.,Harol,,ban-harol,,domain,,,,main,,harol,69,high,
992,Les Longues-Royes.,Les Longues-Royes,,ban-harol,,domain,,,,main,,longcroyc,69,high,
993,Le Mesnil.,Le Mesnil,,ban-harol,,domain,,,,main,,le-menil-harol,70,high,
994,Puttigny.,Puttigny,,ban-harol,,domain,,,,main,,putlegney,70,high,
995,La Rue.,La Rue,,ban-harol,,domain,,,,main,,la-rue-sous-llarol,70,high,
996,Charmois.,Charmois,,ban-harol,,domain,,,,main,,charniois-rorgueilicux,70,medium,index match by number (0.48)
997,Reblangotte.,Reblangotte,,ban-harol,,domain,,,,main,,reblangollc,70,high,
998,Nobelmont.,Nobelmont,,ban-harol,,domain,,,,main,,nobaimont,70,high,
999,Tunymont.,Tunymont,,ban-harol,,domain,,,,main,,thunimonl-ham,70,high,
1000,Valfroicourt.,Valfroicourt,,ban-harol,,domain,,,,main,,valfroicourt,70,high,
1001,Bainville.,Bainville,,ban-harol,,domain,,,,main,,bainville-aux-saules,70,high,
1002,Frenoy.,Frenoy,,ban-harol,,domain,,,,main,,frenois,70,high,
1003,"Chamoysy, abbaye de l'ordre de...*",Chamoysy,abbey,ban-madonne,,clergy,,,,main,,chaumousey,70,high,
1004,Chamoysy-la-Ville.,Chamoysy-la-Ville,,ban-madonne,,clergy,,,,main,,chaumousey,70,medium,index match by number (0.48)
1005,"Bonfay, abbaye de l'ordre de [Prcmonlréj.",Bonfay,abbey,ban-madonne,,clergy,,,,main,,bonfays,70,medium,index match by name (0.92)
1006,Le Mesnil.,Le Mesnil,,ban-madonne,,clergy,,,,main,,le-menil-harol,70,high,
1007,Neumont.,Neumont,,ban-madonne,,clergy,,,,main,,naimont,70,high,
1008,Renaudvoid.,Renaudvoid,,ban-madonne,,clergy,,,,main,,renauvoid,70,high,
1009,Oncourt.,Oncourt,,ban-madonne,,clergy,,,,main,,oncourt,70,high,
1010,Derbamont.,Derbamont,,ban-madonne,,clergy,,,,main,,derbamont,70,high,
1011,Girecourt.,Girecourt,,ban-madonne,,clergy,,,,main,,circourt,70,high,
1012,Bocquegney.,Bocquegney,,ban-madonne,,clergy,,,,main,,bocquegney,70,high,
1013,Gigney.,Gigney,,ban-madonne,,clergy,,,,main,,gigney,70,high,
1014,Abvefvenet-la-Petite.,Abvefvenet-la-Petite,,ban-madonne,,clergy,,,,main,,les-ableuvenettes,70,high,
1015,Battigny.,Battigny,,ban-madonne,,clergy,,,,main,,bellegney-devant-dompaire,70,high,
1016,Talignecourt.,Talignecourt,,ban-madonne,,clergy,,,,main,,tatignecourt,70,high,
1017,Goherey.,Goherey,,ban-bouxieres,,clergy,,,,main,,gorhey,70,high,
1018,Bocquegney.,Bocquegney,,ban-bouxieres,,clergy,,,,main,,bocquegney,70,high,
1019,Fomerey.,Fomerey,,ban-bouxieres,,clergy,,,,main,,fomerey,70,high,
1020,Hennecourt.,Hennecourt,,ban-bouxieres,,clergy,,,,main,,hennecourt,70,high,
1021,Girancourt.,Girancourt,,ban-girancourt,,clergy,,,,main,,girancourt,71,high,
1022,Dommartin-aux-Bois.,Dommartin-aux-Bois,,ban-girancourt,,clergy,,,,main,,dommartin-aux-bois,71,high,
1023,Adoncourt.,Adoncourt,,ban-girancourt,,clergy,,,,main,,adoncourt,71,medium,index match by confused number (1.00)
1024,Le Void.,Le Void,,ban-girancourt,,clergy,,,,main,,le-void-de-girancourl,71,high,
1025,Naymont.,Naymont,,ban-girancourt,,clergy,,,,main,,naimont,71,high,
1026,Uzemain.,Uzemain,,ban-girancourt,,clergy,,,,main,,uzemain-les-forges,71,high,
1027,Malomesnil.,Malomesnil,,ban-girancourt,,clergy,,,,main,,melomenil,71,high,
1028,Thilouze.,Thilouze,,ban-girancourt,,clergy,,,,main,,thielouze,71,high,
1029,Ajoncourt,Ajoncourt,,ban-girancourt,,clergy,,,,main,,agemont,71,high,
1030,Gigney.,Gigney,,ban-girancourt,,clergy,,,,main,,gigney,71,high,
1031,Raucourt.,Raucourt,,ban-girancourt,,clergy,,,,main,,rancourt,71,high,
1032,"Ville-sur-Illon, deux chasteaux et bourg.",Ville-sur-Illon,castle|small_town,ban-girancourt,,fief,,,,main,,ville-sur-illon,71,medium,index match by confused number (1.00)
1033,Joxey.,Joxey,,ban-girancourt,,fief,,,,main,,jorxey,71,high,
1034,"Darnieulles, chasteau et village.",Darnieulles,castle|village,ban-girancourt,,fief,,,,main,,darnieulles,71,medium,index match by confused number (0.91)
1035,Varmenzey.,Varmenzey,,ban-girancourt,,fief,,,,main,,varmonzey,71,medium,index match by confused number (0.89)
1036,"Vaubexey, chasteau et village.",Vaubexey,castle|village,ban-girancourt,,fief,,,,main,,vaubexy,71,medium,index match by confused number (0.93)
1037,Sainct-Vallier.,Sainct-Vallier,,ban-girancourt,,fief,,,,main,,saint-vallier,71,medium,index match by confused number (1.00)
1038,Pierreficte.,Pierreficte,,ban-girancourt,,fief,,,,main,,pierreficte,71,low,index match by none (0.00)
1039,Gigney.,Gigney,,ban-girancourt,,fief,,,,main,,gigney,71,high,
1040,Hennecourt.,Hennecourt,,ban-girancourt,,fief,,,,main,,hennecourt,71,high,
1041,La Viefville.,La Viefville,,ban-girancourt,,fief,,,,main,,lavieville,71,high,
1042,Valleroy-aux-Saulxes.,Valleroy-aux-Saulxes,,ban-girancourt,,fief,,,,main,,valleroy-aux-saules,71,high,
1043,Gellenecourt.,Gellenecourt,,ban-girancourt,,fief,,,,main,,gelvecourt-et-adompt,71,high,
1044,Hagiecourt.,Hagiecourt,,ban-girancourt,,fief,,,,main,,hagecourt,71,high,
1045,Abvefvenet-la-Grande.,Abvefvenet-la-Grande,,ban-girancourt,,fief,,,,main,,abvefvenet-la-grande,71,low,index match by none (0.00)
1046,Bignécourt.,Bignécourt,,ban-girancourt,,fief,,,,main,,begnecourt,71,high,
1047,Ligeville.,Ligeville,,ban-girancourt,,fief,,,,main,,legeville-et-bonfays,71,high,
1048,Mazelet.,Mazelet,,ban-girancourt,,fief,,,,main,,mazelay,71,high,
1049,La Rue devant Dompaire.,La Rue devant Dompaire,,ban-girancourt,,fief,,,,main,,itue-devant-dompaire,71,medium,index match by loose number (0.89)
1050,Adon.,Adon,,ban-girancourt,,fief,,,,main,,adompt,71,high,
1051,La Neufville.,La Neufville,,ban-girancourt,,fief,,,,main,,la-neuveville-girancourt,71,high,
1052,Bouzemont.,Bouzemont,,ban-girancourt,,fief,,,,main,,bouzemont,71,high,
1053,Basigny.,Basigny,,ban-girancourt,,fief,,,,main,,bazegney,72,high,
1054,"Blamerey, pour la moictié et l'autre moictié au comté de Vaudémont.",Blamerey,,ban-girancourt,,fief,,1/2,,main,,blemerey,72,high,
1055,Dommart devant Dompaire.,Dommart devant Dompaire,,ban-harol,,fief,,,,main,,damas-et-bettegney,72,high,
1056,Regnauldvoid.,Regnauldvoid,,ban-harol,,fief,,,,main,,renauvoid,72,high,
1057,Bocquegney.,Bocquegney,,ban-harol,,fief,,,,main,,bocquegney,72,high,
1058,Fomerey.,Fomerey,,ban-harol,,fief,,,,main,,fomerey,72,high,
1059,Hennecourt.,Hennecourt,,ban-harol,,fief,,,,main,,hennecourt,72,high,
1060,Derbamont.,Derbamont,,ban-harol,,fief,,,,main,,derbamont,72,high,
1061,Sirecourt.,Sirecourt,,ban-harol,,fief,,,,main,,circourt,72,high,
1062,Hermamont.,Hermamont,,ban-girancourt,,fief,,,,main,,derbamont,72,high,
1063,Aboncourt.,Aboncourt,,ban-girancourt,,fief,,,,main,,adoncourt,72,medium,index match by confused number (0.89)
1064,"Darney, chasteau, ville et chanoines.",Darney,castle|town,provostship-darney,,domain,,,,main,,darney,72,high,
1065,Attigny.,Attigny,,provostship-darney,,domain,,,,main,,attigny,72,high,
1066,Bonviller.,Bonviller,,provostship-darney,,domain,,,,main,,bonvillet,72,high,
1067,Vallois.,Vallois,,provostship-darney,,domain,,,,main,,les-vallois,72,high,
1068,Dompmartin enssens Vallois.,Dompmartin enssens Vallois,,provostship-darney,,domain,,,,main,,dommartin-les-vallois,72,high,
1069,Gesonville.,Gesonville,,provostship-darney,,domain,,,,main,,jesonville,72,high,
1070,Senonges.,Senonges,,provostship-darney,,domain,,,,main,,senonges,72,high,
1071,La Grosse verrière Tiédry.,La Grosse verrière Tiédry,,provostship-darney,,other,,,,main,,thietry,72,medium,index match by number (0.37)
1072,La verrière Hennezel.,La verrière Hennezel,,provostship-darney,,other,,,,main,,hennezel-darney,72,high,
1073,Briseverre.,Briseverre,,provostship-darney,,other,,,,main,,brisevcrre,72,high,
1074,"Chastillon, alias chez Claudon.",Chastillon,,provostship-darney,,other,,,,main,,claudon,72,medium,index match by number (0.47)
1075,Torchon.,Torchon,,provostship-darney,,other,,,,main,,le-torchon,72,medium,index match by loose number (1.00)
1076,Senennes.,Senennes,,provostship-darney,,other,,,,main,,senenne,73,high,
1077,La Sybille.,La Sybille,,provostship-darney,,other,,,,main,,la-sybille,73,high,
1078,"Sainct-Vaubert, alias chez Thomas.",Sainct-Vaubert,,provostship-darney,,other,,,,main,,thomas,73,high,
1079,Belruz.,Belruz,,provostship-darney,,other,,,,main,,belrupt,73,high,
1080,Houdrichapelle.,Houdrichapelle,,provostship-darney,,other,,,,main,,houdricbalel,73,high,
1081,Clérey.,Clérey,,provostship-darney,,other,,,,main,,clairey,73,high,
1082,La Grande-Catherine.,La Grande-Catherine,,provostship-darney,,other,,,,main,,la-grande-catherine,73,high,
1083,La Rouchierre.,La Rouchierre,,provostship-darney,,other,,,,main,,ronchiere-liai,73,medium,index match by index number (1.00)
1084,La Pille.,La Pille,,provostship-darney,,other,,,,main,,la-pille,73,medium,index match by loose number (1.00)
1085,Grandmont.,Grandmont,,provostship-darney,,other,,,,main,,le-grammont,73,high,
1086,Toullot.,Toullot,,provostship-darney,,other,,,,main,,tholoy,73,high,
1087,La verrière Henricé.,La verrière Henricé,,provostship-darney,,other,,,,main,,henrieel,73,high,
1088,La Frison.,La Frison,,provostship-darney,,other,,,,main,,la-frison,73,high,
1089,De la Syc.,De la Syc,,provostship-darney,,other,,,,main,,la-seie-brabant,73,medium,index match by index number (1.00)
1090,Du Hubert.,Du Hubert,,provostship-darney,,other,,,,main,,le-hubert,73,high,
1091,De Lespenoux.,De Lespenoux,,provostship-darney,,other,,,,main,,leppenoux,73,high,
1092,Des Trois-Bans.,Des Trois-Bans,,provostship-darney,,other,,,,main,,les-trois-bans,73,high,
1093,"Charmois.Soub Dompaire, menus verres.'",Charmois,,provostship-darney,,other,,,,main,,charmais,73,medium,index match by confused number (0.88)
1094,"Relange, prieuré de l'ordre de [Saint-Benoit].",Relange,priory,provostship-darney,,clergy,,,,main,,relanges,73,high,
1095,"Droitteval, prieurédel'ordre de Citeaux, dépendant de l'abbaye de Morymont.",Droitteval,abbey|priory,provostship-darney,,clergy,,,,main,cistercian,droiteval,73,high,
1096,Atligny.,Atligny,,provostship-darney,,clergy,,,,main,,attigny,73,high,
1097,Bonviller.,Bonviller,,provostship-darney,,clergy,,,,main,,bonvillet,73,high,
1098,Belruz.,Belruz,,provostship-darney,,clergy,,,,main,,belrupt-darncy,73,high,
1099,Dombasle.,Dombasle,,provostship-darney,,clergy,,,,main,,dombasle-devant-darney,73,high,
1100,Nonville.,Nonville,,provostship-darney,,clergy,,,,main,,nonville,73,high,
1101,Vivier-le-Gras.,Vivier-le-Gras,,provostship-darney,,clergy,,,,main,,viviers-le-gras,74,high,
1102,"Dombrot, à Sainct-Epvrc.",Dombrot,,provostship-darney,,clergy,,,,main,,dombrot-sur-vair,74,high,
1103,Chasteau de Passavant.,Chasteau de Passavant,,provostship-darney,,fief,,,,main,,passavant-la-rochere,74,high,
1104,Regniévelle.,Regniévelle,,provostship-darney,,fief,,,,main,,regnevelle,74,high,
1105,Martinvelle.,Martinvelle,,provostship-darney,,fief,,,,main,,martinvelle,74,high,
1106,La Coste Sainct-Antoine.,La Coste Sainct-Antoine,,provostship-darney,,fief,,,,main,,la-cote-passavant,74,medium,index match by number (0.38)
1107,"Monstereul-sur-Saône, chasteau, villageet prieuré.",Monstereul-sur-Saône,castle|priory,provostship-darney,,fief,,,,main,,monthureux-sur-saone,74,high,
1108,Nonville.,Nonville,,provostship-darney,,fief,,,,main,,nonville,74,high,
1109,Belmont.,Belmont,,provostship-darney,,fief,,,,main,,belmont-les-darney,74,high,
1110,"Dombroi, chasteau et village.",Dombroi,castle|village,provostship-darney,,fief,,,,main,,dombrot-sur-vair,74,high,
1111,"Sainct-Baslemont, chasteau et village.",Sainct-Baslemont,castle|village,provostship-darney,,fief,,,,main,,saint-baslemont,74,high,
1112,Esley.,Esley,,provostship-darney,,fief,,,,main,,esley,74,high,
1113,Belruz.,Belruz,,provostship-darney,,fief,,,,main,,belrupt-darncy,74,high,
1114,"Bullegnéville, chasteau ruiné; le bourg est du Bassigny.",Bullegnéville,castle|small_town|deserted_village,provostship-darney,,fief,,,,main,,bulgneville,74,high,
1115,Contrexéville.,Contrexéville,,provostship-darney,,fief,,,,main,,contrexeville,74,medium,index match by confused number (1.00)
1116,Les Granges.,Les Granges,,provostship-darney,,fief,,,,main,,les-granges,74,high,
1117,"Chastenois, ville, bourg et prieuré de l'ordre sainct Benoist, dépendant de l'abbaye Sainct-Epvre-lez-Toul.",Chastenois,town|small_town|abbey|priory,provostship-chatenois-et-neufchateau,,domain,,,,main,benedictine,chatenois,74,high,
1118,"Neufchasteau, ville, bourg, chasteau et prieuré de L'ordre de [Saint-Benoit], et dépendant de l'abbaye de [Sainl-Mansuy, de Touîj, couvent desCordeliers, monastèredesdamesdeSaincic-Claire.",Neufchasteau,castle|town|small_town|abbey|priory|convent,provostship-chatenois-et-neufchateau,,domain,,,,main,franciscan,neufchateau,74,medium,index match by loose number (0.96)
1119,Raimois.,Raimois,,provostship-chatenois-et-neufchateau,,domain,,,,main,,remois,74,medium,index match by index number (1.00)
1120,Le Breul.,Le Breul,,provostship-chatenois-et-neufchateau,,domain,,,,main,,srcul-le-y-prevote-de-chutcnois,74,medium,index match by number (0.40)
1121,La Courtille.,La Courtille,,provostship-chatenois-et-neufchateau,,domain,,,,main,,la-courlille,74,high,
1122,Valaincourt.,Valaincourt,,provostship-chatenois-et-neufchateau,,domain,,,,main,,valaincourt,74,high,
1123,Mannecourt.,Mannecourt,,provostship-chatenois-et-neufchateau,,domain,,,,main,,mannccourl,74,high,
1124,Rainville.,Rainville,,provostship-chatenois-et-neufchateau,,domain,,,,main,,rainville,75,high,
1125,Biécourt.,Biécourt,,provostship-chatenois-et-neufchateau,,domain,,,,main,,biecourt,75,high,
1126,Sainct-Pranchier.,Sainct-Pranchier,,provostship-chatenois-et-neufchateau,,domain,,,,main,,saint-prancher,75,high,
1127,Receu.,Receu,,provostship-chatenois-et-neufchateau,,domain,,,,main,,rouceux,75,high,
1128,La Neuville.,La Neuville,,provostship-chatenois-et-neufchateau,,domain,,,,main,,la-neuveville-sous-chatenois,75,high,
1129,Nourroy.,Nourroy,,provostship-chatenois-et-neufchateau,,domain,,,,main,,norroy-sur-vair,75,high,
1130,Sainct-Paul.,Sainct-Paul,,provostship-chatenois-et-neufchateau,,domain,,,,main,,saint-paul,75,high,
1131,Dollainville.,Dollainville,,provostship-chatenois-et-neufchateau,,domain,,,,main,,ollainville,75,high,
1132,Belmont.,Belmont,,provostship-chatenois-et-neufchateau,,domain,,,,main,,belmont-sur-vair,75,medium,index match by confused number (0.80)
1133,Sainct-Remymont.,Sainct-Remymont,,provostship-chatenois-et-neufchateau,,domain,,,,main,,saint-remimont-buigneville,75,medium,index match by loose number (0.92)
1134,Auzainville.,Auzainville,,provostship-chatenois-et-neufchateau,,domain,,,,main,,auzainvilliers,75,high,
1135,Vyocourt.,Vyocourt,,provostship-chatenois-et-neufchateau,,domain,,,,main,,viocourt,75,high,
1136,Alainville.,Alainville,,provostship-chatenois-et-neufchateau,,domain,,,,main,,aillianville,75,medium,index match by loose number (0.86)
1137,Gonbaulx.,Gonbaulx,,provostship-chatenois-et-neufchateau,,domain,,,,main,,gonvaux,75,medium,index match by confused number (0.95)
1138,"L'Estanges, abbayede dames de ordre de [Citeaux].",L'Estanges,abbey,provostship-chatenois-et-neufchateau,,clergy,,,,main,cistercian,l-etanche,75,medium,index match by index number (1.00)
1139,Viocourt.,Viocourt,,provostship-chatenois-et-neufchateau,,clergy,,,,main,,viocourt,75,medium,index match by confused number (1.00)
1140,Sainct-Paul.,Sainct-Paul,,provostship-chatenois-et-neufchateau,,clergy,,,,main,,saint-paul,75,high,
1141,Rollainville.,Rollainville,,provostship-chatenois-et-neufchateau,,clergy,,,,main,,rollainville,75,high,
1142,Aouze.,Aouze,,provostship-chatenois-et-neufchateau,,clergy,,,,main,,aouze,75,high,
1143,Gemenaincourt.,Gemenaincourt,,provostship-chatenois-et-neufchateau,,clergy,,,,main,,gemmelaincourt,75,medium,index match by loose number (0.89)
1144,Mandres-sur-Veire.,Mandres-sur-Veire,,provostship-chatenois-et-neufchateau,,clergy,,,,main,,mandres-sur-vair,75,high,
1145,Rouvre-en-Sainctois.,Rouvre-en-Sainctois,,provostship-chatenois-et-neufchateau,,clergy,,,,main,,rouvres-en-xaintois,75,high,
1146,Vouxey.,Vouxey,,provostship-chatenois-et-neufchateau,,clergy,,,,main,,vouxey,75,high,number read from '1143'
1147,Saulxures.,Saulxures,,provostship-chatenois-et-neufchateau,,clergy,,,,main,,saulxures-les-bulgneville,75,high,
1148,Toutainville.,Toutainville,,provostship-chatenois-et-neufchateau,,clergy,,,,main,,totainville,75,high,
1149,Moncourt.,Moncourt,,provostship-chatenois-et-neufchateau,,clergy,,,,main,,noncourt,75,high,
1150,Hignéville.,Hignéville,,provostship-chatenois-et-neufchateau,,clergy,,,,main,,hagneville,75,high,
1151,Le Mesnil-en-Sainctois.,Le Mesnil-en-Sainctois,,provostship-chatenois-et-neufchateau,,clergy,,,,main,,menil-en-xaintois,75,high,
1152,Longchamps.,Longchamps,,provostship-chatenois-et-neufchateau,,clergy,,,,main,,longchamp-sous-chatenois,75,high,
1153,Noncourt.,Noncourt,,provostship-chatenois-et-neufchateau,,clergy,,,,main,,noncourt,75,medium,index match by confused number (1.00)
1154,"Gerbonval, prieuré' de l'ordre dépendant de",Gerbonval,priory,provostship-chatenois-et-neufchateau,,clergy,,,,main,,gerbonvaux,75,high,
1155,Sainct-Remvmonl.,Sainct-Remvmonl,,provostship-chatenois-et-neufchateau,,clergy,,,,main,,saint-remimont-buigneville,76,high,
1156,Allainville. ',Allainville. ',,provostship-chatenois-et-neufchateau,,clergy,,,,main,,aillianville,76,medium,index match by confused number (0.91)
1157,Auzainviller.,Auzainviller,,provostship-chatenois-et-neufchateau,,clergy,,,,main,,auzainvilliers,76,high,1 number(s) missing before
1158,Ramois.,Ramois,,provostship-chatenois-et-neufchateau,,clergy,,,,main,,remois,76,high,
1159,"Nourroy, commanderic et village.",Nourroy,village,provostship-chatenois-et-neufchateau,,clergy,,,,main,,norroy-sur-vair,76,high,
1160,Balléville.,Balléville,,provostship-chatenois-et-neufchateau,,clergy,,,,main,,balleville,76,high,
1161,Rainville.,Rainville,,provostship-chatenois-et-neufchateau,,clergy,,,,main,,rainville,76,high,
1162,Martigny.,Martigny,,provostship-chatenois-et-neufchateau,,clergy,,,,main,,martigny-les-gerbonvaux,76,high,
1163,"Moremaison, partie.",Moremaison,,provostship-chatenois-et-neufchateau,,clergy,,part,,main,,morelmaison,76,high,
1164,"Gironcourt, chasteau et village.",Gironcourt,castle|village,provostship-chatenois-et-neufchateau,,fief,,,,main,,gironcourt-sur-vraine,76,high,
1165,"Removille, chasteau c». village.",Removille,castle|village,provostship-chatenois-et-neufchateau,,fief,,,,main,,removille,76,high,
1166,"Houécourt, chasteau et village.",Houécourt,castle|village,provostship-chatenois-et-neufchateau,,fief,,,,main,,houecourt,76,high,
1167,"Dommartin, chasteau et village.",Dommartin,castle|village,provostship-chatenois-et-neufchateau,,fief,,,,main,,dommartin-sur-vraine,76,high,
1168,"Sainct-Mange, chasteau et village.",Sainct-Mange,castle|village,provostship-chatenois-et-neufchateau,,fief,,,,main,,saint-menge,76,high,
1169,"Landaville, chasteau et village.",Landaville,castle|village,provostship-chatenois-et-neufchateau,,fief,,,,main,,landaville,76,medium,index match by loose number (1.00)
1170,"Sandaucourt, cliaslcau et bourg.",Sandaucourt,small_town,provostship-chatenois-et-neufchateau,,fief,,,,main,,sandaucourt,76,high,
1171,"Belmont, chasteau et village.",Belmont,castle|village,provostship-chatenois-et-neufchateau,,fief,,,,main,,belmont-sur-vair,76,high,
1172,"Bullegnéville, chasteau et bourg, en partie.",Bullegnéville,castle|small_town,provostship-chatenois-et-neufchateau,,fief,,part,,main,,bulgneville,76,high,
1173,"Moremaison, en partie.",Moremaison,,provostship-chatenois-et-neufchateau,,fief,,part,,main,,morelmaison,76,medium,index match by confused number (0.82)
1174,Lonchamps.,Lonchamps,,provostship-chatenois-et-neufchateau,,fief,,,,main,,longchamp-sous-chatenois,76,high,
1175,Vyocourt.,Vyocourt,,provostship-chatenois-et-neufchateau,,fief,,,,main,,viocourt,76,high,
1176,Balléville.,Balléville,,provostship-chatenois-et-neufchateau,,fief,,,,main,,balleville,76,high,
1177,Dollaincourt.,Dollaincourt,,provostship-chatenois-et-neufchateau,,fief,,,,main,,dolaincourt,76,high,
1178,Courcelles.,Courcelles,,provostship-chatenois-et-neufchateau,,fief,,,,main,,courcelles-sous-chatenois,76,high,
1179,Brancourt.,Brancourt,,provostship-chatenois-et-neufchateau,,fief,,,,main,,brancourt,76,high,
1180,Sainct-Alophe.,Sainct-Alophe,,provostship-chatenois-et-neufchateau,,fief,,,,main,,saint-elophe,76,high,
1181,Maxey-soubz-Brexey.,Maxey-soubz-Brexey,,provostship-chatenois-et-neufchateau,,fief,,,,main,,maxey-sur-meuse,76,high,
1182,Haponcourt.,Haponcourt,,provostship-chatenois-et-neufchateau,,fief,,,,main,,happoncourt,76,high,
1183,Martigny.,Martigny,,provostship-chatenois-et-neufchateau,,fief,,,,main,,martigny-les-gerbonvaux,76,high,
1184,Soulosse.,Soulosse,,provostship-chatenois-et-neufchateau,,fief,,,,main,,soulosse,76,high,
1185,Gohecourt.,Gohecourt,,provostship-chatenois-et-neufchateau,,fief,,,,main,,gouecourt,76,high,
1186,Houéville.,Houéville,,provostship-chatenois-et-neufchateau,,fief,,,,main,,houeville,76,high,
1187,Barville.,Barville,,provostship-chatenois-et-neufchateau,,fief,,,,main,,barville,76,high,
1188,Chevau.,Chevau,,provostship-chatenois-et-neufchateau,,fief,,,,main,,chef-haut,76,high,
1189,Somerécourt.,Somerécourt,,provostship-chatenois-et-neufchateau,,fief,,,,main,,sommerecourt,77,high,
1190,Bouzey.,Bouzey,,provostship-chatenois-et-neufchateau,,fief,,,,main,,dombrot-sur-vair,77,high,
1191,Mandres.,Mandres,,provostship-chatenois-et-neufchateau,,fief,,,,main,,mandres-sur-vair,77,high,
1192,Tilleux.,Tilleux,,provostship-chatenois-et-neufchateau,,fief,,,,main,,tilleux,77,high,
1193,Sertilleux.,Sertilleux,,provostship-chatenois-et-neufchateau,,fief,,,,main,,certilleux,77,medium,index match by confused number (0.95)
1194,Sirecourt.,Sirecourt,,provostship-chatenois-et-neufchateau,,fief,,,,main,,circourt-sur-mouzon,77,high,
1195,Villars-aux-Cloyes.,Villars-aux-Cloyes,,provostship-chatenois-et-neufchateau,,fief,,,,main,,villard,77,high,
1196,Brechaincourt.,Brechaincourt,,provostship-chatenois-et-neufchateau,,fief,,,,main,,breehaincouri,77,high,
1197,Darney-aux-Chesnes.,Darney-aux-Chesnes,,provostship-chatenois-et-neufchateau,,fief,,,,main,,darney-aux-chenes,77,high,
1198,Rebeufville.,Rebeufville,,provostship-chatenois-et-neufchateau,,fief,,,,main,,rebeuville,77,high,
1199,Auzainviller.,Auzainviller,,provostship-chatenois-et-neufchateau,,fief,,,,main,,auzainvilliers,77,high,
1200,Roncourt.,Roncourt,,provostship-chatenois-et-neufchateau,,fief,,,,main,,roncourt,77,high,
1201,Mesnil-sur-Veire.,Mesnil-sur-Veire,,provostship-chatenois-et-neufchateau,,fief,,,,main,,menil-balleville,77,high,
1202,Gémonville.,Gémonville,,provostship-chatenois-et-neufchateau,,fief,,,,main,,gemonville,77,high,
1203,Lonchamps.,Lonchamps,,provostship-chatenois-et-neufchateau,,fief,,,,main,,longchamp-sous-chatenois,77,medium,index match by confused number (0.89)
1204,Sirques.,Sirques,,provostship-sierck-prevote-propre,,domain,,,,main,,sierck,78,high,
1205,Kirchnomen.,Kirchnomen,,provostship-sierck-prevote-propre,,domain,,,,main,,kirschnaumen,78,high,
1206,Obrenomen.,Obrenomen,,provostship-sierck-prevote-propre,,domain,,,,main,,obernaumen,78,high,
1207,Katzweiller.,Katzweiller,,provostship-sierck-prevote-propre,,domain,,,,main,,kaltweiler,78,high,
1208,Montenach.,Montenach,,provostship-sierck-prevote-propre,,domain,,,,main,,montenach,78,medium,index match by confused number (1.00); number read from '1908'
1209,Udensirck.,Udensirck,,provostship-sierck-prevote-propre,,domain,,,,main,,sterek-hauie,78,medium,index match by index number (1.00)
1210,Effendorff.,Effendorff,,provostship-sierck-prevote-propre,,domain,,,,main,,evendorff,78,high,
1211,Wistorff.,Wistorff,,provostship-sierck-prevote-propre,,domain,,,,main,,waldweistroff,78,medium,index match by confused number (0.95)
1212,Bursingen.,Bursingen,,provostship-sierck-prevote-propre,,domain,,,,main,,bising,78,high,
1213,Rumelingen.,Rumelingen,,provostship-sierck-prevote-propre,,domain,,,,main,,remeling,78,high,
1214,Flatten.,Flatten,,provostship-sierck-prevote-propre,,domain,,,,main,,flatten,78,high,
1215,Battel.,Battel,,provostship-sierck-prevote-propre,,domain,,,,main,,rettel,78,medium,index match by number (0.33)
1216,Colman.,Colman,,provostship-sierck-prevote-propre,,domain,,,,main,,colmen,78,high,
1217,Brondorff.,Brondorff,,provostship-sierck-prevote-propre,,domain,,,,main,,grindorf,78,high,
1218,Halstorff.,Halstorff,,provostship-sierck-prevote-propre,,domain,,,,main,,halstroff,78,high,
1219,Altroff.,Altroff,,provostship-sierck-prevote-propre,,domain,,,,main,,niedaltdorf,78,high,
1220,Mondler.,Mondler,,provostship-sierck-prevote-propre,,domain,,,,main,,monneren,78,high,
1221,Biringen.,Biringen,,provostship-sierck-prevote-propre,,domain,,,,main,,biringen,78,high,
1222,Oberesch.,Oberesch,,provostship-sierck-prevote-propre,,domain,,,,main,,oberesch,78,high,
1223,Kerlingen.,Kerlingen,,provostship-sierck-prevote-propre,,domain,,,,main,,kerling-les-sierck,78,high,
1224,Frichingen.,Frichingen,,provostship-sierck-prevote-propre,,domain,,,,main,,freching,78,high,
1225,Werberingen.,Werberingen,,provostship-sierck-prevote-propre,,domain,,,,main,,veckring,78,high,
1226,Lemerstroff.,Lemerstroff,,provostship-sierck-prevote-propre,,domain,,,,main,,lemestroff,78,high,
1227,Kirch.,Kirch,,provostship-sierck-prevote-propre,,domain,,,,main,,kirsch-les-sierck,78,high,
1228,Witten.,Witten,,sub-provostship-sierck,,domain,,,,main,,weiten,78,high,
1229,Esft.,Esft,,sub-provostship-sierck,,domain,,,,main,,ocft,78,high,
1230,Ilellendorff.,Hellendorff,,sub-provostship-sierck,,domain,,,,main,,hellendorf,78,high,
1231,Mersweiller.,Mersweiller,,sub-provostship-sierck,,domain,,,,main,,merschweiller,78,high,
1232,Appach.,Appach,,sub-provostship-sierck,,domain,,,,main,,apach,78,high,
1233,"Bruch, alias Mariensfloss.",Bruch,,sub-provostship-sierck,,domain,,,,main,,marienflosse-moulin,78,medium,index match by index number (0.49)
1234,Rustorff.,Rustorff,,sub-provostship-sierck,,domain,,,,main,,rustroff,78,medium,index match by confused number (0.88)
1235,Mellick.,Mellick,,sub-provostship-sierck,,domain,,,,main,,mailing,78,medium,index match by confused number (0.95)
1236,Udern.,Udern,,sub-provostship-sierck,,domain,,,,main,,ouderen,79,high,
1237,Lonstorff.,Lonstorff,,sub-provostship-sierck,,domain,,,,main,,launstroff,79,high,
1238,Hymerstroff.,Hymerstroff,,sub-provostship-sierck,,domain,,,,main,,grosshemmersdorf,79,high,
1239,Tintingen.,Tintingen,,sub-provostship-sierck,,domain,,,,main,,tunting,79,medium,index match by confused number (0.75)
1240,Busingen.,Busingen,,sub-provostship-sierck,,domain,,,,main,,bising,79,high,
1241,Lumersfeldt.,Lumersfeldt,,sub-provostship-sierck,,domain,,,,main,,laumesfeld,79,high,
1242,Hargarden.,Hargarden,,sub-provostship-sierck,,domain,,,,main,,hargarten-les-laumelsfeld,79,high,
1243,Metterich.,Metterich,,sub-provostship-sierck,,domain,,,,main,,metrich,79,medium,index match by confused number (0.88)
1244,Nidercontz.,Nidercontz,,sub-provostship-sierck,,domain,,,,main,,kontz-basse,79,high,
1245,Wistorff.,Wistorff,,sub-provostship-sierck,,domain,,,,main,,waldweistroff,79,medium,index match by confused number (0.95)
1246,Halstorff.,Halstorff,,sub-provostship-sierck,,domain,,,,main,,halstroff,79,high,
1247,Zuringen.,Zuringen,,sub-provostship-sierck,,domain,,,,main,,zeurange,79,high,
1248,Biringen.,Biringen,,sub-provostship-sierck,,domain,,,,main,,biringen,79,high,
1249,Oberesch.,Oberesch,,sub-provostship-sierck,,domain,,,,main,,oberesch,79,high,
1250,Kerlingen.,Kerlingen,,sub-provostship-sierck,,domain,,,,main,,kerling-les-sierck,79,high,
1251,Flachstorff.,Flachstorff,,sub-provostship-sierck,,domain,,,,main,,flastroff,79,high,
1252,Furweiller.,Furweiller,,sub-provostship-sierck,,domain,,,,main,,furweiler,79,medium,index match by loose number (1.00)
1253,Morchern.,Morchern,,sub-provostship-sierck,,domain,,,,main,,mechern,79,high,
1254,Frymestroff.,Frymestroff,,sub-provostship-sierck,,domain,,,,main,,fremersdorf,79,high,
1255,Leucken.,Leucken,,sub-provostship-sierck,,domain,,,,main,,oberleuken,79,medium,index match by index number (0.41)
1256,Wuchern.,Wuchern,,sub-provostship-sierck,,domain,,,,main,,wochern,79,high,
1257,Gelmingen.,Gelmingen,,sub-provostship-sierck,,domain,,,,main,,gomelange,79,high,
1258,Golstingen.,Golstingen,,sub-provostship-sierck,,domain,,,,main,,gongelfang,79,high,
1259,Buchingen.,Buchingen,,sub-provostship-sierck,,domain,,,,main,,bockange,79,high,
1260,Herstorff.,Herstorff,,sub-provostship-sierck,,domain,,,,main,,hestroff,79,high,
1261,Kedingen.,Kedingen,,sub-provostship-sierck,,domain,,,,main,,kedange,79,high,
1262,Klingen.,Klingen,,sub-provostship-sierck,,domain,,,,main,,klang-vil,79,high,
1263,Hempuchel.,Hempuchel,,sub-provostship-sierck,,domain,,,,main,,kemplich,79,medium,index match by confused number (0.95)
1264,lloblingen.,Hoblingen,,sub-provostship-sierck,,domain,,,,main,,hobling,79,high,
1265,Dalstein.,Dalstein,,sub-provostship-sierck,,domain,,,,main,,dalstein,79,medium,index match by name (1.00)
1266,Schomberg.,Schomberg,,sub-provostship-sierck,,domain,,,,main,,chemery,79,high,
1267,Englingen.,Englingen,,sub-provostship-sierck,,domain,,,,main,,ingliug,79,high,
1268,Feringen.,Feringen,,sub-provostship-sierck,,domain,,,,main,,ferange,79,high,
1269,Auselingen.,Auselingen,,sub-provostship-sierck,,domain,,,,main,,alzing,79,high,
1270,Mondler.,Mondler,,sub-provostship-sierck,,domain,,,,main,,monneren,79,high,
1271,Binerssheim.,Binerssheim,,sub-provostship-sierck,,domain,,,,main,,bibiche,80,high,
1272,Lemerstroff.,Lemerstroff,,sub-provostship-sierck,,domain,,,,main,,lemestroff,80,high,
1273,Limersfeldt.,Limersfeldt,,sub-provostship-sierck,,domain,,,,main,,laumesfeld,80,high,
1274,Kalemburg.,Kalemburg,,sub-provostship-sierck,,domain,,,,main,,kalembourg,80,high,
1275,Effendorff.,Effendorff,,sub-provostship-sierck,,domain,,,,main,,evendorff,80,high,
1276,La Croix.,La Croix,,sub-provostship-sierck,,domain,,,,main,,lacroix,80,high,
1277,Rodlach.,Rodlach,,sub-provostship-sierck,,domain,,,,main,,rodlach,80,high,
1278,"Conchen, aliàs Condé.",Conchen,,provostship-conde-sierck,,domain,,,,main,,conde,80,high,
1279,Northen.,Northen,,provostship-conde-sierck,,domain,,,,main,,northen,80,high,
1280,"Mehingen, aliàs Mengen.",Mehingen,,provostship-conde-sierck,,domain,,,,main,,megange,80,high,
1281,Gerlingen.,Gerlingen,,provostship-conde-sierck,,domain,,,,main,,guirlange,80,high,
1282,Buchingen.,Buchingen,,provostship-conde-sierck,,domain,,,,main,,bockange,80,high,
1283,Drachenach.,Drachenach,,provostship-conde-sierck,,domain,,,,main,,drogny,80,medium,index match by confused number (0.95)
1284,Bublingen.,Bublingen,,provostship-conde-sierck,,domain,,,,main,,piblange,80,high,
1285,"Viller-Betnach, abbaye de l'ordre de Citeaux.",Viller-Betnach,abbey,provostship-conde-sierck,,clergy,,,,main,cistercian,villers-bettnach,80,high,
1286,"Fraystorff, abbaye dudict ordre de Citeaux.",Fraystorff,abbey,provostship-conde-sierck,,clergy,,,,main,cistercian,freistroff,80,high,
1287,Oberperl.,Oberperl,,court-perl,,clergy,,,,main,,oberperl,80,high,
1288,Niderpcrl et,Niderpcrl et,,court-perl,,clergy,,,,main,,perl,80,high,
1289,Syndorff.,Syndorff,,court-perl,,clergy,,,,main,,sehndorf,80,high,
1290,Altorff.,Altorff,,provostship-sierck,,clergy,,,,main,,niedaltdorf,80,high,
1291,Lucken.,Lucken,,provostship-sierck,,clergy,,,,main,,oberleuken,80,medium,index match by number (0.36)
1292,Wuchern.,Wuchern,,provostship-sierck,,clergy,,,,main,,wochern,80,high,
1293,"Conchen, aliàs Condé.",Conchen,,provostship-sierck,,clergy,,,,main,,conde,80,high,
1294,Morthen.,Morthen,,provostship-sierck,,clergy,,,,main,,northen,80,high,
1295,"Mehingen, aliàs Mengen.",Mehingen,,provostship-sierck,,clergy,,,,main,,megange,80,high,
1296,Gerlingen.,Gerlingen,,provostship-sierck,,clergy,,,,main,,guirlange,80,high,
1297,Publingen.,Publingen,,provostship-sierck,,clergy,,,,main,,piblange,80,high,
1298,Drachenach.,Drachenach,,provostship-sierck,,clergy,,,,main,,drogny,80,high,
1299,Felstroff.,Felstroff,,provostship-sierck,,clergy,,,,main,,filstroff,80,high,
1300,Gerolfingen.,Gerolfingen,,provostship-sierck,,clergy,,,,main,,guerlefang,80,high,
1301,Dudingen.,Dudingen,,provostship-sierck,,clergy,,,,main,,diding,80,medium,index match by confused number (0.95)
1302,Eppingen.,Eppingen,,provostship-sierck,,clergy,,,,main,,epange,81,medium,index match by confused number (0.95)
1303,Schartzmorther.,Schartzmorther,,provostship-sierck,,clergy,,,,main,,scharhmorther,81,high,
1304,Fliessborn.,Fliessborn,,provostship-sierck,,clergy,,,,main,,fliessborn,81,medium,index match by confused number (1.00)
1305,Hasenholb.,Hasenholb,,provostship-sierck,,clergy,,,,main,,hasenholh,81,high,
1306,Gaderscheuren.,Gaderscheuren,,provostship-sierck,,clergy,,,,main,,godchurc,81,high,
1307,Scheuren.,Scheuren,,provostship-sierck,,clergy,,,,main,,scheuer-hof,81,medium,index match by index number (1.00)
1308,Nodlingen.,Nodlingen,,provostship-sierck,,clergy,,,,main,,neudlangc,81,high,
1309,Bingen.,Bingen,,provostship-sierck,,clergy,,,,main,,bubingen,81,medium,index match by confused number (0.95)
1310,Bury.,Bury,,provostship-sierck,,clergy,,,,main,,kalembourg,81,high,
1311,Freistorff.,Freistorff,,provostship-sierck,,clergy,,,,main,,freistroff,81,medium,index match by confused number (0.90)
1312,"Clemey, aliàs Schombcrg.",Clemey,,provostship-sierck,,clergy,,,,main,,chemery,81,medium,index match by confused number (0.95)
1313,Freistorff.,Freistorff,,provostship-sierck,,fief,,,,main,,freistroff,81,medium,index match by loose number (0.90)
1314,Obercontz.,Obercontz,,provostship-sierck,,fief,,,,main,,haute-kontz,81,medium,index match by confused number (0.95)
1315,Anseldingen.,Anseldingen,,provostship-sierck,,fief,,,,main,,anzeling,81,medium,index match by loose number (0.95)
1316,Budingen.,Budingen,,provostship-sierck,,fief,,,,main,,budange,81,medium,index match by confused number (0.95)
1317,Neunich.,Neunich,,provostship-sierck,,fief,,,,main,,nennig,81,medium,index match by index number (1.00)
1318,Timstorff.,Timstorff,,provostship-sierck,,fief,,,,main,,tunsdorf,81,medium,index match by index number (1.00)
1319,Edelnigen.,Edelnigen,,provostship-sierck,,fief,,,,main,,edelnigen,81,low,index match by none (0.00)
1320,"Burg-Esch, chasteau et village.",Burg-Esch,castle|village,provostship-sierck,,fief,,,,main,,chateau-de-bourg-esch,81,medium,index match by confused number (0.94)
1321,"Berg, chustcau et village.",Berg,village,provostship-sierck,,fief,,,,main,,berg,81,medium,index match by index number (1.00)
1322,Beuren.,Beuren,,provostship-sierck,,fief,,,,main,,beuren,81,medium,index match by confused number (1.00)
1323,Hechlingen.,Hechlingen,,provostship-sierck,,fief,,,,main,,heckling,81,medium,index match by index number (1.00)
1324,Schwerdorff.,Schwerdorff,,provostship-sierck,,fief,,,,main,,schwerdorff,81,high,
1325,Gursingen.,Gursingen,,provostship-sierck,,fief,,,,main,,guerstling,81,high,
1326,Kutssingen.,Kutssingen,,provostship-sierck,,fief,,,,main,,kitzing,81,high,
1327,Mensskirch.,Mensskirch,,provostship-sierck,,fief,,,,main,,menskirch,81,high,
1328,Rutzingen.,Rutzingen,,provostship-sierck,,fief,,,,main,,ritzing,81,high,
1329,Metzer-Esch.,Metzer-Esch,,provostship-sierck,,fief,,,,main,,metzeresche,81,high,
1330,Ebersweiller.,Ebersweiller,,provostship-sierck,,fief,,,,main,,ebersviller,81,medium,index match by confused number (0.91)
1331,Colman.,Colman,,provostship-sierck,,fief,,,,main,,colmen,81,medium,index match by loose number (0.83)
1332,Hombourg auff der Kandel.,Hombourg auff der Kandel,,provostship-sierck,,fief,,,,main,,hombourg-sur-kaner,81,medium,index match by index number (1.00)
1333,Waldtwiss.,Waldtwiss,,provostship-sierck,,fief,,,,main,,waldwisse,81,medium,index match by index number (1.00)
1334,Bettsstroff.,Bettsstroff,,provostship-sierck,,fief,,,,main,,bettelainville,81,low,index match by none (0.00)
1335,Anselnigen.,Anselnigen,,provostship-sierck,,fief,,,,main,,alzing,81,high,
1336,Dudingen.,Dudingen,,provostship-sierck,,fief,,,,main,,diding,82,medium,index match by loose number (0.95)
1337,Kirff.,Kirff,,provostship-sierck,,fief,,,,main,,kirf,82,medium,index match by loose number (0.89)
1338,Brettingen.,Brettingen,,provostship-sierck,,fief,,,,main,,bettingen,82,low,index match by name (0.95)
1339,Eymerstorff.,Eymerstorff,,provostship-sierck,,fief,,,,main,,eimersdorf,82,high,
1340,Lugsingen.,Lugsingen,,provostship-sierck,,fief,,,,main,,ising,82,high,
1341,Pomern.,Pomern,,provostship-sierck,,fief,,,,main,,pommern,82,medium,index match by confused number (1.00)
1342,Ryol.,Ryol,,provostship-sierck,,fief,,,,main,,riol,82,high,
1343,Rodingen.,Rodingen,,provostship-sierck,,fief,,,,main,,rudling,82,medium,index match by confused number (0.95)
1344,Wiss.,Wiss,,provostship-sierck,,fief,,,,main,,wies,82,medium,index match by confused number (0.75)
1345,Zuzingen.,Zuzingen,,provostship-sierck,,fief,,,,main,,zeurange,82,high,
1346,"Mentzberg, chasteau.",Mentzberg,castle,provostship-sierck,,fief,,,,main,,meinsberg,82,high,
1347,"Monder, chasteau, moitié Lorraine et moitié Trèverois.",Monder,castle,provostship-sierck,,fief,,,,main,,monclair,82,medium,index match by number (0.38)
1348,"Bolchen, Boullay.",Bolchen,,office-boulay,,domain,,,,main,,boulay,82,medium,index match by number (0.46)
1349,"Mehingen, aliàs Mengen.",Mehingen,,office-boulay,,domain,,,,main,,megange,82,medium,index match by index number (1.00)
1350,Hassgarten.,Hassgarten,,office-boulay,,domain,,,,main,,flasgarten,82,medium,index match by confused number (0.80)
1351,llelstorff.,Helstorff,,office-boulay,,domain,,,,main,,helstroff,82,medium,index match by index number (0.89)
1352,Neunkirchen.,Neunkirchen,,office-boulay,,domain,,,,main,,neunkirchen-les-bouzonville,82,medium,index match by confused number (1.00)
1353,Hyrmestroff.,Hyrmestroff,,office-boulay,,domain,,,,main,,grosshemmersdorf,82,medium,index match by confused number (0.95)
1354,Felstorff.,Felstorff,,office-boulay,,domain,,,,main,,filstroff,82,high,
1355,Tedingen.,Tedingen,,office-boulay,,domain,,,,main,,theding,82,high,
1356,Rossbrucken.,Rossbrucken,,office-boulay,,domain,,,,main,,rosbruck,82,high,
1357,Wolmeringen.,Wolmeringen,,office-boulay,,domain,,,,main,,volmerange,82,medium,index match by confused number (0.95)
1358,Brechlingen.,Brechlingen,,office-boulay,,domain,,,,main,,brecklange,82,medium,index match by index number (1.00)
1359,Hargarten.,Hargarten,,office-boulay,,domain,,,,main,,hargarien-aux-mines,82,high,
1360,Chonne.,Chonne,,office-boulay,,domain,,,,main,,coume,82,medium,index match by number (0.36)
1361,"Machern, aliàs Maizièrcs.",Machern,,office-boulay,,domain,,,,main,,macker,82,medium,index match by confused number (0.77)
1362,"Rupplingen, aliàs Ruppcldanges, tiers.",Rupplingen,,office-boulay,,domain,,,,main,,roupeldange,82,high,
1363,"Ottendorff, aliàs Ottonvillc. partie.",Ottendorff,,office-boulay,,domain,,part,,main,,ottonville,82,medium,index match by number (0.40)
1364,Hollingen.,Hollingen,,office-boulay,,domain,,,,main,,holling,82,high,
1365,Diefferten.,Diefferten,,office-boulay,,domain,,,,main,,differten,82,high,
1366,"Weibelsskirchen, aliàs Warizc.",Weibelsskirchen,,office-boulay,,clergy,,,,main,,varize,82,medium,index match by index number (0.83)
1367,Tetterchen.,Tetterchen,,office-boulay,,clergy,,,,main,,teterchen,82,medium,index match by confused number (0.95)
1368,"Longeville, Lungenfeldt.",Longeville,,office-boulay,,clergy,,,,main,,longeville-les-saint-avold,83,high,
1369,Düren.,Düren,,office-boulay,,clergy,,,,main,,duren,83,medium,index match by confused number (1.00)
1370,Wellingen.,Wellingen,,office-boulay,,clergy,,,,main,,villing,83,high,
1371,Lymingen.,Lymingen,,office-boulay,,clergy,,,,main,,lymingen,83,medium,index match by confused number (1.00)
1372,Durchdalhaim.,Durchdalhaim,,office-boulay,,clergy,,,,main,,dourd-hal,83,medium,index match by confused number (0.95)
1373,Baumbidersstorff.,Baumbidersstorff,,office-boulay,,clergy,,,,main,,bambiderstroff,83,medium,index match by loose number (0.87)
1374,Elwingen.,Elwingen,,office-boulay,,clergy,,,,main,,elvange,83,medium,index match by index number (1.00)
1375,Gonderingen.,Gonderingen,,office-boulay,,clergy,,,,main,,zondrangc,83,medium,index match by confused number (0.95)
1376,Meringen.,Meringen,,office-boulay,,clergy,,,,main,,marange-zondrange,83,high,
1377,Maulveiller.,Maulveiller,,office-boulay,,clergy,,,,main,,mainvillers,83,medium,index match by index number (1.00)
1378,Warsberg.,Warsberg,,office-boulay,,clergy,,,,main,,varsberg,83,medium,index match by confused number (0.88)
1379,Lauderfingen.,Lauderfingen,,office-boulay,,clergy,,,,main,,laudrefang,83,medium,index match by confused number (0.95)
1380,"Niderheim, aliàs Magny.",Niderheim,,office-boulay,,clergy,,,,main,,many,83,medium,index match by index number (0.89)
1381,"Dalheim, donné puis naguères par Son Altesse en conlrcschange du village de Couslures-lcz-Chasteau-Salin.",Dalheim,castle|village,office-boulay,,clergy,,,,main,,dalem,83,medium,index match by confused number (0.83)
1382,"Warize, Wcibelsskirchen, chasteau et village.",Warize,castle|village,office-boulay,,fief,,,,main,,varize,83,high,
1383,"Tenchen, aliàs i'Estanche ou les Eslangs, ehasteau.",Tenchen,castle,office-boulay,,fief,,,,main,,les-etangs,83,medium,index match by name (0.95)
1384,"Nidbrucken, aliàs Pont de Nicd.",Nidbrucken,,office-boulay,,fief,,,,main,,pontigny,83,medium,index match by loose number (0.95)
1385,Oblingen.,Oblingen,,office-boulay,,fief,,,,main,,eblange,83,medium,index match by confused number (0.95)
1386,Tuttingen.,Tuttingen,,office-boulay,,fief,,,,main,,titling,83,medium,index match by confused number (0.95)
1387,Hollingen.,Hollingen,,office-boulay,,fief,,,,main,,holling,83,high,
1388,Rumelfingen.,Rumelfingen,,office-boulay,,fief,,,,main,,remelfang,83,high,
1389,Buchingen.,Buchingen,,office-boulay,,fief,,,,main,,bockange,83,high,
1390,"Pfeningen,",Pfeningen,,office-boulay,,fief,,,,main,,freyming,83,medium,index match by index number (1.00)
1391,Walmunster.,Walmunster,,office-boulay,,fief,,,,main,,valmunster,83,high,
1392,Dalheim.,Dalheim,,office-boulay,,fief,,,,main,,dalem,83,medium,index match by confused number (0.83)
1393,Lanthrum.,Lanthrum,,office-boulay,,fief,,,,main,,loutremange,83,medium,index match by loose number (0.95)
1394,Weiblingen.,Weiblingen,,office-boulay,,fief,,,,main,,velving,83,medium,index match by index number (1.00)
1395,Welmeringen.,Welmeringen,,office-boulay,,fief,,,,main,,volmerange,83,medium,index match by index number (0.67)
1396,"Wulffingen, aliàs Wellingen.",Wulffingen,,office-boulay,,fief,,,,main,,villing,83,medium,index match by number (0.47)
1397,Gertingen.,Gertingen,,office-boulay,lordship-varsberg,fief,,,,main,,guerting,84,medium,index match by confused number (0.95)
1398,llamcn.,Hamcn,,office-boulay,lordship-varsberg,fief,,,,main,,ham-sous-varsberg,84,medium,index match by confused number (0.95)
1399,Falt.,Falt,,office-boulay,lordship-varsberg,fief,,,,main,,falck,84,medium,index match by index number (1.00)
1400,La ville de Valderfanges pour tout domaine.,La ville de Valderfanges pour tout domaine,,office-vaudrevange,,domain,,,,main,,vvallerfangen,84,high,
1401,"Lauthern, aliàs Fraulauthern.",Lauthern,,office-vaudrevange,,clergy,,,,main,,fraulautern,84,high,
1402,Liesstorff.,Liesstorff,,office-vaudrevange,,clergy,,,,main,,lisdorf,84,medium,index match by number (0.48)
1403,Enstorff.,Enstorff,,office-vaudrevange,,clergy,,,,main,,ensdorf,84,medium,index match by confused number (0.80)
1404,Hultzveiller.,Hultzveiller,,office-vaudrevange,,clergy,,,,main,,hulzweiler,84,high,
1405,Sahrwellingen.,Sahrwellingen,,office-vaudrevange,,fief,,,,main,,saarwellingen,84,high,
1406,Griessborn.,Griessborn,,office-vaudrevange,,fief,,,,main,,griesborn,84,high,
1407,Roden.,Roden,,office-vaudrevange,,fief,,,,main,,roden,84,high,
1408,Fressberg.,Fressberg,,office-vaudrevange,,fief,,,,main,,felsberg,84,high,
1409,Le Val de Nolbach.,Le Val de Nolbach,,office-vaudrevange,,fief,,,,main,,nalbach,84,high,
1410,Sirsperg.,Sirsperg,,office-siersberg,,domain,,,,main,,siersberg,84,high,
1411,Nittel.,Nittel,,office-siersberg,,domain,,,,main,,nittel,84,high,number read from 'UII'
1412,Kolchen.,Kolchen,,office-siersberg,,domain,,,,main,,kollig,84,high,number read from '1M2'
1413,Rellingen.,Rellingen,,office-siersberg,,domain,,,,main,,rehlingen,84,high,2 number(s) missing before
1414,Remelfangen.,Remelfangen,,office-siersberg,,domain,,,,main,,rammelfangen,84,high,
1415,Sirssdorf.,Sirssdorf,,office-siersberg,,domain,,,,main,,siersdorf,84,high,
1416,ltzbach.,Itzbach,,office-siersberg,,domain,,,,main,,itzbach,84,high,
1417,Beuren.,Beuren,,office-siersberg,,domain,,,,main,,biiren,84,high,
1418,Hargarden.,Hargarden,,office-siersberg,,domain,,,,main,,hargarten,84,high,
1419,"Remssbach, partie.",Remssbach,,office-siersberg,,domain,,part,,main,,reimsbach,84,high,
1420,Erbringen.,Erbringen,,office-siersberg,,domain,,,,main,,erbringen,84,high,
1421,Kirburg.,Kirburg,,office-siersberg,,domain,,,,main,,kerprich-hemmersdorf,84,medium,index match by number (0.29)
1422,Hymerrstorff.,Hymerrstorff,,office-siersberg,,domain,,,,main,,kerprich-hemmersdorf,84,medium,index match by number (0.48)
1423,Morchingen.,Morchingen,,office-siersberg,,domain,,,,main,,merchingen,85,high,
1424,Dreyssbach.,Dreyssbach,,office-siersberg,,domain,,,,main,,dreisbach,85,high,
1425,Nonne.,Nonne,,office-siersberg,,domain,,,,main,,nohn,85,high,
1426,Besseringen.,Besseringen,,office-siersberg,,domain,,,,main,,besseringen,85,high,
1427,Sainct-Gangolphe.,Sainct-Gangolphe,,office-siersberg,,domain,,,,main,,suiiit-gangolph,85,high,
1428,Mettloch.,Mettloch,,office-siersberg,,clergy,,,,main,,mettlach,85,high,
1429,Kuchingen.,Kuchingen,,office-siersberg,,clergy,,,,main,,keuchingen,85,high,
1430,Berkingen.,Berkingen,,office-siersberg,,clergy,,,,main,,beckingen,85,medium,index match by confused number (0.95)
1431,Pachten.,Pachten,,office-siersberg,,clergy,,,,main,,pachten,85,medium,index match by confused number (1.00)
1432,Hargarten.,Hargarten,,office-siersberg,,clergy,,,,main,,hargarten,85,high,
1433,"Remsbach, partie.",Remsbach,,office-siersberg,,clergy,,part,,main,,reimsbach,85,high,
1434,Butzen.,Butzen,,office-siersberg,,clergy,,,,main,,bietzen,85,medium,index match by confused number (0.95)
1435,Roden.,Roden,,office-siersberg,,clergy,,,,main,,roden,85,high,
1436,"Dullingen, Dullan,£rcs.",Dullingen,,office-siersberg,,fief,,,,main,,dillingen,85,high,
1437,Morchingen.,Morchingen,,office-siersberg,,fief,,,,main,,merchingen,85,medium,index match by confused number (0.95)
1438,Beuren.,Beuren,,office-siersberg,,fief,,,,main,,biiren,85,high,
1439,Krispeig.,Krispeig,,office-siersberg,,fief,,,,main,,kerprich-hemmersdorf,85,medium,index match by index number (1.00)
1440,Hymesstorff.,Hymesstorff,,office-siersberg,,fief,,,,main,,kerprich-hemmersdorf,85,medium,index match by index number (1.00)
1441,Gessingen.,Gessingen,,office-siersberg,,fief,,,,main,,gisingen,85,high,
1442,Rellingen.,Rellingen,,office-siersberg,,fief,,,,main,,rehlingen,85,high,
1443,Fuckingen.,Fuckingen,,office-siersberg,,fief,,,,main,,fickingen,85,high,
1444,Erbringen.,Erbringen,,office-siersberg,,fief,,,,main,,erbringen,85,high,
1445,"Nittel, partie.",Nittel,,office-siersberg,,fief,,part,,main,,nillel,85,high,
1446,Hilbringen.,Hilbringen,,district-saargau,,other,,,,main,,hilbringen,85,high,
1447,Fuchten.,Fuchten,,district-saargau,,other,,,,main,,fitten,85,high,
1448,Baldern.,Baldern,,district-saargau,,other,,,,main,,ballern,85,high,
1449,Rupplingen.,Rupplingen,,district-saargau,,other,,,,main,,ripplingen,86,high,number read from 'liVJ'
1450,Hech.,Hech,,district-saargau,,other,,,,main,,rech,86,high,1 number(s) missing before
1451,Sylmingen.,Sylmingen,,district-saargau,,other,,,,main,,silvingen,86,high,
1452,Schemlingen.,Schemlingen,,district-saargau,,other,,,,main,,schwemlingen,86,high,
1453,Bisserstorff.,Bisserstorff,,district-saargau,,other,,,,main,,buschdorf,86,high,
1454,Budingen.,Budingen,,district-saargau,,other,,,,main,,budingen,86,high,
1455,Weiller.,Weiller,,district-saargau,,other,,,,main,,weiler,86,high,
1456,Weillingen.,Weillingen,,district-saargau,,other,,,,main,,wellingen,86,high,
1457,Bettingen.,Bettingen,,district-saargau,,other,,,,main,,bettingen,86,high,
1458,Wchingen.,Wchingen,,district-saargau,,other,,,,main,,wehingen,86,high,
1459,llaltlcringen.,Haltlcringen,,district-saargau,,other,,,,main,,baldringen,86,high,number read from '14511'
1460,"Mondorff, partie dudict Sargaw et partie de l'office de SiiMjues.",Mondorff,,district-saargau,,other,,part,,main,,mondorf,86,high,1 number(s) missing before
1461,Mertzig.,Mertzig,,district-merzig,,other,,,,main,,merzig,86,high,
1462,Butzen.,Butzen,,district-merzig,,other,,,,main,,bietzen,86,high,
1463,Memmingen.,Memmingen,,district-merzig,,other,,,,main,,menningen,86,medium,index match by confused number (0.95)
1464,Ilarlingen.,Harlingen,,district-merzig,,other,,,,main,,harlingen,86,high,
1465,Morchingen.,Morchingen,,district-merzig,,other,,,,main,,merchingen,86,high,
1466,"Bachen, partieà Trêves seul et partie au Sargaw.",Bachen,,district-merzig,,other,,part,,main,,iiachem,86,high,
1467,"Schawembourg, chasteau.",Schawembourg,castle,office-schaumbourg,,domain,,,,main,,schaumberg,86,high,
1468,Tholey.,Tholey,,office-schaumbourg,,domain,,,,main,,tholey,86,high,
1469,Kastel.,Kastel,,office-schaumbourg,,domain,,,,main,,kastel-les-otzenhausen,86,low,index match by name (0.95)
1470,Kostenbach.,Kostenbach,,office-schaumbourg,,domain,,,,main,,kostenbach,86,high,
1471,Zurachten,Zurachten,,office-schaumbourg,,domain,,,,main,,rathen,86,high,
1472,Limbach.,Limbach,,office-schaumbourg,,domain,,,,main,,limbach,86,high,
1473,Lindtschidt.,Lindtschidt,,office-schaumbourg,,domain,,,,main,,lindscheid,86,high,
1474,Theley.,Theley,,office-schaumbourg,,domain,,,,main,,theley,86,high,
1475,Steimbach.,Steimbach,,office-schaumbourg,,domain,,,,main,,steinbach,86,high,
1476,Dersstorff.,Dersstorff,,office-schaumbourg,,domain,,,,main,,doersdorf,87,high,
1477,Schellembach.,Schellembach,,office-schaumbourg,,domain,,,,main,,schellembach,87,high,
1478,Haintzelhoven.,Haintzelhoven,,office-schaumbourg,,domain,,,,main,,heiiselhofen,87,medium,index match by number (0.44)
1479,Aspach.,Aspach,,office-schaumbourg,,domain,,,,main,,aschbach,87,medium,index match by index number (1.00)
1480,Altzweiller.,Altzweiller,,office-schaumbourg,,domain,,,,main,,asweiler,87,high,
1481,Witterbach.,Witterbach,,office-schaumbourg,,domain,,,,main,,winterbach,87,high,number read from '14S1'
1482,Merpingen.,Merpingen,,office-schaumbourg,,domain,,,,main,,marpingen,87,high,
1483,Niderhoven.,Niderhoven,,office-schaumbourg,,domain,,,,main,,niederhofen,87,high,
1484,Bliessen.,Bliessen,,office-schaumbourg,,domain,,,,main,,bliesen,87,high,
1485,Enweiller.,Enweiller,,office-schaumbourg,,domain,,,,main,,eisweiler,87,high,
1486,Zurlinden.,Zurlinden,,office-schaumbourg,,domain,,,,main,,linden,87,high,
1487,Ostembach.,Ostembach,,office-schaumbourg,,domain,,,,main,,osenbaeh,87,high,
1488,Gronich.,Gronich,,office-schaumbourg,,domain,,,,main,,gronig,87,high,
1489,Gedessweiller.,Gedessweiller,,office-schaumbourg,,domain,,,,main,,gehweiler,87,high,
1490,Budweiller.,Budweiller,,office-schaumbourg,,domain,,,,main,,buweiler,87,medium,index match by loose number (0.94); number read from '14i>0'
1491,Sambach.,Sambach,,office-schaumbourg,,domain,,,,main,,niedersaubach,87,high,
1492,Golbach.,Golbach,,office-schaumbourg,,domain,,,,main,,goldbach,87,high,
1493,Bettingen.,Bettingen,,office-schaumbourg,,domain,,,,main,,bettingen,87,high,
1494,Aussen.,Aussen,,office-schaumbourg,,domain,,,,main,,aussen,87,medium,index match by loose number (1.00)
1495,Wissbach.,Wissbach,,office-schaumbourg,,domain,,,,main,,wiesbach,87,medium,index match by confused number (0.88)
1496,Bechteldingen.,Bechteldingen,,office-schaumbourg,,domain,,,,main,,uchtelfangen,87,high,
1497,Kassheim.,Kassheim,,office-schaumbourg,,domain,,,,main,,kaisen,87,medium,index match by index number (1.00)
1498,Exweiller.,Exweiller,,office-schaumbourg,,domain,,,,main,,thalexweiler,87,high,
1499,Sultzweiller.,Sultzweiller,,office-schaumbourg,,domain,,,,main,,sotzweiler,87,high,
1500,Scheuren.,Scheuren,,office-schaumbourg,,domain,,,,main,,scheuem,87,high,
1501,Nippel.,Nippel,,office-schaumbourg,,domain,,,,main,,neipel,87,high,
1502,Griffhambach.,Griffhambach,,office-schaumbourg,,domain,,,,main,,gresaubach,87,high,
1503,"Tholey, partie.",Tholey,,office-schaumbourg,,clergy,,part,,main,,tholey,87,high,
1504,"Theley, partie.",Theley,,office-schaumbourg,,clergy,,part,,main,,theley,87,medium,index match by name (1.00)
1505,"Mondorff, aliàs Mamendorff.",Mondorff,,office-schaumbourg,,clergy,,,,main,,mondorf,87,high,
1506,Harlingen.,Harlingen,,office-schaumbourg,,clergy,,,,main,,harlingen,87,high,
1507,Honweiller.,Honweiller,,office-schaumbourg,,clergy,,,,main,,hahnweiler,87,high,
1508,Imweiller.,Imweiller,,office-schaumbourg,,clergy,,,,main,,imweiler,87,high,
1509,Gronich.,Gronich,,office-schaumbourg,,clergy,,,,main,,gronig,87,high,
1510,Einveiller.,Einveiller,,office-schaumbourg,,clergy,,,,main,,eisweiler,88,high,
1511,Ketternostern.,Ketternostern,,office-schaumbourg,,clergy,,,,main,,oberkirchen,88,medium,index match by index number (0.48)
1512,Schellembach. î ».,Schellembach,,office-schaumbourg,,clergy,,,,main,,schellembach,88,high,number read from '*'il2'
1513,Exweiller.,Exweiller,,office-schaumbourg,,clergy,,,,main,,thalexweiler,88,high,split by rules.yaml (entry_splits)
1514,Sutzweiller.,Sutzweiller,,office-schaumbourg,,clergy,,,,main,,sotzweiler,88,high,split by rules.yaml (entry_splits)
1515,Osiembach.,Osiembach,,office-schaumbourg,,clergy,,,,main,,osenbaeh,88,high,3 number(s) missing before
1516,"Wach-Haussen, alias Schweich-Haiissen.",Wach-Haussen,,office-schaumbourg,,clergy,,,,main,,wetschhausen,88,medium,index match by confused number (0.78)
1517,Godessweiller.,Godessweiller,,office-schaumbourg,,clergy,,,,main,,gehweiler,88,high,
1518,Zurlinden.,Zurlinden,,office-schaumbourg,,clergy,,,,main,,linden,88,high,
1519,Niderhoven.,Niderhoven,,office-schaumbourg,,clergy,,,,main,,niederhofen,88,high,
1520,Wirterbach.,Wirterbach,,office-schaumbourg,,clergy,,,,main,,winterbach,88,high,
1521,Bliessen.,Bliessen,,office-schaumbourg,,clergy,,,,main,,bliesen,88,high,
1522,Altzweiller.,Altzweiller,,office-schaumbourg,,clergy,,,,main,,asweiler,88,high,
1523,Merpingen.,Merpingen,,office-schaumbourg,,clergy,,,,main,,marpingen,88,high,
1524,Kostembach.,Kostembach,,office-schaumbourg,,clergy,,,,main,,kostenbach,88,high,
1525,Zurachten.,Zurachten,,office-schaumbourg,,clergy,,,,main,,rathen,88,high,
1526,Kastel.,Kastel,,office-schaumbourg,,clergy,,,,main,,kastel-les-otzenhausen,88,high,
1527,Wehingen.,Wehingen,,office-schaumbourg,,fief,,,,main,,wehingen,88,high,
1528,Bettingen.,Bettingen,,office-schaumbourg,,fief,,,,main,,bettingen,88,high,
1529,Aussen.,Aussen,,office-schaumbourg,,fief,,,,main,,aussen,88,high,
1530,l.imbach.,l.imbach,,office-schaumbourg,,fief,,,,main,,limbach,88,high,
1531,Lindtschidt.,Lindtschidt,,office-schaumbourg,,fief,,,,main,,lindscheid,88,medium,index match by confused number (0.86)
1532,Merpingen.,Merpingen,,office-schaumbourg,,fief,,,,main,,marpingen,88,medium,index match by confused number (0.95)
1533,Bubweiller.,Bubweiller,,office-schaumbourg,,fief,,,,main,,buweiler,88,medium,index match by confused number (0.94)
1534,Hemtzelhoven.,Hemtzelhoven,,office-schaumbourg,,fief,,,,main,,heiiselhofen,88,medium,index match by index number (1.00)
1535,Aspach.,Aspach,,office-schaumbourg,,fief,,,,main,,aschbach,88,medium,index match by index number (1.00)
1536,Exweiller.,Exweiller,,office-schaumbourg,,fief,,,,main,,thalexweiler,88,high,
1537,Nidersteimbach.,Nidersteimbach,,office-schaumbourg,,fief,,,,main,,steinbach,88,high,
1538,Obersteimbach.,Obersteimbach,,office-schaumbourg,,fief,,,,main,,steinbach,88,high,
1539,Schellembach.,Schellembach,,office-schaumbourg,,fief,,,,main,,schellembach,88,high,
1540,Derstorff.,Derstorff,,office-schaumbourg,,fief,,,,main,,doersdorf,88,high,
1541,Altzweiller.,Altzweiller,,office-schaumbourg,,fief,,,,main,,asweiler,88,high,
1542,Niderhoven.,Niderhoven,,office-schaumbourg,,fief,,,,main,,niederhofen,88,high,number read from '1543'
1543,Wulembach.,Wulembach,,office-schaumbourg,,fief,,,,main,,winterbach,88,high,
1544,Guderssweiller.,Guderssweiller,,office-schaumbourg,,fief,,,,main,,gudesweiler,89,high,
1545,Nauborn.,Nauborn,,office-schaumbourg,,fief,,,,main,,namborn,89,high,
1546,Ketternostern.,Ketternostern,,provostship-keltern-ostern,fief-keltern-ostern,fief,house-eberstein|house-oberstein,,,main,,oberkirchen,89,medium,index match by number (0.48)
1547,Iluprcchtzweiller.,Huprcchtzweiller,,provostship-keltern-ostern,fief-keltern-ostern,fief,house-eberstein|house-oberstein,,,main,,haupersweiler,89,high,
1548,Sutzweiller.,Sutzweiller,,provostship-keltern-ostern,fief-keltern-ostern,fief,house-eberstein|house-oberstein,,,main,,sotzweiler,89,high,
1549,Bleysspach.,Bleysspach,,provostship-keltern-ostern,fief-keltern-ostern,fief,house-eberstein|house-oberstein,,,main,,sleysspaeh,89,high,
1550,Krulborn.,Krulborn,,provostship-keltern-ostern,fief-keltern-ostern,fief,house-eberstein|house-oberstein,,,main,,griigelhorn,89,high,
1551,Herchweiller.,Herchweiller,,provostship-keltern-ostern,fief-keltern-ostern,fief,house-eberstein|house-oberstein,,,main,,herchweiler,89,high,
1552,Huppelborn.,Huppelborn,,provostship-keltern-ostern,fief-keltern-ostern,fief,house-eberstein|house-oberstein,,,main,,eppelborn,89,high,
1553,Theley.,Theley,,provostship-keltern-ostern,fief-keltern-ostern,fief,house-eberstein|house-oberstein,,,main,,theley,89,high,
1554,Einweiller.,Einweiller,,provostship-keltern-ostern,fief-keltern-ostern,fief,house-eberstein|house-oberstein,,,main,,eisweiler,89,high,
1555,Rappweiller.,Rappweiller,,provostship-keltern-ostern,fief-keltern-ostern,fief,house-eberstein|house-oberstein,,,main,,rappweiler,89,high,
1556,Freysen.,Freysen,,provostship-keltern-ostern,fief-keltern-ostern,fief,house-eberstein|house-oberstein,,,main,,freisen,89,high,
1557,Hoffestetten.,Hoffestetten,,provostship-keltern-ostern,fief-keltern-ostern,fief,house-eberstein|house-oberstein,,,main,,hoppstadten,89,high,
1558,Liessterthal.,Liessterthal,,provostship-keltern-ostern,fief-keltern-ostern,fief,house-eberstein|house-oberstein,,,main,,lostertal,89,high,
1559,Gudersweiller.,Gudersweiller,,provostship-keltern-ostern,fief-keltern-ostern,fief,house-eberstein|house-oberstein,,,main,,gudesweiler,89,high,
1560,llenweiilcr.,Henweiller,,provostship-keltern-ostern,fief-keltern-ostern,fief,house-eberstein|house-oberstein,,,main,,hahnweiler,89,high,
1561,Frudessweiller.,Frudessweiller,,provostship-keltern-ostern,fief-keltern-ostern,fief,house-eberstein|house-oberstein,,,main,,furschweiler-les-namborn,89,high,
1562,Raudtschidt.,Raudtschidt,,provostship-keltern-ostern,fief-keltern-ostern,fief,house-eberstein|house-oberstein,,,main,,reitscheid,89,high,
1563,Wadrill.,Wadrill,,provostship-keltern-ostern,fief-keltern-ostern,fief,house-eberstein|house-oberstein,,,main,,wadrill,89,high,
1564,Neunkirchen.,Neunkirchen,,provostship-keltern-ostern,fief-keltern-ostern,fief,house-eberstein|house-oberstein,,,main,,neunkirchen,89,high,
1565,Seilbach.,Seilbach,,provostship-keltern-ostern,fief-keltern-ostern,fief,house-eberstein|house-oberstein,,,main,,seilbach,89,high,
1566,Mittelwrillembach.,Mittelwrillembach,,provostship-keltern-ostern,fief-keltern-ostern,fief,house-eberstein|house-oberstein,,,main,,mittelbollenbach,89,high,
1567,Guemunde.,Guemunde,,office-sarreguemines,,domain,,,,main,,sarreguemines,89,high,
1568,Grossblidersstorff.,Grossblidersstorff,,office-sarreguemines,,domain,,,,main,,grosbliederstroff,89,high,
1569,Kleinblidesstorff.,Kleinblidesstorff,,office-sarreguemines,,domain,,,,main,,kleinblittersdorf,89,high,
1570,Awerssmacher,Awerssmacher,,office-sarreguemines,,domain,,,,main,,auersmacher,89,medium,index match by confused number (0.87)
1571,Neunkirchen.,Neunkirchen,,office-sarreguemines,,domain,,,,main,,neunkirch,89,high,
1572,Folpersweiller.,Folpersweiller,,office-sarreguemines,,domain,,,,main,,folpersviller,89,high,
1573,Eberssingen.,Eberssingen,,office-sarreguemines,,domain,,,,main,,bliesebersing,90,medium,index match by confused number (0.95)
1574,Fechingen.,Fechingen,,office-sarreguemines,,domain,,,,main,,fechingen,90,high,
1575,Eberssingen.,Eberssingen,,office-sarreguemines,,clergy,,,,main,,bliesebersing,90,high,
1576,Graventhal.,Graventhal,,office-sarreguemines,,clergy,,,,main,,giafcnthal,90,high,
1577,Tentlingen.,Tentlingen,,office-sarreguemines,,clergy,,,,main,,tenteling,90,high,
1578,Rausspach.,Rausspach,,office-sarreguemines,,clergy,,,,main,,heckenransbach,90,high,
1579,Dublingen.,Dublingen,,office-sarreguemines,,clergy,,,,main,,diebling,90,high,
1580,Gersweiller.,Gersweiller,,office-sarreguemines,,clergy,,,,main,,blies-guersviller,90,high,
1581,Sar-Enssingen.,Sar-Enssingen,,office-sarreguemines,,fief,,,,main,,sarreinsming,90,high,
1582,Wittringen.,Wittringen,,office-sarreguemines,,fief,,,,main,,wittring,90,medium,index match by confused number (0.82)
1583,Neuscheuren.,Neuscheuren,,office-sarreguemines,,fief,,,,main,,neufgrange,90,medium,index match by confused number (0.95)
1584,Rumelfingen.,Rumelfingen,,office-sarreguemines,,fief,,,,main,,remelfing,90,high,
1585,Tentlingen.,Tentlingen,,office-sarreguemines,,fief,,,,main,,tenteling,90,high,
1586,Rollingen.,Rollingen,,office-sarreguemines,,fief,,,,main,,rouhling,90,high,
1587,Fechingen.,Fechingen,,office-sarreguemines,,fief,,,,main,,fechingen,90,high,
1588,Dieuze.,Dieuze,,castellany-dieuze,,domain,,,,main,,dieuze,90,high,
1589,Haulte-Lindre.,Haulte-Lindre,,castellany-dieuze,,domain,,,,main,,lindre-haute,90,high,
1590,"Semanges, alias Symingen.",Semanges,,castellany-dieuze,,domain,,,,main,,zommange,90,high,
1591,Basse-Lindre.,Basse-Lindre,,castellany-dieuze,,domain,,,,main,,lindre-basse,90,high,
1592,Angweiller.,Angweiller,,castellany-dieuze,,domain,,,,main,,angviller,90,high,
1593,"Assenoncourt, aliàs EsserstorfT.",Assenoncourt,,castellany-dieuze,,domain,,,,main,,assenoncourt,90,high,
1594,Techemphul.,Techemphul,,castellany-dieuze,,domain,,,,main,,tarquimpol,90,high,
1595,"Mellecey, alias Miltzingen.",Mellecey,,castellany-dieuze,,domain,,,,main,,mulcey,90,high,
1596,Kirberg.,Kirberg,,castellany-dieuze,,domain,,,,main,,kerprich-les-dieuze,90,high,number read from '15%'
1597,Gebersdorff.,Gebersdorff,,castellany-dieuze,,domain,,,,main,,guebestroff,90,high,
1598,Blanche-Eglise.,Blanche-Eglise,,castellany-dieuze,,domain,,,,main,,blanche-eglise,90,medium,index match by confused number (1.00)
1599,Bispenges.,Bispenges,,castellany-dieuze,,domain,,,,main,,bisping,90,high,
1600,Luderfingen.,Luderfingen,,castellany-dieuze,,domain,,,,main,,loudrefing,90,high,
1601,Kuttingen.,Kuttingen,,castellany-dieuze,,domain,,,,main,,cutting,90,high,
1602,Bessingen.,Bessingen,,castellany-dieuze,,domain,,,,main,,bassing,90,high,number read from '1603'
1603,"Barthelémont, Battendorffou Battenberg.",Barthelémont,,castellany-dieuze,,domain,,,,main,,batlielemont,91,medium,index match by confused number (0.83)
1604,"Geloucourt, Gisslûngen.",Geloucourt,,castellany-dieuze,,domain,,,,main,,gelucourt,91,high,
1605,"Amanges, Enssmingen.",Amanges,,castellany-dieuze,,domain,,,,main,,insming,91,high,
1606,"Walleranges, Walleringen.",Walleranges,,castellany-dieuze,,domain,,,,main,,vallerange,91,high,
1607,"Amanges, partie.",Amanges,,castellany-dieuze,,clergy,,part,,main,,insming,91,high,
1608,"Geloucourt, partie.",Geloucourt,,castellany-dieuze,,clergy,,part,,main,,gelucourt,91,high,
1609,"Chasteau-houel,alias Durikastel.",Chasteau-houel,,castellany-dieuze,,fief,,,,main,,chateauvoue,91,high,
1610,"Guermanges, Guermingen.",Guermanges,,castellany-dieuze,,fief,,,,main,,guermange,91,high,
1611,Wiss.,Wiss,,castellany-dieuze,,fief,,,,main,,vuisse,91,high,
1612,Solzlinguen.,Solzlinguen,,castellany-dieuze,,fief,,,,main,,sotzeling,91,high,number read from '1613'
1613,Sainct-Jean de Rorbach.,Sainct-Jean de Rorbach,,castellany-dieuze,,fief,,,,main,,saint-jean-rohrbach,91,high,
1614,Willer.,Willer,,castellany-dieuze,,fief,,,,main,,viller-asscnoncourt,91,high,
1615,Gueblanges.,Gueblanges,,castellany-dieuze,,fief,,,,main,,gueblange-les-dieuze,91,high,
1616,Wittringen.,Wittringen,,castellany-dieuze,,fief,,,,main,,vintrange,91,high,
1617,Walen.,Walen,,castellany-dieuze,,fief,,,,main,,vahl,91,high,
1618,Dorssweiller.,Dorssweiller,,castellany-dieuze,,fief,,,,main,,torcheville,91,high,
1619,Gelloucourt.,Gelloucourt,,castellany-dieuze,,fief,,,,main,,gelucourt,91,high,
1620,"flampopr, ludingcn.",Hampopr,,castellany-dieuze,,fief,,,,main,,hampont,91,high,number read from '1630'
1621,Buderstorff.,Buderstorff,,castellany-dieuze,,fief,,,,main,,bidestroff,91,high,
1622,Morsperg.,Morsperg,,castellany-marimont,,domain,,,,main,,marimont,91,high,number read from '1632'
1623,Kuttingen.,Kuttingen,,castellany-marimont,,domain,,,,main,,cutting,91,medium,index match by confused number (0.75)
1624,Luderfingen.,Luderfingen,,castellany-marimont,,domain,,,,main,,loudrefing,91,high,
1625,Domenheim.,Domenheim,,castellany-marimont,,domain,,,,main,,domnom-les-dieuze,91,high,
1626,Bessingen.,Bessingen,,castellany-marimont,,domain,,,,main,,bassing,91,high,
1627,Ginsslingen.,Ginsslingen,,castellany-marimont,,domain,,,,main,,guinzeling,91,high,
1628,Witterssbourg.,Witterssbourg,,castellany-marimont,,domain,,,,main,,vittersbourg,91,high,
1629,Amanges.,Amanges,,castellany-marimont,,domain,,,,main,,insming,91,high,number read from '1639'
1630,Nollingen.,Nollingen,,castellany-marimont,,domain,,,,main,,nelling,91,high,
1631,"Rorbach, alias Hert-Rorbach.",Rorbach,,castellany-marimont,,domain,,,,main,,petit-rohrbacli,91,medium,index match by index number (1.00)
1632,Grumingen.,Grumingen,,castellany-marimont,,domain,,,,main,,grening,91,medium,index match by confused number (0.95)
1633,"Heylingenner,",Heylingenner,,castellany-marimont,,domain,,,,main,,hellimer,92,high,
1634,Dieffenbach.,Dieffenbach,,castellany-marimont,,domain,,,,main,,diffembach-les-hellimer,92,high,
1635,Teutschen.,Teutschen,,castellany-marimont,,domain,,,,main,,tensch,92,medium,index match by index number (1.00)
1636,Wirmanges.,Wirmanges,,castellany-marimont,,domain,,,,main,,virming,92,high,
1637,Hunkirchen.,Hunkirchen,,castellany-marimont,,domain,,,,main,,uunskirich,92,high,
1638,"Wargaville, Widerstroff.",Wargaville,,castellany-marimont,,clergy,,,,main,,vergaville,92,medium,index match by loose number (0.95)
1639,Altrippen.,Altrippen,,castellany-marimont,,clergy,,,,main,,altrippe,92,medium,index match by confused number (0.94)
1640,Gunersstorff.,Gunersstorff,,castellany-marimont,,clergy,,,,main,,guenestroff,92,high,
1641,Luderfingen.,Luderfingen,,castellany-marimont,,fief,,,,main,,loudrefing,92,high,
1642,Kuttingen.,Kuttingen,,castellany-marimont,,fief,,,,main,,cutting,92,high,number read from '1643'
1643,Lostroff.,Lostroff,,castellany-marimont,,fief,,,,main,,lostroff,92,high,
1644,Leyningen.,Leyningen,,castellany-marimont,,fief,,,,main,,lening,92,high,
1645,Alstorff-lez-Leyningen.,Alstorff-lez-Leyningen,,castellany-marimont,,fief,,,,main,,altroff,92,medium,index match by number (0.44)
1646,llcyligcnner.,Heyligenner,,castellany-marimont,,fief,,,,main,,hellimer,92,high,
1647,Dieffenbach.,Dieffenbach,,castellany-marimont,,fief,,,,main,,diffembach-les-hellimer,92,high,
1648,Rode.,Rode,,castellany-marimont,,fief,,,,main,,rode-les-morhange,92,high,
1649,Reckranges.,Reckranges,,castellany-marimont,,fief,,,,main,,racrange,92,medium,index match by loose number (0.95)
1650,Nebingen.,Nebingen,,castellany-marimont,,fief,,,,main,,nebing,92,high,
1651,La ville de Puttelenges.,La ville de Puttelenges,,district-puttelange,lordship-puttelange,other,,,,main,,pultelange-les-sarralbe,92,high,
1652,Dieffembach.,Dieffembach,,district-puttelange,lordship-puttelange,other,,,,main,,diefenbach-les-puttelange,92,high,number read from '1653'
1653,Himradt.,Himradt,,district-puttelange,lordship-puttelange,other,,,,main,,honzrath,92,high,
1654,Reichlingen.,Reichlingen,,district-puttelange,lordship-puttelange,other,,,,main,,richeling,92,high,
1655,Balleringen.,Balleringen,,district-puttelange,lordship-puttelange,other,,,,main,,ballering,92,high,
1656,Bertringen.,Bertringen,,district-puttelange,lordship-puttelange,other,,,,main,,bettring,92,high,
1657,Holbingen.,Holbingen,,district-puttelange,lordship-puttelange,other,,,,main,,holving,92,high,
1658,Huntzingen.,Huntzingen,,district-puttelange,lordship-puttelange,other,,,,main,,hin-in,92,high,
1659,Hyrelbach.,Hyrelbach,,district-puttelange,lordship-puttelange,other,,,,main,,hirbach,92,high,
1660,Dieterfingen.,Dieterfingen,,district-puttelange,lordship-puttelange,other,,,,main,,diederfing,92,high,
1661,Mutzingen.,Mutzingen,,district-puttelange,lordship-puttelange,other,,,,main,,metzing,92,high,
1662,Nussweiller.,Nussweiller,,district-puttelange,lordship-puttelange,other,,,,main,,noussewiller-les-putlelange,92,high,number read from '1663'
1663,Gebenhaussen.,Gebenhaussen,,district-puttelange,lordship-puttelange,other,,,,main,,guebcnbausen,93,medium,index match by confused number (0.83)
1664,Luppertzhaussen.,Luppertzhaussen,,district-puttelange,lordship-puttelange,other,,,,main,,loupershausen,93,high,
1665,Grundtweiller.,Grundtweiller,,district-puttelange,lordship-puttelange,other,,,,main,,grundviller,93,high,
1666,Rymeringen.,Rymeringen,,district-puttelange,lordship-puttelange,other,,,,main,,remcring,93,high,
1667,Elweiller.,Elweiller,,district-puttelange,lordship-puttelange,other,,,,main,,elviller,93,high,
1668,Farssweiller.,Farssweiller,,district-puttelange,lordship-puttelange,other,,,,main,,farschwiller,93,high,
1669,Kappeln.,Kappeln,,district-puttelange,lordship-puttelange,other,,,,main,,cappel,93,high,
1670,Hundlingen.,Hundlingen,,district-puttelange,lordship-puttelange,other,,,,main,,hundling,93,high,
1671,Dublingen.,Dublingen,,district-puttelange,lordship-puttelange,other,,,,main,,diebling,93,high,
1672,"La ville de Beaurains, Bcrriss.",La ville de Beaurains,,district-beaurains,lordship-beaurains,other,,,,main,,berus,93,high,
1673,Rimeringen.,Rimeringen,,district-beaurains,lordship-beaurains,other,,,,main,,remering-les-bouzonville,93,high,
1674,Dreyborn.,Dreyborn,,district-beaurains,lordship-beaurains,other,,,,main,,tromborn,93,high,
1675,Berweiller.,Berweiller,,district-beaurains,lordship-beaurains,other,,,,main,,berweiuer,93,high,
1676,Ilollingen.,Hollingen,,district-beaurains,lordship-beaurains,other,,,,main,,holling,93,high,
1677,Bettingen.,Bettingen,,district-beaurains,lordship-beaurains,other,,,,main,,bettange,93,high,
1678,Edelingen.,Edelingen,,district-beaurains,lordship-beaurains,other,,,,main,,edling,93,high,
1679,Inné.,Inné,,district-beaurains,lordship-beaurains,other,,,,main,,ihn,93,medium,index match by number (0.46)
1680,Leydingen.,Leydingen,,district-beaurains,lordship-beaurains,other,,,,main,,leiding,93,high,
1681,Weyllingen.,Weyllingen,,district-beaurains,lordship-beaurains,other,,,,main,,velving,93,high,
1682,iluningen.,Huningen,,district-beaurains,lordship-beaurains,other,,,,main,,heining,93,high,number read from '1683'
1683,Gersslingen.,Gersslingen,,district-beaurains,lordship-beaurains,other,,,,main,,guerstling,93,high,
1684,Forweiller.,Forweiller,,district-beaurains,lordship-beaurains,other,,,,main,,neuforweiler,93,high,
1685,Biesten.,Biesten,,district-beaurains,lordship-beaurains,other,,,,main,,bisten,93,high,
1686,Bederstorff.,Bederstorff,,district-beaurains,lordship-beaurains,other,,,,main,,bedersdorf,93,high,
1687,Widerstorff.,Widerstorff,,district-beaurains,lordship-beaurains,other,,,,main,,ittersdorf,93,high,
1688,Willingen.,Willingen,,district-beaurains,lordship-beaurains,other,,,,main,,villing-bouzonville,93,high,
1689,Wistorff.,Wistorff,,district-beaurains,lordship-beaurains,other,,,,main,,gawestroff,93,medium,index match by index number (1.00)
1690,Oberdorff.,Oberdorff,,district-beaurains,lordship-beaurains,other,,,,main,,oberdorff,93,high,
1691,Rodendorff.,Rodendorff,,district-beaurains,lordship-beaurains,other,,,,main,,chateau-rouge,93,medium,index match by number (0.27)
1692,Wolflingen.,Wolflingen,,district-beaurains,lordship-beaurains,other,,,,main,,voelfling-les-bouzonville,93,high,number read from '1693'
1693,Kerlingen.,Kerlingen,,district-beaurains,lordship-beaurains,other,,,,main,,kerlingcn,93,medium,index match by index number (1.00)
1694,Odenhoven.,Odenhoven,,district-beaurains,lordship-beaurains,other,,,,main,,odenhoven,93,high,
1695,Eidlingen.,Eidlingen,,district-beaurains,lordship-beaurains,other,,,,main,,aidling,93,high,
1696,Morten.,Morten,,district-beaurains,lordship-beaurains,other,,,,main,,merten,94,high,
1697,Bublingen.,Bublingen,,district-beaurains,lordship-beaurains,other,,,,main,,bibling,94,high,
1698,Tetterchen.,Tetterchen,,district-beaurains,lordship-beaurains,other,,,,main,,teterchen,94,high,
1699,"flouionville, Btissndorff.",Houionville,,district-beaurains,lordship-beaurains,clergy,,,,main,,bouzonville,94,high,
1700,Leidingen.,Leidingen,,district-beaurains,lordship-beaurains,clergy,,,,main,,leiding,94,high,
1701,Morten.,Morten,,district-beaurains,lordship-beaurains,clergy,,,,main,,merten,94,high,
1702,Bublingen.,Bublingen,,district-beaurains,lordship-beaurains,clergy,,,,main,,bibling,94,high,
1703,"La ville de Morhanges, altès Morchingcn.",La ville de Morhanges,,district-morhange,lordship-morhange,other,,,,main,,morhange,94,high,
1704,Reckranges.,Reckranges,,district-morhange,lordship-morhange,other,,,,main,,racrange,94,high,
1705,Eschen.,Eschen,,district-morhange,lordship-morhange,other,,,,main,,achain,94,medium,index match by loose number (0.95)
1706,Pebingen.,Pebingen,,district-morhange,lordship-morhange,other,,,,main,,pevange,94,high,
1707,Reich.,Reich,,district-morhange,lordship-morhange,other,,,,main,,riche,94,high,
1708,Linderchin.,Linderchin,,district-morhange,lordship-morhange,other,,,,main,,lidrequin,94,high,
1709,Liedersingen.,Liedersingen,,district-morhange,lordship-morhange,other,,,,main,,lidrezing,94,high,
1710,Soltzlingen.,Soltzlingen,,district-morhange,lordship-morhange,other,,,,main,,sotzeling,94,high,
1711,Serbelingen.,Serbelingen,,district-morhange,lordship-morhange,other,,,,main,,zarbeling,94,high,
1712,Rodalben.,Rodalben,,district-morhange,lordship-morhange,other,,,,main,,rodalbe,94,high,
1713,Deistrich.,Deistrich,,district-morhange,lordship-morhange,other,,,,main,,destry,94,high,
1714,Lendorff.,Lendorff,,district-morhange,lordship-morhange,other,,,,main,,landroff,94,high,
1715,Weiller.,Weiller,,district-morhange,lordship-morhange,other,,,,main,,viller-grostenquin,94,high,
1716,Herbrich.,Herbrich,,district-morhange,lordship-morhange,other,,,,main,,harprich,94,high,
1717,"La ville de Faulquemont, alias Falkcmburg.",La ville de Faulquemont,,district-faulquemont,lordship-faulquemont,other,,,,main,,faulquemont,94,high,
1718,Wallen.,Wallen,,district-faulquemont,lordship-faulquemont,other,,,,main,,vahl-les-faulquemont,94,medium,index match by number (0.42)
1719,Edlingen.,Edlingen,,district-faulquemont,lordship-faulquemont,other,,,,main,,adelange,94,high,
1720,Enssweiller.,Enssweiller,,district-faulquemont,lordship-faulquemont,other,,,,main,,einchwiller,94,high,number read from '1730'
1721,Druttlingen.,Druttlingen,,district-faulquemont,lordship-faulquemont,other,,,,main,,tritteling,94,high,
1722,Gengweiller.,Gengweiller,,district-faulquemont,lordship-faulquemont,other,,,,main,,guenviller,94,high,
1723,Morlangen.,Morlangen,,district-faulquemont,lordship-faulquemont,other,,,,main,,morlange,94,high,
1724,La ville de Forbach.,La ville de Forbach,,district-forbach,lordship-forbach,other,,,,main,,forbach,95,high,
1725,Klain-Rosseln.,Klain-Rosseln,,district-forbach,lordship-forbach,other,,,,main,,petite-rosselle,95,high,
1726,Oltingen.,Oltingen,,district-forbach,lordship-forbach,other,,,,main,,oeting,95,high,
1727,Speicher.,Speicher,,district-forbach,lordship-forbach,other,,,,main,,spickeren-ou-speichercn,95,high,
1728,Rochlingen.,Rochlingen,,district-forbach,lordship-forbach,other,,,,main,,ruchlingen,95,high,
1729,Alstingen.,Alstingen,,district-forbach,lordship-forbach,other,,,,main,,alsting,95,high,
1730,Hesslingen.,Hesslingen,,district-forbach,lordship-forbach,other,,,,main,,hesseling,95,high,
1731,Zintsingen.,Zintsingen,,district-forbach,lordship-forbach,other,,,,main,,zinzing,95,medium,index match by index number (1.00)
1732,Etzlingen.,Etzlingen,,district-forbach,lordship-forbach,other,,,,main,,etzling,95,medium,index match by confused number (0.82)
1733,Dutlingen.,Dutlingen,,district-forbach,lordship-forbach,other,,,,main,,dittclingen,95,medium,index match by confused number (0.95)
1734,Kirbach.,Kirbach,,district-forbach,lordship-forbach,other,,,,main,,kerbach,95,medium,index match by confused number (0.95)
1735,Kordenburn.,Kordenburn,,district-forbach,lordship-forbach,other,,,,main,,cadenbronn,95,medium,index match by loose number (0.95)
1736,Bubingen.,Bubingen,,district-forbach,lordship-forbach,other,,,,main,,itnbiiujen,95,medium,index match by index number (1.00)
1737,Berren.,Berren,,district-forbach,lordship-forbach,other,,,,main,,behren,95,medium,index match by confused number (0.83)
1738,"Vaudémont, chasteau, ville et église collégiutte de Sainct-Jean-Baptiste.",Vaudémont,castle|town,bailiwick-vaudemont,county-vaudemont,domain,,,,main,,vaudemont,95,medium,index match by confused number (1.00)
1739,"Vézelise, chasteau et ville.",Vézelise,castle|town,bailiwick-vaudemont,county-vaudemont,domain,,,,main,,vezelise,95,medium,index match by confused number (1.00)
1740,Chaoulley.,Chaoulley,,bailiwick-vaudemont,county-vaudemont,domain,,,,main,,chaouilley,95,high,
1741,Eumont.,Eumont,,bailiwick-vaudemont,county-vaudemont,domain,,,,main,,eulmont-dommaric-eulmont,95,high,
1742,Dommaric.,Dommaric,,bailiwick-vaudemont,county-vaudemont,domain,,,,main,,dommarie-eulmont,95,high,
1743,Prée-soub-Sion.,Prée-soub-Sion,,bailiwick-vaudemont,county-vaudemont,domain,,,,main,,praye,95,medium,index match by number (0.35)
1744,Fresnel-la-Grande.,Fresnel-la-Grande,,bailiwick-vaudemont,county-vaudemont,domain,,,,main,,frenelle-la-grande,95,high,
1745,Battigny.,Battigny,,bailiwick-vaudemont,county-vaudemont,domain,,,,main,,battigny,95,high,
1746,Gellocourt.,Gellocourt,,bailiwick-vaudemont,county-vaudemont,domain,,,,main,,gelaucourt,95,high,
1747,Dyarville.,Dyarville,,bailiwick-vaudemont,county-vaudemont,domain,,,,main,,diarville,95,high,
1748,llôudreville.,Hôudreville,,bailiwick-vaudemont,county-vaudemont,domain,,,,main,,houdreville,95,high,
1749,Hameville.,Hameville,,bailiwick-vaudemont,county-vaudemont,domain,,,,main,,hammeville,95,high,
1750,Clerey.,Clerey,,bailiwick-vaudemont,county-vaudemont,domain,,,,main,,clerey-sur-brenon,95,high,
1751,They-soub-Vaudémont.,They-soub-Vaudémont,,bailiwick-vaudemont,county-vaudemont,domain,,,,main,,they-sous-vaudemont,95,medium,index match by index number (1.00)
1752,Gugney.,Gugney,,bailiwick-vaudemont,county-vaudemont,domain,,,,main,,gugney,95,high,number read from '1753'
1753,Forcelles-soub-Gugney.,Forcelles-soub-Gugney,,bailiwick-vaudemont,county-vaudemont,domain,,,,main,,forcelles-sous-gugney,95,high,
1754,Tourey.,Tourey,,bailiwick-vaudemont,county-vaudemont,domain,,,,main,,thorey-lyautey,96,medium,index match by confused number (0.83)
1755,Fabvières.,Fabvières,,bailiwick-vaudemont,county-vaudemont,domain,,,,main,,favieres,96,high,
1756,Saulxerotte.,Saulxerotte,,bailiwick-vaudemont,county-vaudemont,domain,,,,main,,saulxerotte,96,high,
1757,Vitrey.,Vitrey,,bailiwick-vaudemont,county-vaudemont,domain,,,,main,,vitrey,96,high,
1758,Goviller.,Goviller,,bailiwick-vaudemont,county-vaudemont,domain,,,,main,,goviller,96,high,
1759,Dollecourt.,Dollecourt,,bailiwick-vaudemont,county-vaudemont,domain,,,,main,,dolcourt,96,high,
1760,Ongnèville.,Ongnèville,,bailiwick-vaudemont,county-vaudemont,domain,,,,main,,ogneville,96,high,
1761,"Parey-Sainct-César, partie.",Parey-Sainct-César,,bailiwick-vaudemont,county-vaudemont,domain,,part,,main,,parey-saint-cesaire,96,high,
1762,Puis.,Puis,,bailiwick-vaudemont,county-vaudemont,domain,,,,main,,puxe,96,high,number read from '1763'
1763,Velle.,Velle,,bailiwick-vaudemont,county-vaudemont,domain,,,,main,,velle,96,high,
1764,Souveraincourt.,Souveraincourt,,bailiwick-vaudemont,county-vaudemont,domain,,,,main,,souveraincourl,96,high,
1765,Houdelmont.,Houdelmont,,bailiwick-vaudemont,county-vaudemont,domain,,,,main,,houdelmont,96,high,
1766,Fraisne-la-Petite.,Fraisne-la-Petite,,bailiwick-vaudemont,county-vaudemont,clergy,,,,main,,frenelle-la-petite,96,high,
1767,Gremonviller.,Gremonviller,,bailiwick-vaudemont,county-vaudemont,clergy,,,,main,,grimonviller,96,high,
1768,Bouzainville.,Bouzainville,,bailiwick-vaudemont,county-vaudemont,clergy,,,,main,,bouzanville,96,high,
1769,Reppel.,Reppel,,bailiwick-vaudemont,county-vaudemont,clergy,,,,main,,repel,96,high,
1770,Nostre-Dame de Syon.,Nostre-Dame de Syon,,bailiwick-vaudemont,county-vaudemont,clergy,,,,main,,sion,96,medium,index match by number (0.30)
1771,"Boullaincourt, prieuré de l'ordre [de Saînt-Augiistiu],dépendantde Sainct-Léon de Touh",Boullaincourt,priory,bailiwick-vaudemont,county-vaudemont,clergy,,,,main,,boulaincourt,96,high,
1772,"Vandelainville, prieuré de L'ordre [de Saint-Augustin], dépendaut de l'abbaye de Sainct-Léon de foui.",Vandelainville,abbey|priory,bailiwick-vaudemont,county-vaudemont,clergy,,,,main,augustinian,vandeleville,96,high,
1773,"Thelod, chasteau et village.",Thelod,castle|village,bailiwick-vaudemont,county-vaudemont,fief,,,,main,,thelod,96,high,
1774,"Aultrey, chasteau et village.",Aultrey,castle|village,bailiwick-vaudemont,county-vaudemont,fief,,,,main,,autrcy,96,high,
1775,"Tantonville, chasteau et village.",Tantonville,castle|village,bailiwick-vaudemont,county-vaudemont,fief,,,,main,,tantonville,96,high,
1776,"Estreval, chasteau et village.",Estreval,castle|village,bailiwick-vaudemont,county-vaudemont,fief,,,,main,,etreval,96,high,
1777,Forcelles-Sainct-Gergonne.,Forcelles-Sainct-Gergonne,,bailiwick-vaudemont,county-vaudemont,fief,,,,main,,forcelles-saint-gorgon,96,high,
1778,Veroncourt.,Veroncourt,,bailiwick-vaudemont,county-vaudemont,fief,,,,main,,vroncourt,96,high,
1779,Queveilloncourt.,Queveilloncourt,,bailiwick-vaudemont,county-vaudemont,fief,,,,main,,quevilloncourt,96,high,
1780,Omelmont.,Omelmont,,bailiwick-vaudemont,county-vaudemont,fief,,,,main,,omelmont,96,high,
1781,Courcelles.,Courcelles,,bailiwick-vaudemont,county-vaudemont,fief,,,,main,,courcelles,96,high,
1782,Boulaincourt.,Boulaincourt,,bailiwick-vaudemont,county-vaudemont,fief,,,,main,,boulaincourt,96,high,number read from '1783'
1783,Pugney.,Pugney,,bailiwick-vaudemont,county-vaudemont,fief,,,,main,,pulney,96,medium,index match by loose number (0.95)
1784,Vandelainville.,Vandelainville,,bailiwick-vaudemont,county-vaudemont,fief,,,,main,,vandeleville,97,high,
1785,Fecocourt.,Fecocourt,,bailiwick-vaudemont,county-vaudemont,fief,,,,main,,fecocourt,97,high,
1786,Bouzainville.,Bouzainville,,bailiwick-vaudemont,county-vaudemont,fief,,,,main,,bouzanville,97,high,
1787,Saxon.,Saxon,,bailiwick-vaudemont,county-vaudemont,fief,,,,main,,saxon,97,high,
1788,Chevaux.,Chevaux,,bailiwick-vaudemont,county-vaudemont,fief,,,,main,,chef-haut,97,high,
1789,Aboncourt.,Aboncourt,,bailiwick-vaudemont,county-vaudemont,fief,,,,main,,aboncourt,97,high,
1790,Rouvre-en-Sainctois.,Rouvre-en-Sainctois,,bailiwick-vaudemont,county-vaudemont,fief,,,,main,,rouvres-en-xaintois,97,high,
1791,They-soub-Vaudémont.,They-soub-Vaudémont,,bailiwick-vaudemont,county-vaudemont,fief,,,,main,,they-sous-vaudemont,97,medium,index match by number (0.38)
1792,"Blamerey, pour la mcictié.",Blamerey,,bailiwick-vaudemont,county-vaudemont,fief,,,,main,,blemerey,97,high,
1793,"Chastel, chasteau et ville.",Chastel,castle|town,bailiwick-chatel-sur-moselle,,domain,,,,main,,chatel-sur-moselle,97,medium,index match by confused number (0.92)
1794,Nommexy.,Nommexy,,bailiwick-chatel-sur-moselle,,domain,,,,main,,nomexy,97,high,
1795,Moreville.,Moreville,,bailiwick-chatel-sur-moselle,,domain,,,,main,,moriville,97,high,
1796,Haillainville.,Haillainville,,bailiwick-chatel-sur-moselle,,domain,,,,main,,haillainville,97,high,
1797,Rehaincourt.,Rehaincourt,,bailiwick-chatel-sur-moselle,,domain,,,,main,,rehaincourt,97,high,
1798,"Clezentaines, bourg.",Clezentaines,small_town,bailiwick-chatel-sur-moselle,,domain,,,,main,,clezentaine,97,high,
1799,Portesseux.,Portesseux,,bailiwick-chatel-sur-moselle,,domain,,,,main,,portieux-charmes,97,high,
1800,Hardancourt.,Hardancourt,,bailiwick-chatel-sur-moselle,,domain,,,,main,,hardancourt,97,high,
1801,Ortoncourt.,Ortoncourt,,bailiwick-chatel-sur-moselle,,domain,,,,main,,ortoncourt,97,high,
1802,Bouxereulles.,Bouxereulles,,bailiwick-chatel-sur-moselle,,domain,,,,main,,bouxurulles,97,medium,index match by loose number (0.87)
1803,Frizon-la-Haulte.,Frizon-la-Haulte,,bailiwick-chatel-sur-moselle,,domain,,,,main,,frizon,97,medium,index match by confused number (0.78)
1804,Frizon-la-Basse.,Frizon-la-Basse,,bailiwick-chatel-sur-moselle,,domain,,,,main,,frizon,97,medium,index match by index number (1.00); number read from 't&Oi'
1805,Passoncourt.,Passoncourt,,bailiwick-chatel-sur-moselle,,domain,,,,main,,passoncourt,97,high,
1806,"Sainct-Remy-aux-Bois, pour la moictié à Rozières.",Sainct-Remy-aux-Bois,,bailiwick-chatel-sur-moselle,,domain,,1/2,,main,,saint-remy-aux-bois,97,high,
1807,"Dommart-aux-Bois, pour les deux tiers à Rozières.",Dommart-aux-Bois,,bailiwick-chatel-sur-moselle,,domain,,,,main,,damas-aux-bois,97,high,
1808,Langley.,Langley,,bailiwick-chatel-sur-moselle,,domain,,,,main,,langley,97,high,
1809,Sainct-Boin.,Sainct-Boin,,bailiwick-chatel-sur-moselle,,domain,,,,main,,saint-boingt,97,high,
1810,Monzey.,Monzey,,bailiwick-chatel-sur-moselle,,domain,,,,main,,montzey,97,high,
1811,"Verrières d'Onzaines, désertes.",Verrières d'Onzaines,,bailiwick-chatel-sur-moselle,,domain,,,,main,,les-verrieres-douzaines,97,high,
1812,Velacourt.,Velacourt,,bailiwick-chatel-sur-moselle,,domain,,,,main,,villacourt,97,high,
1813,Battessey.,Battessey,,bailiwick-chatel-sur-moselle,,domain,,,,main,,battexey,97,medium,index match by confused number (0.82)
1814,Sainct-Germain.,Sainct-Germain,,bailiwick-chatel-sur-moselle,,domain,,,,main,,saint-germain,97,high,
1815,Chamagne.,Chamagne,,bailiwick-chatel-sur-moselle,,domain,,,,main,,chamagne,98,high,
1816,Lorro.,Lorro,,bailiwick-chatel-sur-moselle,,domain,,,,main,,loromontzey,98,medium,index match by index number (1.00)
1817,Rozeleures.,Rozeleures,,bailiwick-chatel-sur-moselle,,domain,,,,main,,rozelieures,98,high,
1818,"Belleval, prieuré de L'ordre sainct Benotst, dépendant de l'abbayede Moyenmonstier.",Belleval,abbey|priory,bailiwick-chatel-sur-moselle,,clergy,,,,main,,belval,98,high,
1819,"Abiey, prieuré de L'ordre de [Saint-Augustin], dépendantdu [prieuré d'Hérival].",Abiey,priory,bailiwick-chatel-sur-moselle,,clergy,,,,main,augustinian,aubiey,98,high,
1820,Chamagne.,Chamagne,,bailiwick-chatel-sur-moselle,,clergy,,,,main,,chamagne,98,high,number read from '1830'
1821,Sainct-Germain.,Sainct-Germain,,bailiwick-chatel-sur-moselle,,clergy,,,,main,,saint-germain,98,high,
1822,Nomexey.,Nomexey,,bailiwick-chatel-sur-moselle,,fief,,,,main,,nomexy,98,high,number read from '1833'
1823,Sainct-Gerroain.,Sainct-Gerroain,,bailiwick-chatel-sur-moselle,,fief,,,,main,,saint-germain,98,high,1 number(s) missing before
1824,Hadigny.,Hadigny,,bailiwick-chatel-sur-moselle,,fief,,,,main,,hadigny-les-verrieres,98,medium,index match by number (0.44)
1825,Chamagne.,Chamagne,,bailiwick-chatel-sur-moselle,,fief,,,,main,,chamagne,98,high,
1826,Verrières d'Onzaines.,Verrières d'Onzaines,,bailiwick-chatel-sur-moselle,,fief,,,,main,,les-verrieres-douzaines,98,high,
1827,Bouxereulles.,Bouxereulles,,bailiwick-chatel-sur-moselle,,fief,,,,main,,bouxurulles,98,medium,index match by loose number (0.87)
1828,Velacourt.,Velacourt,,bailiwick-chatel-sur-moselle,,fief,,,,main,,villacourt,98,high,
1829,La Beufville.,La Beufville,,bailiwick-chatel-sur-moselle,,fief,,,,main,,lebeuville,98,medium,index match by loose number (0.95)
1830,Marainville.,Marainville,,bailiwick-chatel-sur-moselle,,fief,,,,main,,marainville-sur-madon,98,high,
1831,Frizon-la-Basse.,Frizon-la-Basse,,bailiwick-chatel-sur-moselle,,fief,,,,main,,frizon,98,high,
1832,Lorro.,Lorro,,bailiwick-chatel-sur-moselle,,fief,,,,main,,lorro,98,low,index match by none (0.00)
1833,Bainville.,Bainville,,district-bainville-aux-miroirs,,domain,,,,main,,bainville-aux-miroirs,98,high,
1834,"Chamagne, partie.",Chamagne,,district-bainville-aux-miroirs,,domain,,part,,main,,chamagne,98,high,
1835,"Velacourt, partie.",Velacourt,,district-bainville-aux-miroirs,,domain,,part,,main,,villacourt,98,medium,index match by name (0.95)
1836,"Lebeufville, partie.",Lebeufville,,district-bainville-aux-miroirs,,domain,,part,,main,,lebeuville,98,high,
1837,Marainville.,Marainville,,district-bainville-aux-miroirs,,domain,,,,main,,marainville-sur-madon,98,medium,index match by confused number (1.00)
1838,Sainct-Gcrmain.,Sainct-Gcrmain,,district-bainville-aux-miroirs,,clergy,,,,main,,saint-germain,98,high,
1839,"Chamagne, partie.",Chamagne,,district-bainville-aux-miroirs,,clergy,,part,,main,,chamagne,98,high,
1840,Xaronval.,Xaronval,,provostship-tantimont,,clergy,,,,main,,xaronval,99,high,
1841,Hergugney.,Hergugney,,provostship-tantimont,,clergy,,,,main,,hergugney,99,high,
1842,Batessey.,Batessey,,provostship-tantimont,,clergy,,,,main,,battexey,99,high,number read from '1843'
1843,Avrainville.,Avrainville,,provostship-tantimont,,clergy,,,,main,,avrainville,99,medium,index match by loose number (1.00)
1844,"Espinal, chasteau et ville, abbaye de dames de L'ordre sainct Benoist.",Espinal,castle|town|abbey,bailiwick-epinal,,domain,,,,main,benedictine,epinal,99,high,
1845,Gollebey.,Gollebey,,bailiwick-epinal,,domain,,,,main,,golbey,99,high,
1846,Chavelot.,Chavelot,,bailiwick-epinal,,domain,,,,main,,chavelot,99,high,
1847,Thaon.,Thaon,,bailiwick-epinal,,domain,,,,main,,thaon-les-vosges,99,high,
1848,Deyviller.,Deyviller,,bailiwick-epinal,,domain,,,,main,,deyvillers,99,high,
1849,Girmont.,Girmont,,bailiwick-epinal,,domain,,,,main,,girmont,99,high,
1850,Sercueur.,Sercueur,,bailiwick-epinal,,domain,,,,main,,sercoeur,99,high,
1851,Villoncourt.,Villoncourt,,bailiwick-epinal,,domain,,,,main,,villoncourt,99,high,
1852,Pandoux.,Pandoux,,bailiwick-epinal,,domain,,,,main,,padoux,99,high,
1853,Bandesmesnil.,Bandesmesnil,,bailiwick-epinal,,domain,,,,main,,badmenil-aux-bois,99,high,
1854,Dignonville.,Dignonville,,bailiwick-epinal,,domain,,,,main,,dignonville,99,high,
1855,Sainct-Genois.,Sainct-Genois,,bailiwick-epinal,,domain,,,,main,,saint-genest,99,medium,index match by confused number (0.82)
1856,Saincte-Hélène.,Saincte-Hélène,,bailiwick-epinal,,domain,,,,main,,sainte-helene,99,high,
1857,Vomécourt.,Vomécourt,,bailiwick-epinal,,domain,,,,main,,vomecourl,99,high,
1858,Bul.,Bul,,bailiwick-epinal,,domain,,,,main,,bult,99,high,
1859,Sainct-Gergonne.,Sainct-Gergonne,,bailiwick-epinal,,domain,,,,main,,saint-gorgon,99,medium,index match by loose number (0.83)
1860,"Dongneville,",Dongneville,,bailiwick-epinal,,domain,,,,main,,dogneville,99,high,
1861,Vencey.,Vencey,,bailiwick-epinal,,domain,,,,main,,vincey,99,high,
1862,La Baffe.,La Baffe,,bailiwick-epinal,,domain,,,,main,,la-baffe,99,high,number read from '1863'
1863,Moussou.,Moussou,,bailiwick-epinal,,domain,,,,main,,moussoux,99,medium,index match by confused number (0.93)
1864,Archette.,Archette,,bailiwick-epinal,,domain,,,,main,,archettes,99,high,
1865,Lonchamp.,Lonchamp,,bailiwick-epinal,,domain,,,,main,,longchamp-epinal,100,high,
1866,Jeuxey.,Jeuxey,,bailiwick-epinal,,domain,,,,main,,jeuxey,100,high,
1867,Domepvre-sur-Avière.,Domepvre-sur-Avière,,bailiwick-epinal,,domain,,,,main,,domevre-sur-aviere,100,high,
1868,Vaxoncourt.,Vaxoncourt,,bailiwick-epinal,,domain,,,,main,,vaxoncourt,100,high,
1869,Palligny.,Palligny,,bailiwick-epinal,,domain,,,,main,,pallegney,100,high,
1870,Zincourt.,Zincourt,,bailiwick-epinal,,domain,,,,main,,zincourt,100,high,
1871,Vaudainville.,Vaudainville,,bailiwick-epinal,,domain,,,,main,,vaudeville-epinal,100,high,
1872,Igney.,Igney,,bailiwick-epinal,,domain,,,,main,,igncy,100,high,
1873,Vencey.,Vencey,,bailiwick-epinal,,clergy,,,,main,,vincey,100,high,
1874,Gigney.,Gigney,,bailiwick-epinal,,clergy,,,,main,,gigney,100,high,
1875,Deyviller.,Deyviller,,bailiwick-epinal,,clergy,,,,main,,deyvillers,100,high,
1876,Gollebey.,Gollebey,,bailiwick-epinal,,fief,,,,main,,golbey,100,high,
1877,Chavelot.,Chavelot,,bailiwick-epinal,,fief,,,,main,,chavelot,100,high,
1878,Vaxoncourt.,Vaxoncourt,,bailiwick-epinal,,fief,,,,main,,vaxoncourt,100,high,
1879,Palligny.,Palligny,,bailiwick-epinal,,fief,,,,main,,pallegney,100,high,
1880,Zincourt.,Zincourt,,bailiwick-epinal,,fief,,,,main,,zincourt,100,high,
1881,Vaudainville.,Vaudainville,,bailiwick-epinal,,fief,,,,main,,vaudeville-epinal,100,high,
1882,Igney.,Igney,,bailiwick-epinal,,fief,,,,main,,igncy,100,high,
1883,"Hatonchastel, chasteau, ville et église collégialte de Sainct-Maur.",Hatonchastel,castle|town|collegiate_church,bailiwick-hattonchatel,,domain,,,,main,,hattonchatel,100,high,
1884,"Rouveroy, bourg fermé.",Rouveroy,small_town,bailiwick-hattonchatel,,domain,,,,main,,rouvrois-sur-meuse,100,medium,index match by index number (1.00)
1885,Hatonville.,Hatonville,,bailiwick-hattonchatel,,domain,,,,main,,hattonville,100,high,
1886,Herbeville.,Herbeville,,bailiwick-hattonchatel,,domain,,,,main,,herbeuville,100,high,
1887,Deuxnowes.,Deuxnowes,,bailiwick-hattonchatel,,domain,,,,main,,deuxnouds-aux-bois,100,high,
1888,Vigneulles.,Vigneulles,,bailiwick-hattonchatel,,domain,,,,main,,vigneulles-les-hattonchatel,100,high,
1889,Voél.,Voél,,bailiwick-hattonchatel,,domain,,,,main,,woel,100,high,
1890,Broville.,Broville,,bailiwick-hattonchatel,,domain,,,,main,,sntrilte,100,high,
1891,Sault.,Sault,,bailiwick-hattonchatel,,domain,,,,main,,saulx-en-voevre,100,high,
1892,Sainct-Remy.,Sainct-Remy,,bailiwick-hattonchatel,,domain,,,,main,,saint-remy-la-calonne,100,medium,index match by loose number (1.00); number read from '1893'
1893,Billy.,Billy,,bailiwick-hattonchatel,,domain,,,,main,,billy-sous-les-cotes,100,high,
1894,Seuzy.,Seuzy,,bailiwick-hattonchatel,,domain,,,,main,,seuzey,101,high,
1895,Lavigneville.,Lavigneville,,bailiwick-hattonchatel,,domain,,,,main,,lavigneville,101,high,
1896,Hanonville.,Hanonville,,bailiwick-hattonchatel,,domain,,,,main,,hannonville-sous-les-cotes,101,high,
1897,Morville.,Morville,,bailiwick-hattonchatel,,domain,,,,main,,lamorville,101,high,
1898,Chaillon.,Chaillon,,bailiwick-hattonchatel,,domain,,,,main,,chaillon,101,high,
1899,Barsaucourt.,Barsaucourt,,bailiwick-hattonchatel,,domain,,,,main,,bassaucourt,101,high,
1900,Viefville.,Viefville,,bailiwick-hattonchatel,,domain,,,,main,,vieville-sous-les-cotes,101,high,
1901,Bannoncourt.,Bannoncourt,,bailiwick-hattonchatel,,domain,,,,main,,bannoncourt,101,high,
1902,Donseverin.,Donseverin,,bailiwick-hattonchatel,,domain,,,,main,,dompcevrin,101,high,number read from '1903'
1903,Gerbeuville.,Gerbeuville,,bailiwick-hattonchatel,,domain,,,,main,,spada,101,high,
1904,Varvinay.,Varvinay,,bailiwick-hattonchatel,,domain,,,,main,,varvinay,101,high,
1905,Maizey.,Maizey,,bailiwick-hattonchatel,,domain,,,,main,,maizey,101,high,
1906,Relincourt.,Relincourt,,bailiwick-hattonchatel,,domain,,,,main,,relincourt,101,high,
1907,Senonville.,Senonville,,bailiwick-hattonchatel,,domain,,,,main,,senonville,101,high,
1908,Savonnières.,Savonnières,,bailiwick-hattonchatel,,domain,,,,main,,savonnieres-en-voevre,101,high,
1909,Avillers.,Avillers,,bailiwick-hattonchatel,,domain,,,,main,,avillers-fresnes-cn-vocvrc,101,high,
1910,Sainct-Maurice.,Sainct-Maurice,,bailiwick-hattonchatel,,domain,,,,main,,saint-maurice-sous-les-cotes,101,high,
1911,"Sainct-Benoist, abbaye de L'ordre dudict sainct Benoist.",Sainct-Benoist,abbey,bailiwick-hattonchatel,,clergy,,,,main,benedictine,saint-benoit-en-woevre,101,high,
1912,Creuue.,Creuue,,bailiwick-hattonchatel,,fief,,,,main,,creue,101,high,number read from '1913'
1913,Hanonville.,Hanonville,,bailiwick-hattonchatel,,fief,,,,main,,hannonville-sous-les-cotes,101,high,
1914,Maizey.,Maizey,,ban-maizey,,fief,,,,main,,maizey,101,high,
1915,Gerbeuville.,Gerbeuville,,ban-maizey,,fief,,,,main,,spada,101,high,
1916,Relincourt.,Relincourt,,ban-maizey,,fief,,,,main,,relincourt,101,medium,index match by loose number (1.00)
1917,Senonville.,Senonville,,ban-maizey,,fief,,,,main,,senonville,101,high,
1918,"Aspremont, chasteau ruiné, église collégiattcde Sainct-Nicolas, prieuré de L'ordre de sainct Benoist, uny au collège des pères jésuiltes au Pont-à-Mousson.",Aspremont,castle|priory|collegiate_church|deserted_village,bailiwick-apremont,,domain,,,,main,benedictine,apremont-la-foret,101,high,
1919,Thigeville.,Thigeville,,bailiwick-apremont,,domain,,,,main,,tigeville,102,high,
1920,Sainct-Aignan.,Sainct-Aignan,,bailiwick-apremont,,domain,,,,main,,saint-agnant-sous-les-cotes,102,high,
1921,Lyoville.,Lyoville,,bailiwick-apremont,,domain,,,,main,,liouville,102,high,
1922,Boncourt.,Boncourt,,bailiwick-apremont,,domain,,,,main,,boncourt,102,high,
1923,Mandres-la-Petite.,Mandres-la-Petite,,bailiwick-apremont,,domain,,,,main,,mandre-ia-pclite,102,high,
1924,Fort-bel-voisin.,Fort-bel-voisin,,bailiwick-apremont,,domain,,,,main,,forbeauvoisin,102,high,
1925,Euvezin.,Euvezin,,bailiwick-apremont,,domain,,,,main,,euvezin,102,high,
1926,Hamonville.,Hamonville,,bailiwick-apremont,,domain,,,,main,,hamonville,102,high,
1927,Joyey.,Joyey,,bailiwick-apremont,,domain,,,,main,,jouy-sous-les-cotes,102,high,
1928,Allamont.,Allamont,,bailiwick-apremont,,domain,,,,main,,allamont,102,high,
1929,"Marbotte, commanderic et village.",Marbotte,village,bailiwick-apremont,,clergy,,,,main,,marbotte,102,high,
1930,Afflainville.,Afflainville,,bailiwick-apremont,,fief,,,,main,,affleville,102,medium,index match by confused number (0.82)
1931,Allamont.,Allamont,,bailiwick-apremont,,fief,,,,main,,allamont,102,medium,index match by confused number (1.00)
1932,Aix.,Aix,,bailiwick-apremont,,fief,,,,main,,aix,102,medium,index match by index number (1.00)
1933,Ancy-sur-Mozelle.,Ancy-sur-Mozelle,,bailiwick-apremont,,fief,,,,main,,ancy-sur-moselle,102,medium,index match by confused number (0.93)
1934,Andillier.,Andillier,,bailiwick-apremont,,fief,,,,main,,andilly,102,high,
1935,Annoult.,Annoult,,bailiwick-apremont,,fief,,,,main,,anoux,102,medium,index match by index number (1.00)
1936,"Arrée,",Arrée,,bailiwick-apremont,,fief,,,,main,,arry,102,high,
1937,Aulnoy.,Aulnoy,,bailiwick-apremont,,fief,,,,main,,aulnois-sous-yerluzey,102,high,
1938,Boncourt.,Boncourt,,bailiwick-apremont,,fief,,,,main,,boncourt,102,medium,index match by confused number (1.00)
1939,Bouillonville.,Bouillonville,,bailiwick-apremont,,fief,,,,main,,bouillonville,102,high,
1940,Ban Bourgon.,Ban Bourgon,,bailiwick-apremont,,fief,,,,main,,san-bouryon,102,high,
1941,Ban de Laistre.,Ban de Laistre,,bailiwick-apremont,,fief,,,,main,,sun-de-laistrc,102,high,
1942,Ban de la Royne.,Ban de la Royne,,bailiwick-apremont,,fief,,,,main,,san-de-la-seine,102,high,
1943,Ban Sainct-Symphorien.,Ban Sainct-Symphorien,,bailiwick-apremont,,fief,,,,main,,san-saini-symphorien,102,medium,index match by confused number (0.89)
1944,Ban de Vezin.,Ban de Vezin,,bailiwick-apremont,,fief,,,,main,,san-de-vezin,102,high,
1945,Bayonville.,Bayonville,,bailiwick-apremont,,fief,,,,main,,bayonville-sur-mad,102,high,
1946,Bertrandmey.,Bertrandmey,,bailiwick-apremont,,fief,,,,main,,bertrameix,102,high,
1947,Blénod.,Blénod,,bailiwick-apremont,,fief,,,,main,,blenod-les-pont-a-mousson,102,high,
1948,Bainville.,Bainville,,bailiwick-apremont,,fief,,,,main,,boinville-en-woevre,102,high,
1949,Bonnée.,Bonnée,,bailiwick-apremont,,fief,,,,main,,bovee-sur-barboure,102,high,
1950,Bonnieulles.,Bonnieulles,,bailiwick-apremont,,fief,,,,main,,boviolles,102,high,
1951,Brieulles.,Brieulles,,bailiwick-apremont,,fief,,,,main,,brieulles-sur-meuse,102,high,
1952,Broucey.,Broucey,,bailiwick-apremont,,fief,,,,main,,broussey-en-blois,103,medium,index match by index number (1.00)
1953,Brues.,Brues,,bailiwick-apremont,,fief,,,,main,,bure,103,high,
1954,Ban Sainct-Pierre.,Ban Sainct-Pierre,,bailiwick-apremont,,fief,,,,main,,san-saint-pierre,103,high,
1955,Ban de Chastel.,Ban de Chastel,,bailiwick-apremont,,fief,,,,main,,san-de-chaste,103,high,
1956,Chonville.,Chonville,,bailiwick-apremont,,fief,,,,main,,chonville,103,high,
1957,Charrey.,Charrey,,bailiwick-apremont,,fief,,,,main,,charey,103,high,
1958,Chazelles.,Chazelles,,bailiwick-apremont,,fief,,,,main,,chazelles,103,high,
1959,Cornienville.,Cornienville,,bailiwick-apremont,,fief,,,,main,,cornieville,103,high,
1960,Cuvery.,Cuvery,,bailiwick-apremont,,fief,,,,main,,cuvry,103,high,
1961,Danvitou.,Danvitou,,bailiwick-apremont,,fief,,,,main,,dampvitoux,103,high,
1962,Dieuleward.,Dieuleward,,bailiwick-apremont,,fief,,,,main,,dieulouard,103,high,
1963,Dommartin.,Dommartin,,bailiwick-apremont,,fief,,,,main,,dommartin-la-montagne,103,medium,index match by confused number (1.00)
1964,Donnenoul.,Donnenoul,,bailiwick-apremont,,fief,,,,main,,deuxnouds-aux-bois,103,high,
1965,Dun au Saulnoir.,Dun au Saulnoir,,bailiwick-apremont,,fief,,,,main,,dain-en-saulnois,103,high,
1966,Einville.,Einville,,bailiwick-apremont,,fief,,,,main,,euville,103,high,
1967,Escrouve.,Escrouve,,bailiwick-apremont,,fief,,,,main,,ecrouves,103,high,
1968,Essey-en-Voivre.,Essey-en-Voivre,,bailiwick-apremont,,fief,,,,main,,essey-et-maizerais,103,high,
1969,Enrecourt (ou Eurecourl).,Enrecourt,,bailiwick-apremont,,fief,,,,main,,urcourt,103,high,
1970,Fort-bel-voisin.,Fort-bel-voisin,,bailiwick-apremont,,fief,,,,main,,forbeauvoisin,103,high,
1971,Frémeréville.,Frémeréville,,bailiwick-apremont,,fief,,,,main,,fremereville-sous-les-cotes,103,high,
1972,Girardvoisin.,Girardvoisin,,bailiwick-apremont,,fief,,,,main,,girauvoisin,103,high,
1973,Gironville.,Gironville,,bailiwick-apremont,,fief,,,,main,,gironville-sous-les-cotes,103,high,
1974,Gisainville.,Gisainville,,bailiwick-apremont,,fief,,,,main,,jezainville,103,high,
1975,Grandmesnil.,Grandmesnil,,bailiwick-apremont,,fief,,,,main,,grand-menil,103,high,
1976,Grandvoysin.,Grandvoysin,,bailiwick-apremont,,fief,,,,main,,jranduoyain-bailliage-d-apremont,103,medium,index match by number (0.40)
1977,Gironville.,Gironville,,bailiwick-apremont,,fief,,,,main,,gironville-sous-les-cotes,103,medium,index match by loose number (1.00)
1978,Grosrouvre.,Grosrouvre,,bailiwick-apremont,,fief,,,,main,,grosrouvres,103,high,
1979,Hamonville.,Hamonville,,bailiwick-apremont,,fief,,,,main,,hamonville,103,medium,index match by loose number (1.00)
1980,Hamberg.,Hamberg,,bailiwick-apremont,,fief,,,,main,,ihimbery,103,high,
1981,lias.,Has,,bailiwick-apremont,,fief,,,,main,,lamarche-en-voevre,103,high,
1982,Honchamps.,Honchamps,,bailiwick-apremont,,fief,,,,main,,longchamps-sur-aire,103,high,
1983,Houaville.,Houaville,,bailiwick-apremont,,fief,,,,main,,jouaville,103,medium,index match by confused number (0.95)
1984,Jairey.,Jairey,,bailiwick-apremont,,fief,,,,main,,jury,103,high,
1985,Juxey.,Juxey,,bailiwick-apremont,,fief,,,,main,,jussy,103,high,
1986,Joyey.,Joyey,,bailiwick-apremont,,fief,,,,main,,jouy-sous-les-cotes,103,high,
1987,Lahéville.,Lahéville,,bailiwick-apremont,,fief,,,,main,,lahayville,103,high,
1988,Lairey.,Lairey,,bailiwick-apremont,,fief,,,,main,,lairey,104,medium,index match by loose number (1.00)
1989,La Montagne.,La Montagne,,bailiwick-apremont,,fief,,,,main,,saint-privat-la-montagne,104,high,
1990,Landres.,Landres,,bailiwick-apremont,,fief,,,,main,,landres,104,high,
1991,Lixières.,Lixières,,bailiwick-apremont,,fief,,,,main,,lixieres,104,high,
1992,Lyoville.,Lyoville,,bailiwick-apremont,,fief,,,,main,,liouville,104,high,
1993,Lyon.,Lyon,,bailiwick-apremont,,fief,,,,main,,lion-devant-dun,104,medium,index match by index number (1.00)
1994,Mandres-la-Petite.,Mandres-la-Petite,,bailiwick-apremont,,fief,,,,main,,mandre-ia-pclite,104,high,
1995,Magny.,Magny,,bailiwick-apremont,,fief,,,,main,,magny,104,high,
1996,Mailly.,Mailly,,bailiwick-apremont,,fief,,,,main,,mailly-sur-seille,104,high,
1997,Mahuere.,Mahuere,,bailiwick-apremont,,fief,,,,main,,manheulles,104,high,
1998,Mare.,Mare,,bailiwick-apremont,,fief,,,,main,,marre,104,high,
1999,Marson.,Marson,,bailiwick-apremont,,fief,,,,main,,marson-sur-barboure,104,high,
2000,Maizery.,Maizery,,bailiwick-apremont,,fief,,,,main,,maizery,104,high,number read from '3000'
2001,Mechairon.,Mechairon,,bailiwick-apremont,,fief,,,,main,,les-monthairons,104,high,
2002,Meraucourt.,Meraucourt,,bailiwick-apremont,,fief,,,,main,,merancourt-ou-merancourt,104,high,
2003,Mervaulx.,Mervaulx,,bailiwick-apremont,,fief,,,,main,,murvaux,104,high,
2004,Mervisin.,Mervisin,,bailiwick-apremont,,fief,,,,main,,marvoisin,104,high,number read from '3004'
2005,Mesnil-lez-Toul.,Mesnil-lez-Toul,,bailiwick-apremont,,fief,,,,main,,menil-la-tour,104,high,
2006,Milly.,Milly,,bailiwick-apremont,,fief,,,,main,,milly-sur-bradon,104,high,
2007,Moncel.,Moncel,,bailiwick-apremont,,fief,,,,main,,moncel-ies-marcheville,104,medium,index match by number (0.46)
2008,Mons.,Mons,,bailiwick-apremont,,fief,,,,main,,mont-devant-sassey,104,high,
2009,Mousson.,Mousson,,bailiwick-apremont,,fief,,,,main,,mousson,104,high,
2010,Mouliainville.,Mouliainville,,bailiwick-apremont,,fief,,,,main,,moulainville,104,high,
2011,Moyneville.,Moyneville,,bailiwick-apremont,,fief,,,,main,,moineville,104,high,
2012,Murville.,Murville,,bailiwick-apremont,,fief,,,,main,,murville,104,high,
2013,Mançoy.,Mançoy,,bailiwick-apremont,,fief,,,,main,,nancois-le-grand,104,medium,index match by confused number (0.95)
2014,Neufville-lez-Grand-Fontaine.,Neufville-lez-Grand-Fontaine,,bailiwick-apremont,,fief,,,,main,,neuvcville,104,high,number read from '3014'
2015,Ottanges.,Ottanges,,bailiwick-apremont,,fief,,,,main,,ottange,104,high,
2016,Pont-sur-Meuze.,Pont-sur-Meuze,,bailiwick-apremont,,fief,,,,main,,pont-sur-meuse,104,high,
2017,Parfonruz.,Parfonruz,,bailiwick-apremont,,fief,,,,main,,parfondrupt,104,high,
2018,Pannes.,Pannes,,bailiwick-apremont,,fief,,,,main,,pannes,104,high,number read from '3018'
2019,Platenges.,Platenges,,bailiwick-apremont,,fief,,,,main,,platenges,104,high,number read from '3019'
2020,Pont-lez-Mescrignes.,Pont-lez-Mescrignes,,bailiwick-apremont,,fief,,,,main,,pont-sur-meuse,104,high,
2021,Pont-sur-Meuze.,Pont-sur-Meuze,,bailiwick-apremont,,fief,,,,main,,pont-sur-meuse,104,high,
2022,Rambuescourt.,Rambuescourt,,bailiwick-apremont,,fief,,,,main,,rambucourt,104,high,number read from '3022'
2023,Ramelenges.,Ramelenges,,bailiwick-apremont,,fief,,,,main,,remelange,104,high,
2024,Raulecourt.,Raulecourt,,bailiwick-apremont,,fief,,,,main,,raulecourt,105,high,
2025,Renionville.,Renionville,,bailiwick-apremont,,fief,,,,main,,remoiville,105,high,number read from '3025'
2026,Ressoncourt.,Ressoncourt,,bailiwick-apremont,,fief,,,,main,,rcssoneourt,105,high,
2027,"Rigecourt, alias Richiecourt.",Rigecourt,,bailiwick-apremont,,fief,,,,main,,richecourt,105,high,
2028,Renonamey.,Renonamey,,bailiwick-apremont,,fief,,,,main,,royaumeix,105,high,
2029,Rozereulles.,Rozereulles,,bailiwick-apremont,,fief,,,,main,,rozerieulles,105,high,
2030,Sainct-Aulbin.,Sainct-Aulbin,,bailiwick-apremont,,fief,,,,main,,saint-aubin-sur-aire,105,medium,index match by confused number (0.95)
2031,Sainct-Baussonne.,Sainct-Baussonne,,bailiwick-apremont,,fief,,,,main,,saint-baussant,105,high,
2032,Sainct-Joure.,Sainct-Joure,,bailiwick-apremont,,fief,,,,main,,saint-jure,105,high,
2033,Sainct-Julian.,Sainct-Julian,,bailiwick-apremont,,fief,,,,main,,saint-julien-les-gorze,105,high,
2034,Saincte-Marie.,Saincte-Marie,,bailiwick-apremont,,fief,,,,main,,sainte-marie-aux-chenes,105,high,
2035,Sainct-Privé.,Sainct-Privé,,bailiwick-apremont,,fief,,,,main,,saint-privat,105,high,
2036,Saincte-Raphine.,Saincte-Raphine,,bailiwick-apremont,,fief,,,,main,,sainte-ruffine,105,high,
2037,Sanbuefmont.,Sanbuefmont,,bailiwick-apremont,,fief,,,,main,,beaumont,105,high,
2038,Sanzey.,Sanzey,,bailiwick-apremont,,fief,,,,main,,sanzey,105,high,
2039,Sécheprey.,Sécheprey,,bailiwick-apremont,,fief,,,,main,,seicheprey,105,high,
2040,Sivery.,Sivery,,bailiwick-apremont,,fief,,,,main,,xivray-et-marvoisin,105,medium,index match by index number (1.00)
2041,Sponville.,Sponville,,bailiwick-apremont,,fief,,,,main,,sponville,105,high,number read from '2051'
2042,Tannoy.,Tannoy,,bailiwick-apremont,,fief,,,,main,,tannois,105,high,
2043,Vacheronville.,Vacheronville,,bailiwick-apremont,,fief,,,,main,,vacherauville,105,medium,index match by confused number (0.85)
2044,Val Saincte-Marie.,Val Saincte-Marie,,bailiwick-apremont,,fief,,,,main,,val-sainle-marie,105,high,
2045,Valleroy-lez-Briey.,Valleroy-lez-Briey,,bailiwick-apremont,,fief,,,,main,,valleroy,105,high,
2046,Vaul. ',Vaul,,bailiwick-apremont,,fief,,,,main,,vaux,105,high,
2047,Vigneulles.,Vigneulles,,bailiwick-apremont,,fief,,,,main,,vigneulles-les-hattonchatel,105,high,1 number(s) missing before
2048,Vertuzey.,Vertuzey,,bailiwick-apremont,,fief,,,,main,,vertuzey,105,high,
2049,Ville prez Mousson.,Ville prez Mousson,,bailiwick-apremont,,fief,,,,main,,ville-au-val,105,medium,index match by loose number (0.95)
2050,Viller.,Viller,,bailiwick-apremont,,fief,,,,main,,villers-le-prud-homme,105,high,
2051,Euvezin.,Euvezin,,bailiwick-apremont,,fief,,,,main,,euvezin,105,high,
2052,Xesmes.,Xesmes,,bailiwick-apremont,,fief,,,,main,,xammes,105,high,
2053,Xonville.,Xonville,,bailiwick-apremont,,fief,,,,main,,xonville,105,medium,index match by loose number (1.00)
2054,"Blamont, chasteau, ville et église collcgiattc de INoslre-Dame.",Blamont,castle|town,district-blamont,county-blamont,domain,,,,main,,blamont,105,high,
2055,"Domepvre, partie à Blamont, partie a Limévilie et partie au sieur abbé dudictlieu.",Domepvre,,district-blamont,county-blamont,domain,,part,,main,,domevre-sur-vezouze,106,medium,index match by confused number (0.93)
2056,Repas.,Repas,,district-blamont,county-blamont,domain,,,,main,,repaix,106,high,number read from '3056'
2057,Frémonville.,Frémonville,,district-blamont,county-blamont,domain,,,,main,,fremonville,106,high,number read from '3057'
2058,Barbas.,Barbas,,district-blamont,county-blamont,domain,,,,main,,barbas,106,high,number read from '3058'
2059,Aultrepierre.,Aultrepierre,,district-blamont,county-blamont,domain,,,,main,,autrepierre,106,high,number read from '3059'
2060,Amenoncourt.,Amenoncourt,,district-blamont,county-blamont,domain,,,,main,,amenoncourt,106,high,number read from '3060'
2061,Reillon.,Reillon,,district-blamont,county-blamont,domain,,,,main,,reillon,106,high,number read from '3061'
2062,Remoncourt.,Remoncourt,,district-blamont,county-blamont,domain,,,,main,,remoncourt-blamont,106,high,number read from '3063'
2063,Igney.,Igney,,district-blamont,county-blamont,domain,,,,main,,igney,106,high,1 number(s) missing before; number read from '3063'
2064,Dongevin.,Dongevin,,district-blamont,county-blamont,domain,,,,main,,domjevin,106,high,number read from '3064'
2065,Blemerey.,Blemerey,,district-blamont,county-blamont,domain,,,,main,,blemerey-blamont,106,high,number read from '3065'
2066,Halloville.,Halloville,,district-blamont,county-blamont,domain,,,,main,,halloville,106,high,number read from '3066'
2067,Gondrexon.,Gondrexon,,district-blamont,county-blamont,domain,,,,main,,gondrexon,106,high,
2068,Chazelles.,Chazelles,,district-blamont,county-blamont,domain,,,,main,,chazelles-sur-albe,106,high,number read from '3068'
2069,Lentrey.,Lentrey,,district-blamont,county-blamont,domain,,,,main,,leintrey,106,high,number read from '3069'
2070,"Domepvre, abbaye de L'ordre régulier de sainct Augustin.",Domepvre,abbey,district-blamont,county-blamont,clergy,,,,main,augustinian,domevre-sur-vezouze,106,high,number read from '3070'
2071,"Sainct-Sauveur,abbaye ruinée.",Sainct-Sauveur,abbey|deserted_village,district-blamont,county-blamont,clergy,,,,main,,saint-sauveur,106,high,
2072,"Ogieviller, chasteau et bourg.",Ogieviller,castle|small_town,district-blamont,county-blamont,fief,,,,main,,ogeviller,106,high,number read from '3072'
2073,Reclonville.,Reclonville,,district-blamont,county-blamont,fief,,,,main,,reclonville,106,high,number read from '3073'
2074,Embermesnil.,Embermesnil,,district-blamont,county-blamont,fief,,,,main,,embermenil,106,high,
2075,Méginéville.,Méginéville,,district-blamont,county-blamont,fief,,,,main,,migneville,106,high,
2076,Sainct-Martin.,Sainct-Martin,,district-blamont,county-blamont,fief,,,,main,,saint-martin,106,high,number read from '3076'
2077,"Lanoy, chasteau.",Lanoy,castle,district-blamont,county-blamont,fief,,,,main,,launoy-ou-lanoy,106,high,number read from '3077'
2078,Reillon.,Reillon,,district-blamont,county-blamont,fief,,,,main,,reillon,106,high,number read from '3078'
2079,"Herbeviller, chasteau et village.",Herbeviller,castle|village,district-blamont,county-blamont,fief,,,,main,,herbeviller,106,high,number read from '3079'
2080,Amenoncourt.,Amenoncourt,,district-blamont,county-blamont,fief,,,,main,,amenoncourt,106,medium,index match by confused number (1.00); number read from '3080'
2081,Monteruel.,Monteruel,,district-blamont,county-blamont,fief,,,,main,,montreux,106,high,
2082,Nonhegny.,Nonhegny,,district-blamont,county-blamont,fief,,,,main,,nonhigny,106,high,number read from '3082'
2083,Sainct-Maurice.,Sainct-Maurice,,district-blamont,county-blamont,fief,,,,main,,saint-maurice-aux-forges,106,high,number read from '3083'
2084,Gondrexon.,Gondrexon,,district-blamont,county-blamont,fief,,,,main,,gondrexon,106,high,number read from '3084'
2085,Arenzey.,Arenzey,,district-blamont,county-blamont,fief,,,,main,,sinzey,106,high,number read from '3085'
2086,Averoncourt.,Averoncourt,,district-blamont,county-blamont,fief,,,,main,,avricourt,107,high,
2087,Frizonviller.,Frizonviller,,district-blamont,county-blamont,fief,,,,main,,frisonviller,107,medium,index match by loose number (0.92)
2088,"Deneuvre, chasteau, village, église collégiattc de Sainct-Georgc.",Deneuvre,castle|village|collegiate_church,provostship-deneuvre,lordship-deneuvre,domain,,,,main,,deneuvre,107,high,
2089,Laistre.,Laistre,,provostship-deneuvre,lordship-deneuvre,domain,,,,main,,laitre-dcneuvie,107,high,
2090,Fontenoy.,Fontenoy,,provostship-deneuvre,lordship-deneuvre,domain,,,,main,,fontenoy-la-joute,107,high,
2091,"Azerailles, en partie.",Azerailles,,provostship-deneuvre,lordship-deneuvre,domain,,part,,main,,azerailles,107,high,
2092,Mairie du Mesnil et Flin.,Mairie du Mesnil et Flin,,provostship-deneuvre,lordship-deneuvre,domain,,,,main,,menil-flin,107,high,
2093,Gellacourt.,Gellacourt,,provostship-deneuvre,lordship-deneuvre,domain,,,,main,,gelacourt,107,medium,index match by index number (1.00); number read from '3093'
2094,Brouville.,Brouville,,provostship-deneuvre,lordship-deneuvre,domain,,,,main,,brouville,107,high,number read from '3094'
2095,Brouvelotte.,Brouvelotte,,provostship-deneuvre,lordship-deneuvre,domain,,,,main,,brouvelotte,107,high,number read from '3095'
2096,Halomey.,Halomey,,provostship-deneuvre,lordship-deneuvre,domain,,,,main,,hadomey,107,medium,index match by loose number (0.86); number read from '3096'
2097,Reherey.,Reherey,,provostship-deneuvre,lordship-deneuvre,domain,,,,main,,reheray,107,high,number read from '3097'
2098,Le ban de la Rivière.,Le ban de la Rivière,,provostship-deneuvre,lordship-deneuvre,domain,,,,main,,ban-de-la-riviere,107,high,number read from '3098'
2099,La haulte rue de Destort.,La haulte rue de Destort,,provostship-deneuvre,lordship-deneuvre,domain,,,,main,,la-haulte-rue-de-destort,107,low,index match by none (0.00); number read from '3099'
2100,"Le prieuré du Moynier, soub ledict Dcneuvre, de l'ordrede sainetBenoist,despendantde l'abbaye de Senone.",Le prieuré du Moynier,abbey,provostship-deneuvre,lordship-deneuvre,clergy,,,,main,benedictine,moniet,107,medium,index match by number (0.45)
2101,"Sarbourg, ville, église collégiattc de Sainct-Estienne, couvent de Sainct-François, comme désert, commandent- de L'ordre Sainct-Jean.",Sarbourg,town|collegiate_church|convent,town-district-sarrebourg,,other,,,,main,franciscan,sarrebourg,107,medium,index match by loose number (0.89)
2102,Couvent des soeurs de Rentingen.,Couvent des soeurs de Rentingen,,town-district-sarrebourg,,clergy,,,,main,,renting,107,medium,index match by number (0.35)
2103,"Prieuré de Hesse, de l'ordre de [Cileaux], dépendant de l'abbaye de Ilautc-Scillc.",Prieuré de Hesse,abbey,town-district-sarrebourg,,clergy,,,,main,,prieure-de-hesse,108,high,
2104,"Gosselmingen, partie au commandeur Sainct-Jean de Basscl et au sieur de Lutzclbourg ad cause de Sarcch.",Gosselmingen,,town-district-sarrebourg,,clergy,,part,,main,,gosselming,108,high,
2105,Immelingen. chasteau et village.,Immelingen. chasteau et village,,town-district-sarrebourg,,fief,,,,main,,imling,108,medium,index match by index number (0.75)
2106,Nottingen.,Nottingen,,town-district-sarrebourg,,fief,,,,main,,nitting,108,high,
2107,Niderweiller.,Niderweiller,,town-district-sarrebourg,,fief,,,,main,,niderviller,108,medium,index match by index number (1.00)
2108,Putlingen.,Putlingen,,town-district-sarrebourg,,fief,,,,main,,bcliling,108,high,
2109,Hermingen.,Hermingen,,town-district-sarrebourg,,fief,,,,main,,heming,108,high,
2110,"Sarech, chasteau.",Sarech,castle,district-sarreck,lordship-sarreck,other,,,,main,,saarec-e,108,high,
2111,Altroff.,Altroff,,district-sarreck,lordship-sarreck,other,,,,main,,sarraltroff,108,high,
2112,Hommertingen.,Hommertingen,,district-sarreck,lordship-sarreck,other,,,,main,,hommarting,108,high,
2113,Kiperg.,Kiperg,,district-sarreck,lordship-sarreck,other,,,,main,,kerprich-aux-bois,108,medium,index match by confused number (0.95)
2114,Dolffingen.,Dolffingen,,district-sarreck,lordship-sarreck,other,,,,main,,dolving,108,high,
2115,Buhel.,Buhel,,district-sarreck,lordship-sarreck,other,,,,main,,buhl,108,high,
2116,"Goselmingen, moictié.",Goselmingen,,district-sarreck,lordship-sarreck,other,,,,main,,gosselming,108,high,
2117,Oberstensel.,Oberstensel,,district-sarreck,lordship-sarreck,other,,,,main,,oberstinzel,108,high,
2118,Nedingen.,Nedingen,,district-sarreck,lordship-sarreck,other,,,,main,,nitting,108,high,
2119,Eich.,Eich,,district-sarreck,lordship-sarreck,other,,,,main,,eich,108,high,
2120,"Sainct-Hippolite, chasteau et ville.",Sainct-Hippolite,castle|town,district-saint-hippolyte,,other,,,,main,,saint-hippolyte,108,high,
2121,Villetlc au val Sainct-Grégoire. que souloient tenir en fieù du duché de Lorraine les seigneur de Hasstatt.,Villetlc au val Sainct-Grégoire. que souloient tenir en fieù du duché de Lorraine les seigneur de Hasstatt,,district-soultzbach,,other,,,,main,,villette-au-val-sainei-gregoire,108,medium,index match by number (0.44)
2122,"Sultzbach, chasteau et vilietlc.",Sultzbach,castle,district-soultzbach,,other,,,,main,,soulzbach,108,high,
2123,"Zymerbach, pour la moictié.",Zymerbach,,district-soultzbach,,other,,1/2,,main,,zimmerbach,108,medium,index match by index number (1.00)
2124,"Liepvre, bourg et prieuré de l'ordre de [Suini-Benoit], despendant de l'abbaye de Saintl-Dcnys en France, annexé à l'église collégiattc Sainct-Gcorgede Nancy.",Liepvre,small_town|abbey|priory|collegiate_church,val-liepvre,,other,,,,main,,liepvre,108,high,
2125,"Saincte-Croix et Zuckmantel, vilbge et chasteau.",Saincte-Croix et Zuckmantel,castle,val-liepvre,,other,,,,main,,sainte-croix-aux-mines,109,high,
2126,"Eschery la Haulte, chasteau appartenant par moictié à Son Altesse et au sieur de Ribeaupierre.",Eschery la Haulte,castle,val-liepvre,,other,,1/2,,main,,echery,109,high,
2127,"Saincte-Marie, bourg, minières d'argent,plomb, cuivre.",Saincte-Marie,small_town,val-liepvre,,other,,,,main,,sainte-marie-aux-mines,109,high,
2128,Le Grand-Rombach.,Le Grand-Rombach,,val-liepvre,,other,,,,main,,le-grand-rombach,109,high,number read from '2138'
2129,Le Petit-Rombach.,Le Petit-Rombach,,val-liepvre,,other,,,,main,,pciil-kombach,109,high,
2130,L'Allemand-Rombach.,L'Allemand-Rombach,,val-liepvre,,other,,,,main,,ailcmand-rombach,109,medium,index match by confused number (0.90)
2131,Ranaycoste.,Ranaycoste,,val-liepvre,,other,,,,main,,la-vraie-cote,109,high,
2132,"Spitzemberg,chasteau.",Spitzemberg,castle,district-spitzemberg,lordship-spitzemberg,other,,,,main,,chateau-du-spitzemberg,109,medium,index match by confused number (1.00)
2133,Naymont.,Naymont,,district-spitzemberg,lordship-spitzemberg,other,,,,main,,nayemont-lez-fosses,109,high,
2134,La Fosse.,La Fosse,,district-spitzemberg,lordship-spitzemberg,other,,,,main,,la-fosse,109,low,index match by none (0.00)
2135,"Aulbe, chasteau et ville, par moictié à Son Altesse et au seigneur de Chasteaubrehain.",Aulbe,castle|town,district-sarralbe,lordship-sarralbe,other,,1/2,,main,,sarralbe,109,medium,index match by number (0.31)
2136,Zumrech.,Zumrech,,district-sarralbe,lordship-sarralbe,other,,,,main,,rech-241,109,high,
2137,Eychen.,Eychen,,district-sarralbe,lordship-sarralbe,other,,,,main,,eich-sarralbe,109,medium,index match by index number (1.00)
2138,Saltzborn. saline et village.,Saltzborn. saline et village,,district-sarralbe,lordship-sarralbe,other,,,,main,,saltzbronn,109,high,
2139,Nideckh.,Nideckh,,district-sarralbe,lordship-sarralbe,other,,,,main,,nidcck,109,high,
2140,"Biche, chasteau.",Biche,castle,district-bitche,lordship-bitche,domain,,,,main,,bitche,109,high,
2141,"Kaltenhaussen, villette size au pied de la montagne dudict chasteau.",Kaltenhaussen,castle,district-bitche,lordship-bitche,domain,,,,main,,kaltenliausen,109,high,number read from 'f141'
2142,"For, alias Roseau.",For,,mayoralty-schorbach,lordship-bitche,domain,,,,main,,rohr,109,high,
2143,Schorbach.,Schorbach,,mayoralty-schorbach,lordship-bitche,domain,,,,main,,schorbach,110,high,
2144,Lengissheim.,Lengissheim,,mayoralty-schorbach,lordship-bitche,domain,,,,main,,lengelsheim,110,high,
2145,Hauweiller.,Hauweiller,,mayoralty-schorbach,lordship-bitche,domain,,,,main,,hanviller-les-bitche,110,high,
2146,Reygerssweiller.,Reygerssweiller,,mayoralty-schorbach,lordship-bitche,domain,,,,main,,reyerswiller,110,high,number read from '3146'
2147,Bussweiller.,Bussweiller,,mayoralty-bousseviller,lordship-bitche,domain,,,,main,,bousseviller,110,high,number read from '3147'
2148,Breytembach.,Breytembach,,mayoralty-bousseviller,lordship-bitche,domain,,,,main,,breidenbach,110,high,
2149,11 n'en dépend que le seul village dudict Steimbach.,11 n'en dépend que le seul village dudict Steimbach,,mayoralty-steimbach,lordship-bitche,domain,,,,main,,obersteinbach,110,medium,index match by number (0.34)
2150,"Waldsborn, chasteau ruiné, bains de bitume, aliàs cire de montagne, qu'ils appellent bergwach.",Waldsborn,castle|deserted_village,mayoralty-walschbronn,lordship-bitche,domain,,,,main,,walschbronn,110,high,
2151,fluspclschîd:.,Huspelschidt,,mayoralty-walschbronn,lordship-bitche,domain,,,,main,,haspeilseheidt,110,high,number read from '3151'
2152,Wolthaussen.,Wolthaussen,,mayoralty-walschbronn,lordship-bitche,domain,,,,main,,waldhausen,110,high,number read from '2153'
2153,Greppen.,Greppen,,mayoralty-walschbronn,lordship-bitche,domain,,,,main,,kroppen,110,high,
2154,Drulben.,Drulben,,mayoralty-walschbronn,lordship-bitche,domain,,,,main,,trulben,110,high,
2155,Eppenborn.,Eppenborn,,mayoralty-walschbronn,lordship-bitche,domain,,,,main,,eppenbrunn,110,high,
2156,Hilscht.,Hilscht,,mayoralty-walschbronn,lordship-bitche,domain,,,,main,,hilst,110,high,
2157,Schweigs.,Schweigs,,mayoralty-walschbronn,lordship-bitche,domain,,,,main,,schweix,110,high,
2158,Ludenschidt.,Ludenschidt,,mayoralty-walschbronn,lordship-bitche,domain,,,,main,,liedcrscheidt,110,high,number read from '3158'
2159,Roppweiller.,Roppweiller,,mayoralty-walschbronn,lordship-bitche,domain,,,,main,,roppeviller,110,high,
2160,Rumelingen.,Rumelingen,,provostship-rimling,lordship-bitche,domain,,,,main,,rimling,110,high,
2161,Weisskrich.,Weisskrich,,provostship-rimling,lordship-bitche,domain,,,,main,,weiskirch,110,medium,index match by confused number (0.84)
2162,Wolmunster.,Wolmunster,,provostship-rimling,lordship-bitche,domain,,,,main,,volmunster,110,high,
2163,Urbach.,Urbach,,provostship-rimling,lordship-bitche,domain,,,,main,,urbach,110,medium,index match by confused number (1.00)
2164,Eppingen.,Eppingen,,provostship-rimling,lordship-bitche,domain,,,,main,,epping,110,high,
2165,Bedweiller.,Bedweiller,,provostship-rimling,lordship-bitche,domain,,,,main,,bcuwillcr,110,high,
2166,Hellingen.,Hellingen,,provostship-rimling,lordship-bitche,domain,,,,main,,hoelling,110,high,
2167,Gissingen.,Gissingen,,provostship-rimling,lordship-bitche,domain,,,,main,,guising,110,high,
2168,Riderchingen.,Riderchingen,,provostship-rimling,lordship-bitche,domain,,,,main,,petit-rederching,110,high,
2169,lloddweiller.,Hoddweiller,,provostship-rimling,lordship-bitche,domain,,,,main,,hottviller,111,high,
2170,Orchingen.,Orchingen,,provostship-rimling,lordship-bitche,domain,,,,main,,erching,111,high,
2171,Holbach.,Holbach,,provostship-rimling,lordship-bitche,domain,,,,main,,holbach,111,high,
2172,Abbertingen.,Abbertingen,,provostship-rimling,lordship-bitche,domain,,,,main,,olferding,111,high,
2173,Omesweiller.,Omesweiller,,provostship-rimling,lordship-bitche,domain,,,,main,,ormersviller,111,high,
2174,Boweiller.,Boweiller,,provostship-rimling,lordship-bitche,domain,,,,main,,bockweiler,111,medium,index match by loose number (0.89)
2175,Walsimer.,Walsimer,,provostship-rimling,lordship-bitche,domain,,,,main,,walsheim,111,high,
2176,"Lothringen,Lorraine, ci a retenu le nom jusqu'à huy.",Lothringen,,provostship-rimling,lordship-bitche,domain,,,,main,,lotthringen,111,high,
2177,Altheim.,Altheim,,mayoralty-altheim,lordship-bitche,domain,,,,main,,altheim,111,high,
2178,Beningen.,Beningen,,mayoralty-berungen,lordship-bitche,domain,,,,main,,bining-les-rohrbaeh,111,high,
2179,Sigersstall.,Sigersstall,,mayoralty-berungen,lordship-bitche,domain,,,,main,,siersthal,111,high,
2180,Lohemberg.,Lohemberg,,mayoralty-berungen,lordship-bitche,domain,,,,main,,lemberg,111,high,
2181,Limbach.,Limbach,,mayoralty-berungen,lordship-bitche,domain,,,,main,,lambach,111,high,
2182,Echemberg.,Echemberg,,mayoralty-berungen,lordship-bitche,domain,,,,main,,enchenberg,111,high,
2183,Rorbach.,Rorbach,,mayoralty-berungen,lordship-bitche,domain,,,,main,,rohrbach,111,high,
2184,Riderchingen.,Riderchingen,,mayoralty-berungen,lordship-bitche,domain,,,,main,,grosrederching,111,high,
2185,Kallenhaussen.,Kallenhaussen,,mayoralty-berungen,lordship-bitche,domain,,,,main,,kalhausen,111,high,
2186,Achen.,Achen,,mayoralty-berungen,lordship-bitche,domain,,,,main,,achen,111,high,
2187,Euingen.,Euingen,,mayoralty-berungen,lordship-bitche,domain,,,,main,,etting,111,high,
2188,"Rollingen, village ; le chasteau est ruine.",Rollingen,castle|village|deserted_village,mayoralty-rolbing,lordship-bitche,domain,,,,main,,rolbing,111,high,
2189,Schmalenthal.,Schmalenthal,,mayoralty-rolbing,lordship-bitche,domain,,,,main,,schmalenthal-les-baerenthal,111,high,
2190,"Moterhausen, maison de plaisir bastic au milieu o'un estang à truites, laquelle se minera en bref sy elle n'est mieux entretenue, ensemble une belle chapelle construiteau-devant d'iccllc.",Moterhausen,pleasure_house,mayoralty-rolbing,lordship-bitche,domain,,,,main,,mouterhouse,111,high,
2191,"Hochweygerssburg, maison de chasse et plaisir durant le rut, sur haultemontagne,entrelesbois, à demy ruiné. (lagnagcs de",Hochweygerssburg,deserted_village,mayoralty-rolbing,lordship-bitche,domain,,,,main,,hobc-wcyersberg,111,high,
2192,"Genterssberg,",Genterssberg,,mayoralty-rolbing,lordship-bitche,domain,,,,main,,gentersberg,112,high,
2193,Waldech.,Waldech,,mayoralty-rolbing,lordship-bitche,domain,,,,main,,waldeck,112,medium,index match by confused number (0.86)
2194,Egelsshardt.,Egelsshardt,,mayoralty-rolbing,lordship-bitche,domain,,,,main,,eguelshardt,112,high,
2195,Hilsperg.,Hilsperg,,mayoralty-hilsperg,lordship-bitche,domain,,,,main,,waldeck,112,medium,index match by number (0.27)
2196,Zell.,Zell,,mayoralty-hilsperg,lordship-bitche,domain,,,,main,,zcllen,112,high,
2197,Teutschen-la-Petite.,Teutschen-la-Petite,,mayoralty-hilsperg,lordship-bitche,domain,,,,main,,petit-tenquin,112,medium,index match by number (0.41)
2198,Conthill.,Conthill,,mayoralty-hilsperg,lordship-bitche,domain,,,,main,,conthil,112,high,
2199,Obergailbach.,Obergailbach,,mayoralty-hilsperg,lordship-bitche,domain,,,,main,,obergailbach,112,high,
2200,Nidergailbach.,Nidergailbach,,mayoralty-hilsperg,lordship-bitche,domain,,,,main,,niedergailbach,112,high,
2201,"Sturzelborn, abbaye de l'ordre de Cisteaux, fondationet donation de Messeijrneurs les ducs de Lorraine, seigneurs de Biche.",Sturzelborn,abbey,mayoralty-hilsperg,lordship-bitche,clergy,,,,main,cistercian,sturzelbronn,112,high,
2202,"Lemberg, chasteau, pour la moiclic fied de Lorraine et de Trêves, pour l'autre moietié tenu par le comte de Hanaw,duquelchasteau despendent les villages cy-après, qui néantmoins ne meuvent en fied du duché de Lorraine :",Lemberg,castle|village,mayoralty-hilsperg,lordship-bitche,fief,,,,main,,lemberg-pirmasens,112,high,
2203,Eyningen.,Eyningen,,mayoralty-hilsperg,lordship-bitche,fief,,,,main,,vinningen,112,high,
2204,Ridelburg.,Ridelburg,,mayoralty-hilsperg,lordship-bitche,fief,,,,main,,riedelberg,112,high,
2205,Welzelm.,Welzelm,,mayoralty-hilsperg,lordship-bitche,fief,,,,main,,winzeln,112,high,
2206,Gersspach.,Gersspach,,mayoralty-hilsperg,lordship-bitche,fief,,,,main,,gersbach,112,high,
2207,Erlemborn.,Erlemborn,,mayoralty-hilsperg,lordship-bitche,fief,,,,main,,erlenbrunn,112,high,
2208,Sympten.,Sympten,,mayoralty-hilsperg,lordship-bitche,fief,,,,main,,obersimten,112,medium,index match by number (0.32)
2209,Pfumersens.,Pfumersens,,mayoralty-hilsperg,lordship-bitche,fief,,,,main,,pirmasens,112,high,
2210,Froschen.,Froschen,,mayoralty-hilsperg,lordship-bitche,fief,,,,main,,thalfroschen,112,high,
2211,Eych.,Eych,,mayoralty-hilsperg,lordship-bitche,fief,,,,main,,et-ch,112,high,number read from '22H'
2212,Weyllerhaws.,Weyllerhaws,,mayoralty-hilsperg,lordship-bitche,fief,,,,main,,weuftrhaus,112,high,
2213,Eynothaws.,Eynothaws,,mayoralty-hilsperg,lordship-bitche,fief,,,,main,,eynothaws,112,high,
2214,Burg-Alben.,Burg-Alben,,mayoralty-hilsperg,lordship-bitche,fief,,,,main,,burgalben,112,high,
2215,DhOiïsiUfïS.,DhOiïsiUfïS,,mayoralty-hilsperg,lordship-bitche,fief,,,,main,,donsieders,113,medium,index match by number (0.48); number read from '221 u'
2216,"Mundweiller, un der cm Suten'.",Mundweiller,,mayoralty-hilsperg,lordship-bitche,fief,,,,main,,munchweilcr,113,high,1 number(s) missing before
2217,Dieterssbach.,Dieterssbach,grange,mayoralty-hilsperg,lordship-bitche,domain,,,,main,,dictersba-eh,113,high,section domain inferred from the realm's holder
2218,Ranschborn.,Ranschborn,grange,mayoralty-hilsperg,lordship-bitche,domain,,,,main,,ransctiborn,113,high,section domain inferred from the realm's holder; number read from '221S<'
2219,Stanwenstein.,Stanwenstein,grange,mayoralty-hilsperg,lordship-bitche,domain,,,,main,,stanuemiein,113,high,section domain inferred from the realm's holder
2220,lmssbacli.,Imssbacli,grange,mayoralty-hilsperg,lordship-bitche,domain,,,,main,,imshuchc-rtof,113,medium,index match by number (0.48); section domain inferred from the realm's holder
2221,Erlemborn.,Erlemborn,grange,mayoralty-hilsperg,lordship-bitche,domain,,,,main,,erlenbrunn,113,high,section domain inferred from the realm's holder
2222,"Wedesheim, chasteau et village.",Wedesheim,castle|village|grange,mayoralty-hilsperg,lordship-bitche,domain,,,,main,,weidesheim,113,high,section domain inferred from the realm's holder
2223,Falkenstein.,Falkenstein,grange,mayoralty-hilsperg,lordship-bitche,domain,,,,main,,falkenstein-les-baerenthal,113,high,section domain inferred from the realm's holder
2224,Altthann.,Altthann,grange,mayoralty-hilsperg,lordship-bitche,domain,,,,main,,althorn,113,high,section domain inferred from the realm's holder
2225,Neunthann.,Neunthann,grange,mayoralty-hilsperg,lordship-bitche,domain,,,,main,,neuulhann,113,high,section domain inferred from the realm's holder
2226,Landtsweiller.,Landtsweiller,grange,mayoralty-hilsperg,lordship-bitche,domain,,,,main,,loutzviller,113,high,section domain inferred from the realm's holder
2227,Eschweiller.,Eschweiller,grange,mayoralty-hilsperg,lordship-bitche,domain,,,,main,,eschviller,113,high,section domain inferred from the realm's holder
2228,Schweygen.,Schweygen,grange,mayoralty-hilsperg,lordship-bitche,domain,,,,main,,schweyen,113,medium,index match by loose number (0.82); section domain inferred from the realm's holder
2229,"Conthil, en partie.",Conthil,grange,mayoralty-hilsperg,lordship-bitche,domain,,part,,main,,contwig,113,high,section domain inferred from the realm's holder
2230,"Volfflingen et Weissweiller, possédez par le comte de Nussaw, lesquels ncanliuoins sont siz soub et en la seigneurie de Bidic.",Volfflingen et Weissweiller,grange,mayoralty-hilsperg,lordship-bitche,domain,,,,main,,wiesviller,113,medium,index match by index number (0.80); section domain inferred from the realm's holder
2231,"Momborn, fied du Paiatinal, sis en ladicte seigneurie de Biche.",Momborn,grange,mayoralty-hilsperg,lordship-bitche,domain,,,,main,,montbronn,113,low,index match by none (0.00); section domain inferred from the realm's holder
2232,"Pfaltzbourg, chasteau, ville et passage.",Pfaltzbourg,castle|town|passage,district-phalsbourg,lordship-phalsbourg,domain,,,,main,,phalsbourg,113,high,section domain inferred from the realm's holder
2233,Einartzhausen.,Einartzhausen,,district-phalsbourg,lordship-phalsbourg,domain,,,,main,,einarizhauscn,113,medium,index match by loose number (0.92); section domain inferred from the realm's holder
2234,"Lutzelbourg, chasteau ruiné et village prtvosial.",Lutzelbourg,castle|village|deserted_village,district-phalsbourg,lordship-phalsbourg,domain,,,,main,,lutzelbourg,113,high,section domain inferred from the realm's holder
2235,Ililtenhaussen.,Hiltenhaussen,,district-phalsbourg,lordship-phalsbourg,domain,,,,main,,hultehouse,113,medium,index match by confused number (0.85); section domain inferred from the realm's holder
2236,Haselbourg.,Haselbourg,,district-phalsbourg,lordship-phalsbourg,domain,,,,main,,hazelbourg,114,high,section domain inferred from the realm's holder
2237,Mittelborn.,Mittelborn,,district-phalsbourg,lordship-phalsbourg,domain,,,,main,,mittelbronn,114,high,section domain inferred from the realm's holder
2238,Wilssberg.,Wilssberg,,district-phalsbourg,lordship-phalsbourg,domain,,,,main,,vilsberg,114,medium,index match by confused number (0.82); section domain inferred from the realm's holder; number read from '2:158'
2239,"Hombourg, chasteau, ville et église coUégiatte Saifwt-Eslienne.",Hombourg,castle|town,castellany-hombourg-et-saint-avold,lordship-hombourg-et-saint-avold,domain,,,,main,,hombourg-haut,114,medium,index match by index number (1.00); section domain inferred from the realm's holder
2240,"La ville de Sainct-Avol ou Sataet-Nabor, abbaye de l'ordre de sainct Beooist.",La ville de Sainct-Avol ou Sataet-Nabor,abbey,castellany-hombourg-et-saint-avold,lordship-hombourg-et-saint-avold,domain,,,,main,,saint-avold,114,medium,index match by number (0.46); section domain inferred from the realm's holder
2241,"Hombourg, village.",Hombourg,village,castellany-hombourg-et-saint-avold,lordship-hombourg-et-saint-avold,domain,,,,main,,hombourg-bas,114,high,section domain inferred from the realm's holder
2242,Machern.,Machern,,castellany-hombourg-et-saint-avold,lordship-hombourg-et-saint-avold,domain,,,,main,,macheren,114,high,section domain inferred from the realm's holder
2243,Eberssweiller.,Eberssweiller,,castellany-hombourg-et-saint-avold,lordship-hombourg-et-saint-avold,domain,,,,main,,petil-ei-ci-willer,114,medium,index match by index number (1.00); section domain inferred from the realm's holder
2244,Gunweiller.,Gunweiller,,castellany-hombourg-et-saint-avold,lordship-hombourg-et-saint-avold,domain,,,,main,,guenviller,114,high,section domain inferred from the realm's holder
2245,Rochern.,Rochern,,castellany-hombourg-et-saint-avold,lordship-hombourg-et-saint-avold,domain,,,,main,,cocheren,114,high,section domain inferred from the realm's holder
2246,Emerssweiller.,Emerssweiller,,castellany-hombourg-et-saint-avold,lordship-hombourg-et-saint-avold,domain,,,,main,,emmersweiler,114,high,section domain inferred from the realm's holder
2247,Folcklingen.,Folcklingen,,castellany-hombourg-et-saint-avold,lordship-hombourg-et-saint-avold,domain,,,,main,,folckling,114,high,section domain inferred from the realm's holder
2248,Ebersingen.,Ebersingen,,castellany-hombourg-et-saint-avold,lordship-hombourg-et-saint-avold,domain,,,,main,,vahl-ebersing,114,high,section domain inferred from the realm's holder
2249,Luxingen.,Luxingen,,castellany-hombourg-et-saint-avold,lordship-hombourg-et-saint-avold,domain,,,,main,,lixing-les-saint-avold,114,high,section domain inferred from the realm's holder
2250,Vor Eberssweiller.,Vor Eberssweiller,,castellany-hombourg-et-saint-avold,lordship-hombourg-et-saint-avold,domain,,,,main,,farebersviller,114,high,section domain inferred from the realm's holder
2251,Morsbach.,Morsbach,,castellany-hombourg-et-saint-avold,lordship-hombourg-et-saint-avold,domain,,,,main,,morsbach,114,high,section domain inferred from the realm's holder
2252,Buss.,Buss,,castellany-hombourg-et-saint-avold,lordship-hombourg-et-saint-avold,domain,,,,main,,bousse,114,high,section domain inferred from the realm's holder
2253,Freybuss.,Freybuss,,castellany-hombourg-et-saint-avold,lordship-hombourg-et-saint-avold,domain,,,,main,,freybouse,114,medium,index match by confused number (0.82); section domain inferred from the realm's holder
2254,Senghauss.,Senghauss,,castellany-hombourg-et-saint-avold,lordship-hombourg-et-saint-avold,domain,,,,main,,seingbousse,114,high,section domain inferred from the realm's holder
2255,Magstatt.,Magstatt,,castellany-hombourg-et-saint-avold,lordship-hombourg-et-saint-avold,domain,,,,main,,maxstadt,114,high,section domain inferred from the realm's holder
2256,Iloost.,Hoost,,castellany-hombourg-et-saint-avold,lordship-hombourg-et-saint-avold,domain,,,,main,,hoste,114,high,section domain inferred from the realm's holder; number read from 'ttïA'
2257,Tettingen.,Tettingen,,castellany-hombourg-et-saint-avold,lordship-hombourg-et-saint-avold,domain,,,,main,,teting,114,high,section domain inferred from the realm's holder; 1 number(s) missing before
2258,Mettringen.,Mettringen,,castellany-hombourg-et-saint-avold,lordship-hombourg-et-saint-avold,domain,,,,main,,metring,114,high,section domain inferred from the realm's holder
2259,Steinbiderstorff.,Steinbiderstorff,,castellany-hombourg-et-saint-avold,lordship-hombourg-et-saint-avold,domain,,,,main,,pontpierre,114,high,section domain inferred from the realm's holder
2260,Oberfüllen.,Oberfüllen,,castellany-hombourg-et-saint-avold,lordship-hombourg-et-saint-avold,domain,,,,main,,haute-vigneulles,114,high,section domain inferred from the realm's holder; number read from '22M'
2261,Zumspital.,Zumspital,,castellany-hombourg-et-saint-avold,lordship-hombourg-et-saint-avold,domain,,,,main,,l-hopital,114,high,section domain inferred from the realm's holder; 1 number(s) missing before
2262,Durchdalheim.,Durchdalheim,,castellany-hombourg-et-saint-avold,lordship-hombourg-et-saint-avold,domain,,,,main,,dourd-hal,115,high,section domain inferred from the realm's holder
2263,La Chambre.,La Chambre,,castellany-hombourg-et-saint-avold,lordship-hombourg-et-saint-avold,domain,,,,main,,lachambre,115,high,section domain inferred from the realm's holder
2264,Tetterchen.,Tetterchen,,castellany-hombourg-et-saint-avold,lordship-hombourg-et-saint-avold,domain,,,,main,,teterchen,115,high,section domain inferred from the realm's holder
2265,Altweiller.,Altweiller,,castellany-hombourg-et-saint-avold,lordship-hombourg-et-saint-avold,domain,,,,main,,alfviller,115,high,section domain inferred from the realm's holder
2266,Genglingen.,Genglingen,,castellany-hombourg-et-saint-avold,lordship-hombourg-et-saint-avold,domain,,,,main,,guinglange,115,high,section domain inferred from the realm's holder
2267,"L'abbaye dudict Sainct-Avol, de l'ordre sainct Benoist, de laquelle dépendent les villages cyaprès déclarez :",L'abbaye dudict Sainct-Avol,village,castellany-hombourg-et-saint-avold,lordship-hombourg-et-saint-avold,clergy,,,,main,benedictine,saint-avold,115,high,
2268,Geysslingen.,Geysslingen,,castellany-hombourg-et-saint-avold,temporality-abbey-saint-avold,clergy,abbey-saint-avold,,,main,,guessling,115,high,
2269,Hemeringen.,Hemeringen,,castellany-hombourg-et-saint-avold,temporality-abbey-saint-avold,clergy,abbey-saint-avold,,,main,,hemering,115,high,
2270,Tettingen.,Tettingen,,castellany-hombourg-et-saint-avold,temporality-abbey-saint-avold,clergy,abbey-saint-avold,,,main,,teting,115,high,
2271,Bausstorff.,Bausstorff,,castellany-hombourg-et-saint-avold,temporality-abbey-saint-avold,clergy,abbey-saint-avold,,,main,,boustroff,115,high,
2272,Biestein.,Biestein,,castellany-hombourg-et-saint-avold,temporality-abbey-saint-avold,clergy,abbey-saint-avold,,,main,,bisten-en-lorraine,115,high,
2273,Banschborn.,Banschborn,,castellany-hombourg-et-saint-avold,temporality-abbey-saint-avold,clergy,abbey-saint-avold,,,main,,boucheporn,115,medium,index match by confused number (0.95)
2274,Obersweyssen.,Obersweyssen,,castellany-hombourg-et-saint-avold,temporality-abbey-saint-avold,clergy,abbey-saint-avold,,,main,,obervisse,115,high,
2275,Niderwevssen.,Niderwevssen,,castellany-hombourg-et-saint-avold,temporality-abbey-saint-avold,clergy,abbey-saint-avold,,,main,,niedervisse,115,high,
2276,Hallingen.,Hallingen,,castellany-hombourg-et-saint-avold,temporality-abbey-saint-avold,clergy,abbey-saint-avold,,,main,,halling-les-boulay,115,high,
2277,Lellingen.,Lellingen,,castellany-hombourg-et-saint-avold,temporality-abbey-saint-avold,clergy,abbey-saint-avold,,,main,,lelling,115,high,
2278,Folschweiller.,Folschweiller,,castellany-hombourg-et-saint-avold,temporality-abbey-saint-avold,clergy,abbey-saint-avold,,,main,,folschwiller,115,high,
2279,Hemchingen.,Hemchingen,,castellany-hombourg-et-saint-avold,temporality-abbey-saint-avold,clergy,abbey-saint-avold,,,main,,hinckange,115,high,
2280,Budingen.,Budingen,,castellany-hombourg-et-saint-avold,temporality-abbey-saint-avold,clergy,abbey-saint-avold,,,main,,buding,115,high,
2281,Walmen.,Walmen,,castellany-hombourg-et-saint-avold,lordship-hombourg-et-saint-avold,fief,,,,main,,valmont,115,high,
2282,Folsschweiller.,Folsschweiller,,castellany-hombourg-et-saint-avold,lordship-hombourg-et-saint-avold,fief,,,,main,,folschwiller,115,high,
2283,Oberfullen.,Oberfullen,,castellany-hombourg-et-saint-avold,lordship-hombourg-et-saint-avold,fief,,,,main,,haute-vigneulles,115,high,
2284,Landingen.,Landingen,,castellany-hombourg-et-saint-avold,lordship-hombourg-et-saint-avold,fief,,,,main,,laning,115,medium,index match by loose number (0.95)
2285,Fremerstroff.,Fremerstroff,,castellany-hombourg-et-saint-avold,lordship-hombourg-et-saint-avold,fief,,,,main,,fremestroff,115,high,
2286,"Marsal, ville, église collégiatte de Sainct-Estienne.",Marsal,town|collegiate_church,town-district-marsal,,other,,,,main,,marsal,115,high,
2287,"Gevelize, alias Gerschirch.",Gevelize,,town-district-marsal,,other,,,,main,,juvelize,115,high,
2288,Harracourt.,Harracourt,,town-district-marsal,,other,,,,main,,haraucourt-sur-seille,115,medium,index match by loose number (0.90)
2289,Sainct-Médard.,Sainct-Médard,,town-district-marsal,,other,,,,main,,saint-medard,115,high,
2290,"Donnelay,pour une partie contre les chanoines de Ft-i'iestranges.",Donnelay,,town-district-marsal,,other,,part,,main,,donnelay,116,high,
2291,Nancy.,Nancy,,,,,,,,towns,,nancy,127,high,
2292,Sainct-Nicolas.,Sainct-Nicolas,,,,,,,,towns,,saint-nicolas-de-port,127,high,
2293,Roziêres.,Roziêres,,,,,,,,towns,,rosieres-aux-salines,127,high,
2294,Einville.,Einville,,,,,,,,towns,,einville-au-jard,127,high,
2295,Luneville.,Luneville,,,,,,,,towns,,luneville,128,high,number read from '129b'
2296,Raon.,Raon,,,,,,,,towns,,raon-l-etape,128,high,
2297,Sainct-Dicy.,Sainct-Dicy,,,,,,,,towns,,saint-die-des-vosges,128,high,number read from '5297'
2298,Amance.,Amance,,,,,,,,towns,,amance,128,high,
2299,Preny.,Preny,,,,,,,,towns,,preny,128,high,
2300,Gondreville.,Gondreville,,,,,,,,towns,,gondreville,128,high,
2301,Chasteau-Sallin.,Chasteau-Sallin,,,,,,,,towns,,chateau-salins,128,high,
2302,Salone.,Salone,,,,,,,,towns,,salonnes,128,high,
2303,Gerbéviller.,Gerbéviller,,,,,,,,towns,,gerbeviller,128,high,
2304,Bayon.,Bayon,,,,,,,,towns,,bayon,128,high,
2305,Ormes.,Ormes,,,,,,,,towns,,onnes-ct-vii-i-canton-d-ilaroue,128,medium,index match by index number (1.00)
2306,Magniéres.,Magniéres,,,,,,,,towns,,magnieres,128,high,
2307,Frowart.,Frowart,,,,,,,,towns,,frouard,128,medium,index match by index number (1.00)
2308,Mirecourt.,Mirecourt,,,,,,,,towns,,mirecourt,128,high,
2309,Dompaire.,Dompaire,,,,,,,,towns,,dompaire,128,medium,index match by confused number (1.00)
2310,Darney.,Darney,,,,,,,,towns,,darney,128,high,
2311,Arches.,Arches,,,,,,,,towns,,arches,128,high,number read from '23H'
2312,Bruyères.,Bruyères,,,,,,,,towns,,bruyeres,128,high,
2313,Charmes.,Charmes,,,,,,,,towns,,charmes,128,medium,index match by confused number (1.00)
2314,Chastenoy.,Chastenoy,,,,,,,,towns,,chatenois,128,high,
2315,Neufchasteau.,Neufchasteau,,,,,,,,towns,,neufchateau,128,high,
2316,"Vilel, marché.",Vilel,market,,,,,,,towns,,vittel,128,medium,index match by confused number (0.91); number read from '231C'
2317,"Donjulien, marché.",Donjulien,market,,,,,,,towns,,domjulien,128,medium,index match by confused number (0.89)
2318,"Sandaucourt, marché.",Sandaucourt,market,,,,,,,towns,,sandaucourt,128,high,
2319,"Ville-sur-Illon, marché.",Ville-sur-Illon,market,,,,,,,towns,,ville-sur-illon,128,high,
2320,Fontenoy-en-Vosges.,Fontenoy-en-Vosges,,,,,,,,towns,,fontenoy-le-chateau,128,medium,index match by index number (1.00)
2321,Vaudémont.,Vaudémont,,,,,,,,towns,,vaudemont,128,medium,index match by confused number (1.00); number read from '252L'
2322,Vézelise.,Vézelise,,,,,,,,towns,,vezelise,128,medium,index match by loose number (1.00)
2323,Blamont.,Blamont,,,,,,,,towns,,blamont,128,medium,index match by confused number (0.86)
2324,"Ogiéviller, marché.",Ogiéviller,market,,,,,,,towns,,ogeviller,128,high,
2325,Deneuvre.,Deneuvre,,,,,,,,towns,,deneuvre,128,medium,index match by confused number (1.00)
2326,Chastel.,Chastel,,,,,,,,towns,,chatel-sur-moselle,128,high,
2327,"Clezentaines, foires.",Clezentaines,,,,,,,,towns,,clezentaine,128,medium,index match by confused number (0.96)
2328,Espinal.,Espinal,,,,,,,,towns,,epinal,128,high,
2329,Hatonchastel.,Hatonchastel,,,,,,,,towns,,hattonchatel,128,high,
2330,"Rouveroy,",Rouveroy,,,,,,,,towns,,rouvrois-sur-meuse,128,high,
2331,Sirques.,Sirques,,,,,,,,towns,,sierck,129,high,
2332,Boullay.,Boullay,,,,,,,,towns,,boulay,129,medium,index match by loose number (0.92)
2333,Valderfanges.,Valderfanges,,,,,,,,towns,,vvallerfangen,129,medium,index match by index number (1.00)
2334,"Mertzig, marché.",Mertzig,market,,,,,,,towns,,merzig,129,high,
2335,"Bouzonville, foires.",Bouzonville,,,,,,,,towns,,bouzonville,129,medium,index match by name (1.00)
2336,Beaurains.,Beaurains,,,,,,,,towns,,berus,129,high,
2337,Guemunde.,Guemunde,,,,,,,,towns,,sarreguemines,129,high,
2338,Dieuze.,Dieuze,,,,,,,,towns,,dieuze,129,medium,index match by confused number (1.00)
2339,"Vargaville, foire».",Vargaville,,,,,,,,towns,,vergaville,129,high,
2340,Faulquemont.,Faulquemont,,,,,,,,towns,,faulquemont,129,medium,index match by confused number (1.00)
2341,Puttelanges.,Puttelanges,,,,,,,,towns,,pultelange-les-sarralbe,129,high,
2342,Forbach.,Forbach,,,,,,,,towns,,forbach,129,medium,index match by confused number (1.00)
2343,Morhanges.,Morhanges,,,,,,,,towns,,morhange,129,medium,index match by confused number (0.94)
2344,Commercy.,Commercy,,,,,,,,towns,,commcrcy,129,high,
2345,Vignot.,Vignot,,,,,,,,towns,,vignot,129,high,
2346,"Saincte-Marie, marché.",Saincte-Marie,market,,,,,,,towns,,sainte-marie-aux-mines,129,high,
2347,Sainct-Hippolyte.,Sainct-Hippolyte,,,,,,,,towns,,saint-hippolyte,129,high,
2348,"Le Pont-Sainct-Vincent, marché.",Le Pont-Sainct-Vincent,market,,,,,,,towns,,pont-saint-vincent,129,high,
2349,Bullegnéville.,Bullegnéville,,,,,,,,towns,,bulgneville,129,high,
2350,"Biche, aliàs Kallenhausscn.",Biche,,,,,,,,towns,,bitche,129,high,
2351,Aulbe.,Aulbe,,,,,,,,towns,,sarralbe,129,medium,index match by same name as entry 2135 (1.00)
2352,Sarbourg.,Sarbourg,,,,,,,,towns,,sarrebourg,129,medium,index match by loose number (0.89)
2353,Pfaltzbourg.,Pfaltzbourg,,,,,,,,towns,,phalsbourg,129,high,
2354,llombourg.,Hombourg,,,,,,,,towns,,hombourg-haut,129,high,
2355,Sainct-Avol.,Sainct-Avol,,,,,,,,towns,,saint-avold,129,medium,index match by confused number (0.95)
2356,Ilarsal.,Harsal,,,,,,,,towns,,marsal,129,high,
2357,"Longeville, foires.",Longeville,,,,,,,,towns,,longeville-les-saint-avold,129,high,
2358,"Metz, Sainct-Estienne.",Metz,,,,,,,,cathedrals,,dieuze,129,medium,index match by number (0.40)
2359,"Toul, Sainct-Estienne.",Toul,,,,,,,,cathedrals,,toul,129,high,
2360,"Verdun, Nostre-Dame.",Verdun,,,,,,,,cathedrals,,verdun,129,high,
2361,Sainct-Diey.,Sainct-Diey,,,,,,,,collegiates,,saint-die-des-vosges,129,high,
2362,"Sainct-George, de Nancy.",Sainct-George,,,,,,,,collegiates,,nancy,129,medium,index match by index number (1.00)
2363,"Sainct-Michel, audict Nancy.",Sainct-Michel,,,,,,,,collegiates,,nancy,129,medium,index match by index number (1.00)
2364,"Vaudémont, Saint-Jean-Baptiste.",Vaudémont,,,,,,,,collegiates,,vaudemont,130,medium,index match by confused number (1.00)
2365,"Darney, Sainct-Nicolas.",Darney,,,,,,,,collegiates,,darney,130,medium,index match by loose number (1.00)
2366,"Blamont, Noslre-Dame.",Blamont,,,,,,,,collegiates,,blamont,130,high,
2367,"Deneuvre, Sainct-Georgc.",Deneuvre,,,,,,,,collegiates,,deneuvre,130,medium,index match by loose number (1.00)
2368,llatissonvillc.,Hatissonvillc,,,,,,,,collegiates,,haussonville,130,high,
2369,"Hatonchastel, Sainct-Maur.",Hatonchastel,,,,,,,,collegiates,,hattonchatel,130,high,
2370,"Commercy, Sainct-Nicolas.",Commercy,,,,,,,,collegiates,,commcrcy,130,high,
2371,"Sarbourg, Sainct-Estienne.",Sarbourg,,,,,,,,collegiates,,sarrebourg,130,medium,index match by loose number (0.89)
2372,"llombourg, Sainct-Estienne.",Hombourg,,,,,,,,collegiates,,hombourg-haut,130,high,
2373,"Remyremont, Sainct-Pierre.",Remyremont,,,,,,,,collegiates,,remiremont,130,high,
2374,"Espinal, Sainct-Goërkk.",Espinal,,,,,,,,collegiates,,epinal,130,high,
2375,Thelod.,Thelod,,,,,,,,collegiates,,thelod,130,high,
2376,"Marienfloss, Nostre-Dame.",Marienfloss,,,,,,,,collegiates,,marienflosse-moulin,130,medium,index match by index number (1.00)
2377,"Marsal, Sainct-Estienne.",Marsal,,,,,,,,collegiates,,marsal,130,high,
2378,"Sainct-iMartin', de Nancy.",Sainct-iMartin',,,,,,,,abbeys_m,,nancy,130,medium,index match by index number (1.00)
2379,Glerlieu.,Glerlieu,,,,,,,,abbeys_m,,clairlieu,130,medium,index match by index number (1.00)
2380,Lunéville.,Lunéville,,,,,,,,abbeys_m,,luneville,130,high,
2381,Belpré.,Belpré,,,,,,,,abbeys_m,,beaupre,130,medium,index match by confused number (0.77)
2382,Sainct-Sauveur.,Sainct-Sauveur,,,,,,,,abbeys_m,,saint-sauveur,130,medium,index match by loose number (1.00)
2383,Domepvre.,Domepvre,,,,,,,,abbeys_m,,domevre-sur-vezouze,130,medium,index match by loose number (0.93)
2384,Haulte-Scille.,Haulte-Scille,,,,,,,,abbeys_m,,haute-seille,130,medium,index match by confused number (0.96)
2385,Belchamps.,Belchamps,,,,,,,,abbeys_m,,belchamp,130,high,
2386,Senonne.,Senonne,,,,,,,,abbeys_m,,senones,130,high,
2387,Moyenmoustier.,Moyenmoustier,,,,,,,,abbeys_m,,moyenmoutier,130,medium,index match by confused number (0.88)
2388,Estival.,Estival,,,,,,,,abbeys_m,,etival,130,high,
2389,Aultrey-en-Vosges.,Aultrey-en-Vosges,,,,,,,,abbeys_m,,autrey,130,high,
2390,Chamoysy.,Chamoysy,,,,,,,,abbeys_m,,chaumousey,130,high,
2391,Bonfay.,Bonfay,,,,,,,,abbeys_m,,bonfays-legeville-et-bonfays,130,high,
2392,Salival.,Salival,,,,,,,,abbeys_m,,salival,130,high,
2393,Sainct-Epvre.,Sainct-Epvre,,,,,,,,abbeys_m,,saint-epvre,130,high,
2394,Saincte-Marie-aux-Bois.,Saincte-Marie-aux-Bois,,,,,,,,abbeys_m,,sainte-marie-au-bois,130,high,
2395,Sainct-Benoist en Woyvre.,Sainct-Benoist en Woyvre,,,,,,,,abbeys_m,benedictine,saint-benoit-en-woevre,131,high,
2396,"Sainct-Martin les Glandières, aliàs Longeville.",Sainct-Martin les Glandières,,,,,,,,abbeys_m,,longeville-les-saint-avold,131,medium,index match by number (0.34)
2397,Viller-Betinach.,Viller-Betinach,,,,,,,,abbeys_m,,villers-bettnach,131,medium,index match by confused number (0.90)
2398,Tholey.,Tholey,,,,,,,,abbeys_m,,tholey,131,high,
2399,Mettloch.,Mettloch,,,,,,,,abbeys_m,,mettlach,131,medium,index match by confused number (0.75)
2400,Bouzonville.,Bouzonville,,,,,,,,abbeys_m,,bouzonville,131,high,
2401,Fraystroff.,Fraystroff,,,,,,,,abbeys_m,,freistroff,131,high,
2402,Sainct-Avol.,Sainct-Avol,,,,,,,,abbeys_m,,saint-avold,131,high,
2403,Sturtzelborn.,Sturtzelborn,,,,,,,,abbeys_m,,sturzelbronn,131,medium,index match by confused number (0.83)
2404,Remyremont.,Remyremont,,,,,,,,abbeys_f,,remiremont,131,high,
2405,Espinal.,Espinal,,,,,,,,abbeys_f,,epinal,131,medium,index match by same name as entry 1844 (1.00)
2406,Poursas.,Poursas,,,,,,,,abbeys_f,,poussay,131,high,
2407,Bouxières'.,Bouxières,,,,,,,,abbeys_f,,bouxieres-aux-dames,131,high,
2408,L'Estanche.,L'Estanche,,,,,,,,abbeys_f,,l-etanche,131,high,
2409,Vargaville.,Vargaville,,,,,,,,abbeys_f,,vergaville,131,high,
2410,Sainct-Pierre es Metz.,Sainct-Pierre es Metz,,,,,,,,abbeys_f,,sainct-pierre-es-metz,131,low,index match by none (0.00)
2411,Saincte-Marie ès Metz.,Saincte-Marie ès Metz,,,,,,,,abbeys_f,,metz,131,medium,index match by number (0.38)
2412,Dames Prescheresses de Nancy.,Dames Prescheresses de Nancy,,,,,,,,abbeys_f,dominican,nancy,131,medium,index match by index number (1.00)
2413,"Saincte-Claire, de Neufchasleau.",Saincte-Claire,,,,,,,,abbeys_f,poor_clares,neufchateau,131,medium,index match by number (0.35)
2414,Frauw-Lauthern.,Frauw-Lauthern,,,,,,,,abbeys_f,,fraulautern,131,high,
2415,Nancy.,Nancy,,,,,,,,grey_sisters,,nancy,131,high,
2416,Lunéville.,Lunéville,,,,,,,,grey_sisters,,luneville,131,high,
2417,Chasteau-Sallin.,Chasteau-Sallin,,,,,,,,grey_sisters,,chateau-salins,131,high,
2418,Ormes.,Ormes,,,,,,,,grey_sisters,,onnes-ct-vii-i-canton-d-ilaroue,131,medium,index match by index number (1.00)
2419,Dieuze.,Dieuze,,,,,,,,grey_sisters,,dieuze,131,high,
2420,Rustorff lez Sirques.,Rustorff lez Sirques,,,,,,,,other_sisters,,rustroff,131,high,
2421,Rentingen lez Sarbourg.,Rentingen lez Sarbourg,,,,,,,,other_sisters,,renting,131,medium,index match by number (0.44)
2422,Tetterchen lez Boulay.,Tetterchen lez Boulay,,,,,,,,other_sisters,,teterchen,131,high,
2423,Nancy.,Nancy,,,,,,,,priories,,nancy,132,high,number read from '3433'
2424,Sainct-Nicolas.,Sainct-Nicolas,,,,,,,,priories,,saint-nicolas-de-port,132,medium,index match by loose number (1.00); 1 number(s) missing before; number read from '3424'
2425,Varengeville.,Varengeville,,,,,,,,priories,,varangeville,132,medium,index match by confused number (0.92)
2426,Sainct-Don.,Sainct-Don,,,,,,,,priories,,saint-don,132,high,number read from '3426'
2427,Vendeuvre.,Vendeuvre,,,,,,,,priories,,vandoeuvre-les-nancy,132,high,
2428,Les Neuves-Maisons.,Les Neuves-Maisons,,,,,,,,priories,,neuves-maisons,132,high,number read from '3428'
2429,Laistre-soub-Amance.,Laistre-soub-Amance,,,,,,,,priories,,laitre-sous-amance,132,high,number read from '3429'
2430,Blanzey.,Blanzey,,,,,,,,priories,,blanzey,132,high,number read from '3430'
2431,Salone.,Salone,,,,,,,,priories,,salonnes,132,high,number read from '3431'
2432,Lay.,Lay,,,,,,,,priories,,lay-saint-christophe,132,medium,index match by same name as entry 42 (1.00); number read from '3452'
2433,Gerbéviller.,Gerbéviller,,,,,,,,priories,,gerbeviller,132,high,
2434,Froville.,Froville,,,,,,,,priories,,froville,132,medium,index match by confused number (1.00); number read from '3454'
2435,Landécourt.,Landécourt,,,,,,,,priories,,landecourt,132,medium,index match by confused number (1.00); number read from '3435'
2436,Le Moynier soub Deneuvre.,Le Moynier soub Deneuvre,,,,,,,,priories,,moniet,132,medium,index match by number (0.40); number read from '3436'
2437,Léomont.,Léomont,,,,,,,,priories,,leomont,132,medium,index match by confused number (1.00)
2438,Manonviller.,Manonviller,,,,,,,,priories,,manonviller,132,high,
2439,Beaulieu.,Beaulieu,,,,,,,,priories,,prieure-de-menil-a-luneville,132,high,
2440,Le Sainct-Mont.,Le Sainct-Mont,,,,,,,,priories,,le-saint-mont,132,high,number read from '3440'
2441,Hérival.,Hérival,,,,,,,,priories,,herival,132,high,
2442,Droicteval.,Droicteval,,,,,,,,priories,,droiteval,132,high,
2443,Plombières.,Plombières,,,,,,,,priories,,plombieres-les-bains,132,high,
2444,Romont.,Romont,,,,,,,,priories,,romont,132,high,number read from '3444'
2445,Abiey.,Abiey,,,,,,,,priories,,aubiey,132,high,
2446,Flavigny.,Flavigny,,,,,,,,priories,,fiavigny-sur-moselle,132,high,
2447,Belleval.,Belleval,,,,,,,,priories,,belval,132,high,
2448,Neufviller.,Neufviller,,,,,,,,priories,,neuviller-sur-moselle,132,high,number read from '3448'
2449,Boullaincourt.,Boullaincourt,,,,,,,,priories,,boulaincourt,132,high,
2450,Vandelainville.,Vandelainville,,,,,,,,priories,,vandeleville,132,high,number read from '3450'
2451,Monstereul-sur-Saône.,Monstereul-sur-Saône,,,,,,,,priories,,monthureux-sur-saone,132,high,
2452,Aspremont.,Aspremont,,,,,,,,priories,,apremont-la-foret,132,high,
2453,Chastenoy.,Chastenoy,,,,,,,,priories,,chatenois,132,medium,index match by index number (1.00); number read from '24bi'
2454,Neufchasteau.,Neufchasteau,,,,,,,,priories,,neufchateau,132,high,
2455,Gerbonvaul.,Gerbonvaul,,,,,,,,priories,,gerbonvaux,132,high,
2456,Bainville-aux-Mirouers.,Bainville-aux-Mirouers,,,,,,,,priories,,bainville-aux-miroirs,132,medium,index match by confused number (0.92)
2457,Amanges.,Amanges,,,,,,,,priories,,insming,132,high,
2458,Zell.,Zell,,,,,,,,priories,,zcllen,133,high,
2459,Thiecourt.,Thiecourt,,,,,,,,priories,,thicourt,133,high,
2460,Ouliremont.,Ouliremont,,,,,,,,priories,,outremont,133,high,number read from '3460'
2461,Bonneval.,Bonneval,,,,,,,,priories,,bonneval,133,high,number read from '3461'
2462,Belanges.,Belanges,,,,,,,,priories,,relanges,133,high,number read from '3462'
2463,Liepvre.,Liepvre,,,,,,,,priories,,liepvre,133,high,
2464,Mertzig.,Mertzig,,,,,,,,priories,,merzig,133,high,number read from '3464'
2465,Greventhal.,Greventhal,,,,,,,,priories,,giafcnthal,133,high,
2466,Nancy.,Nancy,,,,,,,,friaries,,nancy,133,high,number read from '3466'
2467,Neufchasteau.,Neufchasteau,,,,,,,,friaries,,neufchateau,133,high,number read from '3467'
2468,Raon.,Raon,,,,,,,,friaries,,raon-l-etape,133,high,number read from '3468'
2469,Mirecourt.,Mirecourt,,,,,,,,friaries,,mirecourt,133,high,
2470,"Sarbourg, désert.",Sarbourg,,,,,,,,friaries,,sarrebourg,133,medium,index match by loose number (0.89); number read from '3470'
2471,Minimes de Nancy.,Minimes de Nancy,,,,,,,,convents_m,minim,nancy,133,high,
2472,Minimes de Serres.,Minimes de Serres,,,,,,,,convents_m,minim,serres,133,high,
2473,Capucins de Nancy.,Capucins de Nancy,,,,,,,,convents_m,capuchin,capucins-de-nancy,133,low,index match by none (0.00)
2474,Carmes.,Carmes,,,,,,,,convents_m,,charmes,133,medium,index match by same name as entry 869 (1.00)
2475,"Jésuites de Nancy, novitial.",Jésuites de Nancy,,,,,,,,convents_m,jesuit,nancy,133,high,
2476,Sainct-Jean-du-Vicl-Aislrede Nancy.,Sainct-Jean-du-Vicl-Aislrede Nancy,,,,,,,,commanderies,,saint-jean,133,medium,index match by number (0.49)
2477,Sainct-Georges lez Lunéville.,Sainct-Georges lez Lunéville,,,,,,,,commanderies,,luneville,133,medium,index match by number (0.44)
2478,Virecourt lez Bayon.,Virecourt lez Bayon,,,,,,,,commanderies,,virecourt,133,high,
2479,Xugney lez Charmes.,Xugney lez Charmes,,,,,,,,commanderies,,xugney,133,high,
2480,Marbotte.,Marbotte,,,,,,,,commanderies,,marbotte,133,high,
2481,Nourroy.,Nourroy,,,,,,,,commanderies,,norroy-sur-vair,133,high,
2482,Robécourt.,Robécourt,,,,,,,,commanderies,,robecourt,133,high,
2483,Sarbourg.,Sarbourg,,,,,,,,commanderies,,sarrebourg,133,medium,index match by loose number (0.89)
2484,Gelloucourt.,Gelloucourt,,,,,,,,commanderies,,gelucourt,133,medium,index match by same name as entry 1619 (1.00)
2485,Bickingen.,Bickingen,,,,,,,,commanderies,,beckingen,133,high,
2486,Libdos.,Libdos,,,,,,,,commanderies,,libdcau,133,medium,index match by index number (1.00)
2487,Raltel-lez-Sirques.,Raltel-lez-Sirques,,,,,,,,commanderies,,rettel,134,medium,index match by number (0.45)
