place_id,lat,lon,wikidata_id,geonames_id,name_fr,name_de,name_en,name_ja,country,method,confidence,note
abaticourt,48.89694,6.25806,Q269866,,Abaucourt,Abaucourt,Abaucourt,,FR,rule,high,"Abaucourt, canton de Nomeny (the scan reads Abaticourt); not Aboncourt-sur-Seille"
aboncourt,48.35806,5.96694,Q668451,,Aboncourt,Aboncourt,Aboncourt,,FR,wikidata,high,1.00 near the index's canton (20 km); was 60 km away
aboncourt-sur-sehie,48.81639,6.33944,Q21615,,Aboncourt-sur-Seille,Aboncourt-sur-Seille,Aboncourt-sur-Seille,,FR,wikidata,medium,0.91 near the index's canton (12 km)
abvefvenet-la-grande,,,,,Abvefvenet-la-Grande,,,,,unlocated,low,
achain,48.91361,6.59222,Q21626,,Achain,Achain,Achain,,FR,hist_map,high,1.00 near the index's canton (12 km)
achen,49.04333,7.18278,Q22094,,Achen,Achen,Achen,,FR,hist_map,high,1.00 near the index's canton (6 km)
adelangc,49.00528,6.61194,Q21644,,Adelange,Edelingen,Adelange,,FR,hist_map,high,1.00 near the index's canton (4 km)
adomenil,48.56529,6.46363,Q99203970,,Adoménil,,Adoménil,,FR,wikidata,high,1.00 near the index's commune (1 km)
adompt,48.19983,6.16404,Q109574827,,Adompt,,Adompt,,FR,wikidata,high,1.00 near the index's commune (1 km)
adoncourt,48.1763,6.28593,,12315020,Adoncourt,,,,FR,geonames,high,1.00 near the index's commune (2 km)
affieville,49.27028,5.76333,Q997323,,Affléville,Affléville,Affléville,,FR,wikidata,medium,0.90 near the index's canton (13 km)
affracourt,48.46139,6.17028,Q997311,,Affracourt,Affracourt,Affracourt,,FR,wikidata,high,1.00 near the index's canton (1 km)
agemont,48.13468,6.29374,,12315030,Agémont,,,,FR,geonames,high,1.00 near the index's commune (3 km)
agincourt,48.73278,6.23722,Q287413,,Agincourt,Agincourt,Agincourt,,FR,wikidata,high,1.00 near the index's canton (6 km)
agneumenil,48.10042,6.53428,,12315042,Agneuménil,,,,FR,geonames,medium,0.95 near the index's commune (2 km)
ahain,,,,,AHain,,,,FR,unlocated,low,
aidolles,,,,,Aidolles',,,,,unlocated,low,
ailcmand-rombach,,,,,Ailcmand-Rombach,,,,FR,unlocated,low,
aillanvillc,48.34222,5.47806,Q1102388,,Aillianville,Aillianville,Aillianville,,FR,wikidata,high,0.96 near the index's canton (9 km)
aingeray,48.73889,6.00167,Q1087177,,Aingeray,Aingeray,Aingeray,,FR,wikidata,high,1.00 near the index's canton (11 km)
aisweilcr,49.5505,7.19218,Q752543,,Asweiler,Asweiler,Asweiler,,DE,wikidata,medium,0.94 near the index's canton (10 km)
aix,49.25348,5.75965,Q109573772,,Aix,,Aix,,FR,wikidata,high,1.00 near the index's canton (12 km)
ajoneourf,48.845,6.28944,Q21650,,Ajoncourt,Ajoncourt,Ajoncourt,,FR,wikidata,high,0.95 near the index's canton (9 km)
alaincourl-la-cote,48.89833,6.34139,Q21643,,Alaincourt-la-Côte,Alaincourt-la-Côte,Alaincourt-la-Côte,,FR,wikidata,high,1.00 near the index's canton (4 km)
alfviller,49.0725,6.73278,Q21787,,Altviller,Altviller,Altviller,,FR,hist_map,medium,0.89 near the index's canton (4 km)
algoutle,48.18389,6.75972,,,Algoutle,,,,FR,approximate,low,not in Wikidata/GeoNames; placed at its commune Lavclinc; 24 km from the index's commune Lavclinc
allamont,49.12306,5.76167,Q1087162,,Allamont,Allamont,Allamont,,FR,wikidata,high,1.00 near the index's canton (8 km)
alsting,49.17917,6.99833,Q21905,,Alsting,Alsting,Alsting,,FR,hist_map,high,1.00 near the index's canton (7 km)
alt-et-neu-forweiler,49.2833,6.73333,Q1240209,,Neuforweiler,,Neuforweiler,,DE,wikidata,high,1.00 near the index's commune (4 km)
altheim,49.1723,7.31217,Q440643,,Altheim,Altheim,Altheim,,FR,hist_map,high,1.00 near the index's canton (4 km)
althorn,48.9602,7.3943,Q2840439,,Althorn,Althorn,Althorn,,FR,hist_map,high,1.00 near the index's canton (10 km)
altrippc,49.02889,6.81972,Q22448,,Altrippe,Altrippe,Altrippe,,FR,hist_map,high,1.00 near the index's canton (8 km)
alz-ing,49.27944,6.55444,Q21816,,Alzing,Alzingen,Alzing,,FR,hist_map,high,1.00 near the index's canton (2 km)
amance,48.75417,6.27972,Q453618,,Amance,Amance,Amance,,FR,wikidata,high,1.00 near the index's canton (10 km)
ambacourt,48.34722,6.14139,Q1019938,,Ambacourt,Ambacourt,Ambacourt,,FR,wikidata,high,1.00 near the index's canton (5 km)
amcrey,48.05282,6.36616,,12315065,Amcrey,,,,FR,geonames,high,1.00 near the index's commune (3 km)
ameleeourt,48.83811,6.50082,,,Amélécourt,,,,FR,hist_map,high,1.00 near the index's canton (2 km)
amenoncourt,48.62778,6.78889,Q607340,,Amenoncourt,Amenoncourt,Amenoncourt,,FR,wikidata,high,1.00 near the index's canton (6 km)
ancy-sur-moselle,49.05694,6.05806,Q21680,,Ancy-sur-Moselle,Ancy-sur-Moselle,Ancy-sur-Moselle,,FR,wikidata,high,1.00 near the index's canton (4 km)
andillicr,,,,,Andillicr,,,,,unlocated,low,
angviller,48.8172,6.87987,,,Angviller,Angweiler,,,FR,hist_map,high,1.00 near the index's canton (11 km)
anould,48.18556,6.94556,Q220793,,Anould,Anould,Anould,,FR,wikidata,high,1.00 near the index's canton (4 km)
anoux,49.27528,5.86861,Q576623,,Anoux,Anoux,Anoux,アヌー,FR,wikidata,high,1.00 near the index's canton (6 km)
anozcl,48.2431,6.93942,,12314997,Anozcl,,,,FR,geonames,medium,"exact name, no anchor; the index's commune Sauicy is not found"
ansclnigen,,,,,Ansclnigen,,,,,unlocated,low,
anthelupt,48.60972,6.41389,Q1018409,,Anthelupt,Anthelupt,Anthelupt,,FR,wikidata,medium,"exact name, no anchor; the index's canton Lunéville-Novd is not found"
anzeling,49.26278,6.46611,Q21721,,Anzeling,Anzeling,Anzeling,,FR,hist_map,high,1.00 near the index's canton (6 km)
aourys-vil,,,,,AouryS vil,,,,FR,unlocated,low,the index's commune Chauviile is not found
aouze,48.375,5.87111,Q1102607,,Aouze,Aouze,Aouze,,FR,wikidata,high,1.00 near the index's canton (9 km)
apach,49.45889,6.37472,Q22659,,Apach,Apach,Apach,,FR,hist_map,high,1.00 near the index's canton (2 km)
apremonl,48.85528,5.63917,Q286407,,Apremont-la-Forêt,Apremont-la-Forêt,Apremont-la-Forêt,アスプルモン＝ラ＝フォレ,FR,wikidata,high,1.00 near the index's canton (8 km)
aray-le-lan-v-ban-de-moyenmouticr,48.3773,6.90047,,,"Aray (le Lan (V), ban de Moyenmouticr",,,,FR,approximate,low,"le ban d'Aray, a ban of Moyenmoutier (the index)"
arches,48.11833,6.5275,Q632848,,Arches,Arches,Arches,,FR,wikidata,high,1.00 near the index's canton (8 km)
archetles,48.12472,6.53472,Q632853,,Archettes,Archettes,Archettes,,FR,wikidata,high,1.00 near the index's canton (8 km)
arm-ucourt,48.81639,6.30306,Q1102592,,Armaucourt,Armaucourt,Armaucourt,,FR,wikidata,medium,0.95 near the index's canton (10 km)
arnaville,49.01139,6.03056,Q477004,,Arnaville,Arnaville,Arnaville,,FR,wikidata,medium,"exact name, no anchor"
arracourt,48.72361,6.53306,Q221252,,Arracourt,Arracourt,Arracourt,,FR,wikidata,high,1.00 near the index's canton (7 km)
arrayc-el-han,48.84028,6.29139,Q745373,,Arraye-et-Han,Arraye-et-Han,Arraye-et-Han,,FR,wikidata,high,1.00 near the index's canton (7 km)
arry,48.99528,6.05833,Q22131,,Arry,Arry,Arry,,FR,wikidata,high,1.00 near the index's canton (8 km)
art-sur-meurlhe,48.65583,6.26556,Q858033,,Art-sur-Meurthe,Art-sur-Meurthe,Art-sur-Meurthe,,FR,wikidata,medium,"exact name, no anchor"
aschbaeh-et-hensclhofcn,49.434,6.9498,Q39975549,,Aschbach,Aschbach,,,DE,hist_map,high,1.00 near the index's commune (4 km)
asscnoneourt,48.77139,6.79583,Q21876,,Assenoncourt,Assenoncourt,Assenoncourt,,FR,hist_map,medium,"exact name, no anchor; the index's canton R&hicourt-le-Chàteau is not found"
athienville,48.71583,6.49056,Q473027,,Athienville,Athienville,Athienville,,FR,wikidata,high,1.00 near the index's canton (8 km)
atligny,48.06472,6.03583,Q609060,,Attigny,Attigny,Attigny,アティニー,FR,wikidata,high,1.00 near the index's canton (2 km)
attigneville,48.38583,5.80778,Q1158483,,Attignéville,Attignéville,Attignéville,,FR,wikidata,high,1.00 near the index's canton (9 km); 40 km from its district
aubiey,48.30639,6.385,,,Aubiey,,,,FR,approximate,low,not in Wikidata/GeoNames; placed at its commune Nomexy
aubripaire,48.41361,7.04194,,,Aubripaire,,,,FR,approximate,low,not in Wikidata/GeoNames; placed at its commune Saulcy; 20 km from the index's commune Saulcy
aucrsmacher,49.1422,7.05374,Q759284,,Auersmacher,Auersmacher,Auersmacher,,FR,hist_map,high,1.00 near the index's commune (2 km)
aulnes-les-ham,48.18583,7.00139,,,Aulnes (les) ham,,,,FR,approximate,low,a hamlet of Fraize (the index)
aulnois-sous-yerluzey,48.74634,5.67564,,3036136,Aulnois-sous-Yerluzey,,,,FR,geonames,medium,0.95 near the index's canton (6 km)
aumontzey,48.16694,6.775,Q1095714,,Aumontzey,Aumontzey,Aumontzey,,FR,wikidata,high,1.00 near the index's canton (8 km)
aussen,49.44646,6.84441,,,Aussen,,,,DE,hist_map,high,1.00 near the index's commune (1 km)
autigny-la-tour,48.39944,5.75944,Q510202,,Autigny-la-Tour,Autigny-la-Tour,Autigny-la-Tour,,FR,wikidata,high,1.00 near the index's canton (6 km); 41 km from its district
autrcy,48.53194,6.13028,Q1065677,,Autrey,Autrey,Autrey,,FR,wikidata,high,1.00 near the index's canton (6 km)
autrepierrc,48.61167,6.80111,Q211780,,Autrepierre,Autrepierre,Autrepierre,,FR,wikidata,high,1.00 near the index's canton (4 km)
autrewlle,48.82278,6.11556,Q225748,,Autreville-sur-Moselle,Autreville-sur-Moselle,Autreville-sur-Moselle,,FR,wikidata,high,0.95 near the index's canton (10 km)
autrey,48.29639,6.68917,Q1418095,,Autrey,Autrey,Autrey,,FR,wikidata,high,1.00 near the index's canton (7 km)
autrive,48.02472,6.66972,,,Autrive,,,,FR,approximate,low,not in Wikidata/GeoNames; placed at its commune Saini-Amé
auzainviiliers,48.23722,5.84083,Q198830,,Auzainvilliers,Auzainvilliers,Auzainvilliers,,FR,wikidata,medium,0.93 near the index's canton (3 km)
avant-garde,48.76806,6.1275,,,Avant-garde,,,,FR,approximate,low,not in Wikidata/GeoNames; placed at its commune Pompcy
avillers,48.31194,6.20861,Q1158678,,Avillers,Avillers,Avillers,,FR,wikidata,medium,1.00 near its district's other members (7 km)
avillers-fresnes-cn-vocvrc,49.0326,5.70082,,3035671,Avillers,,,,FR,geonames,high,1.00 near the index's canton (9 km)
avrainvillc,48.7725,5.9375,Q1148935,,Avrainville,Avrainville,Avrainville,,FR,wikidata,high,1.00 near the index's canton (5 km)
avrainville,48.37472,6.21194,Q1418110,,Avrainville,Avrainville,Avrainville,,FR,wikidata,medium,ambiguous without an anchor (2 spots)
avricourt,48.65083,6.80639,Q22110,,Avricourt,Avricourt,Avricourt,,FR,hist_map,high,1.00 near the index's canton (3 km)
aydoiles,48.21139,6.57194,Q623985,,Aydoilles,Aydoilles,Aydoilles,アイドイユ,FR,wikidata,medium,0.94 near the index's canton (11 km)
azelot,48.58917,6.23361,Q1000779,,Azelot,Azelot,Azelot,アズロ,FR,wikidata,medium,"exact name, no anchor"
azerailles,48.48806,6.69444,Q208728,,Azerailles,Azerailles,Azerailles,アズレイユ,FR,wikidata,high,1.00 near the index's canton (5 km)
ba-egncy,48.26639,6.22639,Q753343,,Bazegney,Bazegney,Bazegney,,FR,wikidata,medium,0.93 near the index's canton (5 km)
badinenil,,,,,Badinénil,,,,FR,unlocated,low,
badmenil-aux-bois,48.30222,6.51917,Q633343,,Badménil-aux-Bois,Badménil-aux-Bois,Badménil-aux-Bois,,FR,wikidata,medium,"exact name, no anchor; the index's canton Chute is not found"
baffe,48.16028,6.57194,Q753273,,La Baffe,La Baffe,La Baffe,,FR,wikidata,high,1.00 near the index's canton (9 km)
bagneux,48.55833,5.8825,Q1002005,,Bagneux,Bagneux,Bagneux,バニュー,FR,wikidata,medium,"exact name, no anchor"
bailiwick-allemagne,49.25292,6.71065,,,Bailliage d'Allemagne,,,,,territory,medium,centre of 545 located member(s)
bailiwick-apremont,48.85528,5.63917,,,Bailliage d'Apremont,,,アスプルモン＝ラ＝フォレバイイ管区,,territory,medium,seat: apremonl
bailiwick-chatel-sur-moselle,48.31417,6.39306,,,Bailliage de Châtel-sur-Moselle,,,,,territory,medium,seat: chatel-sur-mosclle
bailiwick-epinal,48.17361,6.45167,,,Bailliage d'Épinal,,,エピナルバイイ管区,,territory,medium,seat: epinal
bailiwick-hattonchatel,48.9918,5.70113,,,Bailliage d'Hattonchâtel,,,,,territory,medium,seat: hattonchatcl
bailiwick-nancy,48.69278,6.18361,,,Bailliage de Nancy,,,ナンシーバイイ管区,,territory,medium,seat: nancy
bailiwick-vaudemont,48.41694,6.05611,,,Bailliage de Vaudémont,,,ヴォーデモンバイイ管区,,territory,medium,seat: vaudemont
bailiwick-vosges,48.15275,6.35253,,,Bailliage de Vosges,,,,,territory,medium,centre of 550 located member(s)
bains,48.0025,6.26361,Q768030,,Bains-les-Bains,Bains-les-Bains,Bains-les-Bains,バン＝レ＝バン,FR,wikidata,high,1.00 near the index's canton (0 km)
bainviile,48.20639,6.1375,Q1159484,,Bainville-aux-Saules,Bainville-aux-Saules,Bainville-aux-Saules,,FR,wikidata,high,0.95 near the index's canton (7 km)
bainville-aux-miroirs,48.43861,6.27667,Q1018407,,Bainville-aux-Miroirs,Bainville-aux-Miroirs,Bainville-aux-Miroirs,,FR,wikidata,high,1.00 near the index's canton (8 km)
baldringen,49.61333,6.68444,Q569776,,Baldringen,Baldringen,Baldringen,バルトリンゲン,DE,wikidata,high,1.00 near the index's commune (1 km)
ballering,49.02257,6.97119,,,Ballering,Balleringen,,,FR,hist_map,high,1.00 near the index's commune (1 km)
ballern,49.4486,6.61,Q805211,,Ballern,Ballern,Ballern,,DE,hist_map,high,1.00 near the index's commune (1 km)
balleville,48.33028,5.84861,Q228478,,Balléville,Balléville,Balléville,,FR,wikidata,medium,"exact name, no anchor"
bambiderstroff,49.10278,6.59333,Q21642,,Bambiderstroff,Baumbiedersdorf,Bambiderstroff,,FR,hist_map,high,1.00 near the index's canton (7 km)
bamont,47.94944,6.76917,,,Bamont,,,,FR,approximate,low,not in Wikidata/GeoNames; placed at its commune Saulxures (near its district)
ban-anould,48.18556,6.94556,,,Ban d'Anould,,,,,territory,medium,seat: anould
ban-arches,48.11833,6.5275,,,Ban d'Arches,,,,,territory,medium,seat: arches
ban-ban-le-duc,48.16742,6.96954,,,Ban de Ban-le-Duc,,,,,territory,medium,centre of 5 located member(s)
ban-bayecourt,48.26639,6.48833,,,Ban de Bayecourt,,,,,territory,medium,seat: bayecourt
ban-bellefontaine,47.99127,6.49435,,,Ban de Bellefontaine,,,,,territory,medium,centre of 7 located member(s)
ban-belmont,48.22597,6.72726,,,Ban de Belmont,,,,,territory,medium,centre of 8 located member(s)
ban-bouxieres,48.21063,6.30285,,,Ban de Bouxières,,,,,territory,medium,centre of 4 located member(s)
ban-clefcy,48.17153,6.98072,,,Ban de Clefcy,,,,,territory,medium,seat: clefcy
ban-de-la-riviere,,,,,Ban de la Rivière,,,,FR,unlocated,low,the index's canton s de Bacearat et de Blâmont is not found
ban-escles,48.12889,6.17778,,,Ban d'Escles,,,,,territory,medium,seat: escles
ban-etival,48.36519,6.86118,,,Ban d'Étival,,,,,territory,medium,seat: etival
ban-fraize,48.19566,7.01177,,,Ban de Fraize,,,,,territory,medium,centre of 11 located member(s)
ban-girancourt,48.16361,6.30806,,,Ban de Girancourt,,,,,territory,medium,seat: girancourt
ban-grandvillers-et-dompierre,48.21917,6.60118,,,Ban de Grandvillers et Dompierre,,,,,territory,medium,centre of 4 located member(s)
ban-harol,48.15194,6.24722,,,Ban d'Harol,,,,,territory,medium,seat: harol
ban-longchamp,47.92667,6.66278,,,Ban de Longchamp,,,,,territory,medium,seat: longchamp
ban-madonne,48.20412,6.28075,,,Ban de Madonne,,,,,territory,medium,centre of 13 located member(s)
ban-maizey,48.92472,5.51167,,,Ban de Maizey,,,,,territory,medium,seat: maizcy
ban-molin,48.0258,6.62479,,,Ban de Molin,,,,,territory,medium,centre of 8 located member(s)
ban-ramonchamp,47.89167,6.73972,,,Ban de Ramonchamp,,,,,territory,medium,seat: ramonchamp
ban-sainct-pierre,48.9339,6.43749,,,Ban de Sainct-Pierre,,,,,territory,medium,centre of 9 located member(s)
ban-saint-die,48.30359,6.94063,,,Ban de Saint-Dié,,,,,territory,medium,centre of 4 located member(s)
ban-sardey,48.28907,7.04378,,,Ban de Sardey,,,,,territory,medium,centre of 34 located member(s)
ban-sept,48.31791,7.00711,,,Ban de Sept,,,,,territory,medium,centre of 14 located member(s)
ban-taintrux,48.24972,6.90222,,,Ban de Taintrux,,,,,territory,medium,seat: taintrux
ban-tendon,48.12167,6.67889,,,Ban de Tendon,,,,,territory,medium,seat: tendon
ban-uxegney,48.19417,6.37028,,,Ban d'Uxegney,,,,,territory,medium,seat: uxegney
ban-vagney,48.00833,6.71639,,,Ban de Vagney,,,,,territory,medium,seat: vagney
ban-vaudicourt,48.21333,6.60722,,,Ban de Vaudicourt,,,,,territory,medium,centre of 5 located member(s)
bannoncourt,48.95917,5.49917,Q430643,,Bannoncourt,Bannoncourt,Bannoncourt,,FR,wikidata,medium,"exact name, no anchor"
bappel,,,,,Bappel,,,,,unlocated,low,
barbas,48.57306,6.84694,Q858286,,Barbas,Barbas,Barbas,,FR,wikidata,high,1.00 near the index's canton (2 km)
barbay-scroux,48.14167,6.83944,Q1096472,,Barbey-Seroux,Barbey-Seroux,Barbey-Seroux,,FR,wikidata,medium,0.92 near the index's canton (5 km)
barbonvillc,48.55417,6.34417,Q1018300,,Barbonville,Barbonville,Barbonville,,FR,wikidata,low,"exact name, no anchor; 55 km from the index's canton Rayon"
barville,48.38389,5.78722,Q216397,,Barville,Barville,Barville,,FR,wikidata,medium,"exact name, no anchor; the index's canton Nenfchâieau is not found"
bary,,,,,Bary,,,,FR,unlocated,low,"Bury, a lost village of the prévôté of Sierck (the index gives no commune); not the Bure matched by name"
basigny,,,,,Basigny,,,,,unlocated,low,
bassaucourt,,,,,Bassaucourt,,,,FR,unlocated,low,
bassing,48.86889,6.80167,Q21630,,Bassing,Bessingen,Bassing,,FR,hist_map,high,1.00 near the index's canton (9 km)
bathelemont-les-bauzemont,48.69166,6.52558,,3034613,Bathelémont-lès-Bauzemont,,,,FR,geonames,high,1.00 near the index's canton (10 km)
batlexey,48.38972,6.18056,Q200536,,Battexey,Battexey,Battexey,,FR,wikidata,medium,"exact name, no anchor"
batlielemont,48.81111,6.63472,,,Batlielémont,,,,FR,approximate,low,"Bathelémont, a hamlet and castle of Saint-Médard (the index)"
battigny,48.4475,5.98,Q338742,,Battigny,Battigny,Battigny,,FR,wikidata,medium,"exact name, no anchor"
baudricourt,48.31306,6.05417,Q216683,,Baudricourt,Baudricourt,Baudricourt,,FR,wikidata,high,1.00 near the index's canton (6 km)
bauzcmont,48.67278,6.52778,Q1018328,,Bauzemont,Bauzemont,Bauzemont,,FR,wikidata,high,1.00 near the index's canton (9 km)
bayecourt,48.26639,6.48833,Q1157898,,Bayecourt,Bayecourt,Bayecourt,,FR,wikidata,high,1.00 near the index's canton (9 km)
bayon,48.47472,6.31528,Q1062073,,Bayon,Bayon,Bayon,,FR,wikidata,high,1.00 near the index's canton (0 km)
bayonville,49.01472,5.99,Q766641,,Bayonville-sur-Mad,Bayonville-sur-Mad,Bayonville-sur-Mad,,FR,wikidata,medium,1.00 near its district's other members (5 km)
bazoi-les-et-menil,48.25806,6.10556,Q223686,,Bazoilles-et-Ménil,Bazoilles-et-Ménil,Bazoilles-et-Ménil,,FR,wikidata,medium,0.97 near its district's other members (4 km)
bcaurains,,,,,Bcaurains,,,,,unlocated,low,
bcliling,48.72444,7.08444,,,Bcliling,,,,FR,approximate,low,not in Wikidata/GeoNames; placed at its commune Bùhl
bcltsstroff,,,,,Bcltsstroff,,,,,unlocated,low,
bcrg-mit-schloss,49.53593,6.38636,Q2240241,,Berg,Berg,Berg,,FR,hist_map,high,0.95 near the index's commune (1 km)
bcttegney,48.2237,6.2574,Q109574824,,Bellegney devant Dompaire,,Bellegney devant Dompaire,,FR,wikidata,high,1.00 near the index's commune (2 km)
bcttring,49.01766,6.97138,,,Bettring,,,,FR,hist_map,high,1.00 near the index's commune (1 km)
bcuwillcr,49.07927,7.28372,,3032960,Bcuwillcr,,,,FR,geonames,medium,0.84 near the index's canton (4 km)
beaulieu,48.5869,6.4971,Q3403020,,prieuré de Ménil à Lunéville,,,,FR,wikidata,medium,0.85 near the index's commune (8 km)
beaumont,48.85194,5.7875,Q868110,,Beaumont,Beaumont,Beaumont,,FR,wikidata,low,ambiguous without an anchor (3 spots)
beaupre,48.55371,6.53356,Q109573773,,Beaupré,,Beaupré,,FR,wikidata,high,1.00 near the index's commune (2 km)
beckingen,49.39278,6.70083,Q559689,,Beckingen,Beckingen,Beckingen,,DE,hist_map,high,1.00 near the index's commune (3 km)
bedersdorf,49.3032,6.64205,Q813838,,Bedersdorf,Bedersdorf,Bedersdorf,,FR,hist_map,high,1.00 near the index's commune (1 km)
begnecourt,48.20583,6.15861,Q1159472,,Begnécourt,Begnécourt,Begnécourt,,FR,wikidata,high,1.00 near the index's canton (5 km)
behren,49.16949,6.93933,,,Behren,,,,FR,hist_map,medium,"exact name, no anchor; the index's commune Kersbaeli is not found"
belchamp,48.51056,6.37556,,,Belchamp,,,,FR,approximate,low,not in Wikidata/GeoNames; placed at its commune Mchoncourt
bellegoutte,48.17222,6.87944,,,Bellegoutte,,,,FR,approximate,low,not in Wikidata/GeoNames; placed at its commune Corcieux
belleville,48.81833,6.09778,Q1060182,,Belleville,Belleville,Belleville,,FR,wikidata,high,1.00 near the index's canton (10 km)
belmont,48.22528,6.76556,Q665629,,Belmont-sur-Buttant,Belmont-sur-Buttant,Belmont-sur-Buttant,ベルモント・スール・ビュトン,FR,wikidata,high,1.00 near the index's canton (3 km)
belrepairc,48.18583,7.00139,,,Belrepairc,,,,FR,approximate,low,not in Wikidata/GeoNames; placed at its commune Fraizc
belrupt,48.08778,6.09361,Q1157951,,Belrupt,Belrupt,Belrupt,,FR,wikidata,high,1.00 near the index's commune (4 km)
belrupt-darncy,48.0872,6.09143,,3033561,Belrupt,,,,FR,geonames,medium,"1.00; Q1157951 went to belrupt, whose name fits it better"
beltnont-sur-vair,48.25472,5.90722,Q180354,,Belmont-sur-Vair,Belmont-sur-Vair,Belmont-sur-Vair,,FR,wikidata,high,0.95 near the index's canton (8 km)
belval,48.34389,6.34472,,,Belval,,,,FR,approximate,low,not in Wikidata/GeoNames; placed at its commune Porticux
benamenil,48.57,6.67361,Q1018316,,Bénaménil,Bénaménil,Bénaménil,,FR,wikidata,high,1.00 near the index's canton (13 km)
benifosse,48.21833,6.99583,,,Bénîfosse,,,,FR,approximate,low,not in Wikidata/GeoNames; placed at its commune Mandray
benney,48.51306,6.21944,Q227546,,Benney,Benney,Benney,,FR,wikidata,medium,"exact name, no anchor; the index's canton Jlaroué is not found"
bertrameix,49.32687,5.77621,Q86660063,,Bertrameix,,Bertrameix,,FR,wikidata,high,1.00 near the index's canton (10 km)
bertrimoutier,48.27167,7.05417,Q228274,,Bertrimoutier,Bertrimoutier,Bertrimoutier,,FR,wikidata,high,1.00 near the index's canton (8 km)
berus,49.2639,6.69417,Q829198,,Berus,Berus,Berus,,FR,hist_map,high,1.00 near the index's canton (7 km)
berweiuer,49.27149,6.64563,,3033137,BerweiUer,,,,FR,geonames,high,0.95 near the index's canton (8 km)
besseringen,49.4733,6.60861,Q830159,,Besseringen,Besseringen,Besseringen,,DE,hist_map,high,1.00 near the index's canton (4 km)
betlange,49.23667,6.48167,Q21862,,Bettange,Bettingen,Bettange,,FR,hist_map,high,1.00 near the index's canton (6 km)
bettegney-saint-brice,48.29917,6.30694,Q1159210,,Bettegney-Saint-Brice,Bettegney-Saint-Brice,Bettegney-Saint-Brice,,FR,wikidata,high,1.00 near the index's canton (11 km)
bettingen,49.44097,6.85759,,,Bettingen,,,,DE,hist_map,high,1.00 near the index's canton (16 km)
bettoncourt,48.34889,6.16139,Q200627,,Bettoncourt,Bettoncourt,Bettoncourt,,FR,wikidata,medium,1.00 near its district's other members (11 km)
beulay,48.30111,7.07194,Q1158557,,Le Beulay,Le Beulay,Le Beulay,,FR,wikidata,high,1.00 near the index's canton (9 km)
beurcn,49.55687,6.44743,,,Beuren,,,,DE,hist_map,high,1.00 near the index's commune (3 km)
bibiche,49.32861,6.47722,Q21633,,Bibiche,Bibiche,Bibiche,,FR,hist_map,high,1.00 near the index's canton (6 km)
bibling,49.24889,6.66694,,,Bibling,,,,FR,approximate,low,not in Wikidata/GeoNames; placed at its commune Merten
bideslroft,48.84889,6.78694,Q21689,,Bidestroff,Biedesdorf,Bidestroff,,FR,hist_map,medium,0.90 near the index's canton (6 km)
biecourl,48.32222,5.95389,Q587302,,Biécourt,Biécourt,Biécourt,,FR,wikidata,high,1.00 near the index's canton (13 km)
bienville-la-petite,48.63806,6.50889,Q988180,,Bienville-la-Petite,Bienville-la-Petite,Bienville-la-Petite,,FR,wikidata,high,1.00 near the index's canton (5 km)
biezen,49.41433,6.65622,Q55091490,,Bietzen,Bietzen,,,FR,hist_map,medium,0.92 near the index's commune (3 km)
bifontainc,48.21111,6.80472,Q1062910,,Biffontaine,Biffontaine,Biffontaine,ビフォンテーヌ,FR,wikidata,high,0.95 near the index's canton (6 km)
biircn,49.36077,6.65676,,,Biiren,Büren,Büren,,FR,hist_map,high,1.00 near the index's commune (2 km)
bining-les-rohrbaeh,49.03729,7.25273,,3032598,Bining-lës-Rohrbaeh,,,,FR,geonames,high,1.00 near the index's canton (1 km)
bioncourt,48.79333,6.36222,Q21579,,Bioncourt,Bioncourt,Bioncourt,,FR,wikidata,high,1.00 near the index's canton (11 km)
biringen,49.4167,6.55,Q16532841,,Biringen,Biringen,Biringen,,FR,hist_map,high,1.00 near the index's commune (2 km)
bising,49.3775,6.50806,,,Bising,,,,FR,approximate,low,not in Wikidata/GeoNames; placed at its commune Grindorff
bisping,48.80546,6.89369,Q2398007,,Bisping,Bisping,Bisping,,FR,hist_map,medium,"exact name, no anchor; the index's canton l'énétrauge is not found"
bistcn,49.2539,6.70583,Q866710,,Bisten,Bisten,Bisten,,DE,wikidata,high,1.00 near the index's commune (1 km)
bisten-im-loch,,,,,Bisten-im-Loch,,,,FR,unlocated,low,
biuhe,,,,,Biuhe,,,,FR,unlocated,low,the index's canton Biuhe is not found
blainville-sur-reau,48.55583,6.40694,Q1085877,,Blainville-sur-rEau,Blainville-sur-l'Eau,Blainville-sur-l'Eau,,FR,wikidata,low,0.94 near its district's other members (5 km); 51 km from the index's canton Rayon
blanche-eglise,48.79167,6.67306,Q22681,,Blanche-Église,Blanche-Église,Blanche-Église,,FR,hist_map,high,1.00 near the index's canton (4 km)
blanzey,48.76228,6.24737,,11971498,Blanzey,,,,FR,geonames,high,1.00 near the index's commune (1 km)
blemerey,48.36,6.04806,Q832892,,Blémerey,Blémerey,Blémerey,,FR,wikidata,high,1.00 near the index's canton (9 km)
blemerey-blamont,48.58306,6.73444,Q1065764,,Blémerey,Blémerey,Blémerey,,FR,wikidata,high,1.00 near the index's canton (8 km)
blenod-les-pont-a-mousson,48.88333,6.04722,Q227728,,Blénod-lès-Pont-à-Mousson,Blénod-lès-Pont-à-Mousson,Blénod-lès-Pont-à-Mousson,,FR,wikidata,high,1.00 near the index's canton (2 km)
bliescbersing,49.12355,7.14523,,,Bliesébersing,,,,FR,hist_map,high,1.00 near the index's canton (6 km)
bliesen,49.4939,7.11389,Q884069,,Bliesen,Bliesen,Bliesen,,FR,hist_map,medium,"exact name, no anchor; the index's commune Aisweilcr is not found"
bliesguerschwiller,49.15167,7.09444,Q21701,,Blies-Guersviller,Blies-Guersviller,Blies-Guersviller,,FR,rule,high,"Blies-Guersviller, canton de Sarreguemines (the index's Bliesguerschwiller; Gersweiller in the list, entry 1580); not Gersweiler in Saarbrücken"
bocfjiiegney,48.22028,6.30333,Q753356,,Bocquegney,Bocquegney,Bocquegney,,FR,wikidata,high,0.95 near the index's canton (6 km)
bockange,49.2422,6.42139,Q16304464,,Bockange,Buchingen,Bockange,,FR,hist_map,high,1.00 near the index's commune (1 km)
bockweilcr,49.183,7.2911,Q1019612,,Böckweiler,Böckweiler,Böckweiler,,DE,wikidata,medium,"exact name, no anchor; the index's canton Hornbacli is not found"
boinvilie,49.18528,5.6725,Q550100,,Boinville-en-Woëvre,Boinville-en-Woëvre,Boinville-en-Woëvre,,FR,wikidata,medium,0.89 near the index's canton (4 km)
boncourt,49.16833,5.82917,Q727026,,Boncourt,Boncourt,Boncourt,,FR,wikidata,high,1.00 near the index's canton (2 km)
boneourt,48.80222,5.57167,Q723955,,Boncourt-sur-Meuse,Boncourt-sur-Meuse,Boncourt-sur-Meuse,,FR,wikidata,high,1.00 near the index's canton (4 km); 37 km from its district
bonfays,48.19356,6.14251,Q109574829,,Bonfays,,Bonfays,,FR,wikidata,high,1.00 near the index's commune (1 km)
bonfays-legeville-et-bonfays,,,,,Bonfays,,Bonfays,,FR,unlocated,low,"its match Q109574829 went to bonfays, whose name fits it better"
bonipaire,,,,,Bonipaire,,,,FR,unlocated,low,
bonneval,48.65993,6.55155,,11971671,Bonneval,,,,FR,geonames,high,1.00 near the index's commune (1 km)
bonviller,48.63361,6.49722,Q990941,,Bonviller,Bonviller,Bonviller,,FR,wikidata,high,1.00 near the index's canton (5 km)
bonvillet,48.09944,6.05667,Q189824,,Bonvillet,Bonvillet,Bonvillet,,FR,wikidata,high,1.00 near the index's canton (2 km)
borville,48.44833,6.39306,Q231981,,Borville,Borville,Borville,,FR,wikidata,high,1.00 near the index's canton (6 km)
bosserville,48.66349,6.24114,Q109573801,,Bosserville,,Bosserville,,FR,wikidata,high,1.00 near the index's commune (2 km)
boucheporn,49.14083,6.60889,Q21645,,Boucheporn,Buschborn,Boucheporn,,FR,hist_map,high,1.00 near the index's canton (10 km)
boucliatel,47.925,6.48333,,,Boucliatel,,,,FR,approximate,low,not in Wikidata/GeoNames; placed at its commune Val-d'Ajol
bouillonville,48.94472,5.84222,Q229001,,Bouillonville,Bouillonville,Bouillonville,,FR,wikidata,medium,"exact name, no anchor"
boulaincourt,48.3725,6.08194,Q834224,,Boulaincourt,Boulaincourt,Boulaincourt,,FR,wikidata,high,1.00 near the index's canton (9 km)
boulay,49.18333,6.49361,Q22542,,Boulay,Bolchen,Boulay-Moselle,,FR,hist_map,high,1.00 near the index's canton (0 km)
boulier,48.16806,6.62,Q629775,,Boulier,Le Roulier,Le Roulier,,FR,wikidata,low,0.89 near its district's other members (6 km)
bouras,48.34278,7.01389,,,Bouras,,,,FR,approximate,low,not in Wikidata/GeoNames; placed at its commune Ban-de-Sapt
bourgesch,49.38388,6.56334,Q26257847,,château de Bourg-Esch,Burg Esch,Château de Bourg-Esch,,FR,wikidata,high,0.95 near the index's commune (2 km)
bousse,49.27917,6.19778,Q21886,,Bousse,Buß,Bousse,,FR,hist_map,high,1.00 near the index's canton (8 km); 44 km from its district
bousseviller,49.12111,7.46417,Q22122,,Bousseviller,Bußweiler,Bousseviller,,FR,hist_map,high,1.00 near the index's canton (8 km)
boustroff,49.00028,6.62167,Q22103,,Boustroff,Buschdorf,Boustroff,,FR,hist_map,medium,"exact name, no anchor; the index's canton Grosicnrjuin is not found"
bouvroy,47.91528,5.5425,,,Bouvroy,,,,FR,approximate,low,not in Wikidata/GeoNames; placed at its commune Celles; 85 km from its district
bouxieres-aux-bois,48.26361,6.31694,Q691455,,Bouxières-aux-Bois,Bouxières-aux-Bois,Bouxières-aux-Bois,,FR,wikidata,high,1.00 near the index's canton (8 km)
bouxieres-aux-chcnes,48.77194,6.26028,Q231972,,Bouxières-aux-Chênes,Bouxières-aux-Chênes,Bouxières-aux-Chênes,,FR,wikidata,high,1.00 near the index's canton (10 km)
bouxieres-aux-dames,48.75194,6.16306,Q476666,,Bouxières-aux-Dames,Bouxières-aux-Dames,Bouxières-aux-Dames,ブジエール＝オー＝ダム,FR,wikidata,high,1.00 near the index's canton (7 km)
bouxurulles,48.33472,6.23278,Q1158467,,Bouxurulles,Bouxurulles,Bouxurulles,,FR,wikidata,medium,"exact name, no anchor"
bouzanville,48.37417,6.10194,Q387833,,Bouzanville,Bouzanville,Bouzanville,,FR,wikidata,high,1.00 near the index's canton (12 km)
bouzemont,48.24889,6.23528,Q240155,,Bouzemont,Bouzemont,Bouzemont,,FR,wikidata,high,1.00 near the index's canton (3 km)
bouzey,48.17548,6.36221,,,Bouzey,,,,FR,approximate,low,a hamlet of Sanchey (the index)
bouzonville,49.29194,6.53444,Q22933,,Bouzonville,Busendorf,Bouzonville,,FR,hist_map,high,1.00 near the index's canton (0 km)
bovee,48.64444,5.51167,Q1098455,,Bovée-sur-Barboure,Bovée-sur-Barboure,Bovée-sur-Barboure,,FR,wikidata,high,1.00 near the index's canton (9 km)
boviolles,48.6475,5.4175,Q1096745,,Boviolles,Boviolles,Boviolles,,FR,wikidata,high,1.00 near the index's canton (16 km)
braconeelle,48.18556,6.94556,,,Braconeelle,,,,FR,approximate,low,not in Wikidata/GeoNames; placed at its commune Anould
bralleville,48.40472,6.19111,Q478548,,Bralleville,Bralleville,Bralleville,,FR,wikidata,high,1.00 near the index's canton (7 km)
brancourt,48.41221,5.73336,Q2923700,,Brancourt,Brancourt,Brancourt,,FR,wikidata,high,1.00 near the index's canton (4 km)
brccklangc,49.18889,6.45883,Q15070131,,Brecklange,Brecklange,Brecklange,,FR,hist_map,high,1.00 near the index's commune (1 km)
breehaincouri,48.34056,6.19444,,,Breehaincourî,,,,FR,approximate,low,"a hamlet of Gircourt (the index), the one near its district"
brehaviller,,,,,Bréhaviller,,,,FR,unlocated,low,the index's commune Syndical-de-Satnt-Amé is not found
brehimont,48.3253,6.88185,,12314965,Bréhimont,,,,FR,geonames,high,1.00 near the index's commune (1 km)
breidenbach,49.13611,7.42278,Q22439,,Breidenbach,Breidenbach,Breidenbach,,FR,hist_map,high,1.00 near the index's canton (5 km)
bremoncourl,48.48806,6.3525,Q387879,,Brémoncourt,Brémoncourt,Brémoncourt,,FR,wikidata,high,1.00 near the index's canton (3 km)
brieulles-sur-meusc,,,,,Brieulles-sur-Meusc,,,,FR,unlocated,low,
brin,48.77889,6.35472,Q518643,,Brin-sur-Seille,Brin-sur-Seille,Brin-sur-Seille,,FR,wikidata,high,1.00 near the index's canton (16 km)
brisevcrre,48.05444,6.1175,,,Brisevcrre,,,,FR,approximate,low,not in Wikidata/GeoNames; placed at its commune Hennezel
brouaumont,48.19528,6.85389,,,Brouaumont,,,,FR,approximate,low,not in Wikidata/GeoNames; placed at its commune la Houssière
broussey-en-blois,48.63833,5.54889,Q685882,,Broussey-en-Blois,Broussey-en-Blois,Broussey-en-Blois,,FR,wikidata,high,1.00 near the index's canton (8 km)
brouvelicures-ch-l-de-canton,48.23722,6.73222,Q584107,,Brouvelieures,Brouvelieures,Brouvelieures,,FR,wikidata,medium,"exact name, no anchor"
brouvelotte,,,,,Brouvelotte,,,,FR,unlocated,low,
brouvilie,48.49806,6.75028,Q988245,,Brouville,Brouville,Brouville,,FR,wikidata,high,0.95 near the index's canton (6 km)
brulangc,48.97028,6.54972,Q22445,,Brulange,Brülingen,Brulange,,FR,hist_map,high,1.00 near the index's canton (14 km)
bruyeres,48.20833,6.71861,Q200575,,Bruyères,Bruyères,Bruyères,ブリュイエール,FR,wikidata,high,1.00 near the index's canton (0 km)
bt-ihl,48.72444,7.08444,Q21679,,Buhl,Bühl,Buhl-Lorraine,,FR,hist_map,medium,0.84 near the index's canton (3 km)
bubingen,49.54102,6.37924,Q56957054,,Bubingen,Bübingen,Bübingen,,FR,hist_map,high,1.00 near the index's commune (1 km)
budange,49.27628,6.34393,,3029665,Budange,,,,FR,geonames,medium,"1.00; Q22152 went to hombourgou-hombourg-sur-kaner, whose name fits it better"
buding,49.33333,6.32111,Q21750,,Buding,Büdingen,Buding,,FR,hist_map,high,1.00 near the index's canton (3 km); 40 km from its district
budingen,49.45,6.55,Q16534724,,Büdingen,Büdingen,Büdingen,,FR,hist_map,high,1.00 near the index's commune (5 km)
bulgneville,48.20722,5.83472,Q839772,,Bulgnéville,Bulgnéville,Bulgnéville,,FR,wikidata,high,1.00 near the index's canton (0 km)
bulligny,48.57694,5.85028,Q227783,,Bulligny,Bulligny,Bulligny,,FR,wikidata,high,1.00 near the index's canton (11 km)
bult,48.29389,6.60528,Q933868,,Bult,Bult,Bult,,FR,wikidata,high,1.00 near the index's canton (13 km)
bure,48.50472,5.35667,Q836196,,Bure,Bure,Bure,ビュール （ムーズ県）,FR,wikidata,low,ambiguous without an anchor (4 spots); the index's canton Montiers-sur-Saulx is not found
bures,48.69417,6.57639,Q473145,,Bures,Bures,Bures,,FR,wikidata,high,1.00 near the index's canton (10 km)
burgalben,49.2788,7.64136,Q1014767,,Burgalben,Burgalben,Burgalben,,DE,hist_map,high,1.00 near the index's canton (1 km)
burthecourt-aux-chenes,48.585,6.24944,Q232013,,Burthecourt-aux-Chênes,Burthecourt-aux-Chênes,Burthecourt-aux-Chênes,,FR,wikidata,medium,"exact name, no anchor"
buschdorf,49.4719,6.47417,Q1021751,,Büschdorf,Büschdorf,Büschdorf,,DE,wikidata,high,1.00 near the index's commune (5 km)
bussang,47.88556,6.85361,Q819331,,Bussang,Bussang,Bussang,ビュッサン,FR,wikidata,high,1.00 near the index's canton (9 km)
buweiler,49.56667,6.93333,,,Buweiler,,,,DE,hist_map,high,1.00 near the index's commune (6 km)
buz,,,,,Buz,,,,,unlocated,low,
buzy,49.16884,5.70931,,12557038,Buzy,,,,FR,geonames,high,1.00 near the index's canton (7 km)
c-vrjus,,,,,C'vrjus,,,,,unlocated,low,
cadenbronn,49.12949,6.96496,Q2932650,,Cadenbronn,Kadenbronn,Cadenbronn,,FR,hist_map,high,1.00 near the index's commune (1 km)
cappel,49.07222,6.85,Q22124,,Cappel,Cappel,Cappel,,FR,hist_map,high,1.00 near the index's canton (11 km)
capucins-de-nancy,,,,,Capucins de Nancy,,,,,unlocated,low,
caste,49.5657,6.96532,Q20669946,,Kastel-lès-Otzenhausen,Kastel,Kastel,,DE,hist_map,high,0.95 near the index's commune (5 km)
castellany-conde-et-val-des-faulx,48.80245,6.16329,,,Châtellenie de Condé et Val des Faulx,,,,,territory,medium,centre of 6 located member(s)
castellany-dieuze,48.81222,6.71972,,,Châtellenie de Dieuze,,,,,territory,medium,seat: dieuze
castellany-hombourg-et-saint-avold,49.10515,6.69661,,,Châtellenie d'Hombourg et Saint-Avold,,,,,territory,medium,centre of 80 located member(s)
castellany-marimont,48.88917,6.78333,,,Châtellenie de Marimont,,,,,territory,medium,seat: marimont
ceinlrey,48.525,6.165,Q228782,,Ceintrey,Ceintrey,Ceintrey,,FR,wikidata,high,1.00 near the index's canton (6 km)
celles,48.45639,6.95,Q210727,,Celles-sur-Plaine,Celles-sur-Plaine,Celles-sur-Plaine,,FR,wikidata,high,1.00 near the index's canton (10 km); 56 km from its district
cens-la-vhle,48.01972,6.7575,,,Cens-la-VHle,,,,FR,approximate,low,not in Wikidata/GeoNames; placed at its commune Sapois
cercueil,48.69639,6.31236,,3027805,Cercueil,,,,FR,geonames,medium,"exact name, no anchor"
cerlilleux,48.31111,5.72778,Q1157906,,Certilleux,Certilleux,Certilleux,,FR,wikidata,high,1.00 near the index's canton (5 km)
ceume,49.19833,6.57222,Q23001,,Coume,Coume,Coume,,FR,rule,high,"Coume, canton de Boulay (the scan reads Ceume; Chonne in the list and the table of old forms)"
chaillon,48.94722,5.63972,Q227571,,Chaillon,Chaillon,Chaillon,,FR,wikidata,medium,"exact name, no anchor"
chaine-goutte,48.10778,6.56639,,,Chaîne-Goutte,,,,FR,approximate,low,not in Wikidata/GeoNames; placed at its commune Pouxeux
chalgoulte,,,,,Chalgoulte,,,,FR,unlocated,low,
chaligny,48.62444,6.08306,Q196967,,Chaligny,Chaligny,Chaligny,,FR,wikidata,high,1.00 near the index's canton (11 km)
chamagne,48.40833,6.28,Q205859,,Chamagne,Chamagne,Chamagne,シャマーニュ,FR,wikidata,medium,"exact name, no anchor; the index's canton Charmes-sur-Moseile is not found"
chamblcy,49.04853,5.8984,,3027399,Chamblcy,,,,FR,geonames,high,1.00 near the index's canton (7 km)
chambrc-de-moulin,48.05171,6.58248,,,Chambrc-de-Moulin,,,,FR,approximate,low,not in Wikidata/GeoNames; placed at its commune Saint-Naboid (near its district)
champ-ic-duc,48.19417,6.71944,Q200313,,Champ-le-Duc,Champ-le-Duc,Champ-le-Duc,,FR,wikidata,medium,0.90 near the index's canton (2 km)
champdray,48.13528,6.75278,Q1418268,,Champdray,Champdray,Champdray,,FR,wikidata,high,1.00 near the index's canton (10 km)
champenoux,48.74278,6.34917,Q1026473,,Champenoux,Champenoux,Champenoux,,FR,wikidata,high,1.00 near the index's canton (13 km)
champey,48.95722,6.05778,Q1026446,,Champey-sur-Moselle,Champey-sur-Moselle,Champey-sur-Moselle,,FR,wikidata,high,1.00 near the index's canton (6 km)
champigneulles,48.73361,6.16444,Q229339,,Champigneulles,Champigneulles,Champigneulles,,FR,wikidata,high,1.00 near the index's canton (5 km)
chanleheux,48.6,6.53056,Q990753,,Chanteheux,Chanteheux,Chanteheux,,FR,wikidata,high,1.00 near the index's canton (2 km)
chaouilley,48.43917,6.06806,Q1026452,,Chaouilley,Chaouilley,Chaouilley,,FR,wikidata,medium,"exact name, no anchor; the index's canton Vtzelise is not found"
chapelle,48.18528,6.78833,Q900325,,La Chapelle-devant-Bruyères,La Chapelle-devant-Bruyères,La Chapelle-devant-Bruyères,,FR,wikidata,high,1.00 near the index's canton (7 km)
charcy,49.00167,5.88,Q988199,,Charey,Charey,Charey,,FR,wikidata,high,1.00 near the index's canton (6 km); was 47 km away
charmais,48.1048,6.26828,,3026559,Charmais,,,,FR,geonames,low,0.88 near its district's other members (17 km)
charmes-sur-moselle,48.95756,6.05851,,3027153,Champey-sur-Moselle,,,,FR,geonames,low,"0.88; Q1026446 went to champey, whose name fits it better"
charmois,48.53972,6.38333,Q209874,,Charmois,Charmois,Charmois,,FR,wikidata,high,1.00 near the index's canton (9 km)
charmois-dcvant-bruyeres,48.16833,6.59306,Q188786,,Charmois-devant-Bruyères,Charmois-devant-Bruyères,Charmois-devant-Bruyères,,FR,wikidata,high,1.00 near the index's canton (10 km)
charniois-rorgueilicux,48.1048,6.26828,,3026559,Charniois-rOrgueilIcux,,,,FR,geonames,high,0.95 near the index's canton (12 km)
chatas,48.36194,7.035,Q1095746,,Châtas,Châtas,Châtas,,FR,wikidata,high,1.00 near the index's canton (5 km)
chatcau-sur-pcrlc,48.1406,6.6814,Q2970530,,château de Saint-Jean-du-Marché,,,,FR,wikidata,medium,0.90 near the index's commune (5 km)
chateau-rouge,49.28,6.59694,Q21828,,Château-Rouge,Rodendorf,Château-Rouge,,FR,hist_map,high,1.00 near the index's canton (5 km)
chateau-salins,48.82167,6.50833,Q123186767,,Château-Salins,Salzburgen,Château-Salins,,FR,hist_map,high,1.00 near the index's canton (0 km)
chateau-voue,48.85083,6.62361,Q22388,,Châteauvoué,Dürkastel,Château-Voué,,FR,hist_map,high,1.00 near the index's canton (9 km)
chatel-sur-mosclle,48.31417,6.39306,Q1414345,,Châtel-sur-Moselle,Châtel-sur-Moselle,Châtel-sur-Moselle,,FR,wikidata,high,1.00 near the index's canton (0 km)
chatenois,48.30278,5.83222,Q770509,,Châtenois,Châtenois,Châtenois,,FR,wikidata,high,1.00 near the index's canton (0 km)
chatimont,48.19417,6.37028,,,Chatimont,,,,FR,approximate,low,not in Wikidata/GeoNames; placed at its commune Uxcgney
chatlemagnc-ou-chatemagnc,48.89694,6.25806,,,Chattemagne,,,,FR,approximate,low,"Chattemagne or Chatemagne (ban de): a part of Abaucourt's territory, where a castle stood (the index)"
chauffecourt,48.33222,6.15139,Q223406,,Chauffecourt,Chauffecourt,Chauffecourt,,FR,wikidata,high,1.00 near the index's canton (4 km)
chaumouzcy,48.17361,6.33556,Q637076,,Chaumousey,Chaumousey,Chaumousey,,FR,wikidata,medium,0.90 near the index's canton (9 km)
chavclot,48.23722,6.43694,Q684473,,Chavelot,Chavelot,Chavelot,,FR,wikidata,high,1.00 near the index's canton (9 km)
chavigny,48.62917,6.12417,Q213252,,Chavigny,Chavigny,Chavigny,,FR,wikidata,high,1.00 near the index's canton (8 km)
chazclles,49.11116,6.11028,Q71808984,,Chazelles,,Chazelles,,FR,wikidata,high,1.00 near the index's canton (5 km)
chazclles-blamont,48.58972,6.77917,Q229027,,Chazelles-sur-Albe,Chazelles-sur-Albe,Chazelles-sur-Albe,,FR,wikidata,high,1.00 near the index's canton (5 km)
chef-haut,48.35611,6.015,Q210736,,Chef-Haut,Chef-Haut,Chef-Haut,,FR,wikidata,high,1.00 near the index's canton (11 km)
chemery,49.29944,6.44389,Q21609,,Chémery,,,,FR,hist_map,high,1.00 near the index's canton (7 km)
chenilmont,48.22167,6.22222,,,Chenilmont,,,,FR,approximate,low,not in Wikidata/GeoNames; placed at its commune Dompaire
chenimenil,48.13833,6.60417,Q740154,,Cheniménil,Cheniménil,Cheniménil,,FR,wikidata,high,1.00 near the index's canton (12 km)
cheuvry,48.24972,6.90222,,,Cheuvry,,,,FR,approximate,low,not in Wikidata/GeoNames; placed at its commune Taintrux
chiconrt,48.91722,6.50472,Q22109,,Chicourt,Chicourt,Chicourt,,FR,hist_map,medium,0.89 near the index's canton (9 km)
chonville,48.75056,5.49722,Q123186784,,Chonville,,Chonville,,FR,wikidata,high,1.00 near the index's canton (7 km); 50 km from its district
circourt,48.25389,6.28278,Q753361,,Circourt,Circourt,Circourt,,FR,wikidata,high,1.00 near the index's canton (6 km)
circourt-neufchuteau,48.29694,5.70889,Q218330,,Circourt-sur-Mouzon,Circourt-sur-Mouzon,Circourt-sur-Mouzon,,FR,wikidata,high,1.00 near the index's canton (7 km)
clairey,48.05444,6.1175,,,Clairey,,,,FR,approximate,low,not in Wikidata/GeoNames; placed at its commune Hennezeî
clairgoutte,48.18583,7.00139,,,Clairgoutte,,,,FR,approximate,low,not in Wikidata/GeoNames; placed at its commune Fraize
clairlicu,48.65773,6.11385,Q28040543,,Clairlieu,,Clairlieu,,FR,wikidata,high,1.00 near the index's commune (3 km)
claudon,48.03278,6.03556,Q189093,,Claudon,Claudon,Claudon,,FR,wikidata,high,1.00 near the index's canton (5 km)
clayeurcs,48.47194,6.40611,Q227663,,Clayeures,Clayeures,Clayeures,,FR,wikidata,high,1.00 near the index's canton (7 km)
clefcy,48.17153,6.98072,Q131745639,,Clefcy,,Clefcy,,FR,wikidata,high,1.00 near the index's canton (2 km)
clemcry,48.89389,6.18583,Q229421,,Clémery,Clémery,Clémery,,FR,wikidata,high,1.00 near the index's canton (3 km)
clerey,48.50778,6.1375,Q231912,,Clérey-sur-Brenon,Clérey-sur-Brenon,Clérey-sur-Brenon,,FR,wikidata,high,1.00 near the index's canton (4 km)
clezentaine,48.40861,6.53889,Q1417856,,Clézentaine,Clézentaine,Clézentaine,,FR,wikidata,high,1.00 near the index's canton (10 km)
clingouite,,,,,Clingouite,,,,FR,unlocated,low,the index's commune Sauîcy is not found
cocheren,49.14333,6.85639,Q22427,,Cocheren,Kochern,Cocheren,,FR,hist_map,high,1.00 near the index's canton (6 km)
coinches,48.25222,7.02222,Q980271,,Coinches,Coinches,Coinches,,FR,wikidata,high,1.00 near the index's canton (6 km)
coinchimont,48.24315,7.04342,,12314996,Coinchimont,,,,FR,geonames,medium,1.00 near its district's other members (6 km)
coiombcy-ics-belles,48.5275,5.89722,Q388016,,Colombey-les-Belles,Colombey-les-Belles,Colombey-les-Belles,,FR,wikidata,medium,0.88 near the index's canton (0 km)
coiviller,48.58694,6.28222,Q1026437,,Coyviller,Coyviller,Coyviller,,FR,wikidata,medium,"exact name, no anchor"
colligny,49.09861,6.32528,Q22943,,Colligny,Colligny,Colligny,,FR,wikidata,high,1.00 near the index's canton (3 km)
colmen,49.35556,6.54194,Q21762,,Colmen,Colmen,Colmen,,FR,hist_map,high,1.00 near the index's canton (7 km)
colroy-la-grandc,48.31611,7.11194,Q219779,,Colroy-la-Grande,Colroy-la-Grande,Colroy-la-Grande,,FR,wikidata,high,1.00 near the index's canton (4 km)
combrimont,48.27583,7.06389,Q1409394,,Combrimont,Combrimont,Combrimont,,FR,wikidata,medium,"exact name, no anchor"
commcrcy,48.76417,5.59167,Q212456,,Commercy,Commercy,Commercy,コメルシー,FR,wikidata,low,"exact name, no anchor; 44 km from its district"
conde,49.15384,6.4305,,3023964,Condé,,,,FR,geonames,high,1.00 near the index's canton (6 km)
cone,48.09966,6.3876,,12315048,Cône,,,,FR,geonames,high,1.00 near the index's commune (1 km)
conlrexard,47.98582,6.75652,,,Çonlrexard,,,,FR,approximate,low,not in Wikidata/GeoNames; placed at its commune Basie-sur-le-Rupt
conthil,48.8925,6.66222,Q21727,,Conthil,Conthil,Conthil,,FR,hist_map,high,1.00 near the index's canton (14 km); 70 km from its district
contliiij,,,,,Contliiîj,,,,,unlocated,low,
contramoulin,48.21639,6.94389,,,Contramoulin,,,,FR,approximate,low,not in Wikidata/GeoNames; placed at its commune Saint-Léonard
contrexeville,48.18444,5.89556,Q84242949,,Contrexéville,,Contrexéville,,FR,wikidata,high,1.00 near the index's canton (4 km)
corcieux,48.17222,6.87944,Q832301,,Corcieux,Corcieux,Corcieux,,FR,wikidata,high,1.00 near the index's canton (0 km)
cornieviile,48.76455,5.70369,Q28040516,,Corniéville,Corniéville,Corniéville,,FR,wikidata,medium,0.91 near the index's canton (8 km)
cornimont,47.96306,6.83917,Q821240,,Cornimont,Cornimont,Cornimont,コルニモン,FR,wikidata,medium,"exact name, no anchor"
costenbach,49.57538,6.93329,,,Kostenbach,,,,DE,hist_map,high,0.95 near the index's commune (5 km)
county-blamont,48.58972,6.84222,,,Comté de Blâmont,,,ブラモン伯領,,territory,medium,seat: rlamont
county-chaligny,48.62444,6.08306,,,Comté de Chaligny,,,,,territory,medium,seat: chaligny
county-vaudemont,48.41694,6.05611,,,Comté de Vaudémont,,,ヴォーデモン伯領,,territory,medium,seat: vaudemont
courbcssaux,48.68944,6.39611,Q772153,,Courbesseaux,Courbesseaux,Courbesseaux,,FR,wikidata,high,0.96 near the index's canton (14 km)
courcelles,48.37333,6.03778,Q182825,,Courcelles,Courcelles,Courcelles,,FR,wikidata,high,1.00 near the index's canton (20 km); was 75 km away
courcelles-sous-chatenois,48.32722,5.81583,Q219369,,Courcelles-sous-Châtenois,Courcelles-sous-Châtenois,Courcelles-sous-Châtenois,,FR,wikidata,high,1.00 near the index's canton (3 km)
courrupt,47.925,6.48333,,,Courrupt,,,,FR,approximate,low,not in Wikidata/GeoNames; placed at its commune Val-d'Ajol
coussey,48.40833,5.6825,Q1096338,,Coussey,Coussey,Coussey,,FR,wikidata,high,1.00 near the index's canton (0 km); 45 km from its district
crantenoy,48.46722,6.22694,Q988189,,Crantenoy,Crantenoy,Crantenoy,,FR,wikidata,high,1.00 near the index's canton (4 km)
crcue,48.965,5.67,Q16305735,,Creuë,Creuë,Creuë,,FR,wikidata,medium,"exact name, no anchor"
cremanviller,48.02267,6.70804,,12315067,Crémanviller,,,,FR,geonames,high,0.96 near the index's commune (2 km)
crepey,48.52806,5.97167,Q1018324,,Crépey,Crépey,Crépey,,FR,wikidata,medium,"exact name, no anchor"
crevechamps,48.52361,6.26556,Q990887,,Crévéchamps,Crévéchamps,Crévéchamps,,FR,wikidata,high,1.00 near the index's canton (9 km)
crevic,48.63889,6.40389,Q387945,,Crévic,Crévic,Crévic,,FR,wikidata,high,1.00 near the index's canton (9 km)
crezillcs,48.58472,5.87972,Q1102242,,Crézilles,Crézilles,Crézilles,,FR,wikidata,high,1.00 near the index's canton (10 km)
crion,48.64,6.52722,Q1000749,,Crion,Crion,Crion,クリオン,FR,wikidata,high,1.00 near the index's canton (6 km)
croismare,48.59917,6.57056,Q228910,,Croismare,Croismare,Croismare,クロワマール,FR,wikidata,high,1.00 near the index's canton (5 km)
culling,48.84889,6.83444,Q21671,,Cutting,Kuttingen,Cutting,,FR,hist_map,high,1.00 near the index's canton (9 km)
cuslines,48.79194,6.1425,Q229484,,Custines,Custines,Custines,キュスティーヌ,FR,wikidata,high,1.00 near the index's canton (11 km)
cuvry,49.04306,6.15917,Q21873,,Cuvry,Cuvry,Cuvry,,FR,wikidata,high,1.00 near the index's canton (5 km)
dain,49.01201,6.34439,Q28040539,,Dain-en-Saulnois,,Dain-en-Saulnois,,FR,wikidata,high,1.00 near the index's canton (8 km)
dalcm,49.24056,6.61056,Q22682,,Dalem,Dalem,Dalem,,FR,hist_map,high,1.00 near the index's canton (8 km)
dalstein,49.30778,6.41056,Q21582,,Dalstein,Dalstein,Dalstein,,FR,hist_map,high,1.00 near the index's canton (9 km)
damas-aux-bois,48.39806,6.45194,Q1062235,,Damas-aux-Bois,Damas-aux-Bois,Damas-aux-Bois,,FR,wikidata,high,1.00 near the index's canton (10 km)
damas-el-bcttcgncy,48.21,6.26306,Q681754,,Damas-et-Bettegney,Damas-et-Bettegney,Damas-et-Bettegney,,FR,wikidata,high,1.00 near the index's canton (3 km)
damelcvieres,48.55694,6.38806,Q477031,,Damelevières,Damelevières,Damelevières,,FR,wikidata,high,1.00 near the index's canton (11 km)
dampvitoux,49.01306,5.84278,Q229860,,Dampvitoux,Dampvitoux,Dampvitoux,,FR,wikidata,high,1.00 near the index's canton (12 km)
dandirant,,,,,Dandirant,,,,FR,unlocated,low,
darmont,49.17999,5.69377,Q65320673,,Darmont,,Darmont,,FR,wikidata,high,1.00 near the index's canton (6 km)
darncy,48.085,6.04583,Q816498,,Darney,Darney,Darney,ダルネー,FR,wikidata,high,1.00 near the index's canton (0 km)
darncy-aux-chenes,48.28139,5.81889,Q656594,,Darney-aux-Chênes,Darney-aux-Chênes,Darney-aux-Chênes,,FR,wikidata,high,1.00 near the index's canton (3 km)
darnieulics,48.19889,6.35222,Q198345,,Darnieulles,Darnieulles,Darnieulles,,FR,wikidata,high,0.95 near the index's canton (8 km)
dcveline,48.18556,6.94556,,,Dcveline,,,,FR,approximate,low,not in Wikidata/GeoNames; placed at its commune Anould
deinvillers,48.4125,6.55722,Q1417772,,Deinvillers,Deinvillers,Deinvillers,,FR,wikidata,high,1.00 near the index's canton (9 km)
demange-champ,48.1325,6.65306,,,Démange-Champ,,,,FR,approximate,low,not in Wikidata/GeoNames; placed at its commune Xanionlarupt
demrupl,47.89978,6.78079,,12315108,Demrupl,,,,FR,geonames,high,1.00 near the index's commune (1 km)
deneuvre,48.44333,6.73639,Q929010,,Deneuvre,Deneuvre,Deneuvre,,FR,wikidata,high,1.00 near the index's canton (1 km)
denipairc,48.34278,6.96583,Q212014,,Denipaire,Denipaire,Denipaire,,FR,wikidata,high,1.00 near the index's canton (6 km)
derbamont,48.26833,6.26778,Q200103,,Derbamont,Derbamont,Derbamont,デルバモン,FR,wikidata,high,1.00 near the index's canton (6 km)
dersdorf,49.47307,6.96365,,,Doersdorf,,,,FR,hist_map,medium,0.94 near the index's commune (8 km)
destord,48.27278,6.62139,Q196468,,Destord,Destord,Destord,,FR,wikidata,high,1.00 near the index's canton (10 km)
destry,48.94389,6.585,Q21877,,Destry,Destrich,Destry,,FR,hist_map,high,1.00 near the index's canton (12 km)
deuxnouds-aux-bois,49.0,5.61667,Q52383011,,Deuxnouds-aux-Bois,,,,FR,wikidata,medium,"exact name, no anchor"
deycimont,48.16806,6.65028,Q955709,,Deycimont,Deycimont,Deycimont,,FR,wikidata,high,1.00 near the index's canton (7 km)
deyfosse,48.36519,6.86118,,,Deyfosse,,,,FR,approximate,low,not in Wikidata/GeoNames; placed at its commune Elival
deyvillers,48.20167,6.51333,Q732760,,Deyvillers,Deyvillers,Deyvillers,,FR,wikidata,high,1.00 near the index's canton (6 km)
diarvillc,48.39528,6.1325,Q231904,,Diarville,Diarville,Diarville,,FR,wikidata,high,1.00 near the index's canton (9 km)
dictersba-eh,,,,,Dictersba.eh,,,,FR,unlocated,low,
diding,,,,,Diding,,,,FR,unlocated,low,
diebling,49.10861,6.94028,Q21649,,Diebling,Dieblingen,Diebling,,FR,hist_map,high,1.00 near the index's canton (9 km)
diederfing,49.01618,6.96118,,,Diederfing,Dieterfingen,,,FR,hist_map,high,1.00 near the index's commune (1 km)
dieulouard,48.83972,6.06972,Q627292,,Dieulouard,Dieulouard,Dieulouard,,FR,wikidata,high,1.00 near the index's canton (7 km)
dieuze,48.81222,6.71972,Q22695,,Dieuze,Duß,Dieuze,,FR,hist_map,medium,ambiguous without an anchor (5 spots)
diffembach-les-puttclange,49.04983,6.90365,Q55596634,,Diefenbach-lès-Puttelange,,Diffenbach,,FR,wikidata,medium,0.91 near the index's commune (2 km)
diffembaeh-les-hellimer,49.00278,6.84194,Q22453,,Diffembach-lès-Hellimer,Diffembach-lès-Hellimer,Diffembach-lès-Hellimer,,FR,wikidata,high,1.00 near the index's canton (8 km)
differten,49.2417,6.77861,Q1224491,,Differten,Differten,Differten,,DE,wikidata,high,1.00 near the index's canton (9 km)
dignonville,48.24361,6.50556,Q1157878,,Dignonville,Dignonville,Dignonville,,FR,wikidata,high,1.00 near the index's canton (9 km)
dillingcn,49.35738,6.7196,Q158408,,Dillingen,Dillingen/Saar,Dillingen,,FR,hist_map,high,1.00 near the index's commune (5 km)
district-bainville-aux-miroirs,48.43861,6.27667,,,Circonscription de Bainville-aux-Miroirs,,,,,territory,medium,seat: bainville-aux-miroirs
district-beaurains,49.27906,6.60818,,,Circonscription de Beaurains,,,,,territory,medium,centre of 56 located member(s)
district-bitche,49.10427,7.36555,,,Circonscription de Bitche,,,,,territory,medium,centre of 143 located member(s)
district-blamont,48.58972,6.84222,,,Circonscription de Blâmont,,,ブラモン管区,,territory,medium,seat: rlamont
district-faulquemont,49.04111,6.59917,,,Circonscription de Faulquemont,,,,,territory,medium,seat: faulquemont
district-forbach,49.18806,6.9,,,Circonscription de Forbach,,,,,territory,medium,seat: forbach
district-merzig,49.44222,6.6375,,,Circonscription de Merzig,,,,,territory,medium,seat: merzig
district-morhange,48.92361,6.63583,,,Circonscription de Morhange,,,,,territory,medium,seat: morhangc
district-perl,49.47361,6.385,,,Circonscription de Perl,,,ペルル (モーゼル)管区,,territory,medium,seat: perl-ou-niederperl
district-phalsbourg,48.74403,7.23393,,,Circonscription de Phalsbourg,,,,,territory,medium,centre of 8 located member(s)
district-puttelange,49.05641,6.93637,,,Circonscription de Puttelange,,,,,territory,medium,centre of 40 located member(s)
district-raon-l-etape,48.4068,6.8438,,,Circonscription de Raon-l'Étape,,,,,territory,medium,seat: raon-l-eiape
district-saargau,49.4567,6.59053,,,Circonscription de Saargau,,,,,territory,medium,centre of 16 located member(s)
district-saint-hippolyte,48.23194,7.37167,,,Circonscription de Saint-Hippolyte,,,,,territory,medium,seat: saint-hippolyte
district-sarralbe,49.1486,6.88421,,,Circonscription de Sarralbe,,,,,territory,medium,centre of 6 located member(s)
district-sarreck,48.75105,7.04966,,,Circonscription de Sarreck,,,,,territory,medium,centre of 18 located member(s)
district-soultzbach,48.05521,7.22067,,,Circonscription de Soultzbach,,,,,territory,medium,centre of 2 located member(s)
district-spitzemberg,48.30756,7.04417,,,Circonscription de Spitzemberg,,,,,territory,medium,seat: spilzemberg
dittclingen,,,,,Dittclingen,,,,FR,unlocated,low,"a destroyed village of the county of Forbach, 'emplacement inconnu' (the index)"
docclles,48.14556,6.61778,Q163789,,Docelles,Docelles,Docelles,ドセル,FR,wikidata,high,1.00 near the index's canton (10 km)
dognevillc,48.22333,6.4575,Q753397,,Dogneville,Dogneville,Dogneville,,FR,wikidata,high,1.00 near the index's canton (6 km)
dolaincourt,48.33972,5.81389,Q1098168,,Dolaincourt,Dolaincourt,Dolaincourt,,FR,wikidata,high,1.00 near the index's canton (4 km)
dolcourt,48.49028,5.9775,Q607083,,Dolcourt,Dolcourt,Dolcourt,,FR,wikidata,high,1.00 near the index's canton (7 km); was 49 km away
dolving,48.77528,7.02056,Q21810,,Dolving,Dolvingen,Dolving,,FR,hist_map,high,1.00 near the index's canton (8 km)
dombasie-cn-xaintois,48.30778,5.99194,Q194895,,Dombasle-en-Xaintois,Dombasle-en-Xaintois,Dombasle-en-Xaintois,,FR,wikidata,medium,0.95 near its district's other members (6 km)
dombasle,48.625,6.34972,Q387821,,Dombasle,Dombasle-sur-Meurthe,Dombasle-sur-Meurthe,ドンバール＝シュル＝ムルト,FR,wikidata,medium,ambiguous without an anchor (4 spots)
dombasle-devanl-darney,48.12694,6.07667,Q1158638,,Dombasle-devant-Darney,Dombasle-devant-Darney,Dombasle-devant-Darney,,FR,wikidata,medium,1.00 near its district's other members (5 km)
dombrol-sur-vair,48.265,5.88806,Q1098339,,Dombrot-sur-Vair,Dombrot-sur-Vair,Dombrot-sur-Vair,,FR,wikidata,high,1.00 near the index's canton (8 km)
domevrc-sous-montfort,48.25028,6.0675,Q1417828,,Domèvre-sous-Montfort,Domèvre-sous-Montfort,Domèvre-sous-Montfort,,FR,wikidata,high,1.00 near the index's canton (10 km)
domevrc-sur-aviere,48.21361,6.38,Q199011,,Domèvre-sur-Avière,Domèvre-sur-Avière,Domèvre-sur-Avière,,FR,wikidata,high,1.00 near the index's canton (7 km)
domevre,,,,,Domèvre-sur-Durbion,Domèvre-sur-Durbion,Domèvre-sur-Durbion,,FR,unlocated,low,"its match Q627048 went to domevre-sur-durbion, whose name fits it better"
domevre-sur-durbion,48.28528,6.47083,Q627048,,Domèvre-sur-Durbion,Domèvre-sur-Durbion,Domèvre-sur-Durbion,,FR,wikidata,high,1.00 near the index's canton (7 km)
domevre-sur-vezouse,48.56139,6.80611,Q991012,,Domèvre-sur-Vezouze,Domèvre-sur-Vezouze,Domèvre-sur-Vezouze,,FR,wikidata,medium,0.94 near the index's canton (4 km)
domfaing,48.235,6.74861,Q584731,,Domfaing,Domfaing,Domfaing,,FR,wikidata,high,1.00 near the index's canton (1 km)
domjevin,48.57611,6.69667,Q988239,,Domjevin,Domjevin,Domjevin,,FR,wikidata,high,1.00 near the index's canton (11 km)
domjulien,48.2525,5.99694,Q84241068,,Domjulien,,Domjulien,,FR,wikidata,high,1.00 near the index's canton (7 km)
dommanin-sur-vrainc,48.33611,5.90583,Q194729,,Dommartin-sur-Vraine,Dommartin-sur-Vraine,Dommartin-sur-Vraine,,FR,wikidata,high,0.95 near the index's canton (7 km)
dommarie-eulmont,48.41444,6.03333,Q687192,,Dommarie-Eulmont,Dommarie-Eulmont,Dommarie-Eulmont,,FR,wikidata,high,1.00 near the index's canton (9 km)
dommarlin-aux-bois,48.15889,6.27472,Q672173,,Dommartin-aux-Bois,Dommartin-aux-Bois,Dommartin-aux-Bois,,FR,wikidata,high,1.00 near the index's canton (13 km)
dommarlin-lcs-ville,48.18235,6.20822,,12315021,Dommarlin-lcs-Ville,,,,FR,geonames,high,1.00 near the index's commune (0 km)
dommartemont,48.71306,6.21417,Q1102221,,Dommartemont,Dommartemont,Dommartemont,,FR,wikidata,high,1.00 near the index's canton (3 km)
dommartin,47.99861,6.64306,Q833820,,Dommartin-lès-Remiremont,Dommartin-lès-Remiremont,Dommartin-lès-Remiremont,,FR,wikidata,high,1.00 near the index's canton (4 km)
dommartin-la-montagne,49.03139,5.60833,Q221898,,Dommartin-la-Montagne,Dommartin-la-Montagne,Dommartin-la-Montagne,,FR,wikidata,high,1.00 near the index's canton (7 km)
dommartin-les-vallois,48.15556,6.08639,Q1158520,,Dommartin-lès-Vallois,Dommartin-lès-Vallois,Dommartin-lès-Vallois,,FR,wikidata,high,1.00 near the index's canton (8 km)
dommartin-sous-amance,48.74083,6.25528,Q1349006,,Dommartin-sous-Amance,Dommartin-sous-Amance,Dommartin-sous-Amance,,FR,wikidata,high,1.00 near the index's canton (7 km)
domnom,48.86056,6.8225,Q21647,,Domnom-lès-Dieuze,Domnom-lès-Dieuze,Domnom-lès-Dieuze,,FR,wikidata,high,1.00 near the index's canton (9 km)
dompairc,48.22167,6.22222,Q188861,,Dompaire,Dompaire,Dompaire,,FR,wikidata,high,1.00 near the index's canton (0 km)
dompccvrin,48.93194,5.48972,Q576543,,Dompcevrin,Dompcevrin,Dompcevrin,,FR,wikidata,medium,"exact name, no anchor"
dompierre,48.25278,6.56389,Q189748,,Dompierre,Dompierre,Dompierre,,FR,wikidata,high,1.00 near the index's canton (12 km)
domptail-en-1-air,48.51444,6.32722,Q229160,,Domptail-en-l'Air,Domptail-en-l'Air,Domptail-en-l'Air,,FR,wikidata,high,0.96 near the index's canton (5 km)
domvallicr,48.30889,6.08333,Q195571,,Domvallier,Domvallier,Domvallier,,FR,wikidata,high,1.00 near the index's canton (4 km)
donnelay,48.75222,6.68111,Q21572,,Donnelay,Donnelay,Donnelay,,FR,hist_map,high,1.00 near the index's canton (11 km)
donsicders,49.265,7.64278,Q565844,,Donsieders,Donsieders,Donsieders,ドンジーダス,DE,wikidata,high,1.00 near the index's canton (8 km)
dounoux,48.10444,6.44389,Q198401,,Dounoux,Dounoux,Dounoux,,FR,wikidata,high,1.00 near the index's canton (7 km)
dourd-hal,49.1,6.66667,Q3038147,,Dourd'hal,Dourd’hal,Dourd'hal,,FR,hist_map,high,1.00 near the index's canton (3 km)
dreisbach,49.485,6.565,Q1258065,,Dreisbach,Dreisbach,Dreisbach,,FR,hist_map,high,1.00 near the index's commune (2 km)
drogny,49.2467,6.41639,Q16507718,,Drogny,Drogny,Drogny,,FR,hist_map,high,1.00 near the index's commune (0 km)
droiteval,48.03278,6.03556,,,Droiteval,,,,FR,approximate,low,not in Wikidata/GeoNames; placed at its commune Claudon
drouville,48.67111,6.40806,Q227707,,Drouville,Drouville,Drouville,,FR,wikidata,high,1.00 near the index's canton (11 km)
duchy-lorraine,48.69028,6.51585,,,Duché de Lorraine,,,,,territory,medium,centre of 2324 located member(s)
duren,49.3036,6.66222,Q1271996,,Düren,Düren,Düren,,DE,wikidata,high,1.00 near the index's commune (1 km)
eberswillcr,49.27513,6.401,,,Ebersviller,,,,FR,hist_map,medium,0.91 near the index's canton (10 km)
eblange,49.22333,6.48194,Q21674,,Éblange,Eblingen,Éblange,,FR,hist_map,high,1.00 near the index's canton (5 km)
ecrouves-et-grand-menil,,,,,Ecrouves-et-Grand-Ménil,,,,FR,unlocated,low,
ecuelle,48.77706,6.26922,,11971500,Ecuelle,,,,FR,geonames,high,1.00 near the index's commune (1 km)
edelnigen,,,,,Edelnigen,,,,,unlocated,low,
edling,49.2717,6.45198,Q3047673,,Edling,Edlingen,Edling,,FR,hist_map,high,1.00 near the index's commune (1 km)
eguelshardt,49.01889,7.49194,Q22025,,Eguelshardt,Egelshardt,Éguelshardt,,FR,hist_map,high,1.00 near the index's canton (6 km)
eich,48.75139,7.10694,,,Eich,,,,FR,approximate,low,a hamlet of Réding (the index)
eich-sarralbe,48.99134,7.00818,,,Eich,,,,FR,hist_map,high,1.00 near the index's commune (2 km)
eimersdorf,49.3798,6.65237,Q1304205,,Eimersdorf,Eimersdorf,Eimersdorf,,FR,hist_map,high,1.00 near the index's commune (2 km)
einarizhauscn,,,,,Einarizhauscn,,,,FR,unlocated,low,
einchwiller,,,,,Einchwiller,,,,FR,unlocated,low,
einu-ciller-cl-enweillcr,49.5546,7.01527,Q1321556,,Einu'ciller cl Enweillcr,Eiweiler,Eiweiler,,FR,hist_map,low,0.89 near its district's other members (7 km)
einvaux,48.48972,6.39639,Q1060518,,Einvaux,Einvaux,Einvaux,,FR,wikidata,high,1.00 near the index's canton (6 km)
einvillc,48.655,6.48722,Q227722,,Einville-au-Jard,Einville-au-Jard,Einville-au-Jard,,FR,wikidata,high,1.00 near the index's canton (7 km)
eisweiler,49.5161,7.15227,Q1320914,,Eisweiler,Eisweiler,Eisweiler,,FR,hist_map,high,1.00 near the index's commune (8 km)
eloycs,48.09583,6.60944,Q274801,,Éloyes,Éloyes,Éloyes,,FR,wikidata,high,1.00 near the index's canton (9 km)
elvangc,49.06,6.54889,Q22378,,Elvange,Elwingen,Elvange,,FR,hist_map,high,1.00 near the index's canton (4 km)
elwiller,49.07586,6.90916,Q55596756,,Elviller,,Ellviller,,FR,hist_map,medium,0.88 near the index's commune (1 km)
embermcnii,48.62917,6.69583,Q1385244,,Emberménil,Emberménil,Emberménil,,FR,wikidata,medium,0.90 near the index's canton (12 km)
emmcrsweiler,49.18041,6.8559,Q1338689,,Emmersweiler,Emmersweiler,Emmersweiler,,DE,hist_map,high,1.00 near the index's canton (12 km); the index's commune Lurhveiler is not found
enchcnbcrg,49.01361,7.33861,Q22013,,Enchenberg,Enchenberg,Enchenberg,,FR,hist_map,high,1.00 near the index's canton (6 km)
ensdorf,49.3,6.76667,Q375399,,Ensdorf,Ensdorf,Ensdorf,,FR,hist_map,high,1.00 near the index's commune (1 km)
enssens-la-ville,,,,,Enssens-la-Ville,,,,FR,unlocated,low,
entre-deux-eaux,48.23139,6.99194,Q1625005,,Entre-deux-Eaux,Entre-deux-Eaux,Entre-deux-Eaux,,FR,wikidata,high,1.00 near the index's canton (5 km)
epange-3,49.20255,6.41107,Q109573907,,Epange,,Epange,,FR,hist_map,high,1.00 near the index's commune (1 km)
epinal,48.17361,6.45167,Q173695,,Épinal,Épinal,Épinal,エピナル,FR,wikidata,high,1.00 near the index's canton (0 km)
eppellborn,49.4022,6.9706,Q570286,,Eppelborn,Eppelborn,Eppelborn,,DE,hist_map,medium,0.95 near the index's canton (14 km)
eppenbrunn,49.11611,7.56222,Q565853,,Eppenbrunn,Eppenbrunn,Eppenbrunn,,DE,hist_map,high,1.00 near the index's canton (10 km)
epping,49.11194,7.31694,Q22944,,Epping,Eppingen,Epping,,FR,hist_map,high,1.00 near the index's canton (3 km)
erbringcn,49.44508,6.73861,Q1348426,,Erbringen,Erbringen,Erbringen,,DE,hist_map,high,1.00 near the index's commune (4 km)
erching,49.11111,7.26306,Q22313,,Erching,Erching,Erching,,FR,hist_map,high,1.00 near the index's canton (7 km)
erlenbrunn,49.17148,7.61374,Q1355515,,Erlenbrunn,Erlenbrunn,Erlenbrunn,,DE,hist_map,high,1.00 near the index's canton (3 km)
eschery-la-haulte,,,,,Eschery la Haulte,,,,,unlocated,low,
escles,48.12889,6.17778,Q200224,,Escles,Escles,Escles,,FR,wikidata,high,1.00 near the index's canton (11 km)
eslcy,48.16944,6.05778,Q1414251,,Esley,Esley,Esley,,FR,wikidata,high,1.00 near the index's canton (9 km)
essegncy,48.3675,6.31667,Q186057,,Essegney,Essegney,Essegney,,FR,wikidata,medium,"exact name, no anchor"
essey-et-maizerais,48.91917,5.81111,Q988215,,Essey-et-Maizerais,Essey-et-Maizerais,Essey-et-Maizerais,,FR,wikidata,medium,"exact name, no anchor"
essey-ies-isancy,48.70583,6.22222,Q1085872,,Essey-lès-Nancy,Essey-lès-Nancy,Essey-lès-Nancy,エッセ＝レ＝ナンシー,FR,wikidata,high,0.95 near the index's canton (3 km)
essey-la-cotc-anton-de-gerbeviller,,,,,Essey-la-CôtC; <„anton de Gerbéviller,,,,FR,unlocated,low,
estrennes,48.25833,6.05,Q1417782,,Estrennes,Estrennes,Estrennes,,FR,wikidata,high,1.00 near the index's canton (10 km)
et-ch,,,,,Et/ch,,,,FR,unlocated,low,
etanchc,48.34378,5.74236,Q71808738,,L'Étanche,,L'Étanche,,FR,wikidata,medium,"exact name, no anchor; the index's canton fteufchàteau is not found"
etat,47.89167,6.73972,,,Etat,,,,FR,approximate,low,not in Wikidata/GeoNames; placed at its commune Ramonchamp
etival,48.36519,6.86118,,3019402,Etival,,,,FR,geonames,high,1.00 near the index's canton (5 km)
etreval,48.45528,6.05139,Q287482,,Étreval,Étreval,Étreval,,FR,wikidata,high,1.00 near the index's canton (4 km)
etting,49.03056,7.17917,Q22343,,Etting,Ettingen,Etting,,FR,hist_map,high,1.00 near the index's canton (6 km)
etzcling,49.17833,6.96222,Q22097,,Etzling,Etzlingen,Etzling,,FR,wikidata,high,0.95 near the index's commune (1 km)
eulmont,48.75056,6.22417,Q1101403,,Eulmont,Eulmont,Eulmont,,FR,wikidata,high,1.00 near the index's canton (7 km)
eulmont-dommaric-eulmont,48.4148,6.0336,Q109573806,,Eulmont,,Eulmont,,FR,wikidata,high,1.00 near the index's commune (0 km)
euvczin,48.92389,5.83806,Q1002652,,Euvezin,Euvezin,Euvezin,ウーヴザン,FR,wikidata,medium,"exact name, no anchor"
euville,48.74833,5.62583,Q781078,,Euville,Euville,Euville,,FR,wikidata,high,1.00 near the index's canton (3 km)
evaux-ct-menil,48.32444,6.29889,Q765915,,Évaux-et-Ménil,Évaux-et-Ménil,Évaux-et-Ménil,,FR,wikidata,high,1.00 near the index's canton (5 km); was 81 km away
evendorff,49.41381,6.41851,,3019294,Evendorff,,,,FR,geonames,high,1.00 near the index's canton (5 km)
eymngcn,,,,,Eymngcn,,,,FR,unlocated,low,
eynothaws,,,,,Eynothaws,,,,FR,unlocated,low,
faings-polots-les-ham,47.92596,6.48449,,,Faings-Polots (les)» ham,,,,FR,approximate,low,a hamlet of Le Val-d'Ajol (the index)
falck,49.22417,6.63778,Q22346,,Falck,Falck,Falck,,FR,hist_map,high,1.00 near the index's canton (11 km)
falkeinstein,49.00486,7.56542,Q671459,,Falkenstein-lès-Baerenthal,Falkenstein,Falkenstein,,FR,hist_map,high,0.96 near the index's commune (5 km)
fareberswiller,49.11472,6.86361,Q22179,,Farébersviller,Pfarrebersweiler,Farébersviller,,FR,hist_map,medium,0.93 near the index's canton (11 km)
farschwiller,49.09406,6.89517,,3019001,Farschwiller,,,,FR,geonames,high,1.00 near the index's canton (10 km)
faucompicrre,48.13806,6.67056,Q902607,,Faucompierre,Faucompierre,Faucompierre,,FR,wikidata,high,1.00 near the index's canton (15 km)
fauconcourt,48.37306,6.54056,Q204722,,Fauconcourt,Fauconcourt,Fauconcourt,,FR,wikidata,high,1.00 near the index's canton (8 km)
faulquemont,49.04111,6.59917,Q21896,,Faulquemont,Falkenberg,Faulquemont,,FR,hist_map,high,1.00 near the index's canton (0 km)
faulx,48.79306,6.19806,Q936721,,Faulx,Faulx,Faulx,,FR,wikidata,high,1.00 near the index's canton (11 km)
favieres,48.46278,5.95444,Q1102167,,Favières,Favières,Favières,,FR,wikidata,medium,"exact name, no anchor"
faycmont,48.34278,7.01389,,,Faycmont,,,,FR,approximate,low,not in Wikidata/GeoNames; placed at its commune Ban-de-Sapt
faymont,47.94792,6.52196,,3018818,Faymont,,,,FR,geonames,high,1.00 near the index's commune (4 km)
fcchingcn,49.19983,7.06364,Q135942213,,Fechingen,Fechingen,Fechingen,,DE,hist_map,high,1.00 near the index's commune (2 km)
fcrdrupt,47.9075,6.70917,Q907763,,Ferdrupt,Ferdrupt,Ferdrupt,,FR,wikidata,high,1.00 near the index's canton (15 km)
fcrricres,48.55444,6.29361,Q220377,,Ferrières,Ferrières,Ferrières,,FR,wikidata,medium,"exact name, no anchor"
fecocourt,48.40444,6.00833,Q1161668,,Fécocourt,Fécocourt,Fécocourt,,FR,wikidata,medium,"exact name, no anchor"
felsberg,49.2922,6.70111,Q1404131,,Felsberg,Felsberg (Saar),Felsberg,,FR,hist_map,high,1.00 near the index's commune (4 km)
ferange,49.29164,6.40398,,,Férange,,,,FR,hist_map,high,1.00 near the index's canton (9 km)
fey-cn-haye,48.90278,5.96167,Q1064027,,Fey-en-Haye,Fey-en-Haye,Fey-en-Haye,,FR,wikidata,medium,"exact name, no anchor"
fiavigny-sur-moselle,48.56917,6.18778,Q1060441,,Fiavigny-sur-Moselle,Flavigny-sur-Moselle,Flavigny-sur-Moselle,,FR,wikidata,medium,ambiguous without an anchor (2 spots)
fickingen,49.41333,6.72416,,,Fickingen,,,,DE,approximate,low,not in Wikidata/GeoNames; placed at its commune Haus'adt
fief-keltern-ostern,49.52336,7.1118,,,Fief de Keltern-Ostern,,,,,territory,medium,centre of 18 located member(s)
fiircy,47.91778,6.29306,Q508030,,Fleurey-lès-Saint-Loup,Fleurey-lès-Saint-Loup,Fleurey-lès-Saint-Loup,,FR,wikidata,low,"exact name, no anchor; 83 km from its district; 119 km from the index's canton Thiaucourt"
filstroft,49.32278,6.54056,Q22366,,Filstroff,Filsdorf,Filstroff,,FR,hist_map,medium,0.89 near the index's canton (3 km)
fimenil,48.18417,6.71417,Q1417565,,Fiménil,Fiménil,Fiménil,,FR,wikidata,high,1.00 near the index's canton (3 km)
fioremont,48.36667,6.25472,Q741357,,Florémont,Florémont,Florémont,,FR,wikidata,medium,"exact name, no anchor"
fitten,49.44368,6.59524,,,Fitten,,,,FR,hist_map,high,1.00 near the index's commune (2 km)
fjeville,48.62528,6.20361,Q217474,,Fléville-devant-Nancy,Fléville-devant-Nancy,Fléville-devant-Nancy,フレヴィル＝ドゥヴァン＝ナンシー,FR,wikidata,high,0.95 near the index's canton (7 km); was 77 km away
flainval,48.61889,6.39889,Q226244,,Flainval,Flainval,Flainval,,FR,wikidata,high,1.00 near the index's canton (8 km)
flasgarten,49.20639,6.45028,,,Flasgarten,,,,FR,approximate,low,not in Wikidata/GeoNames; placed at its commune Gucnkirchen
flaslroii,,,,,Flaslroiï,,,,FR,unlocated,low,
flatten,49.42625,6.51227,,,Flatten,,,,FR,hist_map,medium,"exact name, no anchor; the index's commune Launstroiï is not found"
fliessborn,,,,,Fliessborn,,,,FR,unlocated,low,
flin,48.4975,6.655,Q1101374,,Flin,Flin,Flin,,FR,wikidata,high,1.00 near the index's canton (11 km)
folckling,49.14756,6.89482,,3018155,Folckling,,,,FR,geonames,high,1.00 near the index's canton (5 km)
folpcrswillcr,49.12346,7.10632,Q3075119,,Folpersviller,Folpersviller,Folpersviller,,FR,hist_map,medium,0.92 near the index's canton (3 km)
folschwiller,49.07732,6.68358,,3018145,Folschwiller,,,,FR,geonames,high,1.00 near the index's canton (3 km)
fomercy,48.22056,6.33917,Q198756,,Fomerey,Fomerey,Fomerey,,FR,wikidata,high,1.00 near the index's canton (10 km)
fonienoy-sur-moselle,48.71111,5.98111,Q209949,,Fontenoy-sur-Moselle,Fontenoy-sur-Moselle,Fontenoy-sur-Moselle,,FR,wikidata,high,0.95 near the index's canton (7 km)
fontaine,48.00833,6.71639,,,Fontaine,,,,FR,approximate,low,not in Wikidata/GeoNames; placed at its commune Vagney
fontcnoy-ia-joute,48.45556,6.65944,Q633224,,Fontenoy-la-Joûte,Fontenoy-la-Joûte,Fontenoy-la-Joûte,,FR,wikidata,high,0.95 near the index's canton (6 km)
fontcnoy-lc-chatcau,47.97361,6.19917,Q684660,,Fontenoy-le-Château,Fontenoy-le-Château,Fontenoy-le-Château,,FR,wikidata,high,1.00 near the index's canton (6 km)
fontenay,48.21833,6.58917,Q1158598,,Fontenay,Fontenay,Fontenay,,FR,wikidata,high,1.00 near the index's canton (10 km)
fontenoy-la-ville,47.97361,6.19917,Q28735749,,Fontenoy-le-Château,Fontenoy-le-Château,Fontenoy-le-Château,フォントノワ＝ル＝シャトー,FR,wikidata,low,"0.90; Q684660 went to fontcnoy-lc-chatcau, whose name fits it better"
forbach,49.18806,6.9,Q22703,,Forbach,Forbach,Forbach,,FR,hist_map,high,1.00 near the index's canton (0 km)
forbeauvoisin,,,,,Forbeauvoisin,,,,FR,unlocated,low,the index's canton Mandre-la-Petitc is not found
forcelles-saint-gorgon,48.45639,6.10139,Q1062354,,Forcelles-Saint-Gorgon,Forcelles-Saint-Gorgon,Forcelles-Saint-Gorgon,,FR,wikidata,medium,"exact name, no anchor"
forcelles-sous-gugney,48.3975,6.07806,Q208737,,Forcelles-sous-Gugney,Forcelles-sous-Gugney,Forcelles-sous-Gugney,,FR,wikidata,medium,"exact name, no anchor"
foresterie-la-du-ban-de-moulin,,,,,Foresterie (la) du ban de Moulin,,,,FR,unlocated,low,
fosse-la-ham,48.36519,6.86118,,,Fosse (la) ham,,,,FR,approximate,low,not in Wikidata/GeoNames; placed at its commune Etival
fouchifol,48.23139,6.99194,,,Fouchîfol,,,,FR,approximate,low,not in Wikidata/GeoNames; placed at its commune Entrc-dcux-Eaux
foucrey,48.69087,6.46313,,,Foucrey,,,,FR,approximate,low,farms of Serres (the index)
fougerollcs,47.88528,6.40278,Q922794,,Fougerolles,Fougerolles,Fougerolles,フジュロル,FR,wikidata,high,1.00 near the index's canton (10 km)
fraimbois,48.52944,6.54167,Q193281,,Fraimbois,Fraimbois,Fraimbois,,FR,wikidata,high,1.00 near the index's canton (4 km)
fraiteux,48.34278,7.01389,,,Fraiteux,,,,FR,approximate,low,not in Wikidata/GeoNames; placed at its commune Ban-de-Sapt
franconville,48.49972,6.45194,Q1062227,,Franconville,Franconville,Franconville,,FR,wikidata,high,1.00 near the index's canton (4 km)
franould,47.99861,6.64306,,,Franould,,,,FR,approximate,low,not in Wikidata/GeoNames; placed at its commune Dommartin (near its district)
frapelle,48.29417,7.06389,Q1454514,,Frapelle,Frapelle,Frapelle,,FR,wikidata,high,1.00 near the index's canton (9 km)
fraulaulcrn,49.3253,6.76528,Q1451962,,Fraulautern,Fraulautern,Fraulautern,,DE,hist_map,high,1.00 near the index's canton (1 km)
frcnelle-la-petile,48.35028,6.06389,Q751939,,Frenelle-la-Petite,Frenelle-la-Petite,Frenelle-la-Petite,,FR,wikidata,high,1.00 near the index's canton (8 km)
freching,49.40329,6.36294,,,Fréching,Frichingen,,,FR,hist_map,high,1.00 near the index's commune (1 km)
freinestroff,49.0175,6.78056,Q22997,,Frémestroff,Fremersdorf,Frémestroff,,FR,hist_map,medium,0.91 near the index's canton (5 km)
freisen,49.5522,7.24833,Q1454668,,Freisen,Freisen,Freisen,,DE,hist_map,medium,1.00 near its district's other members (8 km)
freislroff,49.28167,6.49111,Q21856,,Freistroff,Freisdorf,Freistroff,,FR,hist_map,high,1.00 near the index's canton (3 km)
fremereville,48.80083,5.65472,Q1159712,,Frémeréville-sous-les-Côtes,Frémeréville-sous-les-Côtes,Frémeréville-sous-les-Côtes,,FR,wikidata,high,1.00 near the index's canton (6 km)
fremifontaine,48.27028,6.68472,Q1159120,,Fremifontaine,Fremifontaine,Fremifontaine,,FR,wikidata,high,1.00 near the index's canton (5 km)
fremmesdr-v-m-de-rehlingen,,,,,Fremmesdr' v:-»m. de Rehlingen,,,,FR,unlocated,low,
fremonvillc,48.59528,6.88694,Q508265,,Frémonville,Frémonville,Frémonville,,FR,wikidata,high,1.00 near the index's canton (3 km)
frenelic-la-grande,48.35611,6.08472,Q918444,,Frenelle-la-Grande,Frenelle-la-Grande,Frenelle-la-Grande,,FR,wikidata,medium,0.94 near the index's canton (7 km)
frenois,48.18861,6.12222,Q1417133,,Frénois,Frénois,Frénois,,FR,wikidata,high,1.00 near the index's canton (13 km)
fresnes-en-saintois,48.83972,6.43778,Q21829,,Fresnes-en-Saulnois,Fresnes-en-Saulnois,Fresnes-en-Saulnois,,FR,wikidata,medium,0.90 near the index's canton (6 km)
fresse,47.87583,6.78722,Q920853,,Fresse-sur-Moselle,Fresse-sur-Moselle,Fresse-sur-Moselle,,FR,wikidata,high,1.00 near the index's canton (4 km)
freybouse,49.00472,6.77778,Q22074,,Freybouse,Freybouse,Freybouse,,FR,hist_map,high,1.00 near the index's canton (4 km)
freyming,49.14722,6.81917,Q22433,,Freyming,Freimengen,Freyming,,FR,hist_map,high,1.00 near the index's canton (9 km)
frisonviller,48.57611,6.69667,,,Frisonviller,,,,FR,approximate,low,not in Wikidata/GeoNames; placed at its commune Domjevin
frizon,48.28556,6.36361,Q627076,,Frizon,Frizon,Frizon,,FR,wikidata,high,1.00 near the index's canton (4 km)
frouard,48.76056,6.12889,Q195098,,Frouard,Frouard,Frouard,,FR,wikidata,high,1.00 near the index's canton (9 km)
froville,48.46972,6.35389,Q836093,,Froville,Froville,Froville,,FR,wikidata,high,1.00 near the index's canton (3 km)
fruzc,48.39743,5.73797,Q24928343,,Fruze,,Fruze,,FR,wikidata,high,1.00 near the index's canton (4 km); 42 km from its district
fursehweiler,49.5157,7.17802,Q1293961,,Furschweiler-lès-Namborn,Furschweiler,Furschweiler,,FR,hist_map,high,1.00 near the index's commune (6 km)
furwciler,49.375,6.59194,Q1483735,,Fürweiler,Fürweiler,Fürweiler,,FR,hist_map,high,1.00 near the index's commune (3 km)
gawestroff,49.28111,6.63083,,,Gawestroff,,,,FR,approximate,low,not in Wikidata/GeoNames; placed at its commune Villing
gclvecourt-ct-adompt,48.20028,6.16694,Q922781,,Gelvécourt-et-Adompt,Gelvécourt-et-Adompt,Gelvécourt-et-Adompt,,FR,wikidata,high,1.00 near the index's canton (5 km)
gcrardmer,48.07222,6.87861,Q461219,,Gérardmer,Gérardmer,Gérardmer,ジェラールメ,FR,wikidata,high,1.00 near the index's canton (0 km)
gcrmonville,48.40694,6.2125,Q509264,,Germonville,Germonville,Germonville,ジェルモンヴィル,FR,wikidata,high,1.00 near the index's canton (7 km)
gebcourt,48.48139,6.73194,Q1060751,,Gélacourt,Gélacourt,Gélacourt,,FR,wikidata,medium,0.90 near the index's canton (4 km)
gehweiler,49.5303,7.18663,Q1498591,,Gehweiler,Gehweiler,Gehweiler,,DE,wikidata,high,1.00 near the index's commune (5 km)
gelaucourt,48.45472,5.98944,Q1062343,,Gélaucourt,Gélaucourt,Gélaucourt,,FR,wikidata,medium,"exact name, no anchor"
gellenoncourt,48.67778,6.38639,Q1101312,,Gellenoncourt,Gellenoncourt,Gellenoncourt,,FR,wikidata,medium,"exact name, no anchor"
gelucourt,48.76472,6.72639,Q21950,,Gélucourt,Gisselfingen,Gelucourt,,FR,hist_map,high,1.00 near the index's canton (5 km)
geminfaing,48.33131,7.01442,Q117352046,,Gemainfaing,,,,FR,wikidata,high,0.95 near the index's commune (1 km)
gemmelaincourt,48.27556,5.96778,Q1157755,,Gemmelaincourt,Gemmelaincourt,Gemmelaincourt,,FR,wikidata,high,1.00 near the index's canton (8 km)
gemonviue,48.41472,5.88472,Q729548,,Gémonville,Gémonville,Gémonville,,FR,wikidata,medium,"exact name, no anchor"
gerarcourt,48.61417,6.25417,,,Gérarcourt,,,,FR,approximate,low,not in Wikidata/GeoNames; placed at its commune Ville-en-Vermois
gerbamonl,48.00472,6.75444,Q192117,,Gerbamont,Gerbamont,Gerbamont,,FR,wikidata,medium,"exact name, no anchor"
gerbecourt,48.85167,6.51444,Q22358,,Gerbécourt,Gerbécourt,Gerbécourt,,FR,wikidata,high,1.00 near the index's canton (3 km)
gerbecourt-ct-iiaplemont,48.48944,6.16306,Q1102570,,Gerbécourt-et-Haplemont,Gerbécourt-et-Haplemont,Gerbécourt-et-Haplemont,,FR,wikidata,medium,0.93 near the index's canton (3 km)
gerbepal,48.15,6.92194,Q901143,,Gerbépal,Gerbépal,Gerbépal,,FR,wikidata,high,1.00 near the index's canton (4 km)
gerbeviller,48.49528,6.51,Q224346,,Gerbéviller,Gerbéviller,Gerbéviller,,FR,wikidata,high,1.00 near the index's canton (0 km)
gerbonvaux,48.44556,5.79444,,,Gerbonvaux,,,,FR,approximate,low,not in Wikidata/GeoNames; placed at its commune Martigny-lez-Gerbonvaui
geromenil,48.0965,6.49465,,12315044,Géroménil,,,,FR,geonames,high,1.00 near the index's commune (1 km)
gersbach,49.201,7.56117,Q1514958,,Gersbach,Gersbach,Gersbach,,FR,hist_map,high,1.00 near the index's canton (3 km)
gezoneourt,48.8375,5.995,Q681162,,Gézoncourt,Gézoncourt,Gézoncourt,,FR,wikidata,medium,"exact name, no anchor"
giafcnthal,49.15374,7.11467,,,Giafcnthal,,,,DE,approximate,low,not in Wikidata/GeoNames; placed at its commune Bliesholchen
gigney,48.23,6.33833,Q189235,,Gigney,Gigney,Gigney,,FR,wikidata,high,1.00 near the index's canton (10 km)
ginfosse,48.26306,7.05,,,Ginfosse,,,,FR,approximate,low,not in Wikidata/GeoNames; placed at its commune Raves
girancourt,48.16361,6.30806,Q901032,,Girancourt,Girancourt,Girancourt,,FR,wikidata,high,1.00 near the index's canton (11 km)
girauvoisin,48.80389,5.62833,Q775628,,Girauvoisin,Girauvoisin,Girauvoisin,,FR,wikidata,high,1.00 near the index's canton (5 km)
girecourt,48.24694,6.6,Q1062297,,Girecourt-sur-Durbion,Girecourt-sur-Durbion,Girecourt-sur-Durbion,,FR,wikidata,high,1.00 near the index's canton (10 km)
girecourt-lez-yieville,48.34056,6.19444,Q1385222,,Girecourt-lez-Yiéville,Gircourt-lès-Viéville,Gircourt-lès-Viéville,,FR,wikidata,low,0.87 near its district's other members (12 km)
giriviller,48.44361,6.48833,Q1000239,,Giriviller,Giriviller,Giriviller,ジリヴィレ,FR,wikidata,high,1.00 near the index's canton (6 km)
girmont,48.26139,6.43833,Q668991,,Girmont,Girmont,Girmont,,FR,wikidata,high,1.00 near the index's canton (7 km)
girompairc,48.21639,6.94389,,,Girompairc,,,,FR,approximate,low,not in Wikidata/GeoNames; placed at its commune Saint-Léonard
gironcourt,48.31139,5.93361,Q899701,,Gironcourt-sur-Vraine,Gironcourt-sur-Vraine,Gironcourt-sur-Vraine,,FR,wikidata,high,1.00 near the index's canton (8 km)
gironville,48.79394,5.67377,Q3107733,,Gironville-sous-les-Côtes,Gironville-sous-les-Côtes,Gironville-sous-les-Côtes,,FR,wikidata,high,1.00 near the index's canton (7 km)
girovillcrs-sous-llontfort,48.25677,6.01194,Q71808670,,Girovillers-sous-Montfort,,Girovillers-sous-Montfort,,FR,wikidata,medium,0.94 near the index's canton (8 km)
gloi-ville,48.47356,6.68992,,3015798,Gloi»ville,,,,FR,geonames,low,"0.89; Q732887 went to glonville, whose name fits it better"
glonville,48.47417,6.69028,Q732887,,Glonville,Glonville,Glonville,,FR,wikidata,high,1.00 near the index's canton (5 km)
godchurc,49.23375,6.36139,,,Godchurc,,,,FR,approximate,low,not in Wikidata/GeoNames; placed at its commune Villers-Belinach
goin,48.98639,6.21778,Q21704,,Goin,Goin,Goin,,FR,wikidata,high,1.00 near the index's canton (3 km)
golbcy,48.19583,6.43722,Q198543,,Golbey,Golbey,Golbey,,FR,wikidata,high,1.00 near the index's canton (3 km)
goldlktch,49.44097,6.85759,,,GoldlKtch,,,,FR,approximate,low,not in Wikidata/GeoNames; placed at its commune Bcttingen
gommelangc,49.24222,6.47,Q21576,,Gomelange,Gelmingen,Gomelange,,FR,hist_map,medium,0.95 near the index's canton (7 km)
gondrcville,48.69306,5.96056,Q1060129,,Gondreville,Gondreville,Gondreville,,FR,wikidata,high,1.00 near the index's canton (5 km)
gondrcxon,48.60556,6.76972,Q426059,,Gondrexon,Gondrexon,Gondrexon,,FR,wikidata,high,1.00 near the index's canton (6 km)
gongelfang,49.41361,6.52972,,,Gongelfang,,,,FR,approximate,low,"Gongelfang (Golstingen, Golsfingen in the table of old forms), a hamlet of Waldwisse; not Gostingen in Luxembourg. Not in Wikidata or GeoNames: placed at Waldwisse"
gonvaux,48.35611,5.64139,,,Gonvaux,,,,FR,approximate,low,not in Wikidata/GeoNames; placed at its commune Mont Icz-Neufchàteau
gorhey,48.195,6.28389,Q768075,,Gorhey,Gorhey,Gorhey,,FR,wikidata,high,1.00 near the index's canton (5 km)
gosselming,48.79194,7.00278,Q21696,,Gosselming,Gosselmingen,Gosselming,,FR,hist_map,high,1.00 near the index's canton (6 km)
gouecoun,48.41696,5.70398,Q3112796,,Gouécourt,Gouécourt,Gouécourt,,FR,wikidata,medium,0.84 near the index's canton (2 km)
govillcr,48.49722,6.01083,Q732553,,Goviller,Goviller,Goviller,,FR,wikidata,high,1.00 near the index's canton (6 km)
grand-menil,48.68045,5.8252,,11971512,Grand-Ménil,,,,FR,geonames,high,1.00 near the index's commune (1 km)
grand-yezin,48.63516,6.41002,Q86660076,,Grandvezin,,Grandvezin,,FR,wikidata,medium,0.90 near the index's commune (1 km)
grandrupt,48.37212,7.05296,Q109574831,,Grandrupt,,Grandrupt,,FR,wikidata,high,1.00 near the index's canton (6 km)
grandvillcrs,48.23917,6.66056,Q887811,,Grandvillers,Grandvillers,Grandvillers,,FR,wikidata,high,1.00 near the index's canton (6 km)
granges,48.14556,6.78861,Q1624699,,Granges-sur-Vologne,Granges-sur-Vologne,Granges-sur-Vologne,,FR,wikidata,high,1.00 near the index's canton (7 km)
gremifontaine,48.03677,6.33362,,,Grémifontaine,,,,FR,approximate,low,a hamlet of La Chapelle-aux-Bois (the index)
grening,48.97222,6.84361,Q22399,,Gréning,Greningen,Gréning,,FR,hist_map,high,1.00 near the index's canton (8 km)
gresaubach,49.45188,6.89722,Q1545919,,Gresaubach,Gresaubach,Gresaubach,,FR,hist_map,high,1.00 near the index's commune (3 km)
griesborn,49.30667,6.82306,Q686818,,Griesborn,Griesborn,Griesborn,,FR,hist_map,high,1.00 near the index's commune (5 km)
griigelhorn,49.5253,7.26222,,,Griigelhorn,,,,FR,approximate,low,not in Wikidata/GeoNames; placed at its commune Oberkirchen
grimonviller,48.38528,6.00694,Q585820,,Grimonviller,Grimonviller,Grimonviller,,FR,wikidata,medium,"exact name, no anchor"
grindorflf,49.3775,6.50806,Q22009,,Grindorf,Grindorf,Grindorff,,FR,hist_map,medium,0.89 near the index's canton (13 km)
gripport,48.41472,6.25306,Q669920,,Gripport,Gripport,Gripport,,FR,wikidata,high,1.00 near the index's canton (8 km)
griscourt,48.83333,6.01361,Q1102173,,Griscourt,Griscourt,Griscourt,,FR,wikidata,medium,"exact name, no anchor"
gronig,49.5167,7.08333,Q1431114,,Gronig,Gronig,Gronig,,FR,hist_map,high,1.00 near the index's commune (5 km)
gros-kedercbing,49.06835,7.21914,,,Grosréderching,Großrederchingen,,,FR,hist_map,medium,0.86 near the index's canton (4 km)
grosbliederstroff,49.15639,7.02778,Q22395,,Grosbliederstroff,Großblittersdorf,Grosbliederstroff,,FR,hist_map,high,1.00 near the index's canton (6 km)
grosrouvre,,,,,Grosrouvre,,,,FR,unlocated,low,
gross-hemmersdorf,49.35502,6.61399,,2906537,Grosshemmersdorf,,,,DE,geonames,medium,"1.00; Q1604852 went to kerperieh-ilemmersdorf, whose name fits it better"
grundwiller,49.04389,6.97083,Q22061,,Grundviller,Grundweiler,Grundviller,,FR,hist_map,medium,0.91 near the index's canton (10 km)
gucndersberg,49.1136,7.43548,Q2969307,,Gentersberg,,Gentersberg,,FR,hist_map,medium,0.87 near the index's commune (2 km)
guebcnbausen,49.07522,6.94212,,3014440,Guebcnbausen,,,,FR,geonames,medium,0.92 near the index's canton (10 km)
guebestroff,48.83083,6.71889,Q21818,,Guébestroff,Gebesdorf,Guébestroff,,FR,hist_map,high,1.00 near the index's canton (2 km)
gueblange,48.775,6.70028,Q21858,,Guéblange-lès-Dieuze,Güblingen,Guéblange-lès-Dieuze,,FR,hist_map,high,1.00 near the index's canton (4 km)
guemviller,49.10694,6.79861,Q22400,,Guenviller,Genweiler,Guenviller,,FR,hist_map,medium,0.90 near the index's canton (7 km)
guenestrolt,,,,,GuénestrolT,,,,FR,unlocated,low,
guerlefang,49.3997,6.56667,,,Guerlefang,,,,FR,approximate,low,not in Wikidata/GeoNames; placed at its commune Obcreseh
guermange,48.79444,6.81139,Q22322,,Guermange,Guermange,Guermange,,FR,hist_map,high,1.00 near the index's canton (15 km)
guerstling,49.32778,6.57944,Q22348,,Guerstling,Gerstlingen,Guerstling,,FR,hist_map,high,1.00 near the index's canton (5 km)
guerting,49.18917,6.62028,Q22382,,Guerting,Gertingen,Guerting,,FR,hist_map,high,1.00 near the index's canton (9 km)
guessling,49.02528,6.65889,Q22398,,Guessling,Gesslingen,Guessling,,FR,hist_map,high,1.00 near the index's canton (8 km)
gugneccurl,48.24417,6.62361,Q200257,,Gugnécourt,Gugnécourt,Gugnécourt,,FR,wikidata,high,0.95 near the index's canton (8 km)
gugney,48.39833,6.06222,Q194543,,Gugney,Gugney,Gugney,,FR,wikidata,high,1.00 near the index's canton (10 km)
gugney-aux-aulx,48.30306,6.27,Q198480,,Gugney-aux-Aulx,Gugney-aux-Aulx,Gugney-aux-Aulx,,FR,wikidata,high,1.00 near the index's canton (10 km)
guidersweiler,49.5206,7.10542,Q1560038,,Güdesweiler,Güdesweiler,Güdesweiler,,DE,wikidata,medium,0.92 near the index's commune (6 km)
guinglange,49.07333,6.52611,Q22379,,Guinglange,Genglingen,Guinglange,,FR,hist_map,high,1.00 near the index's canton (6 km)
guinzeling,48.87917,6.8425,Q21966,,Guinzeling,Geinslingen,Guinzeling,,FR,hist_map,high,1.00 near the index's canton (6 km)
guirlange,49.22422,6.4696,Q15072914,,Guirlange,Girlingen,Guirlange,,FR,hist_map,high,1.00 near the index's commune (2 km)
guising,49.0716,7.265,Q3120662,,Guising,Gissingen,Guising,,FR,hist_map,medium,1.00 near its district's other members (5 km)
guisingen,49.3319,6.65475,Q1527582,,Gisingen,Gisingen,Gisingen,,FR,hist_map,medium,0.94 near the index's commune (4 km)
gumenil,48.1087,6.48538,,12315035,Guménil,,,,FR,geonames,high,1.00 near the index's commune (2 km)
habaurupt,48.1478,7.01026,,12315015,Habaurupt,,,,FR,geonames,medium,0.95 near the index's commune (3 km)
hadol,48.09111,6.47833,Q188727,,Hadol,Hadol,Hadol,,FR,wikidata,high,1.00 near the index's canton (7 km)
hadomey,,,,,Hadomey,,,,FR,unlocated,low,the index's commune Rèhéray is not found
hagecourt,48.23667,6.15444,Q1409726,,Hagécourt,Hagécourt,Hagécourt,,FR,wikidata,high,1.00 near the index's canton (5 km)
hageville,49.03194,5.86139,Q1065906,,Hagéville,Hagéville,Hagéville,,FR,wikidata,high,1.00 near the index's canton (10 km)
hagneville,48.20517,6.00026,,3013923,Haréville,,,,FR,geonames,low,"0.84; Q567870 went to hareville-sous-monlforl, whose name fits it better"
hahnweiler,49.57444,7.22222,Q566894,,Hahnweiler,Hahnweiler,Hahnweiler,,DE,hist_map,low,1.00 near its district's other members (14 km); 21 km from the index's commune Berscbweiler
haigneville,48.48639,6.34306,Q1000236,,Haigneville,Haigneville,Haigneville,アイヌヴィル,FR,wikidata,high,1.00 near the index's canton (2 km)
hailigny-lcz-verrieres,48.32222,6.46111,Q200132,,Hadigny-les-Verrières,Hadigny-les-Verrières,Hadigny-les-Verrières,,FR,wikidata,high,0.95 near the index's canton (5 km)
haillainville,48.39278,6.48194,Q188809,,Haillainville,Haillainville,Haillainville,,FR,wikidata,high,1.00 near the index's canton (11 km)
hallieure,,,,,Hallieure,,,,,unlocated,low,
halloville,48.55417,6.86111,Q1000253,,Halloville,Halloville,Halloville,アロヴィル,FR,wikidata,high,1.00 near the index's canton (4 km)
halslroff,49.38694,6.4875,Q22138,,Halstroff,Halstroff,Halstroff,,FR,hist_map,high,1.00 near the index's commune (2 km)
ham-sous-varsberg,49.18083,6.6475,Q21683,,Ham-sous-Varsberg,Ham-sous-Varsberg,Ham-sous-Varsberg,,FR,wikidata,high,1.00 near the index's canton (11 km)
hamanges,,,,,Hamanges,,,,FR,unlocated,low,
hamauxard,47.91961,6.52016,,12315104,Hamauxard,,,,FR,geonames,medium,0.89 near the index's commune (3 km)
hameure,,,,,HaMeure,,,,FR,unlocated,low,
hammeville,48.49944,6.06639,Q598436,,Hammeville,Hammeville,Hammeville,,FR,wikidata,high,1.00 near the index's canton (2 km)
hamonvillc,48.82778,5.81389,Q508717,,Hamonville,Hamonville,Hamonville,,FR,wikidata,high,1.00 near the index's canton (9 km); was 55 km away
hampont,48.83583,6.58194,Q21584,,Hampont,Hudingen,Hampont,,FR,hist_map,high,1.00 near the index's canton (6 km)
hannonville-sous-les-cotes,49.04028,5.65861,Q1161127,,Hannonville-sous-les-Côtes,Hannonville-sous-les-Côtes,Hannonville-sous-les-Côtes,アノンヴィル＝ス＝レ＝コート,FR,wikidata,high,1.00 near the index's canton (7 km)
hanwiller,49.10417,7.45944,Q21691,,Hanviller-lès-Bitche,Hanweiler,Hanviller,,FR,hist_map,medium,0.89 near the index's canton (6 km)
haplemont,48.48423,6.1574,,13444088,Haplemont,,,,FR,geonames,medium,1.00 near its district's other members (19 km)
happoncourt,48.41988,5.69996,Q109574832,,Happoncourt,,Happoncourt,,FR,wikidata,high,1.00 near the index's commune (0 km)
har-arien,49.36343,6.46851,,,Hargarten-lès-Laumelsfeld,,,,FR,hist_map,medium,0.84 near the index's commune (2 km)
haraucourt,48.72466,6.53575,,3036792,Haraucourt,,,,FR,geonames,medium,1.00 near its district's other members (6 km)
haraucourt-sur-seille,48.79944,6.60472,Q21577,,Haraucourt-sur-Seille,Haraucourt-sur-Seille,Haraucourt-sur-Seille,,FR,hist_map,high,1.00 near the index's canton (7 km)
harchechamp,48.38583,5.77639,Q1096288,,Harchéchamp,Harchéchamp,Harchéchamp,,FR,wikidata,high,1.00 near the index's canton (7 km); 41 km from its district
hardancourt,48.37806,6.56806,Q1064096,,Hardancourt,Hardancourt,Hardancourt,,FR,wikidata,high,1.00 near the index's canton (6 km)
hardemont,48.03694,6.33222,,,Hardémont,,,,FR,approximate,low,not in Wikidata/GeoNames; placed at its commune la Chapelle-aux-Bois
hareville-sous-monlforl,48.20583,6.00028,Q567870,,Haréville,Haréville,Haréville,,FR,wikidata,medium,0.90 near the index's canton (4 km)
hargarien-aux-mines,49.22472,6.60861,Q21760,,Hargarten,Hargarten,Hargarten-aux-Mines,,FR,hist_map,high,0.95 near the index's canton (9 km)
hargarten,49.45472,6.73361,Q2741222,,Hargarten,Hargarten,Hargarten,,DE,hist_map,high,1.00 near the index's commune (5 km)
harlingen,49.42007,6.65025,Q55091491,,Harlingen,Harlingen,,,FR,hist_map,high,1.00 near the index's commune (3 km)
harol,48.15194,6.24722,Q903602,,Harol,Harol,Harol,,FR,wikidata,high,1.00 near the index's canton (8 km)
haroue,48.46861,6.17778,Q193197,,Haroué,Haroué,Haroué,アルエ,FR,wikidata,high,1.00 near the index's canton (0 km)
harprich,48.96167,6.65556,Q22134,,Harprich,Harprich,Harprich,,FR,hist_map,high,1.00 near the index's canton (6 km)
hasenholh,,,,,Hasenholh,,,,FR,unlocated,low,
haspeilseheidt,49.08493,7.48647,,3013876,Haspeilseheidt,,,,FR,geonames,medium,0.92 near the index's canton (6 km)
hattonchatcl,48.9918,5.70113,Q30127896,,Hattonchâtel,Hattonchâtel,Hattonchâtel,,FR,wikidata,medium,"exact name, no anchor"
hattonville,48.9925,5.71444,Q15971786,,Hattonville,Hattonville,Hattonville,,FR,wikidata,high,1.00 near the index's canton (1 km); was 30 km away
haucourt,49.31914,5.7249,Q2354479,,Haucourt-la-Rigole,,Haucourt-la-Rigole,,FR,wikidata,high,1.00 near the index's canton (4 km); 38 km from its district
haudonville,48.5,6.50111,Q1000248,,Haudonville,Haudonville,Haudonville,ルードンビル,FR,wikidata,high,1.00 near the index's canton (1 km)
haupersweiler,49.5135,7.27189,Q1589386,,Haupersweiler,Haupersweiler,Haupersweiler,,FR,hist_map,high,1.00 near the index's commune (1 km)
haussonville,48.52889,6.32583,Q1000758,,Haussonville,Haussonville,Haussonville,オソンヴィル,FR,wikidata,high,1.00 near the index's canton (6 km)
haute-seille,48.58917,6.92639,Q1775305,,Haute-Seille,Kloster Hauteseille,Haute-Seille,,FR,hist_map,high,1.00 near the index's commune (2 km)
hazelbourg,48.68558,7.20489,,,Hazelbourg,,,,FR,hist_map,high,1.00 near the index's canton (10 km)
heckcnransbach,49.05829,6.98056,Q15073095,,Heckenransbach,Heckenransbach,Heckenransbach,,FR,hist_map,high,1.00 near the index's commune (2 km)
heckling,49.30415,6.53918,Q3129188,,Heckling,Heckling,Heckling,,FR,hist_map,high,1.00 near the index's canton (1 km)
heiiselhofen,49.42865,6.94988,,2906296,Heiiselhofen,,,,DE,geonames,low,0.87 near its district's other members (6 km)
heillecourt,48.6525,6.19417,Q209252,,Heillecourt,Heillecourt,Heillecourt,,FR,wikidata,high,1.00 near the index's canton (5 km)
heining,49.30917,6.58889,Q21641,,Heining,Heiningen,Heining-lès-Bouzonville,,FR,hist_map,high,1.00 near the index's canton (4 km)
hellendorii,49.4824,6.45756,,,Hellendorf,,,,DE,hist_map,medium,0.90 near the index's commune (6 km)
hellimer,48.9975,6.83,Q22456,,Hellimer,Hellimer,Hellimer,,FR,hist_map,high,1.00 near the index's canton (7 km)
helslroff,49.15278,6.47472,Q21636,,Helstroff,Helsdorf,Helstroff,,FR,hist_map,high,1.00 near the index's canton (4 km)
hemcring,49.026,6.67434,,,Hémering,Hémering,Hémering,,FR,hist_map,high,1.00 near the index's canton (7 km)
heming,48.69417,6.96667,Q22230,,Héming,Héming,Héming,,FR,hist_map,high,1.00 near the index's canton (4 km)
henamenil,48.67083,6.55861,Q1064002,,Hénaménil,Hénaménil,Hénaménil,,FR,wikidata,high,1.00 near the index's canton (10 km)
hennecourt,48.20667,6.285,Q899163,,Hennecourt,Hennecourt,Hennecourt,,FR,wikidata,high,1.00 near the index's canton (5 km)
hennezel,48.12167,6.67889,,,Hennezel,,,,FR,approximate,low,not in Wikidata/GeoNames; placed at its commune Tendon
hennezel-darney,48.05444,6.1175,Q593153,,Hennezel,Hennezel,Hennezel,,FR,wikidata,high,1.00 near the index's canton (6 km)
henrieel,48.03278,6.03556,,,Henrieel,,,,FR,approximate,low,not in Wikidata/GeoNames; placed at its commune Claudon
herbaupaire,48.28975,7.08922,,12314969,Herbaupaire,,,,FR,geonames,high,1.00 near the index's commune (1 km)
herbaville,48.32219,6.89024,,,Herbaville,,,,FR,approximate,low,not in Wikidata/GeoNames; placed at its commune Saint-Michel (near its district)
herbemoui,48.49862,6.24954,,,Herbemoui,,,,FR,approximate,low,not in Wikidata/GeoNames; placed at its commune Saint-Remimont (near its district)
herbeuville,49.04556,5.63667,Q223583,,Herbeuville,Herbeuville,Herbeuville,,FR,wikidata,high,1.00 near the index's canton (6 km)
herbeviller,48.55694,6.75361,Q1102598,,Herbéviller,Herbéviller,Herbéviller,,FR,wikidata,medium,"exact name, no anchor; the index's canton Blâinont is not found"
herchweiler,49.51639,7.29278,Q122850,,Herchweiler,Herchweiler,Herchweiler,ヘルヒヴァイラー,DE,wikidata,high,1.00 near the index's commune (2 km)
hergugncy,48.38694,6.20083,Q1414258,,Hergugney,Hergugney,Hergugney,,FR,wikidata,medium,"exact name, no anchor"
herimenil,48.56694,6.49972,Q1064035,,Hériménil,Hériménil,Hériménil,ヘリメニル,FR,wikidata,high,1.00 near the index's canton (8 km)
herival,47.97688,6.57316,Q71808775,,Hérival,,Hérival,,FR,wikidata,high,1.00 near the index's commune (9 km)
herpctmont,48.16944,6.73944,Q225759,,Herpelmont,Herpelmont,Herpelmont,,FR,wikidata,high,1.00 near the index's canton (10 km)
hervafaing,48.17053,6.97671,,,Hervafaing,,,,FR,approximate,low,not in Wikidata/GeoNames; placed at its commune Ban-sur-Meurthe
hesse,48.6956,7.0478,Q14637686,,Hesse,,Hesse,,FR,hist_map,high,1.00 near the index's canton (4 km)
hesseling,49.17826,6.9999,,3013356,Hesseling,,,,FR,geonames,high,1.00 near the index's commune (0 km)
hestroff,49.26222,6.43472,Q22015,,Hestroff,Hestroff,Hestroff,,FR,hist_map,high,1.00 near the index's canton (8 km)
hilbringen,49.44116,6.617,Q16831830,,Hilbringen,Hilbringen,Hilbringen,,DE,hist_map,high,1.00 near the index's canton (1 km)
hilst,49.12333,7.52889,Q565251,,Hilst,Hilst,Hilst,,DE,hist_map,high,1.00 near the index's canton (10 km)
hin-in,49.01083,6.965,,,Hin/in?,,,,FR,approximate,low,not in Wikidata/GeoNames; placed at its commune Holving
hinckange,49.19,6.44611,Q22003,,Hinckange,Hinckange,Hinckange,,FR,hist_map,high,1.00 near the index's canton (4 km)
hincourt,48.71583,6.49056,,,Hincourt,,,,FR,approximate,low,not in Wikidata/GeoNames; placed at its commune Athicnvillc
hobc-wcyersberg,,,,,Hobc-Wcyersberg,,,,FR,unlocated,low,
hobling,49.29164,6.43552,Q15073192,,Hobling,Hobling,Hobling,,FR,hist_map,high,1.00 near the index's commune (1 km)
hobslelen-ou-gbsteten,,,,,Hobslelen ou Gbsteten,,,,FR,unlocated,low,
hoelling,49.0734,7.2972,Q3139045,,Hœlling,Hölling,Hoelling,,FR,hist_map,medium,1.00 near its district's other members (4 km)
hoeville,48.70694,6.43472,Q1065667,,Hoéville,Hoéville,Hoéville,,FR,wikidata,high,1.00 near the index's canton (14 km)
hoimnarting,48.73861,7.14528,Q22053,,Hommarting,Hommartingen,Hommarting,,FR,hist_map,medium,0.86 near the index's canton (7 km)
holbach-les-lemberg,49.0578,7.3439,Q3139259,,Holbach,,Holbach,,FR,hist_map,medium,0.90 near the index's commune (2 km)
holling,49.26167,6.49667,Q22349,,Holling,Hollingen,Holling,,FR,hist_map,high,1.00 near the index's canton (9 km)
holving,49.01083,6.965,Q22999,,Holving,Holvingen,Holving,,FR,hist_map,high,1.00 near the index's canton (5 km)
holzweiler,49.3204,6.81787,Q1652297,,Hülzweiler,Hülzweiler,Hülzweiler,,DE,wikidata,medium,0.90 near the index's commune (4 km)
hombourg-bas,49.12931,6.78814,Q21634406,,Hombourg-Bas,Niederhomburg,Hombourg-Bas,,FR,hist_map,high,1.00 near the index's canton (6 km)
hombourg-ilatit,49.12583,6.77806,Q22926,,Hombourg-Haut,Hombourg-Haut,Hombourg-Haut,,FR,rule,high,Hombourg-Haut (the scan reads Hombourg-Ilatit)
hombourgou-hombourg-sur-kaner,49.29611,6.34556,Q22152,,Hombourg-sur-Kaner,Hombourg-Budange,Hombourg-Budange,,FR,rule,high,"Hombourg or Hombourg-sur-Kaner, canton de Metzervisse: Hombourg-Budange"
honvillc,48.24085,7.07748,,12314994,Honvillc,,,,FR,geonames,medium,1.00 near its district's other members (6 km)
host,49.06889,6.88389,Q22163,,Hoste,Hoste,Hoste,,FR,hist_map,medium,0.89 near the index's canton (13 km)
hotiwiller,,,,,Hotiwiller,,,,FR,unlocated,low,
houdelmont,48.53444,6.08944,Q223612,,Houdelmont,Houdelmont,Houdelmont,,FR,wikidata,high,1.00 near the index's canton (5 km)
houdemont,48.64611,6.17472,Q213305,,Houdemont,Houdemont,Houdemont,,FR,wikidata,high,1.00 near the index's canton (5 km)
houdreville,48.50667,6.10389,Q194239,,Houdreville,Houdreville,Houdreville,,FR,wikidata,high,1.00 near the index's canton (2 km)
houdricbalel,,,,,Houdricbalel,,,,FR,unlocated,low,
houecourt,48.29861,5.89361,Q902044,,Houécourt,Houécourt,Houécourt,,FR,wikidata,high,1.00 near the index's canton (5 km)
houeville,48.37444,5.80861,Q223660,,Houéville,Houéville,Houéville,,FR,wikidata,high,1.00 near the index's canton (9 km)
hudivillcr,48.6025,6.39556,Q379140,,Hudiviller,Hudiviller,Hudiviller,,FR,wikidata,high,1.00 near the index's canton (8 km)
humbertois,48.1495,6.4528,,,Humbertois,,,,FR,approximate,low,not in Wikidata/GeoNames; placed at its commune Saint-Laurent (near its district)
hundling,49.10694,6.98139,Q22199,,Hundling,Hundlingen,Hundling,,FR,hist_map,high,1.00 near the index's canton (6 km)
hurbache,48.34972,6.93444,Q1028158,,Hurbache,Hurbache,Hurbache,,FR,wikidata,high,1.00 near the index's canton (6 km)
hutte,48.1325,6.65306,,,Hutte,,,,FR,approximate,low,a hamlet of Xamontarupt (the index)
hymerstroff,,,,,Hymerstroff,,,,,unlocated,low,
hymont,48.26583,6.14167,Q752827,,Hymont,Hymont,Hymont,,FR,wikidata,high,1.00 near the index's canton (4 km)
hyrelbach,,,,,Hyrelbach,,,,,unlocated,low,
idontctair,,,,,idontctair,,,,FR,unlocated,low,
igncy,48.27472,6.39556,Q753302,,Igney,Igney,Igney,,FR,wikidata,high,1.00 near the index's canton (4 km)
igney,48.63389,6.81389,Q635163,,Igney,Igney,Igney,,FR,wikidata,high,1.00 near the index's canton (4 km)
ihiitenhauscn,,,,,Ihïitenhauscn,,,,FR,unlocated,low,
ihimbery,,,,,Ihimbery,,,,FR,unlocated,low,
ihn,49.3234,6.60489,Q1657916,,Ihn,Ihn,Ihn,,DE,hist_map,high,1.00 near the index's canton (11 km)
iiachem,49.5099,6.74549,,,Iîachem,,,,DE,approximate,low,not in Wikidata/GeoNames; placed at its commune Losheîm
ilcyligcnner,,,,,Ilcyligcnner,,,,,unlocated,low,
imling,48.71944,7.02389,Q22274,,Imling,Imlingen,Imling,,FR,hist_map,high,1.00 near the index's canton (3 km)
immweiler,49.51083,7.07762,,,Imweiler,,,,FR,hist_map,medium,0.94 near the index's commune (4 km)
imshuchc-rtof,49.14,7.545,,,Imshuchc?rtof,,,,FR,approximate,low,not in Wikidata/GeoNames; placed at its commune Trulben
ingliug,49.29944,6.44389,,,Ingliug,,,,FR,approximate,low,not in Wikidata/GeoNames; placed at its commune Chémcry
insming,48.95611,6.87417,Q21817,,Insming,Insmingen,Insming,,FR,hist_map,high,1.00 near the index's canton (3 km)
ising,49.27667,6.40278,Q21776,,Ising,Ising,Ising,,FR,hist_map,medium,"exact name, no anchor; the index's commune Fberswiller is not found"
itnbiiujen,49.18383,7.04195,Q56957047,,Bübingen,Bübingen,Bübingen,,DE,wikidata,medium,0.95 near its district's other members (6 km)
ittersdorf,49.2967,6.65639,Q1675327,,Ittersdorf,Ittersdorf,Ittersdorf,,DE,hist_map,high,1.00 near the index's canton (7 km)
itue-devant-dompaire,,,,,Itue-devant-Dompaire,,,,FR,unlocated,low,
itzbach,49.35412,6.67156,,,Itzbach,,,,FR,hist_map,high,1.00 near the index's commune (2 km)
jaileray,48.01306,6.44278,,,Jaileray,,,,FR,approximate,low,not in Wikidata/GeoNames; placed at its commune Bellefontaine
jallaucourt,48.83889,6.38667,Q21969,,Jallaucourt,Jallaucourt,Jallaucourt,,FR,wikidata,high,1.00 near the index's canton (5 km)
jarmenil,48.11361,6.57194,Q188927,,Jarménil,Jarménil,Jarménil,,FR,wikidata,high,1.00 near the index's canton (11 km)
jarville,48.66944,6.20611,Q954562,,Jarville-la-Malgrange,Jarville-la-Malgrange,Jarville-la-Malgrange,,FR,wikidata,high,1.00 near the index's canton (3 km)
jaulny,48.97083,5.88694,Q196368,,Jaulny,Jaulny,Jaulny,ジョルニー,FR,wikidata,medium,"exact name, no anchor"
jcvoncourt,48.41417,6.16833,Q1101394,,Jevoncourt,Jevoncourt,Jevoncourt,,FR,wikidata,high,1.00 near the index's canton (6 km)
jesonville,48.12944,6.10944,Q200466,,Jésonville,Jésonville,Jésonville,,FR,wikidata,high,1.00 near the index's canton (7 km)
jeuxey,48.20194,6.48778,Q900673,,Jeuxey,Jeuxey,Jeuxey,ジュセ,FR,wikidata,high,1.00 near the index's canton (4 km)
jezainville,48.87083,6.04111,Q654409,,Jezainville,Jezainville,Jezainville,,FR,wikidata,high,1.00 near the index's canton (4 km)
joiivct,48.60556,6.50722,Q946958,,Jolivet,Jolivet,Jolivet,,FR,wikidata,medium,0.86 near the index's canton (2 km)
joncy,48.30306,6.23806,Q965774,,Jorxey,Jorxey,Jorxey,,FR,wikidata,medium,0.86 near the index's canton (9 km)
jouaville,49.16083,5.955,Q1064097,,Jouaville,Jouaville,Jouaville,,FR,wikidata,high,1.00 near the index's canton (10 km)
jouy-sous-lcs-cotes,48.77122,5.69241,Q52376870,,Jouy-sous-les-Côtes,Jouy-sous-les-Côtes,Jouy-sous-les-Côtes,,FR,wikidata,high,1.00 near the index's canton (7 km)
jranduoyain-bailliage-d-apremont,,,,,"(jranduoyain*, bailliage d'Apremont",,,,FR,unlocated,low,
jubainville,48.46028,5.74306,Q1455555,,Jubainville,Jubainville,Jubainville,,FR,wikidata,high,1.00 near the index's canton (7 km)
jury,49.06972,6.25333,Q22333,,Jury,Jury,Jury,,FR,wikidata,high,1.00 near the index's canton (8 km)
jussampt,,,,,Jussampt,,,,FR,unlocated,low,
jussy,49.10111,6.08611,Q21930,,Jussy,Jussy,Jussy,,FR,wikidata,high,1.00 near the index's canton (8 km)
juvaincourt,48.33111,6.05833,Q783134,,Juvaincourt,Juvaincourt,Juvaincourt,,FR,wikidata,high,1.00 near the index's canton (6 km)
juvelise,48.76333,6.64917,Q21734,,Juvelize,Geistkirchen,Juvelize,,FR,hist_map,medium,0.88 near the index's canton (9 km)
kaisen,49.37093,7.01668,,,Kaisen,,,,FR,hist_map,high,1.00 near the index's commune (3 km)
kalembourg,49.36876,6.42702,Q3192150,,Kalembourg,Kalembourg,Kalembourg,,FR,wikidata,high,1.00 near the index's commune (1 km)
kalhausen,49.02111,7.15472,Q21670,,Kalhausen,Kalhausen,Kalhausen,,FR,wikidata,medium,"exact name, no anchor; the index's canton Rohrbacli is not found"
kallzweiller,49.40426,6.39353,Q21619463,,Kaltweiler,,,,FR,hist_map,high,0.95 near the index's commune (2 km)
kaltenliausen,,,,,Kaltenliausen,,,,FR,unlocated,low,
kcuchingen,49.4974,6.5823,Q16648275,,Keuchingen,Keuchingen,Keuchingen,,FR,hist_map,high,1.00 near the index's commune (1 km)
kedangc,49.30833,6.34,Q21692,,Kédange,Kédange-sur-Canner,Kédange-sur-Canner,,FR,hist_map,high,1.00 near the index's canton (4 km)
kemplich,49.33056,6.39167,Q21686,,Kemplich,Kemplich,Kemplich,,FR,hist_map,high,1.00 near the index's canton (8 km)
kerbaeb,49.16639,6.965,Q22136,,Kerbach,Kerbach,Kerbach,,FR,hist_map,medium,0.86 near the index's canton (5 km)
kerling-les-sierek,49.39806,6.34972,Q21766,,Kerling-lès-Sierck,Kerling-lès-Sierck,Kerling-lès-Sierck,,FR,hist_map,high,1.00 near the index's canton (5 km)
kerlingcn,49.3172,6.65083,Q1739267,,Kerlingcn,Kerlingen,Kerlingen,,FR,hist_map,medium,ambiguous without an anchor (2 spots)
kerlingen,49.31725,6.65105,,2891557,Kerlingen,,,,DE,geonames,medium,"1.00; Q1739267 went to kerlingcn, whose name fits it better"
kerperieh-ilemmersdorf,49.35349,6.62768,Q1604852,,Kerprich-Hemmersdorf,Kerprichhemmersdorf,Kerprichhemmersdorf,,FR,hist_map,medium,0.90 near the index's commune (7 km)
kerprich-aux-bois,48.73889,6.96028,Q21668,,Kerprich-aux-Bois,Kerprich-aux-Bois,Kerprich-aux-Bois,,FR,hist_map,high,1.00 near the index's canton (7 km)
kerprich-les-dieuze,48.82417,6.69833,Q28040537,,Kerprich-lès-Dieuze,Kerprich-lès-Dieuze,Kerprich-lès-Dieuze,,FR,hist_map,high,1.00 near the index's canton (2 km)
kilzing,49.45114,6.4104,,,Kitzing,Kutzingen,,,FR,hist_map,high,1.00 near the index's commune (1 km)
kirf,49.55111,6.47917,Q569621,,Kirf,Kirf,Kirf,,DE,hist_map,high,1.00 near the index's canton (8 km); the index's commune Meurig is not found
kirsclinaumen,49.3975,6.43417,Q21784,,Kirschnaumen,Kirschnaumen,Kirschnaumen,,FR,hist_map,medium,0.88 near the index's canton (7 km)
kirseh-les-sicrek,49.44306,6.4,Q21669,,Kirsch-lès-Sierck,Kirsch-lès-Sierck,Kirsch-lès-Sierck,,FR,hist_map,high,1.00 near the index's canton (3 km)
klang-vil,49.31964,6.36967,,,Klang. vil,,,,FR,approximate,low,the village of Klang (com. de Kemplich in the index)
kleinblittcrsdorf,49.15833,7.03806,Q39781,,Kleinblittersdorf,Kleinblittersdorf,Kleinblittersdorf,,DE,hist_map,high,1.00 near the index's canton (9 km)
kolchen,49.63419,6.44363,,,Kolchen,,,,FR,hist_map,low,0.93 near its district's other members (29 km)
kontz-basse,49.45318,6.34534,,3023803,Kontz-Basse,,,,FR,geonames,high,1.00 near the index's canton (9 km)
kontz-llauic,,,,,Kontz-llauic,,,,FR,unlocated,low,
kroppen,49.15028,7.5275,Q648701,,Kröppen,Kröppen,Kröppen,クレッペン,DE,wikidata,high,1.00 near the index's canton (8 km)
l-hopital,49.15806,6.73222,Q22945,,L'Hôpital,L’Hôpital,L'Hôpital,,FR,hist_map,high,1.00 near the index's canton (6 km)
la-banvoye,,,,,La Banvoye,,,,FR,unlocated,low,the index's commune Vai-d'Ajoî is not found
la-bassc-mandray,48.21959,6.99319,,,La Bassc-Mandray,,,,FR,approximate,low,a hamlet of Mandray (the index)
la-battelieule,47.925,6.48333,,,La Battelieule,,,,FR,approximate,low,not in Wikidata/GeoNames; placed at its commune Val-d'Ajol
la-bourgonce,48.31139,6.82722,Q739051,,La Bourgonce,La Bourgonce,La Bourgonce,,FR,wikidata,high,1.00 near the index's canton (10 km)
la-bresse,48.00583,6.87583,Q819875,,La Bresse,La Bresse,La Bresse,,FR,wikidata,medium,"exact name, no anchor"
la-caefiee-sue,,,,,La Caefièe-Sue,,,,FR,unlocated,low,
la-chapelle,48.36939,6.95856,,12314947,La Chapelle,,,,FR,geonames,high,1.00 near the index's commune (4 km)
la-chapelle-aux-bois,48.03694,6.33222,Q837694,,La Chapelle-aux-Bois,La Chapelle-aux-Bois,La Chapelle-aux-Bois,,FR,wikidata,high,1.00 near the index's canton (6 km)
la-combclle,47.925,6.48333,,,La Combclle,,,,FR,approximate,low,not in Wikidata/GeoNames; placed at its commune Val-d'Ajol
la-coslelle,48.21833,6.99583,,,La Coslelle,,,,FR,approximate,low,not in Wikidata/GeoNames; placed at its commune Mandray
la-cote,47.91077,6.65804,,,La Côte,,,,FR,approximate,low,not in Wikidata/GeoNames; placed at its commune Longchamp (near its district)
la-cote-passavant,47.96861,6.03889,,,La Côte,,,,FR,approximate,low,not in Wikidata/GeoNames; placed at its commune Passavant
la-courlille,,,,,La Courlille,,,,FR,unlocated,low,
la-croix,47.93131,6.48799,,12315097,La Croix,,,,FR,geonames,high,1.00 near the index's commune (1 km)
la-croix-aux-mines,48.22,7.04944,Q590411,,La Croix-aux-Mines,La Croix-aux-Mines,La Croix-aux-Mines,,FR,wikidata,high,1.00 near the index's canton (5 km)
la-dcrmanville,,,,,La Dcrmanville,,,,FR,unlocated,low,
la-fontcnelle,48.34906,6.99359,,12314952,La Fontcnelle,,,,FR,geonames,high,1.00 near the index's commune (2 km)
la-forei,48.03694,6.33222,,,La Forêi,,,,FR,approximate,low,not in Wikidata/GeoNames; placed at its commune la Chapclle-aux-Bois
la-foresterie,,,,,La Foresterie,,,,FR,unlocated,low,
la-foresterie-du-ban-de-vagncy,,,,,La Foresterie du ban de Vagncy,,,,FR,unlocated,low,
la-fosse,,,,,La Fosse,,,,,unlocated,low,
la-franouze,,,,,La Franouze,,,,FR,unlocated,low,
la-frison,48.05444,6.1175,,,La Frison,,,,FR,approximate,low,not in Wikidata/GeoNames; placed at its commune Hennezel
la-grande-catherine,48.01944,6.03306,Q131400382,,La Grande-Catherine,La Grande Catherine,La Grande Catherine,,FR,wikidata,high,1.00 near the index's commune (1 km)
la-grande-fosse,48.33889,7.06944,Q1410504,,La Grande-Fosse,La Grande-Fosse,La Grande-Fosse,,FR,wikidata,high,1.00 near the index's canton (3 km)
la-grande-mairie,,,,,La Grande Mairie,,,,,unlocated,low,
la-hardallc,48.15806,7.02583,Q136673316,,La Hardalle,,La Hardalle,,FR,wikidata,high,1.00 near the index's commune (7 km)
la-haulte-rue-de-destort,,,,,La haulte rue de Destort,,,,,unlocated,low,
la-haute-mandray,48.21959,6.99319,,,La Haute-Mandray,,,,FR,approximate,low,a hamlet of Mandray (the index)
la-houssiere,48.19528,6.85389,Q223505,,La Houssière,La Houssière,La Houssière,,FR,wikidata,medium,"exact name, no anchor; the index's canton Coreiettx is not found"
la-louvicrc,48.34972,6.93444,,,La Louvicrc,,,,FR,approximate,low,not in Wikidata/GeoNames; placed at its commune Hurbache
la-malgrange,48.66944,6.20611,,,La Malgrange,,,,FR,approximate,low,not in Wikidata/GeoNames; placed at its commune Jarville
la-mi-mandray,48.21959,6.99319,,2996246,Mandray,,,,FR,geonames,low,"0.88; Q217345 went to mandray, whose name fits it better"
la-mouline,47.89167,6.73972,,,La Mouline,,,,FR,approximate,low,not in Wikidata/GeoNames; placed at its commune Ramonchamp
la-ncuw-y-ille-ct-gremomenil,,,,,La Ncuw'Y ille-ct-Grémoménil,,,,FR,unlocated,low,
la-neuvevihc-souis-montfort,48.22444,6.01833,Q192791,,La Neuveville-sous-Montfort,La Neuveville-sous-Montfort,La Neuveville-sous-Montfort,,FR,wikidata,medium,0.91 near the index's canton (6 km)
la-neuveville-sous-ch5tenois,48.29278,5.87611,Q219624,,La Neuveville-sous-Châtenois,La Neuveville-sous-Châtenois,La Neuveville-sous-Châtenois,,FR,wikidata,high,0.98 near the index's canton (3 km)
la-nol,48.02388,6.66416,,2981808,La Nol,,,,FR,geonames,high,1.00 near the index's commune (0 km)
la-nolle,48.17222,6.87944,,,La Nolle,,,,FR,approximate,low,a village of Corcieux (the index)
la-pariee,48.28889,7.11967,,12314968,La Pariée,,,,FR,geonames,high,1.00 near the index's commune (1 km)
la-pecherie,48.31385,6.92081,,12314961,La Pêcherie,,,,FR,geonames,high,1.00 near the index's commune (4 km)
la-pelliere,48.17153,6.98072,,,La Pellière,,,,FR,approximate,low,not in Wikidata/GeoNames; placed at its commune Clefcy
la-pille,48.09361,6.18111,,,La Pille,,,,FR,approximate,low,not in Wikidata/GeoNames; placed at its commune Vioménil
la-poirie,48.13232,6.67579,,12315026,La Poirie,,,,FR,geonames,high,1.00 near the index's commune (1 km)
la-poirie-238,47.99031,6.63078,,12315081,La Poirie,,,,FR,geonames,medium,ambiguous without an anchor (2 spots)
la-poirie-dommarlin,47.99861,6.64306,,,La Poirie,,,,FR,approximate,low,not in Wikidata/GeoNames; placed at its commune Dommarlin (near its district)
la-poirie-saulxures,47.94944,6.76917,,,La Poirie,,,,FR,approximate,low,not in Wikidata/GeoNames; placed at its commune Saulxures (near its district)
la-poyrie,,,,,La Poyrie,,,,,unlocated,low,
la-prclle,48.00833,6.71639,,,La Prclle,,,,FR,approximate,low,not in Wikidata/GeoNames; placed at its commune Vagney
la-roche,47.92271,6.66291,,,La Roche,,,,FR,approximate,low,not in Wikidata/GeoNames; placed at its commune Rupt (near its district)
la-rue-sous-llarol,48.15236,6.24975,,,La Rue-sous-llarol,,,,FR,approximate,low,a hamlet of Harol (the index)
la-salle,48.32306,6.82667,Q2047730,,La Salle,La Salle,La Salle,ラ・サル,FR,wikidata,high,1.00 near the index's canton (10 km)
la-seie-brabant,48.03278,6.03556,,,La Seie-Brabant,,,,FR,approximate,low,not in Wikidata/GeoNames; placed at its commune Claudon
la-sybille,48.02694,6.05833,Q131400993,,La Sybille,La Sybille,La Sybille,,FR,wikidata,high,1.00 near the index's commune (2 km)
la-terre-faulquei,,,,,La Terre Faulquei,,,,FR,unlocated,low,
la-trouchc,48.24498,7.06593,,,La Trouchc,,,,FR,approximate,low,a hamlet of Laveline (the index)
la-trouche,48.4161,6.88526,,12314944,La Trouche,,,,FR,geonames,high,1.00 near the index's commune (3 km)
la-verpelliere,48.18389,6.75972,,,La Verpellière,,,,FR,approximate,low,not in Wikidata/GeoNames; placed at its commune Laveline; 24 km from the index's commune Laveline
la-voivre,48.33333,6.89972,Q1410508,,La Voivre,La Voivre,La Voivre,,FR,wikidata,high,1.00 near the index's canton (7 km)
la-voivrelle,48.26889,7.00111,,,La Voïvrelle,,,,FR,approximate,low,not in Wikidata/GeoNames; placed at its commune Remomeix
la-vraie-cote,48.26222,7.22528,,,La Vraie-Côte,,,,FR,approximate,low,not in Wikidata/GeoNames; placed at its commune Sainte-Croix-aux-Mines
lachambrc,49.08139,6.74472,Q22405,,Lachambre,Kammern,Lachambre,,FR,hist_map,high,1.00 near the index's canton (4 km)
lacroix,49.35311,6.46109,Q60845781,,Lacroix,,Lacroix,,FR,hist_map,high,1.00 near the index's commune (0 km)
lagney,48.73306,5.83944,Q208583,,Lagney,Lagney,Lagney,,FR,wikidata,high,1.00 near the index's canton (8 km)
lahayville,48.88778,5.78194,Q223834,,Lahayville,Lahayville,Lahayville,,FR,wikidata,high,1.00 near the index's canton (18 km)
lailre-sous-amance,48.74667,6.27556,Q1101408,,Laître-sous-Amance,Laître-sous-Amance,Laître-sous-Amance,,FR,wikidata,high,1.00 near the index's canton (9 km)
lairey,,,,,Lairey,,,,FR,unlocated,low,
laitre,48.35504,7.0091,,12314950,Laitre,,,,FR,geonames,high,1.00 near the index's commune (1 km)
laitre-dcneuvie,48.44333,6.73639,,,Laitre,,,,FR,approximate,low,a hamlet of Deneuvre (the index)
laitre-val-d-ajol,47.925,6.48333,,,Laitre,,,,FR,approximate,low,not in Wikidata/GeoNames; placed at its commune Val-d'Ajol
lamarche-en-voevre,,,,,Lamarche-en-Voëvre,,,,FR,unlocated,low,
lamath,48.52972,6.44972,Q1062198,,Lamath,Lamath,Lamath,,FR,wikidata,high,1.00 near the index's canton (6 km)
lambaeh,49.035,7.35972,Q22919,,Lambach,Lambach,Lambach,,FR,hist_map,high,1.00 near the index's canton (7 km)
lamenil,48.11833,6.5275,,,Laménil,,,,FR,approximate,low,not in Wikidata/GeoNames; placed at its commune Arches
lamerey,48.22139,6.23528,,,Lamerey,,,,FR,approximate,low,not in Wikidata/GeoNames; placed at its commune Madonne-et-Lamerey
lamorville,48.95917,5.57806,Q216722,,Lamorville,Lamorville,Lamorville,,FR,wikidata,high,1.00 near the index's canton (9 km); was 64 km away
landaville,48.28861,5.74361,Q1417884,,Landaville,Landaville,Landaville,,FR,wikidata,high,1.00 near the index's canton (8 km)
landecourt,48.49972,6.41667,Q1060408,,Landécourt,Landécourt,Landécourt,,FR,wikidata,high,1.00 near the index's canton (8 km)
landrefang,49.08306,6.64028,Q21857,,Laudrefang,Lauterfangen,Laudrefang,,FR,hist_map,medium,0.90 near the index's canton (6 km)
landres,49.32139,5.80528,Q1060571,,Landres,Landres,Landres,,FR,wikidata,medium,"exact name, no anchor; the index's canton Audun-Ie-Rbman is not found"
landroff,48.96722,6.61139,Q22228,,Landroff,Landorf,Landroff,,FR,hist_map,high,1.00 near the index's canton (9 km)
laneiivelotie,,,,,Laneiivelotie,,,,FR,unlocated,low,
laneuvcville-aux-bois,48.61139,6.65,Q1063961,,Laneuveville-aux-Bois,Laneuveville-aux-Bois,Laneuveville-aux-Bois,,FR,wikidata,high,1.00 near the index's canton (11 km)
laneuvevillc-devant-naney,48.65528,6.23139,Q1101363,,Laneuveville-devant-Nancy,Laneuveville-devant-Nancy,Laneuveville-devant-Nancy,,FR,wikidata,medium,"exact name, no anchor"
laneuveville-devam-bayon,48.47083,6.26583,Q194998,,Laneuveville-devant-Bayon,Laneuveville-devant-Bayon,Laneuveville-devant-Bayon,,FR,wikidata,medium,0.93 near the index's canton (6 km)
lanfroicourt,48.81,6.33056,Q1101381,,Lanfroicourt,Lanfroicourt,Lanfroicourt,,FR,wikidata,high,1.00 near the index's canton (12 km)
langley,48.35972,6.325,Q836120,,Langley,Langley,Langley,,FR,wikidata,medium,"exact name, no anchor"
laning,49.03111,6.76361,Q22940,,Laning,Laningen,Laning,,FR,hist_map,high,1.00 near the index's canton (6 km)
lapraye,48.18389,6.75972,,,Lapraye,,,,FR,approximate,low,not in Wikidata/GeoNames; placed at its commune Laveline; 24 km from the index's commune Laveline
larriere,47.925,6.48333,,,Larrière,,,,FR,approximate,low,not in Wikidata/GeoNames; placed at its commune Val-d'Ajol
laumesfeld,49.36889,6.44417,Q21923,,Laumesfeld,Laumesfeld,Laumesfeld,,FR,hist_map,high,1.00 near the index's canton (10 km)
launois,48.34278,7.01389,,,Launois,,,,FR,approximate,low,not in Wikidata/GeoNames; placed at its commune Ban-de-Sapt
launoy-ou-lanoy,,,,,Launoy ou Lanoy,,,,FR,unlocated,low,
launstroft,49.43861,6.49694,Q21931,,Launstroff,Launsdorf,Launstroff,,FR,hist_map,medium,0.90 near the index's canton (10 km)
laval,48.62444,6.08306,,,Laval,,,,FR,approximate,low,not in Wikidata/GeoNames; placed at its commune Chaligny
laval-bruyeres,48.19472,6.70028,Q836189,,Laval-sur-Vologne,Laval-sur-Vologne,Laval-sur-Vologne,,FR,wikidata,high,1.00 near the index's canton (2 km)
lavcline-du-iloux,48.18389,6.75972,Q200152,,Laveline-devant-Bruyères,Laveline-devant-Bruyères,Laveline-devant-Bruyères,,FR,wikidata,medium,0.90 near the index's canton (4 km)
laveline,48.24498,7.06593,,3035160,Laveline,,,,FR,geonames,high,1.00 near the index's canton (10 km)
lavieville,48.22754,6.21886,,12315006,Laviéville,,,,FR,geonames,high,1.00 near the index's commune (1 km)
lavigneville,48.95888,5.59174,Q52383007,,Lavignéville,,,,FR,wikidata,medium,"exact name, no anchor"
laxou,48.68556,6.15222,Q752544,,Laxou,Laxou,Laxou,ラクー,FR,wikidata,high,1.00 near the index's canton (2 km)
lay-saint-cristophe,48.74806,6.20056,Q785359,,Lay-Saint-Christophe,Lay-Saint-Christophe,Lay-Saint-Christophe,,FR,wikidata,high,0.97 near the index's canton (6 km)
laycgotttlc,48.25619,7.0631,Q109574833,,Laycgotttlc,,Layegoute,,FR,wikidata,low,0.90 near its district's other members (4 km)
lcgeville-cl-bonfays,48.18639,6.15056,Q1455574,,Légéville-et-Bonfays,Légéville-et-Bonfays,Légéville-et-Bonfays,,FR,wikidata,high,1.00 near the index's canton (7 km)
lcintrey,48.62361,6.73778,Q224041,,Leintrey,Leintrey,Leintrey,,FR,wikidata,high,1.00 near the index's canton (9 km)
lcnoncourt,48.66611,6.30361,Q217373,,Lenoncourt,Lenoncourt,Lenoncourt,,FR,wikidata,medium,"exact name, no anchor"
lcrnainvillc,48.50389,6.19917,Q1159874,,Lemainville,Lemainville,Lemainville,,FR,wikidata,high,0.95 near the index's canton (4 km)
lcrouville,48.79167,5.54417,Q1159564,,Lérouville,Lérouville,Lérouville,レルヴィル,FR,wikidata,high,1.00 near the index's canton (5 km); 48 km from its district
le-boulay,48.15278,6.65445,Q25397945,,Le Boulay,,Le Boulay,,FR,wikidata,high,1.00 near the index's canton (8 km)
le-chanois,48.02472,6.66972,,,Le Chanois,,,,FR,approximate,low,a hamlet of the Syndicat de Saint-Amé (the index)
le-chatelet,48.38389,5.78722,,,Le Chàtelet,,,,FR,approximate,low,not in Wikidata/GeoNames; placed at its commune Barville; 41 km from its district
le-chene,47.92667,6.66278,,,Le Chêne,,,,FR,approximate,low,not in Wikidata/GeoNames; placed at its commune Rupt (near its district)
le-chenois,48.41361,7.04194,,,Le Chénois,,,,FR,approximate,low,not in Wikidata/GeoNames; placed at its commune Saulcy; 21 km from the index's commune Saulcy
le-chipai,48.22,7.04944,,,Le Chipai,,,,FR,approximate,low,not in Wikidata/GeoNames; placed at its commune la Croix-aux-Mînes
le-faingt,48.26735,6.98439,,,Le Faingt,,,,FR,approximate,low,not in Wikidata/GeoNames; placed at its commune Sainte-Marguerite (near its district)
le-franc-chazcau,,,,,Le Franc-Chazcau,,,,FR,unlocated,low,
le-grammont,48.09361,6.18111,,,Le Grammont,,,,FR,approximate,low,not in Wikidata/GeoNames; placed at its commune Vioménil
le-grand-rombach,48.21345,7.22053,,11966959,Le Grand-Rombach,,,,FR,geonames,medium,0.90 near the index's commune (5 km)
le-hario,,,,,Le Hario,,,,FR,unlocated,low,
le-hubert,48.03278,6.03556,,,Le Hubert,,,,FR,approximate,low,not in Wikidata/GeoNames; placed at its commune Claudon
le-kouaux,48.34278,7.01389,,,Le Kouaux,,,,FR,approximate,low,not in Wikidata/GeoNames; placed at its commune Ban-de Sapt
le-mazcville,48.18583,7.00139,,,Le Mazcville,,,,FR,approximate,low,not in Wikidata/GeoNames; placed at its commune Fraize
le-menil,48.36389,6.85806,,,Ménil-de-Senones,,,,FR,approximate,low,"le Ménil, a hamlet of Étival (the index); not Ménil-de-Senones"
le-menil-229,47.90477,6.78209,,3003464,Le Ménil,,,,FR,geonames,medium,"1.00; Q904120 went to le-menil-ramonchamp, whose name fits it better"
le-menil-bellefontainc,48.01306,6.44278,,,Le Ménil,,,,FR,approximate,low,a hamlet of Bellefontaine (the index)
le-menil-harol,48.13685,6.257,,12315031,Le Ménil,,,,FR,geonames,high,1.00 near the index's commune (2 km)
le-menil-ramonchamp,47.90722,6.78278,Q904120,,Le Ménil,Le Ménil,Le Ménil,,FR,wikidata,high,1.00 near the index's canton (4 km)
le-monccl,48.23639,6.95972,,,Le Monccl,,,,FR,approximate,low,a hamlet of Saulcy (the index)
le-moncel,47.925,6.48333,,,Le Moncel,,,,FR,approximate,low,not in Wikidata/GeoNames; placed at its commune Val-d'Ajol
le-pairc-el-grandrupt,48.28111,7.01861,Q1113750,,Pair-et-Grandrupt,Pair-et-Grandrupt,Pair-et-Grandrupt,,FR,wikidata,high,0.97 near the index's canton (5 km)
le-paire,48.18893,6.94365,,12315007,Le Paire,,,,FR,geonames,medium,0.89 near the index's commune (0 km)
le-paire-moyenmoulier,48.36822,6.9318,,12314948,Le Paire,,,,FR,geonames,high,1.00 near the index's commune (2 km)
le-pont-de-pierre,48.01306,6.44278,,,Le Pont-de-Pierre,,,,FR,approximate,low,not in Wikidata/GeoNames; placed at its commune Bellefontaine
le-pont-jeanson,48.01306,6.44278,,,Le Pont-Jeanson,,,,FR,approximate,low,not in Wikidata/GeoNames; placed at its commune Bellefontaine
le-repas,48.25756,7.08362,,12314989,Le Repas,,,,FR,geonames,high,1.00 near the index's commune (2 km)
le-routier,48.10564,6.45851,,12315036,Le Routier,,,,FR,geonames,high,1.00 near the index's commune (2 km)
le-saint-mont,,,,,Le Saint-Mont,,,,FR,unlocated,low,
le-saulrupt,48.67917,6.18444,Q2409558,,Saurupt,,Saurupt,,FR,wikidata,medium,0.93 near the index's commune (2 km)
le-sautelz,48.09111,6.47833,,,Le Sautelz,,,,FR,approximate,low,not in Wikidata/GeoNames; placed at its commune Hadol
le-souche,48.1995,6.9545,,12315003,Le Souche,,,,FR,geonames,high,1.00 near the index's commune (2 km)
le-souche-clefcy,48.1995,6.9545,,12315003,Le Souche,,,,FR,geonames,high,1.00 near the index's commune (4 km)
le-torchon,48.05444,6.1175,,,Le Torchon,,,,FR,approximate,low,not in Wikidata/GeoNames; placed at its commune Hennezel
le-val-devant-dompaire,,,,,Le Val-devant-Dompaire,,,,FR,unlocated,low,
le-valtin,48.09806,7.02361,Q919685,,Le Valtin,Le Valtin,Le Valtin,,FR,wikidata,high,1.00 near the index's canton (10 km)
le-vie,48.17053,6.97671,,,Le Vie,,,,FR,approximate,low,not in Wikidata/GeoNames; placed at its commune Ban-sur-Meurihe
le-viller,48.28417,6.94917,,,Le Viller,,,,FR,approximate,low,not in Wikidata/GeoNames; placed at its commune Saint-Dié
le-vivier,48.36519,6.86118,,,Le Vivier,,,,FR,approximate,low,not in Wikidata/GeoNames; placed at its commune Elival
le-void-de-girancourl,48.16361,6.30806,,,Le Void-de-Girancourl,,,,FR,approximate,low,not in Wikidata/GeoNames; placed at its commune Girancourt
lebcuville,48.43444,6.24556,Q212821,,Lebeuville,Lebeuville,Lebeuville,,FR,wikidata,high,1.00 near the index's canton (6 km)
leidingcn,49.3089,6.61222,Q1814847,,Leiding,Leidingen,Leidingen,,DE,wikidata,medium,"exact name, no anchor"
lejols,48.00472,6.75444,,,Lejols,,,,FR,approximate,low,not in Wikidata/GeoNames; placed at its commune Gerbamont
lelling,49.04083,6.70833,Q22411,,Lelling,Lellingen,Lelling,,FR,hist_map,high,1.00 near the index's canton (7 km)
lemberg,49.00417,7.37944,Q22394,,Lemberg,Lemberg,Lemberg,,FR,hist_map,high,1.00 near the index's canton (6 km)
lemberg-pirmasens,49.17028,7.65083,Q23030,,Lemberg,Lemberg (Pfalz),Lemberg,,DE,hist_map,high,1.00 near the index's canton (5 km)
lemcstroff,49.36556,6.35375,,,Lémestroff,,,,FR,hist_map,high,1.00 near the index's canton (7 km)
lengelsbcim,49.10889,7.40833,Q22406,,Lengelsheim,Lengelsheim,Lengelsheim,,FR,hist_map,medium,0.91 near the index's canton (4 km)
lening,48.95694,6.80694,Q21586,,Léning,Leiningen,Léning,,FR,hist_map,high,1.00 near the index's canton (5 km)
leomont,48.60865,6.4351,Q109573788,,Léomont,,Léomont,,FR,wikidata,high,1.00 near the index's commune (1 km)
lepangc,47.92271,6.66291,,,Lépangc,,,,FR,approximate,low,not in Wikidata/GeoNames; placed at its commune Rupt (near its district)
lepangcs,48.17222,6.67111,Q581305,,Lépanges-sur-Vologne,Lépanges-sur-Vologne,Lépanges-sur-Vologne,,FR,wikidata,high,1.00 near the index's canton (5 km)
leppenoux,48.03278,6.03556,,,Leppenoux,,,,FR,approximate,low,not in Wikidata/GeoNames; placed at its commune Claudon
lerrain,48.14333,6.14778,Q732126,,Lerrain,Lerrain,Lerrain,,FR,wikidata,high,1.00 near the index's canton (10 km)
les-ableuveneltes,48.19028,6.18611,Q196504,,Les Ableuvenettes,Les Ableuvenettes,Les Ableuvenettes,,FR,wikidata,medium,"exact name, no anchor"
les-ainias,47.94944,6.76917,,,Les Ainias,,,,FR,approximate,low,not in Wikidata/GeoNames; placed at its commune Saulxures (near its district)
les-champs,47.925,6.48333,,,Les Champs,,,,FR,approximate,low,not in Wikidata/GeoNames; placed at its commune Val-d'Ajol
les-champs-de-laxci,48.13528,6.75278,,,Champ-le-Duc,,,,FR,approximate,low,a hamlet of Champdray (the index); not Champ-le-Duc
les-chenes,47.925,6.48333,,,Les Chênes,,,,FR,approximate,low,not in Wikidata/GeoNames; placed at its commune Val-d'Ajol
les-cotes,47.925,6.48333,,,Les Côtes,,,,FR,approximate,low,not in Wikidata/GeoNames; placed at its commune Val-d'Ajol
les-cours,48.41361,7.04194,,,Les Cours,,,,FR,approximate,low,not in Wikidata/GeoNames; placed at its commune Saulcy; 20 km from the index's commune Saulcy
les-cours-corcieux,48.17222,6.87944,,,Les Cours,,,,FR,approximate,low,not in Wikidata/GeoNames; placed at its commune Corcieux
les-etangs,49.1425,6.37972,Q22031,,Les Étangs,Tennschen,Les Étangs,,FR,hist_map,high,1.00 near the index's canton (9 km)
les-fols,48.34278,7.01389,,,Les Fols,,,,FR,approximate,low,not in Wikidata/GeoNames; placed at its commune Ban-de-Sapl
les-forges,48.17667,6.3925,Q198464,,Les Forges,Les Forges,Les Forges,,FR,wikidata,high,1.00 near the index's canton (4 km)
les-fouies,48.16778,6.77583,,,Les Fouies,,,,FR,approximate,low,"a censé of Granges (the index), the one near its district"
les-gouttes,48.18556,6.94556,,,Les Gouttes,,,,FR,approximate,low,not in Wikidata/GeoNames; placed at its commune Anould
les-granges,48.15194,5.99306,,,Les Granges,,,,FR,approximate,low,not in Wikidata/GeoNames; placed at its commune Saint-Baslemont
les-granges-de-plombieres,47.96717,6.44125,Q71808658,,Granges-de-Plombières,,Granges-de-Plombières,,FR,wikidata,high,1.00 near the index's canton (2 km)
les-graviers,47.94944,6.76917,,,Les Graviers,,,,FR,approximate,low,not in Wikidata/GeoNames; placed at its commune Saulxures (near its district)
les-monlhairons,49.05028,5.41083,Q1415836,,Les Monthairons,Les Monthairons,Les Monthairons,,FR,wikidata,medium,"exact name, no anchor; the index's canton Souilly is not found"
les-monnclotz,,,,,Les Monnclotz,,,,FR,unlocated,low,
les-neuves-granges,48.1495,6.4528,,,Les Neuves-Granges,,,,FR,approximate,low,not in Wikidata/GeoNames; placed at its commune Saint-Laurent (near its district)
les-poullieres,48.19778,6.79111,Q1462081,,Les Poulières,Les Poulières,Les Poulières,,FR,wikidata,medium,0.95 near the index's canton (6 km)
les-trois-bans,48.03278,6.03556,,,Les Trois-Bans,,,,FR,approximate,low,not in Wikidata/GeoNames; placed at its commune Claudon
les-vallois,48.15806,6.11722,Q1417315,,Les Vallois,Les Vallois,Les Vallois,,FR,wikidata,high,1.00 near the index's canton (10 km)
les-verrieres-d-onzaines,48.31988,6.50448,Q71808751,,Les Verrières-Douzaines,,Les Verrières-Douzaines,,FR,wikidata,medium,0.94 near the index's commune (3 km)
lesseux,48.285,7.08278,Q1461636,,Lesseux,Lesseux,Lesseux,,FR,wikidata,high,1.00 near the index's canton (10 km)
letrayc,47.89167,6.73972,,,Létrayc,,,,FR,approximate,low,not in Wikidata/GeoNames; placed at its commune Ramonchamp
lette,47.91077,6.65804,,,Lette,,,,FR,approximate,low,not in Wikidata/GeoNames; placed at its commune Loncbamp (near its district)
levai,47.925,6.48333,,,Levai,,,,FR,approximate,low,not in Wikidata/GeoNames; placed at its commune Val-d'Ajol
leyr,48.80333,6.265,Q976692,,Leyr,Leyr,Leyr,,FR,wikidata,high,1.00 near the index's canton (10 km)
lezcy,48.75222,6.62944,Q21962,,Lezey,Lezey,Lezey,,FR,hist_map,high,1.00 near the index's canton (8 km)
libdcau,48.67611,5.89444,,,Libdcau,,,,FR,approximate,low,not in Wikidata/GeoNames; placed at its commune Toul
lidrcquin,48.8821,6.66344,Q15075649,,Lidrequin,Lidrequin,Lidrequin,,FR,hist_map,high,1.00 near the index's canton (13 km)
lidrczing,48.88361,6.69778,Q21839,,Lidrezing,Liedersingen,Lidrezing,,FR,hist_map,high,1.00 near the index's canton (8 km)
liebauxard,47.92667,6.66278,,,Liébauxard,,,,FR,approximate,low,not in Wikidata/GeoNames; placed at its commune Rupt (near its district)
liedcrscheidt,49.12123,7.49784,,2998482,Liedcrscheidt,,,,FR,geonames,high,1.00 near the index's canton (9 km)
liepvrc,48.27222,7.2825,Q124107,,Lièpvre,Lièpvre,Lièpvre,,FR,wikidata,high,1.00 near the index's canton (8 km)
liesstcrthah-office-de-schambourg,,,,,Liesstcrthah office de Schambourg',,,,FR,unlocated,low,
ligneville,48.16583,5.95139,Q903371,,Lignéville,Lignéville,Lignéville,リーニュヴィル,FR,wikidata,high,1.00 near the index's canton (4 km)
limbacb,49.476,6.89834,Q1825349,,Limbach,Limbach,Limbach,,FR,hist_map,high,0.95 near the index's commune (5 km)
limey,48.88333,5.9,Q35717194,,Limey,,Limey,,FR,wikidata,medium,"exact name, no anchor"
linden,49.50796,7.09871,,,Linden,,,,FR,hist_map,high,1.00 near the index's commune (5 km)
lindrc-hautc,48.81361,6.75056,Q21837,,Lindre-Haute,Lindre-Haute,Lindre-Haute,,FR,wikidata,high,1.00 near the index's canton (2 km)
lindre-bassc,48.80222,6.7475,Q21953,,Lindre-Basse,Lindre-Basse,Lindre-Basse,,FR,wikidata,high,1.00 near the index's canton (2 km)
lindschcid,49.4906,6.92814,Q1658449,,Lindscheid,Lindscheid,Lindscheid,,DE,wikidata,high,1.00 near the index's commune (8 km)
lion-devani-dun,,,,,Lion-devanî-Dun,,,,FR,unlocated,low,
liouville,48.82615,5.62829,Q21590127,,Liouville,Liouville,Liouville,,FR,wikidata,high,1.00 near the index's canton (10 km)
lisdorf,49.3025,6.75889,Q1827905,,Lisdorf,Lisdorf,Lisdorf,,DE,hist_map,high,1.00 near the index's canton (2 km)
lixieres,49.25439,5.83183,Q109575402,,Lixières,,Lixières,,FR,wikidata,high,1.00 near the index's commune (1 km); was 74 km away
lixing-lcs-laning,,,,,Lixing-lcs-Laning,,,,FR,unlocated,low,
longchamp,47.92667,6.66278,,,Longchamp,,,,FR,approximate,low,not in Wikidata/GeoNames; placed at its commune Rupl (near its district)
longchamp-chatcnois,48.28944,5.82833,Q214658,,Longchamp-sous-Châtenois,Longchamp-sous-Châtenois,Longchamp-sous-Châtenois,ロンシャン＝スー＝シャトノワ,FR,wikidata,high,1.00 near the index's canton (2 km)
longchamp-epinal,48.22472,6.51333,Q198494,,Longchamp,Longchamp,Longchamp,ロンシャン,FR,wikidata,high,1.00 near the index's canton (7 km)
longcroyc,48.15236,6.24975,,,Longcroyc,,,,FR,approximate,low,a hamlet of Harol (the index)
longeville-les-saint-avold,49.11611,6.63917,Q21963,,Longeville-lès-Saint-Avold,Longeville-lès-Saint-Avold,Longeville-lès-Saint-Avold,,FR,wikidata,high,1.00 near the index's canton (9 km)
longor,48.6875,5.7175,,,Longor,,,,FR,approximate,low,not in Wikidata/GeoNames; placed at its commune Pagny-sur-Mcusc
longuet,48.0567,6.58442,,12315057,Longuet,,,,FR,geonames,high,1.00 near the index's commune (1 km)
lordship-beaurains,49.27906,6.60818,,,Seigneurie de Beaurains,,,,,territory,medium,centre of 28 located member(s)
lordship-bitche,49.10489,7.36439,,,Seigneurie de Bitche,,,,,territory,medium,centre of 71 located member(s)
lordship-commercy,48.76417,5.59167,,,Seigneurie de Commercy,,,コメルシー領,,territory,medium,seat: commcrcy
lordship-deneuvre,48.44333,6.73639,,,Seigneurie de Deneuvre,,,,,territory,medium,seat: deneuvre
lordship-faucompierre,48.13806,6.67056,,,Seigneurie de Faucompierre,,,,,territory,medium,seat: faucompicrre
lordship-faulquemont,49.04111,6.59917,,,Seigneurie de Faulquemont,,,,,territory,medium,seat: faulquemont
lordship-fontenoy-le-chateau,47.97361,6.19917,,,Seigneurie de Fontenoy-le-Château,,,,,territory,medium,seat: fontcnoy-lc-chatcau
lordship-forbach,49.18806,6.9,,,Seigneurie de Forbach,,,,,territory,medium,seat: forbach
lordship-hey,48.75597,6.01438,,,Seigneurie d'Hey,,,,,territory,medium,centre of 7 located member(s)
lordship-hombourg-et-saint-avold,49.10211,6.73325,,,Seigneurie d'Hombourg et Saint-Avold,,,,,territory,medium,centre of 30 located member(s)
lordship-l-alleu,48.016,6.37252,,,Seigneurie de l'Alleu,,,,,territory,medium,centre of 9 located member(s)
lordship-l-avant-garde,48.76806,6.1275,,,Seigneurie de L'Avant-Garde,,,,,territory,medium,seat: avant-garde
lordship-le-chatelet,48.38389,5.78722,,,Seigneurie de Le Châtelet,,,,,territory,medium,seat: le-chatelet
lordship-morhange,48.92361,6.63583,,,Seigneurie de Morhange,,,,,territory,medium,seat: morhangc
lordship-phalsbourg,48.74403,7.23393,,,Seigneurie de Phalsbourg,,,,,territory,medium,centre of 4 located member(s)
lordship-pierrefort,48.84133,5.9387,,,Seigneurie de Pierrefort,,,,,territory,medium,seat: pierrefort
lordship-puttelange,49.05641,6.93637,,,Seigneurie de Puttelange,,,,,territory,medium,centre of 20 located member(s)
lordship-sarralbe,49.1486,6.88421,,,Seigneurie de Sarralbe,,,,,territory,medium,centre of 3 located member(s)
lordship-sarreck,48.75105,7.04966,,,Seigneurie de Sarreck,,,,,territory,medium,centre of 9 located member(s)
lordship-spitzemberg,48.30756,7.04417,,,Seigneurie de Spitzemberg,,,,,territory,medium,seat: spilzemberg
lordship-varsberg,49.19806,6.63519,,,Seigneurie de Varsberg,,,,,territory,medium,centre of 3 located member(s)
lordship-warde-de-wisembach,48.24614,7.01529,,,Seigneurie de Warde de Wisembach,,,,,territory,medium,centre of 5 located member(s)
lordship-warde-du-saulcy,48.31667,7.15167,,,Seigneurie de Warde du Saulcy,,,,,territory,medium,centre of 1 located member(s)
lorey,48.49861,6.30583,Q216729,,Lorey,Lorey,Lorey,,FR,wikidata,high,1.00 near the index's canton (3 km)
loro-monlzey,48.43556,6.3775,Q662321,,Loromontzey,Loromontzey,Loromontzey,,FR,wikidata,high,1.00 near the index's canton (6 km)
lorro,,,,,Lorro,,,,,unlocated,low,
lostrofjf,48.85889,6.85306,Q21718,,Lostroff,Lostroff,Lostroff,,FR,hist_map,high,0.95 near the index's canton (8 km)
lotthringen,,,,,Lotthringen,,,,FR,unlocated,low,
loucbamp,,,,,Loucbamp,,,,FR,unlocated,low,
loudrcfing,48.85194,6.87917,Q21693,,Loudrefing,Lauterfingen,Loudrefing,,FR,hist_map,high,1.00 near the index's canton (9 km)
louircmange,49.15377,6.44567,Q15075778,,Loutremange,Loutremange,Loutremange,,FR,hist_map,medium,0.91 near the index's canton (5 km)
loulzwiller,49.14722,7.3825,Q21941,,Loutzviller,Lutzweiler,Loutzviller,,FR,hist_map,medium,0.91 near the index's canton (3 km)
loupershausen,49.08051,6.91451,,2997417,Loupershausen,,,,FR,geonames,high,1.00 near the index's canton (12 km)
lubccourt,48.8425,6.51556,Q21652,,Lubécourt,Lubécourt,Lubécourt,,FR,wikidata,high,1.00 near the index's canton (2 km)
lubine,48.31667,7.15167,Q816278,,Lubine,Lubine,Lubine,,FR,wikidata,medium,"exact name, no anchor; the index's canton Saaîes is not found"
luccy,48.72139,5.83722,Q218674,,Lucey,Lucey,Lucey,,FR,wikidata,high,1.00 near the index's canton (7 km)
lucy,48.94167,6.47,Q21732,,Lucy,Lucy,Lucy,,FR,wikidata,medium,"exact name, no anchor; the index's canton Deîme is not found"
ludres,48.62167,6.16167,Q829617,,Ludres,Ludres,Ludres,,FR,wikidata,high,1.00 near the index's canton (8 km)
lunevihc,48.58944,6.50167,Q208794,,Lunéville,Lunéville,Lunéville,リュネヴィル,FR,wikidata,medium,"exact name, no anchor; the index's canton LunévîHc is not found"
lupcouri,48.61139,6.23528,Q195387,,Lupcouri,Lupcourt,Lupcourt,,FR,wikidata,low,0.89 near its district's other members (7 km)
lusse,48.29222,7.10306,Q1102819,,Lusse,Lusse,Lusse,,FR,wikidata,medium,"exact name, no anchor; the index's canton Saaîes is not found"
lutzelbourg,48.73444,7.25139,Q22386,,Lutzelbourg,Lützelburg,Lutzelbourg,,FR,hist_map,high,1.00 near the index's canton (4 km)
lymingcn,,,,,Lymingcn,,,,FR,unlocated,low,
macheren,49.09972,6.74278,Q22318,,Macheren,Machern,Macheren,,FR,hist_map,high,1.00 near the index's canton (3 km)
macker,49.16144,6.48303,Q15075846,,Macker,Macker,Macker,,FR,hist_map,high,1.00 near the index's commune (1 km)
madegney,48.28833,6.28806,Q1455189,,Madegney,Madegney,MadegneyDoe,,FR,wikidata,high,1.00 near the index's canton (9 km)
maf-iy-nton-de-verny,,,,,"Maf""iy.• «nton de Verny",,,,FR,unlocated,low,
magnien-s,48.44556,6.56556,Q1060620,,Magnières,Magnières,Magnières,,FR,wikidata,high,0.95 near the index's canton (7 km)
maidiures,48.89972,6.03806,Q1060417,,Maidières,Maidières,Maidières,,FR,wikidata,medium,0.89 near the index's canton (1 km)
mailing,49.42278,6.29639,Q22057,,Mailing,Malling,Malling,,FR,hist_map,high,1.00 near the index's canton (12 km)
mailing-boulay,,,,,Mailing,Malling,Malling,,FR,unlocated,low,"its match Q22057 went to mailing, whose name fits it better"
mailly,48.91056,6.245,Q1065790,,Mailly-sur-Seille,Mailly-sur-Seille,Mailly-sur-Seille,,FR,wikidata,high,1.00 near the index's canton (3 km)
mainvihers,49.02,6.54361,Q21965,,Mainvillers,Mainvillers,Mainvillers,,FR,hist_map,medium,0.86 near the index's canton (5 km)
maison,48.64139,5.44444,Q892519,,Marson-sur-Barboure,Marson-sur-Barboure,Marson-sur-Barboure,,FR,wikidata,high,0.95 near the index's canton (14 km)
maisons-de-raon-ce,48.01301,6.44346,,,Raon-aux-Bois,,,,FR,approximate,low,an écart of Bellefontaine (the index); not Raon-aux-Bois
maixe,48.645,6.43944,Q208280,,Maixe,Maixe,Maixe,,FR,wikidata,medium,"exact name, no anchor; the index's canton dcLunéville-Nont is not found"
maizcy,48.92472,5.51167,Q1386775,,Maizey,Maizey,Maizey,,FR,wikidata,high,1.00 near the index's canton (4 km)
maizery,49.10611,6.33611,Q22213,,Maizery,Maizery,Maizery,,FR,wikidata,high,1.00 near the index's canton (3 km)
malaumont,48.7825,5.4925,Q83260851,,Malaumont,,Malaumont,,FR,wikidata,low,"exact name, no anchor; 51 km from its district; the index's canton Conimercy is not found"
malleloy,48.79472,6.1625,Q1101354,,Malleloy,Malleloy,Malleloy,,FR,wikidata,high,1.00 near the index's canton (12 km)
maltaincourt,48.27889,6.13306,Q1157780,,Mattaincourt,Mattaincourt,Mattaincourt,,FR,wikidata,high,1.00 near the index's canton (2 km)
malzeville,48.71028,6.18639,Q585128,,Malzéville,Malzéville,Malzéville,マルゼヴィル,FR,wikidata,high,1.00 near the index's canton (2 km)
mamey,48.87806,5.95889,Q535358,,Mamey,Mamey,Mamey,,FR,wikidata,medium,"exact name, no anchor"
mandray,48.21833,6.99583,Q217345,,Mandray,Mandray,Mandray,,FR,wikidata,high,1.00 near the index's canton (4 km)
mandre-ia-pclite,48.80222,5.57167,,,Mandre-Ia-Pclite,,,,FR,approximate,low,not in Wikidata/GeoNames; placed at its commune Boncourt
mandres-sur-vair,48.22389,5.8925,Q1157633,,Mandres-sur-Vair,Mandres-sur-Vair,Mandres-sur-Vair,,FR,wikidata,high,1.00 near the index's canton (5 km)
mangonville,48.45611,6.28917,Q213292,,Mangonville,Mangonville,Mangonville,,FR,wikidata,high,1.00 near the index's canton (8 km)
manheullcs,49.11167,5.59722,Q892529,,Manheulles,Manheulles,Manheulles,,FR,wikidata,high,1.00 near the index's canton (3 km)
mannccourl,48.29812,5.84509,,12314993,Mannccourl,,,,FR,geonames,high,1.00 near the index's commune (1 km)
manoncourt-en-vcrmois,48.60083,6.26639,Q657119,,Manoncourt-en-Vermois,Manoncourt-en-Vermois,Manoncourt-en-Vermois,マノンクール＝アン＝ヴェルモワ,FR,wikidata,medium,"exact name, no anchor"
manoncourt-en-voivrc,48.78306,5.92528,Q1099825,,Manoncourt-en-Voivrc,Manoncourt-en-Woëvre,Manoncourt-en-Woëvre,,FR,wikidata,low,0.90 near its district's other members (20 km)
manonviller,48.58333,6.65083,Q428865,,Manonviller,Manonviller,Manonviller,,FR,wikidata,high,1.00 near the index's canton (11 km)
many,49.0025,6.52167,Q21827,,Many,Many,Many,,FR,hist_map,high,1.00 near the index's canton (7 km)
marainville,48.39806,6.16917,Q613792,,Marainville-sur-Madon,Marainville-sur-Madon,Marainville-sur-Madon,,FR,wikidata,medium,"exact name, no anchor"
marainviller,48.58944,6.60056,Q226809,,Marainviller,Marainviller,Marainviller,,FR,wikidata,high,1.00 near the index's canton (7 km)
marangc-zondrangc,49.11167,6.5375,Q21830,,Marange-Zondrange,Marange-Zondrange,Marange-Zondrange,,FR,wikidata,high,1.00 near the index's canton (9 km)
marbache,48.79722,6.10222,Q208666,,Marbache,Marbache,Marbache,,FR,wikidata,high,1.00 near the index's canton (13 km)
marbottc,48.83452,5.58282,Q25398053,,Marbotte,Marbotte,Marbotte,,FR,wikidata,high,1.00 near the index's canton (7 km)
mardigny,48.97575,6.08522,Q28040549,,Mardigny,,Mardigny,,FR,wikidata,high,1.00 near the index's commune (2 km)
mariemont,48.145,6.86444,,,Mariémont,,,,FR,approximate,low,not in Wikidata/GeoNames; placed at its commune s Arrcniès-dc-Corcieux
marienflosse-moulin,49.4425,6.36028,,,Marienflosse. moulin,,,,FR,approximate,low,not in Wikidata/GeoNames; placed at its commune Sierck
marimont,48.88917,6.78333,Q21947,,Marimont,Mörsberg,Marimont-lès-Bénestroff,,FR,hist_map,high,1.00 near the index's canton (7 km)
maron,48.63472,6.04722,Q581844,,Maron,Maron,Maron,,FR,wikidata,high,1.00 near the index's canton (12 km)
maroncourt,48.24889,6.15611,Q192599,,Maroncourt,Maroncourt,Maroncourt,,FR,wikidata,high,1.00 near the index's canton (6 km)
marpingen,49.45,7.05,Q630853,,Marpingen,Marpingen,Marpingen,,FR,hist_map,high,1.00 near the index's commune (3 km)
marre,49.21111,5.30194,Q892391,,Marre,Marre,Marre,,FR,wikidata,low,ambiguous without an anchor (2 spots); 63 km from the index's canton Void
mars-la-tour,49.09889,5.88611,Q228791,,Mars-la-Tour,Mars-la-Tour,Mars-la-Tour,マルス・ラ・トゥール村,FR,wikidata,high,1.00 near the index's canton (10 km)
marsal,48.78917,6.60917,Q21973,,Marsal,Marsal,Marsal,,FR,hist_map,high,1.00 near the index's canton (6 km)
marthcmoni,48.55972,6.04083,Q674643,,Marthemont,Marthemont,Marthemont,,FR,wikidata,high,0.95 near the index's canton (9 km)
martigny-lez-gerbonvaux,48.44556,5.79444,Q1158046,,Martigny-les-Gerbonvaux,Martigny-les-Gerbonvaux,Martigny-les-Gerbonvaux,,FR,wikidata,high,0.95 near the index's canton (9 km)
martincourt,48.84667,5.94639,Q1101245,,Martincourt,Martincourt,Martincourt,,FR,wikidata,medium,ambiguous without an anchor (2 spots)
martinvelle,47.97556,5.9975,Q1166466,,Martinvelle,Martinvelle,Martinvelle,,FR,wikidata,high,1.00 near the index's canton (6 km)
marvoisin,48.86496,5.74352,,,Marvoisin,,,,FR,approximate,low,not in Wikidata/GeoNames; placed at its commune Xivray
marzclay,48.30915,6.93638,Q3296370,,Marzelay,,Marzelay,,FR,wikidata,high,1.00 near the index's commune (3 km)
mattexey,48.44361,6.51611,Q1060423,,Mattexey,Mattexey,Mattexey,,FR,wikidata,high,1.00 near the index's canton (6 km)
maxeville,48.71139,6.16306,Q1159783,,Maxéville,Maxéville,Maxéville,マクセヴィル,FR,wikidata,high,1.00 near the index's canton (3 km)
maxey-sur-meuse,48.45083,5.69778,Q211054,,Maxey-sur-Meuse,Maxey-sur-Meuse,Maxey-sur-Meuse,,FR,wikidata,high,1.00 near the index's canton (5 km)
maxonchamp,47.97043,6.79373,,,Maxonchamp,,,,FR,approximate,low,not in Wikidata/GeoNames; placed at its commune Rupt (near its district)
maxstadt,49.04444,6.79361,Q21921,,Maxstadt,Maxstadt,Maxstadt,,FR,hist_map,high,1.00 near the index's canton (8 km)
mayoralty-altheim,49.1723,7.31217,,,Mairie d'Altheim,,,,,territory,medium,seat: altheim
mayoralty-bertrimoutier,48.27167,7.05417,,,Mairie de Bertrimoutier,,,,,territory,medium,seat: bertrimoutier
mayoralty-berungen,49.03423,7.26796,,,Mairie de Berùngen,,,,,territory,medium,centre of 10 located member(s)
mayoralty-bousseviller,49.12111,7.46417,,,Mairie de Bousseviller,,,,,territory,medium,seat: bousseviller
mayoralty-hilsperg,49.13092,7.34987,,,Mairie d'Hilsperg,,,,,territory,medium,centre of 26 located member(s)
mayoralty-longchamp,47.93526,6.69467,,,Mairie de Longchamp,,,,,territory,medium,centre of 15 located member(s)
mayoralty-mandray,48.21833,6.99583,,,Mairie de Mandray,,,,,territory,medium,seat: mandray
mayoralty-meurthe,48.2402,6.96212,,,Mairie de Meurthe,,,,,territory,medium,centre of 8 located member(s)
mayoralty-rolbing,49.17167,7.43972,,,Mairie de Rolbing,,,,,territory,medium,seat: rolbing
mayoralty-sainte-marguerite,48.26917,6.97639,,,Mairie de Sainte-Marguerite,,,,,territory,medium,seat: sainte-marguerite
mayoralty-schorbach,49.07917,7.40583,,,Mairie de Schorbach,,,,,territory,medium,seat: sehorbach
mayoralty-steimbach,,,,,Mairie de Steimbach,,,,,territory,medium,no seat or located members
mayoralty-usuaires,47.99694,6.76552,,,Mairie d'Usuaires,,,,,territory,medium,centre of 14 located member(s)
mayoralty-walschbronn,49.14861,7.48111,,,Mairie de Walschbronn,,,,,territory,medium,seat: walschbronn
mazelay,48.24215,6.33892,,2994879,Mazelay,,,,FR,geonames,high,1.00 near the index's canton (9 km)
mazerulcs,48.75917,6.38167,Q1101371,,Mazerulles,Mazerulles,Mazerulles,,FR,wikidata,medium,0.95 near the index's canton (12 km)
mazirot,48.3225,6.14667,Q213885,,Mazirot,Mazirot,Mazirot,,FR,wikidata,high,1.00 near the index's canton (3 km)
mcchcrn,49.4206,6.62991,Q1915574,,Mechern,Mechern,Mechern,,FR,hist_map,high,1.00 near the index's commune (2 km)
mclzcresche,49.29806,6.30806,Q21984,,Metzeresche,Metzeresch,Metzeresche,,FR,hist_map,high,1.00 near the index's canton (2 km)
mcnningen,49.40762,6.66921,,,Menningen,,,,FR,hist_map,high,1.00 near the index's commune (4 km)
mcrtcn,49.24889,6.66694,Q21743,,Merten,Merten,Merten,,FR,hist_map,high,1.00 near the index's canton (11 km)
mctrich,49.40239,6.29575,,,Métrich,,,,FR,hist_map,high,1.00 near the index's canton (10 km)
megange,49.21806,6.43556,Q21967,,Mégange,Mehingen,Mégange,,FR,hist_map,high,1.00 near the index's canton (6 km)
mehachamp,48.02361,6.60444,,,Méhachamp,,,,FR,approximate,low,not in Wikidata/GeoNames; placed at its commune Saint-Etienne
mehoncourt,48.51056,6.37556,Q1062337,,Méhoncourt,Méhoncourt,Méhoncourt,,FR,wikidata,high,1.00 near the index's canton (6 km)
meillach,49.49167,6.59722,Q543627,,Mettlach,Mettlach,Mettlach,,DE,hist_map,medium,0.88 near the index's canton (6 km)
meizing,49.10694,6.95917,Q21665,,Metzing,Metzingen,Metzing,,FR,hist_map,medium,0.86 near the index's canton (10 km)
meligny-ie-giand,48.67722,5.49222,Q193747,,Méligny-le-Grand,Méligny-le-Grand,Méligny-le-Grand,,FR,wikidata,medium,0.92 near the index's canton (9 km); 49 km from its district
meligny-ie-petit,48.65944,5.46556,Q1159538,,Méligny-le-Petit,Méligny-le-Petit,Méligny-le-Petit,,FR,wikidata,medium,0.93 near the index's canton (12 km); 51 km from its district
melomenil,48.09593,6.31924,,12315049,Méloménil,,,,FR,geonames,high,1.00 near the index's commune (2 km)
memenil,48.22028,6.61111,Q778359,,Méménil,Méménil,Méménil,,FR,wikidata,high,1.00 near the index's canton (8 km)
menemel,,,,,Menemel,,,,FR,unlocated,low,
meni-la-tour,48.76611,5.86333,Q668510,,Ménil-la-Tour,Ménil-la-Tour,Ménil-la-Tour,,FR,wikidata,high,0.95 near the index's canton (10 km)
menil,48.58944,6.50167,,,Ménil,,,,FR,approximate,low,"Ménil, a suburb of Lunéville (the index); not Ménil-sur-Belvitte"
menil-balleville,48.33031,5.84842,,,Ménil-sur-Vair,,,,FR,approximate,low,"Mesnil-sur-Veire (entry 1201), now Ménil-sur-Vair, a hamlet of Balléville (the index: 'Ménil, ham., com. de Balléville'); not Ménil-en-Xaintois. Placed at Balléville"
menil-en-xainlois,48.30722,5.97472,Q211721,,Ménil-en-Xaintois,Ménil-en-Xaintois,Ménil-en-Xaintois,,FR,wikidata,high,1.00 near the index's canton (12 km)
menil-evaux-ct-menil,48.31574,6.30126,,12314980,Ménil,,,,FR,geonames,high,1.00 near the index's commune (1 km)
menil-flin,48.49753,6.65493,,3018260,Flin,,,,FR,geonames,medium,"0.95; Q1101374 went to flin, whose name fits it better"
menil-girecourt-lez-vieville,48.33828,6.18983,Q109575428,,Le Mesnil,,Le Mesnil,,FR,wikidata,high,0.95 near the index's commune (0 km)
mensberg,49.45722,6.43278,Q378453,,Meinsberg,Burg Meinsberg,Meinsberg,,FR,hist_map,medium,0.94 near the index's commune (1 km)
menskirch,49.31861,6.425,Q22014,,Menskirch,Menskirchen,Menskirch,,FR,hist_map,high,1.00 near the index's commune (2 km)
merancourt-ou-merancourt,,,,,Merancourt ou Merancourt,,,,FR,unlocated,low,
merchingen,49.4414,6.68056,Q1921446,,Merchingen,Merchingen,Merchingen,,DE,hist_map,high,1.00 near the index's commune (4 km)
mercille,47.925,6.48333,,,Mercille,,,,FR,approximate,low,not in Wikidata/GeoNames; placed at its commune Val-d'Ajol
merevilic,48.59222,6.1525,Q217803,,Méréville,Méréville,Méréville,,FR,wikidata,medium,0.89 near the index's canton (11 km)
merlusses,48.29222,7.10306,,,Merlusses,,,,FR,approximate,low,not in Wikidata/GeoNames; placed at its commune Lusse
merschweiller,49.46222,6.41861,Q21996,,Merschweiller,Merschweiller,Merschweiller,,FR,hist_map,high,1.00 near the index's canton (5 km); 47 km from its district
merzig,49.44222,6.6375,Q16130,,Merzig,Merzig,Merzig,,DE,hist_map,high,1.00 near the index's canton (0 km)
messcin,48.61167,6.13861,Q633420,,Messein,Messein,Messein,,FR,wikidata,high,1.00 near the index's canton (10 km)
metring,49.05722,6.66361,,,Métring,,,,FR,approximate,low,not in Wikidata/GeoNames; placed at its commune Téting
metz,49.11972,6.17694,Q22690,,Metz,Metz,Metz,,FR,hist_map,high,1.00 near the index's canton (0 km)
mexel,48.52889,6.32583,,,Mexel',,,,FR,approximate,low,not in Wikidata/GeoNames; placed at its commune Haussonville
mignevillc,48.53278,6.77944,Q1047870,,Mignéville,Mignéville,Mignéville,,FR,wikidata,high,1.00 near the index's canton (10 km)
millery,48.81694,6.13056,Q1101319,,Millery,Millery,Millery,,FR,wikidata,high,1.00 near the index's canton (11 km)
milly,,,,,Milly,,,,FR,unlocated,low,
mirecourt,48.29861,6.13028,Q659969,,Mirecourt,Mirecourt,Mirecourt,ミルクール,FR,wikidata,high,1.00 near the index's canton (0 km)
mitiel-bollenbacli,,,,,Mitiel-Bollenbacli,,,,DE,unlocated,low,
mitlelbronn,48.77,7.225,Q22055,,Mittelbronn,Mittelbronn,Mittelbronn,,FR,hist_map,high,1.00 near the index's canton (2 km)
mnilleronfaing,48.01306,6.44278,,,Mnilleronfaing,,,,FR,approximate,low,not in Wikidata/GeoNames; placed at its commune Bellcfontainc
moincvillc,49.20639,5.94361,Q219689,,Moineville,Moineville,Moineville,,FR,wikidata,high,1.00 near the index's canton (5 km)
moivron,48.8234,6.25096,,2993563,Moivron,,,,FR,geonames,high,1.00 near the index's canton (8 km)
momborn,,,,,Momborn,,,,,unlocated,low,
moncel-ies-marcheville,,,,,Moncel-îès-Marchéville,,,,FR,unlocated,low,
moncel-les-luneville,48.57389,6.52889,Q208397,,Moncel-lès-Lunéville,Moncel-lès-Lunéville,Moncel-lès-Lunéville,,FR,wikidata,high,1.00 near the index's canton (3 km)
monclair-ou-monteclair,49.4956,6.55778,Q1013137,,Monclair,Montclair,Montclair,,FR,hist_map,high,1.00 near the index's canton (3 km)
moncourt,48.36556,5.94056,Q195638,,Maconcourt,Maconcourt,Maconcourt,,FR,wikidata,medium,0.89 near the index's canton (18 km)
mondorf,49.41751,6.59773,,,Mondorf,,,,FR,hist_map,high,1.00 near the index's commune (3 km)
moniet,48.44333,6.73639,,,Moniet,,,,FR,approximate,low,"the old priory of le Moniet, near Deneuvre (the index)"
monihureux-sur-saone,48.03,5.97222,Q1413912,,Monthureux-sur-Saône,Monthureux-sur-Saône,Monthureux-sur-Saône,,FR,wikidata,medium,0.94 near the index's canton (0 km)
monneren,49.34472,6.415,Q22167,,Monneren,Monneren,Monneren,,FR,hist_map,high,1.00 near the index's canton (10 km)
mont,48.555,6.44278,Q208276,,Mont-sur-Meurthe,Mont-sur-Meurthe,Mont-sur-Meurthe,,FR,wikidata,high,1.00 near the index's canton (8 km)
mont-devant-sassey,,,,,Mont-devant-Sassey,,,,FR,unlocated,low,
mont-le-vignoble,48.61306,5.84056,Q266038,,Mont-le-Vignoble,Mont-le-Vignoble,Mont-le-Vignoble,,FR,wikidata,high,1.00 near the index's canton (8 km)
mont-pange,49.09425,6.36775,Q21619509,,Mont,,Mont,,FR,wikidata,high,1.00 near the index's canton (1 km)
montauville,48.90083,6.02083,Q978152,,Montauville,Montauville,Montauville,,FR,wikidata,high,1.00 near the index's canton (2 km)
montenach,49.41944,6.38056,Q22246,,Montenach,Montenach,Montenach,,FR,hist_map,high,1.00 near the index's canton (3 km)
montenoy,48.79528,6.23056,Q193872,,Montenoy,Montenoy,Montenoy,,FR,wikidata,high,1.00 near the index's canton (11 km)
montmotler,47.97333,6.17611,Q189536,,Montmotier,Montmotier,Montmotier,,FR,wikidata,medium,0.90 near the index's canton (7 km)
montreux,48.53583,6.88222,Q1060711,,Montreux,Montreux,Montreux,,FR,wikidata,high,1.00 near the index's canton (7 km)
montzey,48.43556,6.3775,,,Montzey,,,,FR,approximate,low,not in Wikidata/GeoNames; placed at its commune Loro-Montzey
moranviller,48.47728,6.44191,,2991779,Moriviller,,,,FR,geonames,low,"0.86; Q1047335 went to moriviller, whose name fits it better"
morclrnaison,48.32056,5.91528,Q1157806,,Morelmaison,Morelmaison,Morelmaison,,FR,wikidata,medium,0.90 near the index's canton (6 km)
morhangc,48.92361,6.63583,Q22353,,Morhange,Mörchingen,Morhange,,FR,hist_map,high,1.00 near the index's canton (10 km)
moriville,48.34833,6.43139,Q684345,,Moriville,Moriville,Moriville,,FR,wikidata,high,1.00 near the index's canton (5 km)
moriviller,48.47722,6.44139,Q1047335,,Moriviller,Moriviller,Moriviller,,FR,wikidata,high,1.00 near the index's canton (5 km)
morlagnc,48.26944,6.75417,Q215535,,Mortagne,Mortagne,Mortagne,,FR,wikidata,high,1.00 near the index's canton (4 km)
morlangc,49.11937,6.47392,Q3324149,,Morlange,Morlange,Morlange,,FR,hist_map,high,1.00 near the index's commune (2 km)
morsbach,49.16694,6.87083,Q22385,,Morsbach,Morsbach,Morsbach,,FR,hist_map,high,1.00 near the index's canton (3 km)
mortagnc,48.555,6.44278,,,Mortagnc,,,,FR,approximate,low,not in Wikidata/GeoNames; placed at its commune Mont (near its district)
morvilie-sur-scille,48.91667,6.15611,Q1102177,,Morville-sur-Seille,Morville-sur-Seille,Morville-sur-Seille,,FR,wikidata,high,0.95 near the index's canton (8 km)
moulainville,49.15,5.5,Q35734580,,Moulainville,,Moulainville,,FR,wikidata,low,ambiguous without an anchor (2 spots); the index's canton Llain is not found
moulin,48.02809,6.58039,,12315070,Moulin,,,,FR,geonames,medium,1.00 near its district's other members (2 km); the index's commune Snînt-Nabord is not found
moulins,48.77194,6.26028,,,Moulins,,,,FR,approximate,low,not in Wikidata/GeoNames; placed at its commune Bouxièrcs-aux-Chcnes
mousson,48.90528,6.07917,Q193100,,Mousson,Mousson,Mousson,,FR,wikidata,medium,"exact name, no anchor; the index's canton i'ont-à-Mousson is not found"
moussoux,48.14689,6.55711,,12315022,Moussoux,,,,FR,geonames,medium,0.93 near the index's commune (2 km)
mouterhatisen,,,,,Mouterhatisen,,,,FR,unlocated,low,
moutrot,48.60306,5.89306,Q224898,,Moutrot,Moutrot,Moutrot,,FR,wikidata,high,1.00 near the index's canton (8 km)
moycmont,48.35083,6.53889,Q682536,,Moyemont,Moyemont,Moyemont,,FR,wikidata,high,1.00 near the index's canton (7 km)
moyenmnulicr,48.37972,6.91333,Q211815,,Moyenmoutier,Moyenmoutier,Moyenmoutier,,FR,wikidata,medium,0.92 near the index's canton (5 km)
moyenpal,48.06143,6.36412,,12315064,Moyenpal,,,,FR,geonames,high,1.00 near the index's commune (4 km)
muiieeourt,48.24111,6.12,Q223173,,Muiîeeourt,Madecourt,Madecourt,,FR,wikidata,low,0.90 near its district's other members (8 km); the index's canton Vinci is not found
mulcey,48.80083,6.66361,Q21724,,Mulcey,Milzingen,Mulcey,,FR,hist_map,high,1.00 near the index's canton (4 km)
munchweilcr,49.21798,7.70295,,2867626,Mùnchweilcr,,,,DE,geonames,high,1.00 near the index's canton (8 km)
murvaux,,,,,Murvaux,,,,FR,unlocated,low,
murville,49.33806,5.82583,Q1047225,,Murville,Murville,Murville,,FR,wikidata,high,1.00 near the index's canton (6 km)
naglaincourt,48.22969,6.21619,Q109575465,,Naglaincourt,,Naglaincourt,,FR,wikidata,high,1.00 near the index's commune (1 km)
naimont,48.10533,6.35306,,12315047,Naimont,,,,FR,geonames,high,0.95 near the index's commune (2 km)
nalbach,49.3833,6.78333,Q553221,,Nalbach,Nalbach,Nalbach,,DE,hist_map,high,1.00 near the index's canton (8 km)
namborn,49.5223,7.13876,Q1549687,,Namborn,Namborn,Namborn,,FR,hist_map,high,1.00 near the index's commune (9 km)
nancois-le-grand,48.71667,5.38167,Q738667,,Nançois-le-Grand,Nançois-le-Grand,Nançois-le-Grand,,FR,wikidata,high,1.00 near the index's canton (16 km)
nancy,48.69278,6.18361,Q40898,,Nancy,Nancy,Nancy,ナンシー,FR,wikidata,high,1.00 near the index's canton (0 km)
nayemont,48.29667,7.00611,Q927028,,Nayemont-les-Fosses,Nayemont-les-Fosses,Nayemont-les-Fosses,,FR,wikidata,high,1.00 near the index's commune (5 km)
nayemont-lez-fosses,48.2969,7.00693,,2990850,Nayemont-les-Fosses,,,,FR,geonames,low,"0.94; Q927028 went to nayemont, whose name fits it better"
nctivillcr-sur-mosdlc,48.4925,6.28722,Q221213,,Neuviller-sur-Moselle,Neuviller-sur-Moselle,Neuviller-sur-Moselle,ヌヴィレ＝シュル＝モゼル,FR,wikidata,medium,0.90 near the index's canton (8 km)
nculgrange,49.07694,7.06778,Q22054,,Neufgrange,Neuscheuern,Neufgrange,,FR,hist_map,medium,0.90 near the index's canton (4 km)
ncuvevimc-lez-raon,48.40533,6.83901,Q71809139,,La Neuveville-lès-Raon,,La Neuveville-lès-Raon,,FR,wikidata,medium,0.85 near the index's canton (0 km)
ncuvilier-sur-favc,48.27833,7.0375,Q195340,,Neuvillers-sur-Fave,Neuvillers-sur-Fave,Neuvillers-sur-Fave,,FR,wikidata,medium,0.91 near the index's canton (7 km)
ncyvillers,48.02472,6.66972,,,Ncyvillers,,,,FR,approximate,low,not in Wikidata/GeoNames; placed at its commune Saint-Amé
nebing,48.90444,6.81056,Q21653,,Nébing,Nebingen,Nébing,,FR,hist_map,high,1.00 near the index's canton (5 km)
neipel,49.4825,6.92024,Q106689639,,Neipel,Neipel,,,FR,hist_map,high,1.00 near the index's commune (8 km)
nelling,48.96472,6.86694,Q22917,,Nelling,Nellingen,Nelling,,FR,hist_map,high,1.00 near the index's canton (12 km)
nennig,49.5302,6.38323,Q316804,,Nennig,Nennig,Nennig,,DE,hist_map,high,1.00 near the index's canton (15 km)
neudlangc,49.24945,6.34227,,11915627,Neudlangc,,,,FR,geonames,medium,0.95 near the index's commune (1 km)
neufchaleau,48.35556,5.69611,Q84242598,,Neufchâteau,,Neufchâteau,,FR,wikidata,high,1.00 near the index's canton (0 km)
neune,48.17444,6.83028,,,Neune,,,,FR,approximate,low,a hamlet of Vienville (the index)
neunkirch,49.12005,7.08942,,,Neunkirch,,,,FR,hist_map,high,1.00 near the index's canton (2 km)
neunkirchen,49.35472,6.55472,Q22373,,Neunkirchen-lès-Bouzonville,Neunkirchen,Neunkirchen-lès-Bouzonville,,FR,hist_map,high,1.00 near the index's canton (7 km)
neunkirchen-oilwciler,49.5489,7.06139,Q1263067,,Neunkirchen,Neunkirchen,Neunkirchen,,DE,hist_map,medium,1.00 near its district's other members (7 km); the index's canton Oilwciler is not found
neuulhann,,,,,Neuulhann,,,,FR,unlocated,low,
neuvcville,49.20944,5.93703,,,La Neuveville-sous-Montfort,,,,FR,approximate,low,a hamlet of Valleroy (the index)
neuves-maisons,48.61611,6.10361,Q627247,,Neuves-Maisons,Neuves-Maisons,Neuves-Maisons,,FR,wikidata,high,1.00 near the index's canton (10 km)
nicdaltdok,49.3417,6.59083,Q1987494,,Niedaltdorf,Niedaltdorf,Niedaltdorf,,FR,hist_map,medium,0.86 near the index's commune (7 km)
nicdcrgailbach,49.1339,7.20722,Q873717,,Niedergailbach,Niedergailbach,Niedergailbach,,DE,hist_map,high,1.00 near the index's canton (13 km)
nicder-sauhach,49.421,6.9203,Q39975552,,Niedersaubach,Niedersaubach,Niedersaubach,,DE,hist_map,medium,0.92 near the index's commune (1 km)
nidcck,,,,,Nîdcck,,,,FR,unlocated,low,
nidcrwisse,49.16722,6.56861,Q22428,,Niedervisse,Niederwiese,Niedervisse,,FR,hist_map,medium,0.86 near the index's canton (6 km)
nidervillcr,48.71278,7.10806,Q22205,,Niderviller,Niderviller,Niderviller,,FR,hist_map,high,1.00 near the index's canton (5 km)
niederhofen,49.5,6.93333,,,Niederhofen,,,,FR,hist_map,high,1.00 near the index's commune (7 km)
niedersimtenou-obersimlen,,,,,Niedersimtenou Obersimlen,,,,DE,unlocated,low,
nillel,49.6525,6.44528,Q594609,,Nittel,Nittel,Nittel,,DE,hist_map,high,1.00 near the index's canton (9 km)
nitling,48.67083,7.02972,Q22178,,Nitting,Nitting,Nitting,,FR,hist_map,high,1.00 near the index's canton (2 km)
nittel,49.65,6.45,,2862351,Nittel,,,,DE,geonames,medium,"1.00; Q594609 went to nillel, whose name fits it better"
nobaimont,48.10333,6.27056,,,Nobaimont,,,,FR,approximate,low,not in Wikidata/GeoNames; placed at its commune Charmois-l'Orgueilleux
nohn,49.4847,6.54064,Q543619,,Nohn,Nohn,Nohn,,DE,hist_map,high,1.00 near the index's commune (3 km)
noiregoutlc,48.17222,7.01361,,,Noiregoutlc,,,,FR,approximate,low,not in Wikidata/GeoNames; placed at its commune Plainfaing
nomexy,48.30639,6.385,Q753258,,Nomexy,Nomexy,Nomexy,,FR,wikidata,high,1.00 near the index's canton (1 km)
nompatclize,48.32556,6.85278,Q219673,,Nompatelize,Nompatelize,Nompatelize,,FR,wikidata,high,1.00 near the index's canton (9 km)
noncourt,48.34694,5.685,Q71808683,,Noncourt,,Noncourt,,FR,wikidata,high,1.00 near the index's canton (1 km)
nonhigny,48.55056,6.88056,Q1049428,,Nonhigny,Nonhigny,Nonhigny,,FR,wikidata,high,1.00 near the index's canton (5 km)
nonviile,48.08056,5.99,Q126549,,Nonville,Nonville,Nonville,,FR,wikidata,high,0.95 near the index's canton (6 km)
nonzeville,48.265,6.63389,Q1166659,,Nonzeville,Nonzeville,Nonzeville,,FR,wikidata,high,1.00 near the index's canton (9 km)
norbepaire,,,,,Norbépaire,,,,FR,unlocated,low,
norihen,49.16252,6.42935,Q21634399,,Northen,,Northen,,FR,wikidata,high,0.95 near the index's commune (1 km)
norroy-ie-veneur,49.18222,6.10333,Q22273,,Norroy-le-Veneur,Norroy-le-Veneur,Norroy-le-Veneur,,FR,wikidata,medium,0.93 near the index's canton (9 km)
norroy-sur-vair,48.21518,5.91955,,2990092,Norroy-sur-Vair,,,,FR,geonames,high,1.00 near the index's canton (6 km)
noussewiller-les-putlelange,49.12096,6.96946,,2989972,Noussewiller lès-Putlelange,,,,FR,geonames,high,0.96 near the index's canton (9 km)
obeistiinbach,,,,,Obeistiinbach,,,,FR,unlocated,low,
ober-esch-ou-oberesch,49.3997,6.56667,Q1713213,,Oberesch,Oberesch,Oberesch,,DE,hist_map,high,1.00 near the index's canton (16 km)
ober-leuken-ou-oberlcuken,49.5061,6.46917,Q2010243,,Oberleuken,Oberleuken,Oberleuken,,FR,hist_map,high,1.00 near the index's commune (7 km)
oberdorff,49.27417,6.59472,Q22417,,Oberdorff,Oberdorff,Oberdorff,,FR,wikidata,high,1.00 near the index's canton (5 km)
oberfuuen,,,,,OberfuUen,,,,,unlocated,low,
obergailbach,49.11806,7.21778,Q22304,,Obergailbach,Obergailbach,Obergailbach,,FR,hist_map,high,1.00 near the index's canton (10 km)
oberkirchen,49.5253,7.26222,Q1437410,,Oberkirchen,Oberkirchen,Oberkirchen,,FR,hist_map,medium,"exact name, no anchor"
obernaumen,49.408,6.45321,,,Obernaumen,,,,FR,hist_map,high,1.00 near the index's commune (2 km)
oberstensel,,,,,Oberstensel,,,,,unlocated,low,
oberwisse,49.15167,6.58528,Q21958,,Obervisse,Oberwiese,Obervisse,,FR,hist_map,medium,0.89 near the index's canton (8 km)
ocft,49.50593,6.52502,,,Ocft,,,,DE,approximate,low,not in Wikidata/GeoNames; placed at its commune Orscholz
ochey,48.58222,5.9425,Q1099402,,Ochey,Ochey,Ochey,,FR,wikidata,high,1.00 near the index's canton (11 km)
odenhoven,49.27417,6.59472,,,Odenhoven,,,,FR,approximate,low,not in Wikidata/GeoNames; placed at its commune Oberdorff
oeiicville,48.33444,6.02056,Q745719,,Oëlleville,Oëlleville,Oëlleville,,FR,wikidata,medium,0.85 near the index's canton (9 km)
oeting,49.17361,6.91472,Q21657,,Oeting,Ötingen,Œting,,FR,hist_map,medium,"exact name, no anchor; the index's canton Forbacli is not found"
office-boulay,49.18333,6.49361,,,Office de Boulay,,,,,territory,medium,seat: boulay
office-sarreguemines,49.11056,7.06722,,,Office de Sarreguemines,,,,,territory,medium,seat: sarreguemines
office-schaumbourg,49.5009,7.04427,,,Office de Schaumbourg,,,,,territory,medium,centre of 81 located member(s)
office-siersberg,49.3686,6.67861,,,Office de Siersberg,,,,,territory,medium,seat: siersberg
office-vaudrevange,49.32287,6.76822,,,Office de Vaudrevange,,,,,territory,medium,centre of 10 located member(s)
offroieourl,48.27833,6.04028,Q216892,,Offroicourt,Offroicourt,Offroicourt,,FR,wikidata,high,1.00 near the index's canton (11 km)
ogeviller,48.54694,6.72556,Q1060586,,Ogéviller,Ogéviller,Ogéviller,,FR,wikidata,high,1.00 near the index's canton (10 km)
ognevillc,48.475,6.06611,Q220731,,Ognéville,Ognéville,Ognéville,,FR,wikidata,high,1.00 near the index's canton (2 km)
ohcrperi,49.4736,6.39417,Q1773403,,Oberperl,Oberperl,Oberperl,,FR,hist_map,high,0.95 near the index's commune (1 km)
olberding,49.07,7.2414,Q3350395,,Olferding,,,,FR,hist_map,medium,0.89 near the index's commune (2 km)
olichamp,48.04944,6.57972,,,Olichamp,,,,FR,approximate,low,not in Wikidata/GeoNames; placed at its commune Saint-Nabord
olichamp-val-d-ajol,47.925,6.48333,,,Olichamp,,,,FR,approximate,low,not in Wikidata/GeoNames; placed at its commune Val-d'Ajol
ollainville,48.26722,5.80583,Q1635018,,Ollainville,Ollainville,Ollainville,,FR,wikidata,high,1.00 near the index's canton (4 km)
omelmont,48.50056,6.11167,Q193079,,Omelmont,Omelmont,Omelmont,,FR,wikidata,high,1.00 near the index's canton (2 km)
oncourl,48.25167,6.375,Q670432,,Oncourt,Oncourt,Oncourt,,FR,wikidata,medium,"exact name, no anchor; the index's canton Cbàiel is not found"
onnerswiller,,,,,Onnerswiller,,,,FR,unlocated,low,
onnes-ct-vii-i-canton-d-ilaroue,48.48773,6.20358,,2989275,Onnes-ct-Viï!ï'; canton d'Ilaroué,,,,FR,geonames,medium,"exact name, no anchor"
orioncourt,48.36667,6.51194,Q960079,,Ortoncourt,Ortoncourt,Ortoncourt,,FR,wikidata,high,0.95 near the index's canton (9 km)
osenbaeh,49.50894,7.08787,,,Osenbaeh,,,,FR,hist_map,medium,ambiguous without an anchor (2 spots); the index's commune AIsweiler is not found
ottange,49.44222,6.01833,Q22010,,Ottange,Ottange,Ottange,,FR,wikidata,high,1.00 near the index's canton (17 km)
ottonville,49.21833,6.52111,Q22374,,Ottonville,Ottendorf,Ottonville,,FR,hist_map,high,1.00 near the index's canton (4 km)
ouderen,49.37942,6.32729,,2989054,Ouderen,,,,FR,geonames,high,0.95 near the index's canton (8 km)
oulrancourt,48.19572,5.89745,Q71808713,,Outrancourt,,Outrancourt,,FR,wikidata,high,1.00 near the index's canton (5 km); 55 km from its district
oulrclean,,,,,Oulrclean,,,,FR,unlocated,low,
outrcmonl,47.925,6.48333,,,Outrcmonl,,,,FR,approximate,low,not in Wikidata/GeoNames; placed at its commune Val-d'Ajol
outremont,48.94662,6.51155,,2988930,Outremont,,,,FR,geonames,high,1.00 near the index's commune (2 km)
pachlen,49.356,6.71134,Q2045422,,Pachten,Pachten,Pachten,,FR,hist_map,high,1.00 near the index's commune (5 km)
padoux,48.28,6.56972,Q1417353,,Padoux,Padoux,Padoux,,FR,wikidata,high,1.00 near the index's canton (14 km)
pagny-sur-moselle,48.98333,6.02139,Q597800,,Pagny-sur-Moselle,Pagny-sur-Moselle,Pagny-sur-Moselle,パニー＝シュル＝モセル,FR,wikidata,high,1.00 near the index's canton (9 km)
paire-le-bam,48.18893,6.94365,,12315007,Paire (le) bam,,,,FR,geonames,medium,0.89 near the index's commune (7 km)
pajaille,48.36519,6.86118,,,Pajaille,,,,FR,approximate,low,not in Wikidata/GeoNames; placed at its commune Etival
pallegncy,48.29361,6.44472,Q200402,,Pallegney,Pallegney,Pallegney,,FR,wikidata,high,1.00 near the index's canton (4 km)
pange,49.08472,6.35694,Q22936,,Pange,Pange,Pange,,FR,wikidata,medium,ambiguous without an anchor (2 spots)
pannes,48.93306,5.8025,Q1048198,,Pannes,Pannes,Pannes,,FR,wikidata,medium,"exact name, no anchor"
parey-saint-cesaire,48.53111,6.06722,Q195131,,Parey-Saint-Césaire,Parey-Saint-Césaire,Parey-Saint-Césaire,,FR,wikidata,high,1.00 near the index's canton (5 km)
parey-sous-monlfort,48.25167,5.94417,Q969263,,Parey-sous-Montfort,Parey-sous-Montfort,Parey-sous-Montfort,,FR,wikidata,high,1.00 near the index's canton (9 km)
parfondrupt,49.15667,5.7275,Q938654,,Parfondrupt,Parfondrupt,Parfondrupt,,FR,wikidata,medium,"exact name, no anchor; the index's canton Etuin is not found"
parroy,48.6825,6.60083,Q627016,,Parroy,Parroy,Parroy,,FR,wikidata,high,1.00 near the index's canton (13 km)
passavant,47.96861,6.03889,Q923470,,Passavant-la-Rochère,Passavant-la-Rochère,Passavant-la-Rochère,,FR,wikidata,high,1.00 near the index's canton (19 km)
passoncourl,48.3589,6.46889,Q71808760,,Passoncourt,,Passoncourt,,FR,wikidata,high,1.00 near the index's commune (0 km)
pciil-kombach,48.2632,7.20445,,12315764,Pciil-Kombach,,,,FR,geonames,high,0.95 near the index's commune (2 km)
pecaviller,48.01586,6.67389,,12315072,Pecaviller,,,,FR,geonames,low,0.91 near its district's other members (6 km); the index's commune Syndicat-de-Saint-Amé is not found
pelil-bcderchimj,,,,,Pelil-Bcderchimj,,,,FR,unlocated,low,
pelite-rosselle,49.21167,6.8575,Q22383,,Petite-Rosselle,Kleinrosseln,Petite-Rosselle,,FR,hist_map,high,1.00 near the index's canton (4 km)
perl-ou-niederperl,49.47361,6.385,Q662505,,Perl,Perl,Perl,ペルル (モーゼル),DE,wikidata,high,1.00 near the index's canton (19 km)
petil-ei-ci-willer,49.09972,6.74278,,,Petil-Ei>ci>willer,,,,FR,approximate,low,not in Wikidata/GeoNames; placed at its commune Machercn
petil-tenquin,48.98861,6.86139,Q22319,,Petit-Tenquin,Kleintänchen,Petit-Tenquin,,FR,hist_map,high,1.00 near the index's canton (9 km); 52 km from its district
petit-rohrbacli,48.97531,6.8884,,11959331,Petit-Rohrbacli,,,,FR,geonames,medium,0.89 near the index's commune (2 km)
petite-fosse-la,48.32056,7.05333,Q217267,,La Petite-Fosse,La Petite-Fosse,La Petite-Fosse,,FR,wikidata,high,0.95 near the index's canton (5 km)
pevange,48.9075,6.61806,Q21975,,Pévange,Pewingen,Pévange,,FR,hist_map,high,1.00 near the index's canton (12 km)
phalstourg-eh-l-de-canton,,,,,Phalstourg. eh.-l. de canton,,,,FR,unlocated,low,
piblange,49.24667,6.41861,Q22369,,Piblange,Pieblingen,Piblange,,FR,hist_map,high,1.00 near the index's canton (9 km)
picrrevillc,48.54889,6.12194,Q670472,,Pierreville,Pierreville,Pierreville,,FR,wikidata,high,1.00 near the index's canton (7 km)
pierreficte,48.16861,6.17611,Q200394,,Pierreficte,Pierrefitte,Pierrefitte,,FR,wikidata,low,0.91 near its district's other members (8 km)
pierrefort,48.84133,5.9387,,11971119,Pierrefort,,,,FR,geonames,medium,1.00 near its district's other members (27 km); the index's commune Blarli.ncourt is not found
pierreponl,48.26333,6.64889,Q1166302,,Pierrepont-sur-l'Arentèle,Pierrepont-sur-l’Arentèle,Pierrepont-sur-l'Arentèle,,FR,wikidata,high,1.00 near the index's canton (8 km)
pirmascns,49.2,7.6,Q14849,,Pirmasens,Pirmasens,Pirmasens,ピルマゼンス,DE,wikidata,medium,"exact name, no anchor"
pixerecourl,48.7304,6.1804,Q3389470,,Pixerécourt,Pixerécourt,Pixerécourt,,FR,wikidata,high,1.00 near the index's canton (4 km)
plainfaing,48.17222,7.01361,Q903654,,Plainfaing,Plainfaing,Plainfaing,,FR,wikidata,high,1.00 near the index's canton (2 km)
planois,47.98861,6.76722,,,Planois,,,,FR,approximate,low,not in Wikidata/GeoNames; placed at its commune Basse-sur-ie-Rupt
platenges,,,,,Platenges,,,,FR,unlocated,low,
plombieres,47.96639,6.46306,Q84240734,,Plombières-les-Bains,,Plombières-les-Bains,,FR,wikidata,high,1.00 near the index's canton (0 km)
pomern,,,,,Pomern,,,,FR,unlocated,low,
pompey,48.76806,6.1275,Q212966,,Pompey,Pompey,Pompey,,FR,wikidata,high,1.00 near the index's canton (9 km)
pompierre,48.26083,5.67278,Q227626,,Pompierre,Pompierre,Pompierre,,FR,rule,high,"Pompierre, canton de Neufchâteau (Vosges), Pontpierre in the list (entry 124); not Pontpierre in the Moselle"
ponl-tei-bonfays,48.16889,6.13278,Q1414102,,Pont-lès-Bonfays,Pont-lès-Bonfays,Pont-lès-Bonfays,,FR,wikidata,medium,0.93 near the index's canton (11 km)
ponlpierre,49.04167,6.64222,Q22257,,Pontpierre,Steinbiedersdorf,Pontpierre,,FR,hist_map,high,1.00 near the index's canton (3 km)
pont,48.00607,6.62873,Q130613261,,Pont,,Pont,,FR,wikidata,medium,1.00 near its district's other members (3 km); the index's commune Dominartin (ftemiremont is not found
pont-saint-vincent,48.605,6.09722,Q1049800,,Pont-Saint-Vincent,Pont-Saint-Vincent,Pont-Saint-Vincent,,FR,wikidata,high,1.00 near the index's canton (12 km)
pont-sur-hadon,,,,,Pont-sur-Hadon,,,,FR,unlocated,low,
pont-sur-meuse,48.80167,5.54806,Q1385089,,Pont-sur-Meuse,Pont-sur-Meuse,Pont-sur-Meuse,,FR,wikidata,medium,"exact name, no anchor; the index's canton Comroercy is not found"
pontigny,49.1473,6.41776,Q16510446,,Pontigny,Niedbrücken,Pontigny,,FR,hist_map,high,1.00 near the index's commune (1 km)
portieux,48.59222,6.33333,,,Portieux,,,,FR,approximate,low,the stud farm (jumenterie) of Portieux at Rosières-aux-Salines (the index); not the village of Portieux
portieux-charmes,48.34389,6.34472,Q836332,,Portieux,Portieux,Portieux,,FR,wikidata,medium,"exact name, no anchor"
pournoy-la-chelive,49.01972,6.15556,Q21924,,Pournoy-la-Chétive,Pournoy-la-Chétive,Pournoy-la-Chétive,,FR,wikidata,high,1.00 near the index's canton (4 km)
poussay,48.32056,6.12389,Q224274,,Poussay,Poussay,Poussay,,FR,wikidata,medium,"exact name, no anchor; the index's canton Blirecourt is not found"
pouxeux,48.10778,6.56639,Q201758,,Pouxeux,Pouxeux,Pouxeux,,FR,wikidata,high,1.00 near the index's canton (10 km)
praye,48.43444,6.10639,Q728571,,Praye,Praye,Praye,,FR,wikidata,high,1.00 near the index's canton (6 km)
pre-derriere,47.89445,6.77763,,12315109,Pré-Derrière,,,,FR,geonames,high,0.95 near the index's commune (1 km)
preny,48.97806,5.99694,Q213641,,Prény,Prény,Prény,プレニー,FR,wikidata,high,1.00 near the index's canton (9 km)
prey,48.17889,6.68556,Q604511,,Prey,Prey,Prey,,FR,wikidata,high,1.00 near the index's canton (4 km)
prieure-de-liesse,,,,,Prieuré de liesse,,,,,unlocated,low,
provencheres,48.3075,7.07861,Q1159036,,Provenchères-sur-Fave,Provenchères-sur-Fave,Provenchères-sur-Fave,,FR,wikidata,high,1.00 near the index's canton (5 km)
provostship-amance,48.75417,6.27972,,,Prévôté d'Amance,,,,,territory,medium,seat: amance
provostship-arches,48.11833,6.5275,,,Prévôté d'Arches,,,,,territory,medium,seat: arches
provostship-azerailles,48.48806,6.69444,,,Prévôté d'Azerailles,,,アズレイユ代官区,,territory,medium,seat: azerailles
provostship-bruyeres,48.20833,6.71861,,,Prévôté de Bruyères,,,ブリュイエール代官区,,territory,medium,seat: bruyeres
provostship-charmes,48.39008,6.24053,,,Prévôté de Charmes,,,,,territory,medium,centre of 20 located member(s)
provostship-chatenois-et-neufchateau,48.30278,5.83222,,,Prévôté de Châtenois et Neufchâteau,,,,,territory,medium,seat: chatenois
provostship-conde-sierck,49.22329,6.43043,,,Prévôté de Condé (Sierck),,,,,territory,medium,centre of 9 located member(s)
provostship-darney,48.085,6.04583,,,Prévôté de Darney,,,ダルネー代官区,,territory,medium,seat: darncy
provostship-deneuvre,48.44333,6.73639,,,Prévôté de Deneuvre,,,,,territory,medium,seat: deneuvre
provostship-dompaire-et-valfroicourt,48.22167,6.22222,,,Prévôté de Dompaire et Valfroicourt,,,,,territory,medium,seat: dompairc
provostship-einville,48.655,6.48722,,,Prévôté d'Einville,,,,,territory,medium,seat: einvillc
provostship-gondreville,48.69306,5.96056,,,Prévôté de Gondreville,,,,,territory,medium,seat: gondrcville
provostship-keltern-ostern,49.52336,7.1118,,,Prévôté de Keltern-Ostern,,,,,territory,medium,centre of 36 located member(s)
provostship-luneville,48.58944,6.50167,,,Prévôté de Lunéville,,,リュネヴィル代官区,,territory,medium,seat: lunevihc
provostship-mirecourt-et-remoncourt,48.29861,6.13028,,,Prévôté de Mirecourt et Remoncourt,,,ミルクール代官区,,territory,medium,seat: mirecourt
provostship-nancy,48.69278,6.18361,,,Prévôté de Nancy,,,ナンシー代官区,,territory,medium,seat: nancy
provostship-preny,48.97806,5.99694,,,Prévôté de Prény,,,プレニー代官区,,territory,medium,seat: preny
provostship-rimling,49.09611,7.26417,,,Prévôté de Rimling,,,,,territory,medium,seat: rimling
provostship-rosieres,48.48487,6.40906,,,Prévôté de Rosières,,,,,territory,medium,centre of 52 located member(s)
provostship-saint-die,48.28417,6.94917,,,Prévôté de Saint-Dié,,,サン＝ディエ＝デ＝ヴォージュ代官区,,territory,medium,seat: saint-die
provostship-sierck,49.4425,6.36028,,,Prévôté de Sierck,,,,,territory,medium,seat: sierck
provostship-sierck-prevote-propre,49.39393,6.44561,,,Prévôté de Sierck (prévôté propre),,,,,territory,medium,centre of 22 located member(s)
provostship-tantimont,48.38166,6.19528,,,Prévôté de Tantimont,,,,,territory,medium,centre of 4 located member(s)
pubas,47.9889,6.72771,,12315080,Pubas,,,,FR,geonames,medium,"exact name, no anchor"
pulligny,48.54194,6.14139,Q1099419,,Pulligny,Pulligny,Pulligny,,FR,wikidata,high,1.00 near the index's canton (7 km)
pulligny-chateau-salins,48.8525,6.55139,Q21717,,Puttigny,Püttingen,Puttigny,,FR,hist_map,high,1.00 near the index's canton (5 km)
pulney,48.39861,6.03361,Q1098894,,Pulney,Pulney,Pulney,,FR,wikidata,medium,"exact name, no anchor"
pulnoy,48.70111,6.25833,Q220904,,Pulnoy,Pulnoy,Pulnoy,,FR,wikidata,high,1.00 near the index's canton (6 km)
pultelange-les-sarralbe,49.05252,6.92791,,2985028,Pultelange-lès-Sarralbe,,,,FR,geonames,high,1.00 near the index's canton (10 km)
putlegney,48.15236,6.24975,,,Putlegney,,,,FR,approximate,low,a hamlet of Harol (the index)
puxe,48.46357,6.01165,,11971559,Puxe,,,,FR,geonames,high,1.00 near the index's commune (1 km)
puzieux,48.33278,6.0975,Q839934,,Puzieux,Puzieux,Puzieux,,FR,wikidata,medium,1.00 near its district's other members (7 km); the index's canton Blirecourt is not found
quebrux,48.24074,7.08823,,12314995,Québrux,,,,FR,geonames,medium,1.00 near its district's other members (4 km)
quessonviller,47.91528,5.5425,,,Quessonviller,,,,FR,approximate,low,not in Wikidata/GeoNames; placed at its commune Celles; 85 km from its district
quevilloncourt,48.4725,6.09944,Q926122,,Quevilloncourt,Quevilloncourt,Quevilloncourt,,FR,wikidata,high,1.00 near the index's canton (2 km)
r-benville,48.33417,5.70361,Q1097035,,Rebeuville,Rebeuville,Rebeuville,,FR,wikidata,medium,0.90 near the index's canton (2 km)
racecourl,48.2575,6.18889,Q902839,,Racécourt,Racécourt,Racécourt,,FR,wikidata,high,1.00 near the index's canton (5 km)
racrange,48.92278,6.67333,Q22407,,Racrange,Rakringen,Racrange,,FR,hist_map,high,1.00 near the index's canton (8 km)
rainbucouri,,,,,Rainbucouri,,,,FR,unlocated,low,
rainville,48.35778,5.88444,Q266513,,Rainville,Rainville,Rainville,,FR,wikidata,medium,1.00 near its district's other members (6 km)
ramecourt,48.31083,6.10028,Q1462324,,Ramecourt,Ramecourt,Ramecourt,,FR,wikidata,high,1.00 near the index's canton (3 km)
ramonchamp,47.89167,6.73972,Q199653,,Ramonchamp,Ramonchamp,Ramonchamp,,FR,wikidata,high,1.00 near the index's canton (0 km)
rancourt,48.22083,6.10833,Q1461100,,Rancourt,Rancourt,Rancourt,,FR,wikidata,high,1.00 near the index's canton (12 km)
ranfaing,48.04944,6.57972,,,Ranfaing,,,,FR,approximate,low,not in Wikidata/GeoNames; placed at its commune Saint-Nabord
ransctiborn,,,,,Ransctiborn,,,,FR,unlocated,low,
rantmelfangen,49.3314,6.63306,Q1542603,,Rammelfangen,Rammelfangen,Rammelfangen,,FR,hist_map,medium,0.88 near the index's commune (2 km)
rantse-iidt,,,,,Rantse/iidt,,,,FR,unlocated,low,
raon-aux-bois,48.05667,6.52111,Q752798,,Raon-aux-Bois,Raon-aux-Bois,Raon-aux-Bois,,FR,wikidata,high,1.00 near the index's canton (7 km)
raon-l-eiape,48.4068,6.8438,Q84244324,,Raon-l'Étape,Raon-l’Étape,Raon-l'Étape,,FR,wikidata,medium,0.90 near the index's canton (0 km)
rappweiler,49.54086,6.79791,,,Rappweiler,,,,LU,hist_map,medium,1.00 near its district's other members (26 km)
rathcn,49.55,6.91667,,,Rathen,,,,DE,hist_map,high,1.00 near the index's commune (8 km)
raulccourt,48.815,5.7325,Q83261560,,Raulecourt,,Raulecourt,,FR,wikidata,high,1.00 near the index's canton (16 km)
raumont,,,,,Raumont,,,,FR,unlocated,low,the index's commune Lnvcline is not found
raves,48.26306,7.05,Q217744,,Raves,Raves,Raves,,FR,wikidata,high,1.00 near the index's canton (8 km)
raville,48.65083,6.4975,Q976024,,Raville-sur-Sânon,Raville-sur-Sânon,Raville-sur-Sânon,,FR,wikidata,high,1.00 near the index's canton (7 km)
razey,48.04556,6.40611,,,Razey,,,,FR,approximate,low,not in Wikidata/GeoNames; placed at its commune Xerligny
rclmont,48.08583,6.01139,Q626997,,Belmont-lès-Darney,Belmont-lès-Darney,Belmont-lès-Darney,,FR,wikidata,high,0.95 near the index's canton (7 km)
rcssoneourt,48.84389,5.75861,,,Rcssoneourt,,,,FR,approximate,low,not in Wikidata/GeoNames; placed at its commune Rambucourt
reblangollc,48.10333,6.27056,,,Reblangollc,,,,FR,approximate,low,not in Wikidata/GeoNames; placed at its commune Charmois-rOrgueilleux
rech,49.45311,6.603,,,Rech,,,,FR,hist_map,medium,ambiguous without an anchor (2 spots); the index's commune Iltlbringen is not found
rech-241,49.45311,6.603,,,Rech,,,,FR,hist_map,low,ambiguous without an anchor (2 spots)
reclonville,48.54056,6.72806,Q1097055,,Réclonville,Réclonville,Réclonville,,FR,wikidata,low,"exact name, no anchor; 66 km from the index's canton B.'àmont"
regneville,47.98528,5.97083,Q199696,,Regnévelle,Regnévelle,Regnévelle,,FR,wikidata,medium,0.90 near the index's canton (5 km)
regney,48.28972,6.30472,Q770772,,Regney,Regney,Regney,,FR,wikidata,high,1.00 near the index's canton (10 km)
regnievillc,48.9093,5.92812,Q3423670,,Regniéville,Regniéville,Regniéville,,FR,wikidata,medium,"exact name, no anchor"
rehaincourt,48.36194,6.46917,Q920245,,Rehaincourt,Rehaincourt,Rehaincourt,,FR,wikidata,high,1.00 near the index's canton (8 km)
rehainviller,48.56083,6.46889,Q611279,,Rehainviller,Rehainviller,Rehainviller,,FR,wikidata,high,1.00 near the index's canton (8 km)
rehaupal,48.11944,6.73194,Q903460,,Rehaupal,Rehaupal,Rehaupal,,FR,wikidata,high,1.00 near the index's canton (12 km)
reheray,48.50917,6.76694,Q1046719,,Reherrey,Reherrey,Reherrey,,FR,wikidata,medium,0.89 near the index's canton (7 km)
reherrey,47.99861,6.64306,,,Reherrey,,,,FR,approximate,low,not in Wikidata/GeoNames; placed at its commune Dommarlin (near its district)
rehlingen,49.36861,6.67861,Q552797,,Rehlingen,Rehlingen,Rehlingen,,DE,hist_map,high,1.00 near the index's canton (8 km)
rehlingen-nillel,49.62321,6.4301,Q106619185,,Rehlingen,Rehlingen,Rehlingen,,FR,hist_map,high,1.00 near the index's commune (3 km)
reillon,48.59833,6.74333,Q430549,,Reillon,Reillon,Reillon,,FR,wikidata,high,1.00 near the index's canton (7 km)
reimsbach,49.45066,6.76651,Q2140235,,Reimsbach,Reimsbach,Reimsbach,,DE,hist_map,high,1.00 near the index's commune (5 km)
reitseheid,49.5289,7.21944,Q1435150,,Reitscheid,Reitscheid,Reitscheid,,FR,hist_map,high,1.00 near the index's commune (3 km)
relanges,48.11278,6.01583,Q732896,,Relanges,Relanges,Relanges,,FR,wikidata,high,1.00 near the index's canton (4 km)
relhei,,,,,Relhei,,,,FR,unlocated,low,
relincourt,48.94345,5.55111,,,Relincourt,,,,FR,approximate,low,not in Wikidata/GeoNames; placed at its commune Spada
remanvillcrs,47.90093,6.72454,,12305960,Remanvillcrs,,,,FR,geonames,high,1.00 near the index's commune (1 km)
rembaville,48.17222,6.87944,,,Rembaville,,,,FR,approximate,low,a village of Corcieux (the index)
remclfang,49.27056,6.50972,Q22365,,Rémelfang,Remelfangen,Rémelfang,,FR,hist_map,high,1.00 near the index's canton (3 km)
remcring,49.03556,6.93944,Q22334,,Rémering,Remeringen,Rémering-lès-Puttelange,,FR,hist_map,high,1.00 near the index's canton (8 km)
remelange,49.30839,6.10905,Q16674339,,Rémelange,Rémelange,Rémelange,,FR,wikidata,high,1.00 near the index's commune (1 km)
remelfing,49.09167,7.09222,Q22190,,Rémelfing,Remelfingen,Rémelfing,,FR,hist_map,high,1.00 near the index's canton (3 km)
remeling,49.40722,6.4875,Q22168,,Rémeling,Rumelingen,Rémeling,,FR,hist_map,high,1.00 near the index's canton (10 km)
rememont,48.25048,6.99386,,12314990,Remémont,,,,FR,geonames,medium,"exact name, no anchor"
remenauville,,,,,Réménauville',Remenoville,Remenoville,,FR,unlocated,low,"its match Q777210 went to remenoville, whose name fits it better"
remenoville,48.46306,6.47389,Q777210,,Remenoville,Remenoville,Remenoville,,FR,wikidata,high,1.00 near the index's canton (4 km)
remering,49.26472,6.62861,Q22375,,Rémering-lès-Bouzonville,Reimeringen,Rémering,,FR,hist_map,high,1.00 near the index's canton (7 km)
remicourt,48.67306,6.15472,,,Remicourt,,,,FR,approximate,low,not in Wikidata/GeoNames; placed at its commune Villers-lès-Nancy
remicourt-mirecourt,48.285,6.05889,Q1461842,,Remicourt,Remicourt,Remicourt,,FR,wikidata,high,1.00 near the index's canton (5 km)
remiremont,48.01694,6.59,Q504853,,Remiremont,Remiremont,Remiremont,ルミルモン,FR,wikidata,high,1.00 near the index's canton (0 km)
remois,48.28798,5.84781,Q71809229,,Rémois,,Rémois,,FR,wikidata,high,1.00 near the index's canton (2 km)
remoiville,49.44333,5.36028,Q981885,,Remoiville,Remoiville,Remoiville,,FR,wikidata,high,1.00 near the index's canton (8 km)
remomeix,48.26889,7.00111,Q589265,,Remomeix,Remomeix,Remomeix,,FR,wikidata,high,1.00 near the index's canton (4 km)
remoncourt,48.22944,6.05167,Q1455570,,Remoncourt,Remoncourt,Remoncourt,,FR,wikidata,high,1.00 near the index's canton (8 km)
remoncourt-blamont,48.65917,6.73667,Q1047248,,Remoncourt,Remoncourt,Remoncourt,,FR,wikidata,high,1.00 near the index's canton (11 km)
removille,48.36167,5.83917,Q223506,,Removille,Removille,Removille,,FR,wikidata,high,1.00 near the index's canton (7 km)
renauvoid,48.14361,6.38333,Q902600,,Renauvoid,Renauvoid,Renauvoid,,FR,wikidata,medium,"exact name, no anchor; the index's canton £pinal is not found"
rennegoutte,48.17222,6.87944,,,Rennegoutte,,,,FR,approximate,low,not in Wikidata/GeoNames; placed at its commune Coreieux
repaix,48.60778,6.83278,Q192750,,Repaix,Repaix,Repaix,,FR,wikidata,high,1.00 near the index's canton (2 km)
repel,48.34556,5.9725,Q832306,,Repel,Repel,Repel,,FR,wikidata,high,1.00 near the index's canton (13 km)
reyerswiller,49.03963,7.39776,,2983793,Reyerswiller,,,,FR,geonames,low,"exact name, no anchor; 74 km from the index's canton Bibiche"
ricbeling-ou-richling,49.02944,6.96056,Q22252,,Richeling,Richelingen,Richeling,,FR,hist_map,medium,0.94 near the index's canton (6 km)
richardmenil,48.59472,6.16972,Q1096582,,Richardménil,Richardménil,Richardménil,,FR,wikidata,medium,"exact name, no anchor"
riche,48.89083,6.62778,Q22372,,Riche,Rich,Riche,,FR,hist_map,high,1.00 near the index's canton (12 km)
richecourt,48.87972,5.76111,Q1157857,,Richecourt,Richecourt,Richecourt,,FR,wikidata,medium,"exact name, no anchor"
riedelberg,49.17778,7.44694,Q566915,,Riedelberg,Riedelberg,Riedelberg,,DE,hist_map,high,1.00 near the index's canton (6 km)
rilly-sous-les-cotes,49.009,5.69,Q16304352,,Billy-sous-les-Côtes,Billy-sous-les-Côtes,Billy-sous-les-Côtes,,FR,wikidata,high,0.95 near the index's canton (3 km); was 40 km away
rimling,49.09611,7.26417,Q22292,,Rimling,Rimling,Rimling,,FR,hist_map,high,1.00 near the index's canton (7 km)
rinting,48.72249,6.99617,Q107300771,,Renting,,,,FR,hist_map,medium,0.86 near the index's commune (1 km)
ripplingen,49.45851,6.59743,,,Ripplingen,,,,FR,hist_map,high,1.00 near the index's commune (2 km)
ritzing,49.43611,6.46111,Q22408,,Ritzing,Ritzing,Ritzing,,FR,hist_map,high,1.00 near the index's canton (7 km)
rlamont,48.58972,6.84222,Q457569,,Blâmont,Blâmont,Blâmont,ブラモン,FR,wikidata,medium,"exact name, no anchor; the index's canton Rlàmont is not found"
robache,48.30719,6.95615,Q28040630,,Robache,,,,FR,wikidata,high,1.00 near the index's commune (3 km)
robecourt,48.14139,5.6975,Q1455159,,Robécourt,Robécourt,Robécourt,,FR,wikidata,medium,"exact name, no anchor"
rochesson,48.02222,6.78611,Q339751,,Rochesson,Rochesson,Rochesson,,FR,wikidata,medium,"exact name, no anchor; the index's canton Saulxtires is not found"
rodalbe,48.90833,6.70278,Q21771,,Rodalbe,Rodalbe,Rodalbe,,FR,hist_map,high,1.00 near the index's canton (12 km)
rode,48.91743,6.61465,Q22079408,,Rode-lès-Morhange,,Rode,,FR,hist_map,high,1.00 near the index's commune (2 km)
rodelach,49.34103,6.46707,Q3438201,,Rodlach,Rodlach,Rodlach,,FR,hist_map,high,0.95 near the index's commune (2 km)
roden,49.3167,6.75,Q2160979,,Roden,Roden,Roden,,FR,hist_map,high,1.00 near the index's commune (1 km)
rohr,49.05167,7.42528,,,Rohr,,,,FR,approximate,low,a hamlet absorbed by the town of Bitche (the index)
rohrbaeh,49.04528,7.265,Q22028,,Rohrbach,Rohrbach,Rohrbach-lès-Bitche,,FR,hist_map,high,1.00 near the index's canton (0 km)
rolbing,49.17167,7.43972,Q21944,,Rolbing,Rolbingen,Rolbing,,FR,hist_map,high,1.00 near the index's canton (8 km)
rollamville,48.36194,5.73889,Q211762,,Rollainville,Rollainville,Rollainville,,FR,wikidata,medium,0.87 near the index's canton (3 km)
romain,48.5158,6.35874,Q109573795,,Romain,,Romain,,FR,wikidata,high,1.00 near the index's canton (6 km)
romont,48.35667,6.58611,Q204431,,Romont,Romont,Romont,,FR,wikidata,high,1.00 near the index's canton (4 km)
ronchiere-liai,,,,,Ronchiere liai,,,,FR,unlocated,low,
roncourt,48.235,5.75583,Q16673178,,Roncourt,,Roncourt,,FR,wikidata,high,1.00 near the index's canton (7 km)
roppwiller,49.10222,7.50861,Q22004,,Roppeviller,Roppweiler,Roppeviller,,FR,hist_map,medium,0.86 near the index's canton (8 km)
rosbruch,49.15861,6.85083,Q21739,,Rosbruck,Roßbrücken,Rosbruck,,FR,hist_map,medium,0.88 near the index's canton (5 km)
rosiere-i-la-ou-larosiere,48.18528,6.78833,,,Rosière i la] ou Larosière,,,,FR,approximate,low,not in Wikidata/GeoNames; placed at its commune la Chapelle
rosieres-en-haye,48.79278,6.00083,Q1098650,,Rosières-en-Haye,Rosières-en-Haye,Rosières-en-Haye,,FR,wikidata,medium,"exact name, no anchor"
rouceux,48.36278,5.69056,Q71808700,,Rouceux,,Rouceux,,FR,wikidata,high,1.00 near the index's canton (1 km)
rougeville,48.26501,6.8846,,12314991,Rougevîlle,,,,FR,geonames,medium,0.90 near the index's commune (2 km)
rouhling,49.13722,7.0025,Q22040,,Rouhling,Ruhlingen,Rouhling,,FR,hist_map,high,1.00 near the index's canton (6 km)
roupeldauge,49.20722,6.46861,Q22367,,Roupeldange,Ruplingen,Roupeldange,,FR,hist_map,medium,0.91 near the index's canton (3 km)
rouveroye,48.04944,6.57972,,,Rouveroye,,,,FR,approximate,low,not in Wikidata/GeoNames; placed at its commune Saitil-Nabord
rouvres-cn-xaintois,48.30972,6.03167,Q832050,,Rouvres-en-Xaintois,Rouvres-en-Xaintois,Rouvres-en-Xaintois,,FR,wikidata,high,1.00 near the index's canton (7 km)
rouvres-la-chetive,48.30806,5.77972,Q1157382,,Rouvres-la-Chétive,Rouvres-la-Chétive,Rouvres-la-Chétive,,FR,wikidata,low,"exact name, no anchor; 48 km from its district; 57 km from the index's canton Chàienois"
rouvrois-sur-mcuse,48.94556,5.51778,Q1414016,,Rouvrois-sur-Meuse,Rouvrois-sur-Meuse,Rouvrois-sur-Meuse,,FR,wikidata,medium,"exact name, no anchor; the index's canton Satul-Mihiel is not found"
royaumeix,48.77806,5.87028,Q1166476,,Royaumeix,Royaumeix,Royaumeix,,FR,wikidata,medium,"exact name, no anchor"
rozelieures,48.45056,6.43444,Q221172,,Rozelieures,Rozelieures,Rozelieures,,FR,wikidata,medium,"exact name, no anchor"
rozerietilles,49.10639,6.08194,Q22193,,Rozérieulles,Rozérieulles,Rozérieulles,,FR,wikidata,medium,0.91 near the index's canton (8 km)
rozeroile,48.24167,6.08139,Q743505,,Rozerotte,Rozerotte,Rozerotte,,FR,wikidata,high,0.95 near the index's canton (11 km)
rrantiguy,48.3425,6.27694,Q1157872,,Brantigny,Brantigny,Brantigny,,FR,wikidata,medium,"exact name, no anchor"
rualmont,,,,,Rualmont,,,,FR,unlocated,low,
ruchlingen,,,,,Ruchlingen,Rehlingen,Rehlingen,,FR,unlocated,low,"its match Q552797 went to rehlingen, whose name fits it better"
rudling,49.45243,6.36914,,,Rudling,Rüdlingen,,,FR,hist_map,high,1.00 near the index's commune (1 km)
ruelle,,,,,Ruelle,,,,FR,unlocated,low,"la Ruelle, of the mairie of Meurthe, prévôté of Saint-Dié (the index gives no commune)"
rugney,48.34722,6.25472,Q200063,,Rugney,Rugney,Rugney,,FR,wikidata,medium,"exact name, no anchor"
rupt,47.92667,6.66278,Q190567,,Rupt-sur-Moselle,Rupt-sur-Moselle,Rupt-sur-Moselle,リュ,FR,wikidata,high,1.00 near the index's canton (7 km)
rupt-les-moivron,,,,,Rupt-lés-Moivron,,,,FR,unlocated,low,
rusieres-aux-saiines,48.59222,6.33333,Q223185,,Rosières-aux-Salines,Rosières-aux-Salines,Rosières-aux-Salines,,FR,wikidata,medium,0.95 near its district's other members (14 km)
rustroff,49.44333,6.37222,Q22164,,Rustroff,Rüsdorf,Rustroff,,FR,hist_map,high,1.00 near the index's canton (1 km)
ruxurieux,48.17535,6.89651,,12315010,Ruxurieux,,,,FR,geonames,medium,"exact name, no anchor; the index's commune Cûrcieux is not found"
ryol,,,,,Ryol,,,,,unlocated,low,
saarec-e,48.79417,7.03417,,,Saarec! e,,,,FR,approximate,low,not in Wikidata/GeoNames; placed at its commune Oberstinzel
saarwellingen,49.35417,6.805,Q32273663,,Saarwellingen,Saarwellingen,Saarwellingen,,DE,hist_map,high,1.00 near the index's canton (6 km)
sachemont,48.13896,6.96802,,2982050,Sachemont,,,,FR,geonames,high,1.00 near the index's commune (4 km)
sadey,48.21933,7.04833,,3009751,Sadey,,,,FR,geonames,high,1.00 near the index's commune (0 km)
saffais,48.55556,6.31167,Q1161653,,Saffais,Saffais,Saffais,,FR,wikidata,medium,"exact name, no anchor"
safframenil,48.11104,6.39136,,12315037,Safframénil,,,,FR,geonames,medium,"exact name, no anchor; the index's commune IVîménil is not found"
sainct-pierre-es-metz,,,,,Sainct-Pierre es Metz,,,,,unlocated,low,
saini-maurice-sous-les-cotes,,,,,Saini-Maurice-sous-les-Côtes,Saint-Maurice-sur-Moselle,Saint-Maurice-sur-Moselle,,FR,unlocated,low,"its match Q837614 went to saint-maurice-ramonchamp, whose name fits it better"
sainl-mard,48.50556,6.30556,Q212770,,Saint-Mard,Saint-Mard,Saint-Mard,,FR,wikidata,high,1.00 near the index's canton (4 km)
sainl-prancher,48.34472,5.95722,Q902724,,Saint-Prancher,Saint-Prancher,Saint-Prancher,,FR,wikidata,high,1.00 near the index's canton (14 km)
sainl-prayel,48.37972,6.91333,,,Sainl-Prayel,,,,FR,approximate,low,not in Wikidata/GeoNames; placed at its commune Moyenmoulier
saint-agnant,48.84214,5.62259,Q25398054,,Saint-Agnant-sous-les-Côtes,Saint-Agnant-sous-les-Côtes,Saint-Agnant-sous-les-Côtes,,FR,wikidata,high,1.00 near the index's canton (8 km)
saint-ame,48.02472,6.66972,Q199623,,Saint-Amé,Saint-Amé,Saint-Amé,,FR,wikidata,high,1.00 near the index's canton (6 km)
saint-aubin,48.70667,5.4425,Q59461,,Saint-Aubin-sur-Aire,Saint-Aubin-sur-Aire,Saint-Aubin-sur-Aire,,FR,wikidata,high,1.00 near the index's canton (13 km); 53 km from its district
saint-avold,49.10417,6.70806,Q22485,,Saint-Avold,Sankt Avold,Saint-Avold,,FR,hist_map,high,1.00 near the index's canton (0 km)
saint-basiemonl,48.15194,5.99306,Q188769,,Saint-Baslemont,Saint-Baslemont,Saint-Baslemont,,FR,wikidata,high,0.95 near the index's canton (8 km)
saint-baussant,48.8925,5.79222,Q388446,,Saint-Baussant,Saint-Baussant,Saint-Baussant,,FR,wikidata,medium,"exact name, no anchor"
saint-benoit,48.986,5.784,Q3461871,,Saint-Benoît-en-Woëvre,Saint-Benoît-en-Woëvre,Saint-Benoît-en-Woëvre,,FR,wikidata,high,1.00 near the index's canton (6 km); was 103 km away
saint-biaise,48.38513,6.87011,Q141144068,,Saint-Blaise,,,,FR,wikidata,medium,0.91 near the index's commune (3 km)
saint-boiug,48.43028,6.4375,Q1049437,,Saint-Boingt,Saint-Boingt,Saint-Boingt,,FR,wikidata,medium,0.86 near the index's canton (10 km)
saint-die,48.28417,6.94917,Q34427,,Saint-Dié-des-Vosges,Saint-Dié-des-Vosges,Saint-Dié-des-Vosges,サン＝ディエ＝デ＝ヴォージュ,FR,wikidata,high,1.00 near the index's canton (0 km)
saint-don,,,,,Saint-Don,,,,FR,unlocated,low,
saint-elophe,48.40966,5.74261,Q71808724,,Saint-Élophe,,Saint-Élophe,,FR,wikidata,high,1.00 near the index's canton (4 km)
saint-epvre,48.67611,5.89444,,,Saint-Epvre,,,,FR,approximate,low,"Saint-Epvre, a suburb of Toul with its abbey (the index)"
saint-etienne,48.02361,6.60444,Q203434,,Saint-Étienne-lès-Remiremont,Saint-Étienne-lès-Remiremont,Saint-Étienne-lès-Remiremont,,FR,wikidata,high,1.00 near the index's canton (1 km)
saint-firmin,48.41917,6.13278,Q1098444,,Saint-Firmin,Saint-Firmin,Saint-Firmin,,FR,wikidata,high,1.00 near the index's canton (6 km)
saint-genest,48.35444,6.52444,Q1378377,,Saint-Genest,Saint-Genest,Saint-Genest,,FR,wikidata,high,1.00 near the index's canton (8 km)
saint-germain,48.43111,6.33889,Q221255,,Saint-Germain,Saint-Germain,Saint-Germain,,FR,wikidata,high,1.00 near the index's canton (5 km)
saint-gorgon,48.32417,6.64833,Q949264,,Saint-Gorgon,Saint-Gorgon,Saint-Gorgon,,FR,wikidata,high,1.00 near the index's canton (3 km)
saint-hippolyte,48.23194,7.37167,Q126283,,Saint-Hippolyte,Sankt Pilt,Saint-Hippolyte,,FR,hist_map,high,1.00 near the index's canton (7 km)
saint-jcan-les-buzy,49.16611,5.72833,Q59466,,Saint-Jean-lès-Buzy,Saint-Jean-lès-Buzy,Saint-Jean-lès-Buzy,,FR,wikidata,high,1.00 near the index's canton (8 km)
saint-jean,48.69278,6.18361,,,Saint-Jean,,,,FR,approximate,low,not in Wikidata/GeoNames; placed at its commune Nancy
saint-jean-d-ormont,48.33306,6.98806,Q1410036,,Saint-Jean-d'Ormont,Saint-Jean-d'Ormont,Saint-Jean-d'Ormont,,FR,wikidata,high,1.00 near the index's canton (7 km)
saint-jean-du-marehe,48.14379,6.68181,Q3462555,,Saint-Jean-du-Marché,Saint-Jean-du-Marché,Saint-Jean-du-Marché,,FR,wikidata,high,1.00 near the index's canton (8 km)
saint-jean-pierrefort,48.84667,5.94639,,,Saint-Jean-Pierrefort,,,,FR,approximate,low,"a hamlet of Martincourt (the index), the one near its district"
saint-jean-rohrbach,49.025,6.88278,Q22410,,Saint-Jean-Rohrbach,Johannsrohrbach,Saint-Jean-Rohrbach,,FR,hist_map,high,1.00 near the index's canton (11 km)
saint-julien,48.81806,5.61333,Q933538,,Saint-Julien-sous-les-Côtes,Saint-Julien-sous-les-Côtes,Saint-Julien-sous-les-Côtes,,FR,wikidata,high,1.00 near the index's canton (6 km)
saint-jure,48.94361,6.21944,Q22287,,Saint-Jure,Saint-Jure,Saint-Jure,,FR,wikidata,high,1.00 near the index's canton (7 km)
saint-laurent,48.1495,6.4528,Q25397947,,Saint-Laurent,Saint-Laurent,Saint-Laurent,サン＝ローラン,FR,wikidata,high,1.00 near the index's canton (3 km)
saint-leonard,48.21639,6.94389,Q1158103,,Saint-Léonard,Saint-Léonard,Saint-Léonard,,FR,wikidata,high,1.00 near the index's canton (5 km)
saint-martin,48.56806,6.75278,Q1049776,,Saint-Martin,Saint-Martin,Saint-Martin,サン＝マルタン,FR,wikidata,high,1.00 near the index's canton (7 km)
saint-maurice,48.38667,6.58361,Q1377800,,Saint-Maurice-sur-Mortagne,Saint-Maurice-sur-Mortagne,Saint-Maurice-sur-Mortagne,,FR,wikidata,high,1.00 near the index's canton (6 km)
saint-maurice-baccarat,48.51028,6.8475,Q515081,,Saint-Maurice-aux-Forges,Saint-Maurice-aux-Forges,Saint-Maurice-aux-Forges,,FR,wikidata,high,1.00 near the index's canton (11 km)
saint-maurice-ramonchamp,47.85778,6.82389,Q837614,,Saint-Maurice-sur-Moselle,Saint-Maurice-sur-Moselle,Saint-Maurice-sur-Moselle,,FR,wikidata,high,1.00 near the index's canton (7 km)
saint-max,48.70111,6.20667,Q607016,,Saint-Max,Saint-Max,Saint-Max,サン＝マクス,FR,wikidata,high,1.00 near the index's canton (2 km)
saint-medard,48.81111,6.63472,Q21731,,Saint-Médard,Sankt Medard,Saint-Médard,,FR,hist_map,high,1.00 near the index's canton (6 km)
saint-menge,48.28889,5.95417,Q1617346,,Saint-Menge,Saint-Menge,Saint-Menge,,FR,wikidata,high,1.00 near the index's canton (13 km)
saint-nabord,48.04944,6.57972,Q186880,,Saint-Nabord,Saint-Nabord,Saint-Nabord,,FR,wikidata,high,1.00 near the index's canton (4 km)
saint-nicolas,48.63083,6.30222,Q125278,,Saint-Nicolas-de-Port,Saint-Nicolas-de-Port,Saint-Nicolas-de-Port,サン＝ニコラ＝ド＝ポール,FR,wikidata,high,1.00 near the index's canton (0 km); was 78 km away
saint-paul,48.32889,5.89,Q214641,,Saint-Paul,Saint-Paul,Saint-Paul,,FR,wikidata,medium,ambiguous without an anchor (3 spots)
saint-pierremont,48.43778,6.57667,Q198705,,Saint-Pierremont,Saint-Pierremont,Saint-Pierremont,サン ピエールモン,FR,wikidata,high,1.00 near the index's canton (11 km)
saint-prival-ia-montagne,47.92083,6.59167,Q901477,,Saint-Prival-Ia-Montagne,La Montagne,La Montagne,,FR,wikidata,low,ambiguous without an anchor (2 spots); the index's canton Rriey is not found
saint-privat,49.08776,6.15374,Q71808996,,Saint-Privat,,Saint-Privat,,FR,wikidata,high,1.00 near the index's commune (1 km)
saint-rcmy,49.04667,5.60139,Q1617460,,Saint-Remy-la-Calonne,Saint-Remy-la-Calonne,Saint-Remy-la-Calonne,サン＝レミ＝ラ＝キャロンヌ,FR,wikidata,high,1.00 near the index's canton (6 km)
saint-remimont,48.49806,6.24972,Q371623,,Saint-Remimont,Saint-Remimont,Saint-Remimont,,FR,wikidata,high,1.00 near the index's canton (6 km)
saint-remimont-buigneville,48.24472,5.89889,Q656050,,Saint-Remimont,Saint-Remimont,Saint-Remimont,,FR,wikidata,high,1.00 near the index's canton (6 km)
saint-remy,48.34694,6.82778,Q217639,,Saint-Remy,Saint-Remy,Saint-Remy,,FR,wikidata,high,1.00 near the index's canton (7 km)
saint-remy-aux-bois,48.41583,6.39333,Q1046724,,Saint-Rémy-aux-Bois,Saint-Rémy-aux-Bois,Saint-Rémy-aux-Bois,,FR,wikidata,high,1.00 near the index's canton (9 km)
saint-sauveur,48.53389,6.97361,Q227488,,Saint-Sauveur,Saint-Sauveur,Saint-Sauveur,,FR,hist_map,high,1.00 near the index's canton (15 km)
saint-vallier,48.27917,6.315,Q526414,,Saint-Vallier,Saint-Vallier,Saint-Vallier,,FR,wikidata,high,1.00 near the index's canton (9 km)
saintc-marie-aux-mines,48.24667,7.18389,Q500400,,Sainte-Marie-aux-Mines,Sainte-Marie-aux-Mines,Sainte-Marie-aux-Mines,,FR,wikidata,high,1.00 near the index's canton (0 km)
sainte-croix-aux-mines,48.26222,7.22528,Q83242,,Sainte-Croix-aux-Mines,Sainte-Croix-aux-Mines,Sainte-Croix-aux-Mines,,FR,wikidata,high,1.00 near the index's canton (4 km)
sainte-genevieve,48.87028,6.11556,Q1096573,,Sainte-Geneviève,Sainte-Geneviève,Sainte-Geneviève,,FR,wikidata,high,1.00 near the index's canton (6 km)
sainte-helene,48.29028,6.65667,Q188992,,Sainte-Hélène,Sainte-Hélène,Sainte-Hélène,,FR,wikidata,high,1.00 near the index's canton (10 km)
sainte-marguerite,48.26917,6.97639,Q337804,,Sainte-Marguerite,Sainte-Marguerite,Sainte-Marguerite,,FR,wikidata,high,1.00 near the index's canton (3 km)
sainte-marie,,,,,Sainte-Marie,Saint-Maurice-sur-Mortagne,Saint-Maurice-sur-Mortagne,,FR,unlocated,low,"its match Q1377800 went to saint-maurice, whose name fits it better"
sainte-marie-au-bois,,,,,Sainte-Marie-au-Bois,Sainte-Marie-aux-Chênes,Sainte-Marie-aux-Chênes,,FR,unlocated,low,"its match Q22258 went to sainte-marie-aux-chenes, whose name fits it better"
sainte-marie-aux-chenes,49.19167,6.00222,Q22258,,Sainte-Marie-aux-Chênes,Sainte-Marie-aux-Chênes,Sainte-Marie-aux-Chênes,,FR,wikidata,high,1.00 near the index's canton (8 km)
sainte-ruffine,49.10528,6.09556,Q22264,,Sainte-Ruffine,Sainte-Ruffine,Sainte-Ruffine,,FR,wikidata,high,1.00 near the index's canton (9 km)
saizerais,48.79028,6.04417,Q592439,,Saizerais,Saizerais,Saizerais,,FR,wikidata,medium,"exact name, no anchor"
salivai,48.8028,6.56639,Q3469824,,Salival,Salival,Salival,,FR,wikidata,medium,0.86 near the index's canton (5 km)
salonne,48.79111,6.49611,Q21994,,Salonnes,Salonnes,Salonnes,,FR,hist_map,medium,0.93 near the index's canton (4 km)
saltzbronn,49.00136,7.04146,,,Saltzbronn,Salzbronn,,,FR,hist_map,medium,"exact name, no anchor; the index's commune Snrralbe is not found"
sam-bey,,,,,Sam-bey,,,,FR,unlocated,low,
san-bouryon,,,,,San Bouryon,,,,FR,unlocated,low,
san-de-chaste,,,,,San de Chaste!,,,,FR,unlocated,low,
san-de-la-seine,,,,,San de la Seine,,,,FR,unlocated,low,
san-de-vezin,,,,,San de Vezin,,,,FR,unlocated,low,
san-saini-symphorien,,,,,San Sainî-Symphorien,,,,FR,unlocated,low,
san-saint-pierre,,,,,San Saint-Pierre,,,,FR,unlocated,low,
sandaucourt,48.26361,5.84611,Q609070,,Sandaucourt,Sandaucourt,Sandaucourt,,FR,wikidata,high,1.00 near the index's canton (6 km)
sanzey,48.77139,5.83833,Q1096609,,Sanzey,Sanzey,Sanzey,,FR,wikidata,high,1.00 near the index's canton (11 km)
sapais,48.01972,6.7575,Q921057,,Sapois,Sapois,Sapois,,FR,wikidata,medium,"exact name, no anchor"
sarrallk,,,,,SarrallK?,,,,FR,unlocated,low,the index's canton SarrallK? is not found
sarraltroff,48.77389,7.06278,Q22042,,Sarraltroff,Saaraltdorf,Sarraltroff,,FR,hist_map,high,1.00 near the index's canton (9 km)
sarrebourg,48.73472,7.05389,Q22544,,Sarrebourg,Saarburg,Sarrebourg,,FR,hist_map,high,1.00 near the index's canton (0 km)
sarreguemines,49.11056,7.06722,Q22642,,Sarreguemines,Saargemünd,Sarreguemines,,FR,hist_map,high,1.00 near the index's canton (0 km)
sarreinsming,49.08889,7.10861,Q22044,,Sarreinsming,Saareinsmingen,Sarreinsming,,FR,hist_map,medium,"exact name, no anchor"
sartes,48.24528,5.67639,Q223564,,Sartes,Sartes,Sartes,,FR,wikidata,high,1.00 near the index's canton (12 km); 58 km from its district
sauceray,48.32219,6.89024,,,Sauceray,,,,FR,approximate,low,not in Wikidata/GeoNames; placed at its commune Sain'-Mtchel (near its district)
sauley,48.23639,6.95972,Q1410001,,Saulcy-sur-Meurthe,Saulcy-sur-Meurthe,Saulcy-sur-Meurthe,,FR,wikidata,high,1.00 near the index's canton (5 km)
sauli,47.90744,6.69033,,12315100,Sauli,,,,FR,geonames,high,0.95 near the index's commune (3 km); was 147 km away
saulx-en-voevre,49.06667,5.65,,2975789,Saulx-en-Voévre,,,,FR,geonames,medium,0.92 near the index's canton (4 km)
saulxerotte,48.46972,5.94444,Q221261,,Saulxerotte,Saulxerotte,Saulxerotte,,FR,wikidata,medium,"exact name, no anchor"
saulxures-les-nancy,48.68889,6.24694,Q194407,,Saulxures-lès-Nancy,Saulxures-lès-Nancy,Saulxures-lès-Nancy,,FR,wikidata,high,1.00 near the index's canton (5 km)
saulxures-les-vannes,48.52639,5.80722,Q230251,,Saulxures-lès-Vannes,Saulxures-lès-Vannes,Saulxures-lès-Vannes,,FR,wikidata,medium,1.00 near its district's other members (15 km)
saulxures-lez-bulgneville,48.19722,5.80722,Q214739,,Saulxures-lès-Bulgnéville,Saulxures-lès-Bulgnéville,Saulxures-lès-Bulgnéville,,FR,wikidata,medium,"exact name, no anchor"
savigny,48.35417,6.21917,Q937539,,Savigny,Savigny,Savigny,,FR,wikidata,medium,"exact name, no anchor"
savonnieres-en-voevre,,,,,Savonnières-en-Voévre,,,,FR,unlocated,low,
saxon,48.42592,6.07905,,2975497,Saxon,,,,FR,geonames,high,1.00 near the index's canton (7 km)
scbweyen,49.15861,7.39028,Q22086,,Schweyen,Schweyen,Schweyen,,FR,hist_map,medium,0.89 near the index's canton (5 km); the index's commune I.outzwiller is not found
scharhmorther,,,,,Scharhmorther,,,,FR,unlocated,low,
schaumberg,49.4833,7.03333,,,Schaumberg,,,,FR,approximate,low,not in Wikidata/GeoNames; placed at its commune Tholey
schellembach,49.44251,6.96423,,,Schellembach,,,,FR,hist_map,low,0.92 near its district's other members (4 km)
scheuem,49.4833,7.03333,,,Scheuem,,,,FR,approximate,low,not in Wikidata/GeoNames; placed at its commune Tholey
scheuer-hof,49.4847,6.54064,,,Scheuer-Hof,,,,DE,approximate,low,"Scheuer-Hof, a farm of the village of Nohn (Saarland) that no longer exists (the editor's corrections); not the Scheuer-Hof in Luxembourg. Placed at Nohn"
schmalenthal,48.989,7.4921,Q3475438,,Schmalenthal-lès-Baerenthal,,,,FR,hist_map,high,1.00 near the index's commune (2 km)
schweii,49.12639,7.51194,Q646606,,Schweix,Schweix,Schweix,,DE,hist_map,medium,0.86 near the index's canton (10 km)
schwemmlingen,49.469,6.58977,Q2256833,,Schwemlingen,Schwemlingen,Schwemlingen,,FR,hist_map,high,0.96 near the index's commune (4 km)
schwerdorff,49.36667,6.57528,Q21957,,Schwerdorff,Schwerdorff,Schwerdorff,,FR,wikidata,high,1.00 near the index's canton (9 km)
sctthujen-ou-bctting,49.41626,6.50713,,,Betting,Bettingen,,,FR,hist_map,medium,1.00 near its district's other members (7 km)
searapt,48.18667,7.025,Q116278112,,Scarupt,,Scarupt,,FR,wikidata,medium,0.86 near the index's commune (2 km)
sechamps,48.71583,6.26611,Q818892,,Seichamps,Seichamps,Seichamps,,FR,wikidata,medium,0.94 near the index's canton (7 km)
secitteldingcn,,,,,Secitteldingcn,,,,FR,unlocated,low,
sehndorf,49.4806,6.38917,Q2266381,,Sehndorf,Sehndorf,Sehndorf,,FR,hist_map,high,1.00 near the index's commune (1 km)
sehorbach,49.07917,7.40583,Q22143,,Schorbach,Schorbach,Schorbach,,FR,hist_map,high,1.00 near the index's canton (3 km)
seicheprey,48.87,5.79111,Q1159745,,Seicheprey,Seicheprey,Seicheprey,,FR,wikidata,low,"exact name, no anchor; 67 km from the index's canton Thiaucouri"
seilbach,49.5372,7.03833,Q1662422,,Seilbach,Selbach,,,FR,hist_map,low,0.93 near its district's other members (9 km)
seingbousse,49.11341,6.83186,,2975245,Seingbousse,,,,FR,geonames,high,1.00 near the index's canton (9 km)
selaineourt,48.5,5.96722,Q1389333,,Selaincourt,Selaincourt,Selaincourt,,FR,wikidata,medium,"exact name, no anchor"
senade,48.07921,6.48314,,12315053,Senade,,,,FR,geonames,high,1.00 near the index's commune (1 km)
senenne,48.03278,6.03556,,,Senenne,,,,FR,approximate,low,not in Wikidata/GeoNames; placed at its commune Claudon
senones,48.39528,6.98167,Q839533,,Senones,Senones,Senones,スノーヌ,FR,wikidata,high,1.00 near the index's canton (0 km)
senonges,48.14667,6.06194,Q188981,,Senonges,Senonges,Senonges,,FR,wikidata,high,1.00 near the index's canton (7 km)
senonville,49.07229,5.83214,,2973852,Sponville,,,,FR,geonames,low,"0.84; Q208274 went to sponville, whose name fits it better"
seranville,48.45778,6.51667,Q1046738,,Seranville,Seranville,Seranville,,FR,wikidata,high,1.00 near the index's canton (4 km)
sereoeur,48.25472,6.5325,Q1417947,,Sercœur,Sercœur,Sercœur,,FR,wikidata,high,1.00 near the index's canton (12 km)
serres,48.69,6.4625,Q226414,,Serres,Serres,Serres,,FR,wikidata,high,1.00 near the index's canton (12 km)
seux,48.03334,6.59542,,12315069,Seux,,,,FR,geonames,high,1.00 near the index's commune (1 km)
seuzey,48.98667,5.55806,Q981787,,Seuzey,Seuzey,Seuzey,,FR,wikidata,medium,"exact name, no anchor"
sexey-aux-forges,48.62222,6.0475,Q1159856,,Sexey-aux-Forges,Sexey-aux-Forges,Sexey-aux-Forges,,FR,wikidata,high,1.00 near the index's canton (13 km)
sexey-les-bois,48.71556,6.01944,Q1096594,,Sexey-les-Bois,Sexey-les-Bois,Sexey-les-Bois,,FR,wikidata,high,1.00 near the index's canton (10 km)
sierck,49.4425,6.36028,Q22299,,Sierck,Sierck,Sierck-les-Bains,,FR,hist_map,high,1.00 near the index's canton (0 km)
siersberg,49.3686,6.67861,,,Siersberg,Siersburg,Siersburg,,FR,hist_map,medium,"exact name, no anchor"
siersdorf,49.36787,6.65823,,,Siersdorf,,,,FR,hist_map,high,1.00 near the index's commune (1 km)
siersihal,49.04361,7.34833,Q22307,,Siersthal,Siersthal,Siersthal,,FR,hist_map,medium,0.89 near the index's canton (6 km)
silvingen,49.4231,6.57222,Q1365854,,Silvingen,Silwingen,Silwingen,,FR,hist_map,high,1.00 near the index's commune (4 km)
sinzey,,,,,Sinzey,,,,FR,unlocated,low,
sion,48.42592,6.07905,,,Sion,,,,FR,approximate,low,not in Wikidata/GeoNames; placed at its commune Saxon
sionviller,48.63444,6.53083,Q921226,,Sionviller,Sionviller,Sionviller,,FR,wikidata,high,1.00 near the index's canton (5 km)
sleysspaeh,,,,,Sleysspaeh,,,,FR,unlocated,low,
sntrilte,,,,,Sntrilte,,,,FR,unlocated,low,
soeourt,48.39694,6.24917,Q733172,,Socourt,Socourt,Socourt,,FR,wikidata,medium,"exact name, no anchor"
somir-erviller,48.63194,6.37639,Q1049472,,Sommerviller,Sommerviller,Sommerviller,,FR,wikidata,high,0.95 near the index's canton (10 km)
sommerecoun,48.22583,5.66056,Q1325501,,Sommerécourt,Sommerécourt,Sommerécourt,,FR,wikidata,medium,0.91 near the index's canton (6 km)
sorneville,48.74827,6.41787,Q216905,,Sornéville,Sornéville,Sornéville,,FR,wikidata,high,1.00 near the index's canton (11 km)
sotzeiing,48.86278,6.63611,Q21741,,Sotzeling,Sotzeling,Sotzeling,,FR,hist_map,medium,0.89 near the index's canton (10 km)
sotzweiler,49.4645,7.00061,Q1289410,,Sotzweiler,Sotzweiler,Sotzweiler,,FR,hist_map,high,1.00 near the index's commune (3 km)
soulosse,48.40917,5.73917,Q84243293,,Soulosse,,Soulosse,,FR,wikidata,high,1.00 near the index's canton (4 km)
soulzbach,48.03764,7.20439,,2973995,Soulzbach,,,,FR,geonames,medium,"exact name, no anchor"
souveraincourl,48.47369,6.00807,,11971544,Souveraincourl,,,,FR,geonames,high,1.00 near the index's commune (1 km)
spada,48.94345,5.55111,Q20971199,,Spada,Spada,Spada,スパーダ,FR,wikidata,high,1.00 near the index's canton (6 km)
spadangea,,,,,Spadangea,,,,FR,unlocated,low,
spickeren-ou-speichercn,49.19252,6.96611,,2973857,Spickeren ou Speichercn,,,,FR,geonames,high,1.00 near the index's canton (5 km)
spilzemberg,48.30756,7.04417,Q2971828,,château du Spitzemberg,Spitzenberg,Spitzenberg,,FR,wikidata,medium,0.91 near the index's canton (2 km)
sponville,49.07222,5.83278,Q208274,,Sponville,Sponville,Sponville,,FR,wikidata,high,1.00 near the index's canton (12 km)
srcul-le-y-prevote-de-chutcnois,,,,,Srcul {le)y prévôté de Chûtcnois,,,,FR,unlocated,low,
stanuemiein,,,,,Stanuemiein,,,,FR,unlocated,low,
steinbacb,49.46099,6.9586,Q16294817,,Steinbach,Steinbach,Steinbach,,FR,hist_map,medium,0.89 near the index's commune (7 km)
sterek-hauie,49.39806,6.34972,,,Sterek-Hauie,,,,FR,approximate,low,not in Wikidata/GeoNames; placed at its commune Kerling-lés-Sierck
stoneourt,49.05631,6.41595,Q136533000,,Stoncourt,,,,FR,hist_map,high,1.00 near the index's canton (0 km)
sturzelbronn,49.05694,7.58583,Q22332,,Sturzelbronn,Stürzelbronn,Sturzelbronn,,FR,hist_map,high,1.00 near the index's canton (12 km)
sub-provostship-sierck,49.38164,6.44311,,,Sous-prévôté de Sierck,,,,,territory,medium,centre of 45 located member(s)
suiiit-gangolph,49.4733,6.60861,,,Suiiit-Gangolph',,,,FR,approximate,low,not in Wikidata/GeoNames; placed at its commune Besseringen
sun-de-laistrc,,,,,Sun de Laistrc,,,,FR,unlocated,low,
sur-la-cote,48.19671,6.89339,,12315004,Sur-la-Côte,,,,FR,geonames,medium,0.84 near the index's commune (3 km)
taintrux,48.24972,6.90222,Q1158045,,Taintrux,Taintrux,Taintrux,,FR,wikidata,high,1.00 near the index's canton (5 km)
tannoy,,,,,Tannoy,,,,FR,unlocated,low,
tanton-lle,48.46917,6.13889,Q684302,,Tantonville,Tantonville,Tantonville,タントンヴィル,FR,wikidata,high,0.95 near the index's canton (3 km)
tarquimpol,48.78472,6.75833,Q21823,,Tarquimpol,Tarquimpol,Tarquimpol,,FR,hist_map,high,1.00 near the index's canton (4 km)
tatignecourl,48.26239,6.1675,Q109574826,,Tatignécourt,,Tatignécourt,,FR,wikidata,high,1.00 near the index's commune (0 km)
teling,49.05722,6.66361,Q21845,,Téting,Tetingen,Teting-sur-Nied,,FR,hist_map,high,1.00 near the index's canton (5 km)
temporality-abbey-saint-avold,49.11,6.59458,,,Temporel de l'abbaye de Saint-Avold,,,,,territory,medium,centre of 11 located member(s)
tendon,48.12167,6.67889,Q2047752,,Tendon,Tendon,Tendon,,FR,wikidata,high,1.00 near the index's canton (13 km)
tensch,,,,,Tensch,,,,FR,unlocated,low,the index's commune Giostenquin is not found
tenteling,49.12528,6.93861,Q21853,,Tenteling,Tentelingen,Tenteling,,FR,hist_map,high,1.00 near the index's canton (8 km)
teterchen,49.23194,6.56056,Q21836,,Téterchen,Téterchen,Téterchen,,FR,hist_map,high,1.00 near the index's canton (7 km)
thalecksweiler,49.4493,6.96477,Q2408787,,Thalexweiler,Thalexweiler,Thalexweiler,,DE,rule,high,"Thalexweiler (Eppelborn, then Lebach): Exweiller and Eiweiller in the list (entries 1498, 1513, 1536), Thalecksweiler in the index; not Eiweiler near Heusweiler"
thalfroschen,49.2595,7.57871,Q2408782,,Thalfröschen,Thalfröschen,Thalfröschen,,DE,wikidata,high,1.00 near the index's canton (7 km)
thanville,48.3225,7.35028,Q21460,,Thanvillé,Thanvillé,Thanvillé,,FR,wikidata,medium,"exact name, no anchor"
thaon,48.25051,6.41946,Q21979638,,Thaon-les-Vosges,Thaon-les-Vosges,Thaon-les-Vosges,タオン＝レ＝ヴォージュ,FR,wikidata,high,1.00 near the index's canton (7 km)
theding,49.12833,6.89306,Q22381,,Théding,Thedingen,Théding,,FR,hist_map,high,1.00 near the index's canton (7 km)
thelcy,49.4986,7.02639,Q2416614,,Theley,Theley,Theley,,FR,hist_map,high,1.00 near the index's commune (2 km)
thelod,48.54583,6.04528,Q1159862,,Thélod,Thélod,Thélod,,FR,wikidata,high,1.00 near the index's canton (7 km)
they,48.40444,6.05944,Q1159842,,They-sous-Vaudemont,They-sous-Vaudemont,They-sous-Vaudemont,,FR,wikidata,high,1.00 near the index's canton (9 km)
they-sous-monifort,48.23136,5.98449,,2972910,They-sous-Monifort,,,,FR,geonames,high,0.97 near the index's canton (4 km)
thicourt,48.98889,6.55611,Q21831,,Thicourt,Diedersdorf,Thicourt,,FR,hist_map,high,1.00 near the index's canton (7 km)
thiebaumenil,48.57972,6.62278,Q1096656,,Thiébauménil,Thiébauménil,Thiébauménil,,FR,wikidata,high,1.00 near the index's canton (9 km)
thielouze,48.10886,6.32191,,12315050,Thiélouze,,,,FR,geonames,high,1.00 near the index's commune (3 km)
thietry,48.05444,6.1175,,,Thiétry,,,,FR,approximate,low,not in Wikidata/GeoNames; placed at its commune Hennezel
thimonville,48.95444,6.39639,Q22050,,Thimonville,Thimonville,Thimonville,,FR,wikidata,high,1.00 near the index's canton (15 km)
thin-ville,48.17444,6.83028,,,Thin'ville,,,,FR,approximate,low,a hamlet of Vienville (the index)
thiraucourl,48.2925,6.07278,Q212210,,Thiraucourt,Thiraucourt,Thiraucourt,,FR,wikidata,high,1.00 near the index's canton (4 km)
thisserandie,,,,,Thisserandie,,,,FR,unlocated,low,
tholcy,49.4833,7.03333,Q638618,,Tholey,Tholey,Tholey,,DE,hist_map,high,1.00 near the index's canton (13 km)
tholoy,48.09361,6.18111,,,Tholoy,,,,FR,approximate,low,not in Wikidata/GeoNames; placed at its commune Vioménil
thomas,48.03278,6.03556,,,Thomas,,,,FR,approximate,low,not in Wikidata/GeoNames; placed at its commune Claudon
thonville,48.98333,6.56028,Q21900,,Thonville,Thonville,Thonville,,FR,hist_map,high,1.00 near the index's canton (7 km)
thorey,48.49856,6.30586,,2997587,Lorey,,,,FR,geonames,low,"0.91; Q216729 went to lorey, whose name fits it better"
thuilley-aux-groseillcs,48.57417,5.97278,Q1095825,,Thuilley-aux-Groseilles,Thuilley-aux-Groseilles,Thuilley-aux-Groseilles,,FR,wikidata,medium,"exact name, no anchor"
thunimonl-ham,48.05702,6.2394,,,Thunimonl. ham,,,,FR,approximate,low,not in Wikidata/GeoNames; placed at its commune Harsault
tigeville,,,,,Tigéville,,,,FR,unlocated,low,
tilleux,48.3,5.72667,Q1365647,,Tilleux,Tilleux,Tilleux,,FR,wikidata,high,1.00 near the index's canton (7 km)
titling,49.26167,6.49667,,,Titling,,,,FR,approximate,low,not in Wikidata/GeoNames; placed at its commune Holling
tolainviltc,48.32528,5.98528,Q750223,,Totainville,Totainville,Totainville,,FR,wikidata,high,1.00 near the index's canton (11 km)
tomblaine,48.68556,6.21167,Q642356,,Tomblaine,Tomblaine,Tomblaine,トンブレーヌ,FR,wikidata,high,1.00 near the index's canton (2 km)
tonnoy,48.55194,6.25056,Q777565,,Tonnoy,Tonnoy,Tonnoy,,FR,wikidata,medium,"exact name, no anchor"
torcheville,48.90972,6.84889,Q22350,,Torcheville,Dorsweiler,Torcheville,,FR,hist_map,high,1.00 near the index's canton (3 km)
toul,48.67611,5.89444,Q154728,,Toul,Toul,Toul,トゥール,FR,wikidata,high,1.00 near the index's canton (0 km)
town-district-marsal,48.78917,6.60917,,,Ville de Marsal,,,,,territory,medium,seat: marsal
town-district-sarrebourg,48.73472,7.05389,,,Ville de Sarrebourg,,,,,territory,medium,seat: sarrebourg
tremonzey,47.97333,6.23667,Q753190,,Trémonzey,Trémonzey,Trémonzey,,FR,wikidata,high,1.00 near the index's canton (4 km)
tritteling,49.07722,6.61111,Q21955,,Tritteling,Trittelingen,Tritteling,,FR,hist_map,high,1.00 near the index's canton (4 km)
trois-maisons,48.29093,7.14167,,2999433,Trois-Maisons,,,,FR,geonames,high,1.00 near the index's commune (3 km)
tromborn,49.25778,6.5875,Q22412,,Tromborn,Tromborn,Tromborn,,FR,hist_map,high,1.00 near the index's canton (5 km)
trougcmont,47.99005,6.75212,,12315079,Trougcmont,,,,FR,geonames,medium,"exact name, no anchor"
trulben,49.14,7.545,Q656084,,Trulben,Trulben,Trulben,,DE,hist_map,high,1.00 near the index's canton (8 km)
tunsdorf,49.4744,6.49806,Q945648,,Tünsdorf,Tünsdorf,Tünsdorf,,DE,hist_map,high,1.00 near the index's commune (4 km)
tunting,49.4525,6.45022,Q55600078,,Tunting,,,,FR,hist_map,high,1.00 near the index's commune (1 km)
ubexy,48.335,6.27278,Q1417904,,Ubexy,Ubexy,Ubexy,,FR,wikidata,medium,"exact name, no anchor"
urbach,49.0993,7.3272,Q3552141,,Urbach,Urbach,Urbach,,FR,hist_map,high,1.00 near the index's commune (2 km)
urcourt,49.13111,5.91639,,,Urcourt,,,,FR,approximate,low,not in Wikidata/GeoNames; placed at its commune Bruville
urimenil,48.10139,6.40139,Q189500,,Uriménil,Uriménil,Uriménil,,FR,wikidata,high,1.00 near the index's canton (6 km)
uunskirich,48.94088,6.95692,,3013167,Uunskirich,,,,FR,geonames,medium,0.84 near the index's canton (7 km)
uxegney,48.19417,6.37028,Q286333,,Uxegney,Uxegney,Uxegney,,FR,wikidata,high,1.00 near the index's canton (6 km)
uzemain,48.08246,6.34274,Q109574111,,Uzemain-les-Forges,,Uzemain-les-Forges,,FR,wikidata,high,1.00 near the index's canton (6 km)
vacherauville,49.22111,5.35972,Q209800,,Vacherauville,Vacherauville,Vacherauville,,FR,wikidata,high,1.00 near the index's canton (2 km)
vagney,48.00833,6.71639,Q922686,,Vagney,Vagney,Vagney,,FR,wikidata,medium,"exact name, no anchor"
vahl,48.91306,6.78611,Q21726,,Vahl,Vahl,Vahl-lès-Bénestroff,,FR,hist_map,high,1.00 near the index's canton (6 km)
vahl-ebersing,49.04972,6.75333,Q22326,,Vahl-Ebersing,Vahl-Ebersing,Vahl-Ebersing,,FR,hist_map,high,1.00 near the index's canton (8 km)
vahl-les-faulquemont,49.02639,6.625,Q21990,,Vahl-lès-Faulquemont,Vahl-lès-Faulquemont,Vahl-lès-Faulquemont,,FR,hist_map,high,1.00 near the index's canton (2 km)
val-ajol,47.98377,6.47897,,,Val d'Ajol,,,,,territory,medium,centre of 30 located member(s)
val-harol,48.30407,6.08546,,,Val d'Harol,,,,,territory,medium,centre of 3 located member(s)
val-liepvre,48.27222,7.2825,,,Val de Liepvre,,,,,territory,medium,seat: liepvrc
val-sainle-marie,,,,,Val-Sainle-Marie,,,,FR,unlocated,low,
valaincourt,48.30278,5.83222,,,Valaincourt,,,,FR,approximate,low,not in Wikidata/GeoNames; placed at its commune Chàtenois
valdweistroff,,,,,Valdweistroff,,,,FR,unlocated,low,
valdwisse,49.41361,6.52972,Q22157,,Waldwisse,Waldwisse,Waldwisse,,FR,rule,high,"Waldwisse (the index's Valdwisse, canton de Sierck)"
valfroieourt,48.19778,6.09472,Q225067,,Valfroicourt,Valfroicourt,Valfroicourt,,FR,wikidata,high,1.00 near the index's canton (11 km)
valhey,48.67944,6.49139,Q584329,,Valhey,Valhey,Valhey,,FR,wikidata,high,1.00 near the index's canton (10 km)
vallerange,48.95028,6.68556,Q22005,,Vallerange,Walleringen,Vallerange,,FR,hist_map,high,1.00 near the index's canton (5 km)
valleroy,49.21194,5.93556,Q1098685,,Valleroy,Valleroy,Valleroy,,FR,wikidata,high,1.00 near the index's canton (4 km)
valleroy-aux-saules,48.24806,6.14278,Q599909,,Valleroy-aux-Saules,Valleroy-aux-Saules,Valleroy-aux-Saules,,FR,wikidata,high,1.00 near the index's canton (6 km)
valleroy-le-sec,48.18694,6.01,Q748172,,Valleroy-le-Sec,Valleroy-le-Sec,Valleroy-le-Sec,,FR,wikidata,high,1.00 near the index's canton (5 km)
vallois,48.46222,6.54778,Q1097173,,Vallois,Vallois,Vallois,,FR,wikidata,high,1.00 near the index's canton (5 km)
valmont,49.085,6.69917,Q22026,,Valmont,Valmont,Valmont,,FR,hist_map,high,1.00 near the index's canton (2 km)
valmunster,49.24222,6.50722,Q21719,,Valmunster,Valmünster,Valmunster,,FR,hist_map,high,1.00 near the index's canton (7 km)
vandelainville,49.01694,5.97639,Q1159896,,Vandelainville,Vandelainville,Vandelainville,,FR,wikidata,medium,"exact name, no anchor"
vandeleville,,,,,Vandeléville,Vandelainville,Vandelainville,,FR,unlocated,low,"its match Q1159896 went to vandelainville, whose name fits it better"
vandieres,48.95417,6.03639,Q607025,,Vandières,Vandières,Vandières,,FR,wikidata,high,1.00 near the index's canton (6 km)
vandoeuvre,48.65611,6.1675,Q320308,,Vandœuvre-lès-Nancy,Vandœuvre-lès-Nancy,Vandœuvre-lès-Nancy,ヴァンドゥーヴル＝レ＝ナンシー,FR,wikidata,high,1.00 near the index's canton (4 km)
vanemont,48.19935,6.87888,,2970789,Vanémont,,,,FR,geonames,high,1.00 near the index's commune (5 km)
vanifosse,48.27447,7.01877,,12314981,Vanifosse,,,,FR,geonames,high,1.00 near the index's commune (1 km)
vannecourt,48.88167,6.54972,Q21660,,Vannecourt,Vannecourt,Vannecourt,,FR,hist_map,high,1.00 near the index's canton (7 km)
vannes-le-chatel,48.54583,5.77944,Q920268,,Vannes-le-Châtel,Vannes-le-Châtel,Vannes-le-Châtel,,FR,wikidata,medium,"exact name, no anchor"
varangeville,48.63389,6.31361,Q524836,,Varangéville,Varangéville,Varangéville,,FR,wikidata,medium,"exact name, no anchor"
varize,49.13472,6.45806,Q21897,,Varize,Waibelskirchen,Varize,,FR,hist_map,high,1.00 near the index's canton (6 km)
varmonzey,48.32361,6.28639,Q1418004,,Varmonzey,Varmonzey,Varmonzey,,FR,wikidata,medium,"exact name, no anchor"
varsberg,49.1725,6.62861,Q22376,,Varsberg,Warsberg,Varsberg,,FR,hist_map,high,1.00 near the index's canton (10 km)
varvinay,48.93333,5.61694,Q123186789,,Varvinay,Varvinay,Varvinay,,FR,wikidata,medium,"exact name, no anchor"
vathimont,48.98,6.46639,Q21835,,Vatimont,Vatimont,Vatimont,,FR,hist_map,medium,0.94 near the index's canton (12 km)
vaubexy,48.28,6.23583,Q1461372,,Vaubexy,Vaubexy,Vaubexy,,FR,wikidata,high,1.00 near the index's canton (7 km)
vaucheres,,,,,Vauchères,,,,FR,unlocated,low,
vaucremont,49.04876,6.38199,Q71808932,,Vaucremont,,Vaucremont,,FR,wikidata,high,1.00 near the index's commune (1 km)
vaudemont,48.41694,6.05611,Q219773,,Vaudémont,Vaudémont,Vaudémont,ヴォーデモン,FR,wikidata,high,1.00 near the index's canton (8 km)
vaudeville,48.45889,6.20111,Q209744,,Vaudeville,Vaudeville,Vaudeville,ヴォードヴィル (ムルト＝エ＝モゼル県),FR,wikidata,high,1.00 near the index's canton (2 km)
vaudeville-epinal,48.22972,6.54222,Q1102838,,Vaudéville,Vaudéville,Vaudéville,,FR,wikidata,high,1.00 near the index's canton (9 km)
vaudigny,48.43806,6.19889,Q1059571,,Vaudigny,Vaudigny,Vaudigny,,FR,wikidata,high,1.00 near the index's canton (4 km)
vaux,49.09333,6.08028,Q22139,,Vaux,Vaux,Vaux,ヴォー,FR,wikidata,high,1.00 near the index's canton (7 km)
vaux-ia-petite,48.66443,5.43511,Q25398050,,Vaux-la-Petite,Vaux-la-Petite,Vaux-la-Petite,,FR,wikidata,medium,0.92 near the index's canton (14 km); 53 km from its district
vaux-la-grande,48.68344,5.44695,Q25398051,,Vaux-la-Grande,Vaux-la-Grande,Vaux-la-Grande,,FR,wikidata,high,1.00 near the index's canton (13 km); 53 km from its district
vaxoncourt,48.29083,6.41139,Q687870,,Vaxoncourt,Vaxoncourt,Vaxoncourt,,FR,wikidata,high,1.00 near the index's canton (3 km)
vaxy,48.85833,6.53,Q21848,,Vaxy,Vaxy,Vaxy,,FR,wikidata,high,1.00 near the index's canton (4 km)
vcnlron,47.94028,6.8725,Q831293,,Ventron,Ventron,Ventron,,FR,wikidata,medium,"exact name, no anchor"
veckring,49.33917,6.37917,Q22071,,Véckring,Weckringen,Veckring,,FR,hist_map,high,1.00 near the index's commune (4 km)
vecoux,47.99861,6.64306,,,Vecoux,,,,FR,approximate,low,not in Wikidata/GeoNames; placed at its commune Dommarlin (near its district)
velaine-en-haye,48.70278,6.02111,Q1096674,,Velaine-en-Haye,Velaine-en-Haye,Velaine-en-Haye,,FR,wikidata,high,1.00 near the index's canton (12 km)
velle,48.4582,6.016,,11971560,Velle,,,,FR,geonames,high,1.00 near the index's commune (1 km)
velle-sur-moselle,48.53028,6.27639,Q1095873,,Velle-sur-Moselle,Velle-sur-Moselle,Velle-sur-Moselle,,FR,wikidata,high,1.00 near the index's canton (7 km)
velolie-et-tatignecourt,48.26222,6.17528,Q303240,,Velotte-et-Tatignécourt,Velotte-et-Tatignécourt,Velotte-et-Tatignécourt,,FR,wikidata,high,0.95 near the index's canton (6 km)
velving,49.24056,6.53361,Q22363,,Velving,Welwingen,Velving,,FR,hist_map,high,1.00 near the index's commune (2 km)
vennezey,48.44444,6.46833,Q1048436,,Vennezey,Vennezey,Vennezey,,FR,wikidata,high,1.00 near the index's canton (6 km)
verconroye,48.04944,6.57972,,,Verconroye,,,,FR,approximate,low,not in Wikidata/GeoNames; placed at its commune Saint-Nabord
verdenal,48.58361,6.81111,Q221243,,Verdenal,Verdenal,Verdenal,,FR,wikidata,high,1.00 near the index's canton (2 km)
verdun,49.15972,5.38278,Q154748,,Verdun,Verdun,Verdun,ヴェルダン,FR,wikidata,high,1.00 near the index's canton (0 km)
vergaville,48.83722,6.74389,Q21968,,Vergaville,Widersdorf,Vergaville,,FR,hist_map,high,1.00 near the index's canton (3 km)
verluzey,48.73662,5.66243,Q24928372,,Vertuzey,Vertuzey,Vertuzey,,FR,wikidata,high,1.00 near the index's canton (6 km)
vervezelle,48.22167,6.73917,Q209735,,Vervezelle,Vervezelle,Vervezelle,,FR,wikidata,high,1.00 near the index's canton (2 km)
vetupaire,48.24498,7.06593,,,Vetupaire,,,,FR,approximate,low,"a hamlet of Laveline (the index), the Laveline near its district"
vezelise,48.48694,6.08778,Q733184,,Vézelise,Vézelise,Vézelise,ヴェズリーズ,FR,wikidata,high,1.00 near the index's canton (0 km)
vezeval,,,,,Vézeval,,,,FR,unlocated,low,
vichibure,,,,,Vichibure,,,,FR,unlocated,low,
vienvilte,48.17444,6.83028,Q903082,,Vienville,Vienville,Vienville,,FR,wikidata,high,1.00 near the index's canton (4 km)
vieville,48.34766,6.18974,Q109574839,,Viéville,,Viéville,,FR,wikidata,high,1.00 near the index's commune (1 km)
vieville-en-haye,48.94278,5.92667,Q544681,,Viéville-en-Haye,Viéville-en-Haye,Viéville-en-Haye,ヴィエヴィル＝アン＝エ,FR,wikidata,medium,"exact name, no anchor"
vieville-sous-lcs-coles,49.002,5.6897,Q15971807,,Viéville-sous-les-Côtes,Viéville-sous-les-Côtes,Viéville-sous-les-Côtes,,FR,wikidata,medium,"exact name, no anchor"
vigneules,48.56056,6.33111,Q223713,,Vigneulles,Vigneulles,Vigneulles,,FR,wikidata,high,0.95 near the index's canton (10 km)
vigneulies-les-hatloncliatcl-ch-l-de-canton,49.14641,6.11519,Q71809007,,VigneulIes-lès-Hatloncliâtcl. ch.-l. de canton,,Vigneulles,,FR,wikidata,low,ambiguous without an anchor (3 spots)
vigneulles-haute,,,,,Vigneulles-Haute,,,,FR,unlocated,low,
vignot,48.77389,5.60861,Q1159513,,Vignot,Vignot,Vignot,,FR,wikidata,high,1.00 near the index's canton (2 km); 43 km from its district
villacourf,48.45583,6.34917,Q817171,,Villacourt,Villacourt,Villacourt,,FR,wikidata,medium,0.90 near the index's canton (3 km)
villard,48.29694,5.70889,,,Villard,,,,FR,approximate,low,"a hamlet of Circourt (the index), the Circourt near its district"
villc-en-vcrmois,48.61417,6.25417,Q1159891,,Ville-en-Vermois,Ville-en-Vermois,Ville-en-Vermois,ヴィル＝アン＝ヴェルモワ,FR,wikidata,medium,1.00 near its district's other members (8 km)
villcrs-cn-haye,48.8275,6.01194,Q1159880,,Villers-en-Haye,Villers-en-Haye,Villers-en-Haye,,FR,wikidata,medium,"exact name, no anchor"
villcrs-stoncourt,49.05667,6.41694,Q21926,,Villers-Stoncourt,Villers-Stoncourt,Villers-Stoncourt,,FR,wikidata,high,1.00 near the index's commune (2 km)
ville-au-val,48.84833,6.12111,Q1159885,,Ville-au-Val,Ville-au-Val,Ville-au-Val,,FR,wikidata,high,1.00 near the index's canton (8 km)
ville-sur-illon,48.17944,6.21,Q173619,,Ville-sur-Illon,Ville-sur-Illon,Ville-sur-Illon,,FR,wikidata,high,1.00 near the index's canton (5 km)
ville-sur-madon,48.4858,6.17175,,11971563,Ville-sur-Madon,,,,FR,geonames,high,1.00 near the index's commune (2 km)
villecey-sur-mad,49.00667,5.95917,Q1098546,,Villecey-sur-Mad,Villecey-sur-Mad,Villecey-sur-Mad,,FR,wikidata,high,1.00 near the index's canton (6 km)
villeeel-sur-trin,,,,,Villeeel-sur-Trin,,,,,unlocated,low,
villel,48.20167,5.94944,Q453309,,Vittel,Vittel,Vittel,ヴィッテル,FR,wikidata,high,1.00 near the index's canton (0 km)
viller,48.58944,6.50167,,,Viller,,,,FR,approximate,low,"Viller, a suburb of Lunéville (the index)"
viller-asscnoncourt,,,,,Viller,Weiler,Viller,,FR,unlocated,low,"its match Q22294 went to viller-grostenquin, whose name fits it better"
viller-grostenquin,48.985,6.64639,Q22294,,Viller,Weiler,Viller,,FR,hist_map,high,1.00 near the index's canton (7 km)
villers,48.30167,6.17333,Q903361,,Villers,Villers,Villers,,FR,wikidata,high,1.00 near the index's canton (3 km)
villers-beltnach,49.23375,6.36139,Q661154,,Villers-Bettnach,Weiler-Bettnach,Villers-Bettnach,,FR,hist_map,high,1.00 near the index's canton (6 km)
villers-ies-moivron,48.81458,6.25148,,2968369,Villers-Iès-Moivron,,,,FR,geonames,medium,0.94 near the index's canton (9 km)
villers-le-prud-homme,48.84833,6.12111,,,Ville-au-Val,,,,FR,approximate,low,an écart and chapel of Ville-au-Val (the index)
villers-les-nancy,48.67306,6.15472,Q1414358,,Villers-lès-Nancy,Villers-lès-Nancy,Villers-lès-Nancy,,FR,wikidata,high,1.00 near the index's canton (3 km)
villers-sous-preny,48.94333,5.99889,Q1095776,,Villers-sous-Prény,Villers-sous-Prény,Villers-sous-Prény,,FR,wikidata,high,1.00 near the index's canton (6 km)
villette-au-val-sainei-gregoire,,,,,Villette au val Sainei-Grégoire,,,,FR,unlocated,low,
villey-le-sec,48.65889,5.97694,Q208724,,Villey-le-Sec,Villey-le-Sec,Villey-le-Sec,,FR,wikidata,high,1.00 near the index's canton (6 km)
villey-saint-etiennc,48.73083,5.97778,Q1098437,,Villey-Saint-Étienne,Villey-Saint-Étienne,Villey-Saint-Étienne,,FR,wikidata,medium,"exact name, no anchor"
villing,49.19417,6.53417,,,Villing,,,,FR,approximate,low,a farm of Denting (the index); not the village of Villing
villing-bouzonville,49.28111,6.63083,Q21712,,Villing,Villing,Villing,,FR,hist_map,high,1.00 near the index's canton (7 km)
villoncourt,48.26278,6.51111,Q1097029,,Villoncourt,Villoncourt,Villoncourt,,FR,wikidata,high,1.00 near the index's canton (10 km)
vilsberg,48.78611,7.25444,Q22006,,Vilsberg,Wilsberg,Vilsberg,,FR,hist_map,high,1.00 near the index's canton (2 km)
vimeni,48.22667,6.6325,Q1028183,,Viménil,Viménil,Viménil,,FR,wikidata,medium,0.92 near the index's canton (7 km)
vincey,48.33694,6.32861,Q907079,,Vincey,Vincey,Vincey,,FR,wikidata,medium,"exact name, no anchor"
vintrange,48.96276,6.69207,Q109576592,,Vintrange,,Vintrange,,FR,hist_map,high,1.00 near the index's commune (1 km)
viocourt,48.32528,5.8625,Q1157437,,Viocourt,Viocourt,Viocourt,,FR,wikidata,high,1.00 near the index's canton (3 km)
viomenil,48.09361,6.18111,Q824678,,Vioménil,Vioménil,Vioménil,,FR,wikidata,high,1.00 near the index's canton (12 km)
virecourt,48.46222,6.31972,Q627024,,Virecourt,Virecourt,Virecourt,,FR,wikidata,high,1.00 near the index's canton (1 km)
virming,48.94556,6.75083,Q21740,,Virming,Wirmingen,Virming,,FR,hist_map,medium,"exact name, no anchor; the index's canton Albeslron is not found"
viterne,48.58778,6.03278,Q1159769,,Viterne,Viterne,Viterne,,FR,wikidata,high,1.00 near the index's canton (12 km)
vitiersbourg,48.95028,6.92861,Q22885,,Vittersbourg,Wittersburg,Vittersbourg,,FR,hist_map,medium,0.92 near the index's canton (6 km)
vitrey,48.48667,6.04639,Q1161684,,Vitrey,Vitrey,Vitrey,,FR,wikidata,high,1.00 near the index's canton (3 km)
vitrimont,48.60083,6.43972,Q1048138,,Vitrimont,Vitrimont,Vitrimont,,FR,wikidata,high,1.00 near the index's canton (5 km)
viviers-le-gras,48.125,5.94028,Q200288,,Viviers-le-Gras,Viviers-le-Gras,Viviers-le-Gras,,FR,wikidata,high,1.00 near the index's canton (11 km)
viviers-lez-offroicourt,48.26972,6.025,Q1158131,,Viviers-lès-Offroicourt,Viviers-lès-Offroicourt,Viviers-lès-Offroicourt,,FR,wikidata,high,0.95 near the index's canton (9 km)
vixard,48.00833,6.71639,,,Vixard,,,,FR,approximate,low,not in Wikidata/GeoNames; placed at its commune Vagney
voelfling,49.29222,6.60722,Q21991,,Vœlfling-lès-Bouzonville,Vœlfling-lès-Bouzonville,Vœlfling-lès-Bouzonville,,FR,wikidata,high,1.00 near the index's canton (5 km)
void,48.68898,5.62036,Q55399376,,Void,,,,FR,wikidata,high,1.00 near the index's canton (0 km)
void-d-escles,48.12279,6.19317,,12315039,Void-d'Escles,,,,FR,geonames,high,1.00 near the index's commune (1 km)
void-de-belmont,48.22528,6.76556,,,Void-de-Belmont,,,,FR,approximate,low,not in Wikidata/GeoNames; placed at its commune Belmonl (Brouvelieures
voinemont,48.52111,6.16306,Q223680,,Voinémont,Voinémont,Voinémont,,FR,wikidata,high,1.00 near the index's canton (6 km)
volmerange,49.16833,6.44778,Q22359,,Volmerange,Wolmeringen,Volmerange-lès-Boulay,,FR,hist_map,high,1.00 near the index's canton (4 km)
volmunster,49.12167,7.35611,Q22035,,Volmunster,Wolmünster,Volmunster,,FR,hist_map,high,1.00 near the index's canton (0 km)
vomecourl,48.36139,6.16667,Q388171,,Vomécourl,Vomécourt-sur-Madon,Vomécourt-sur-Madon,,FR,wikidata,medium,ambiguous without an anchor (3 spots)
vouxey,48.35167,5.82556,Q1157796,,Vouxey,Vouxey,Vouxey,,FR,wikidata,high,1.00 near the index's canton (5 km)
vraichamp,48.14556,6.61778,,,Vraichamp,,,,FR,approximate,low,not in Wikidata/GeoNames; placed at its commune Docelles
vroncourl,48.465,6.08028,Q1159877,,Vroncourt,Vroncourt,Vroncourt,,FR,wikidata,high,1.00 near the index's canton (3 km)
vroville,48.28667,6.17222,Q751791,,Vroville,Vroville,Vroville,,FR,wikidata,high,1.00 near the index's canton (3 km)
vuisse,48.85123,6.65041,,2967285,Vuisse,,,,FR,geonames,medium,0.84 near the index's canton (11 km)
vvallerfangen,49.32749,6.71102,,2814613,VVallerfangen,,,,DE,geonames,high,0.96 near the index's canton (3 km)
wadrill,49.5851,6.88717,Q1567115,,Wadrill,Wadrill,Wadrill,,DE,hist_map,high,1.00 near the index's canton (24 km); the index's commune Badern is not found
waldeck,49.0166,7.5292,Q3565301,,Waldeck,,,,FR,hist_map,high,1.00 near the index's commune (3 km)
waldhausen,49.14369,7.46559,,2967501,Waldhausen,,,,FR,geonames,high,1.00 near the index's canton (8 km)
walschbronn,49.14861,7.48111,Q22198,,Walschbronn,Walschbronn,Walschbronn,,FR,hist_map,high,1.00 near the index's canton (10 km)
walsheim,49.1539,7.23244,Q1662204,,Walsheim,Walsheim,Walsheim,,DE,hist_map,high,1.00 near the index's canton (11 km)
wchingen,49.462,6.50777,Q187455,,Wehingen,Wehingen,Wehingen,,DE,hist_map,high,1.00 near the index's commune (5 km)
wciler,49.45555,6.56594,,,Weiler,,,,FR,hist_map,high,1.00 near the index's commune (4 km)
weidcsheim,49.0388,7.132,Q3567084,,Weidesheim,Weidesheim,Weidesheim,,FR,hist_map,high,1.00 near the index's commune (3 km)
weilen,49.53011,6.54064,Q33514469,,Weiten,Weiten,Weiten,,DE,hist_map,high,1.00 near the index's commune (3 km)
weiskirch,49.1087,7.3433,Q3567113,,Weiskirch,Weißkirchen,Weiskirch,,FR,hist_map,high,1.00 near the index's canton (2 km)
wellingen,49.4426,6.51899,Q16683235,,Wellingen,Wellingen,,,FR,hist_map,medium,ambiguous without an anchor (2 spots); the index's commune Uiibringen is not found
wetschhausen,49.4236,7.23639,Q1483712,,Wetschhausen,Wetschhausen,Wetschhausen,,FR,hist_map,high,1.00 near the index's commune (7 km)
weuftrhaus,,,,,WeUftrhaus,,,,FR,unlocated,low,
wicsbach,49.3703,6.97944,Q1573037,,Wiesbach,Wiesbach,Wiesbach,,DE,hist_map,high,1.00 near the index's canton (14 km); the index's commune Oirmingcn is not found
wies,49.53786,6.37782,,,Wies,,,,FR,hist_map,high,1.00 near the index's commune (1 km)
wieswiller,49.08028,7.16472,Q22261,,Wiesviller,Wiesweiler,Wiesviller,,FR,hist_map,medium,0.90 near the index's canton (8 km)
wiilervule,,,,,WiilervUle,,,,FR,unlocated,low,
winterbach,49.4753,7.10258,Q15854821,,Winterbach,Winterbach,Winterbach,,FR,hist_map,high,1.00 near the index's commune (2 km)
winzeln,49.1893,7.56605,Q1372889,,Winzeln,Winzeln,Winzeln,,DE,hist_map,high,1.00 near the index's canton (3 km)
wisembach,48.25722,7.10611,Q919498,,Wisembach,Wisembach,Wisembach,,FR,wikidata,high,1.00 near the index's canton (12 km)
witring,49.05444,7.14611,Q22267,,Wittring,Wittring,Wittring,,FR,hist_map,medium,0.93 near the index's canton (8 km)
wochern,49.5028,6.40639,Q2587649,,Wochern,Wochern,Wochern,,FR,hist_map,high,1.00 near the index's commune (4 km)
woel,49.03944,5.72944,Q1378309,,Woël,Woël,Woël,,FR,wikidata,high,1.00 near the index's canton (10 km)
woelfling,49.08528,7.17417,Q22249,,Woelfling,Wölfling,Wœlfling-lès-Sarreguemines,,FR,hist_map,high,1.00 near the index's canton (8 km)
xainfaing,48.24972,6.90222,,,Xainfaing,,,,FR,approximate,low,not in Wikidata/GeoNames; placed at its commune Tainlrux
xammes,48.97472,5.85444,Q196366,,Xammes,Xammes,Xammes,,FR,wikidata,medium,"exact name, no anchor"
xamontarupt,48.1325,6.65306,Q356146,,Xamontarupt,Xamontarupt,Xamontarupt,,FR,wikidata,high,1.00 near the index's canton (10 km)
xaronval,48.37528,6.18778,Q836101,,Xaronval,Xaronval,Xaronval,,FR,wikidata,medium,"exact name, no anchor"
xennois,48.02361,6.60444,,,Xennoîs,,,,FR,approximate,low,not in Wikidata/GeoNames; placed at its commune Saint-Elienne
xermamenil,48.53222,6.46278,Q668721,,Xermaménil,Xermaménil,Xermaménil,,FR,wikidata,high,1.00 near the index's canton (5 km)
xertigny,48.04556,6.40611,Q474291,,Xertigny,Xertigny,Xertigny,,FR,wikidata,medium,"exact name, no anchor"
xirocourt,48.43056,6.1725,Q684866,,Xirocourt,Xirocourt,Xirocourt,,FR,wikidata,medium,"exact name, no anchor; the index's canton d""Iïaroué is not found"
xivray-et-marvoisin,48.86472,5.74361,Q59457,,Xivray-et-Marvoisin,Xivray-et-Marvoisin,Xivray-et-Marvoisin,,FR,wikidata,high,1.00 near the index's canton (15 km)
xonville,49.05528,5.84861,Q1097013,,Xonville,Xonville,Xonville,,FR,wikidata,high,1.00 near the index's canton (11 km)
xouaruz,,,,,Xouaruz,,,,,unlocated,low,
xoulce,47.96673,6.8605,,12315082,Xoulce,,,,FR,geonames,medium,0.92 near the index's commune (2 km)
xousse,48.65694,6.70972,Q1098639,,Xousse,Xousse,Xousse,,FR,hist_map,high,1.00 near the index's canton (12 km)
xugney,48.34722,6.25472,,,Xugney,,,,FR,approximate,low,not in Wikidata/GeoNames; placed at its commune Rugney
yvoux,48.18077,6.80837,,12315009,Yvoux,,,,FR,geonames,high,1.00 near the index's commune (2 km)
zainvillcr,47.99237,6.72002,Q28040916,,Zainvillers,,,,FR,wikidata,high,0.95 near the index's commune (2 km)
zarbeling,48.89083,6.68778,Q21747,,Zarbeling,Zarbeling,Zarbeling,,FR,hist_map,high,1.00 near the index's canton (9 km)
zcllen,48.98861,6.86139,,,Zcllen,,,,FR,approximate,low,not in Wikidata/GeoNames; placed at its commune Petit-Tenquin; 52 km from its district
zeurange,49.37992,6.53784,Q15078591,,Zeurange,Zeurange,Zeurange,,FR,hist_map,high,1.00 near the index's commune (2 km)
zimmerbacb,48.07278,7.23694,Q203600,,Zimmerbach,Zimmerbach,Zimmerbach,,FR,wikidata,medium,0.90 near the index's canton (4 km)
zincourt,48.30806,6.43972,Q204341,,Zincourt,Zincourt,Zincourt,,FR,wikidata,high,1.00 near the index's canton (4 km)
zinzing,49.17439,7.00534,,,Zinzing,,,,FR,hist_map,high,1.00 near the index's commune (1 km)
zommange,48.82417,6.80472,Q21825,,Zommange,Zemmingen,Zommange,,FR,hist_map,high,1.00 near the index's canton (6 km)
zondrangc,49.11167,6.5375,,,Zondrangc,,,,FR,approximate,low,not in Wikidata/GeoNames; placed at its commune Marange
zugmantel,48.26249,7.22739,,2980658,Sainte-Croix-aux-Mines,,,,FR,geonames,medium,"0.95; Q83242 went to sainte-croix-aux-mines, whose name fits it better"
