place_id,entry_no,index_name,printed,status,source_page,confidence,notes
abaucourt,511,Abaucourt,544,manual,183,high,printed 511
aboncourt,1789,Aboncourt,,agrees,183,high,
aboncourt-sur-seille,473,Aboncourt-sur-Seille,475,corrected,183,high,
achain,1705,Achain,,agrees,183,high,
achen,2186,Achen,,agrees,183,high,
adelange,1719,Adelange,,agrees,183,high,
adomenil,242,Adoménil,,agrees,183,high,
adompt,1050,Adompt,,agrees,183,high,
adoncourt,1023,Adoncourt,1025,corrected,183,high,
adoncourt,1063,Adoncourt,G5,corrected,183,high,
affleville,1930,Affleville,1950,corrected,183,high,
affracourt,71,Affracourt,,agrees,183,high,
agemont,1029,Agémont,,agrees,183,high,
agincourt,464,Agincourt,404,corrected,183,high,
agneumenil,687,Agneuménil,,agrees,183,high,
aheville,956,Ahéville,,agrees,183,high,
aidling,1695,Aidling,,agrees,183,high,
ailcmand-rombach,2130,Allemand-Rombach,2150,corrected,184,high,
aillianville,1136,Aillanville,1456,corrected,184,high,
aillianville,1156,Aillanville,1466,corrected,184,high,
aingeray,565,Aingeray,,agrees,184,high,
aix,1932,Aix,1953,manual,184,high,printed 1933; Aix is 1932 in the list of Apremont
ajoncourt,490,Ajoncourt,,agrees,184,high,
alaincourt-la-cote,496,Alaincourt-la-Côte,490,corrected,184,high,
alfviller,2265,Altviller,,agrees,184,high,
algoutle,300,Algoutle,500,corrected,184,high,
allain,560,Allain,,spelling differs,184,medium,check: the entry no line claims
allamont,1928,Allamont,,agrees,184,high,
allamont,1931,Allamont,51,corrected,184,high,
alsting,1729,Alsting,,agrees,184,high,
altheim,2177,Altheim,,agrees,184,high,
althorn,2224,Althorn,,agrees,184,high,
altrippe,1639,Altrippe,1659,corrected,184,high,
altroff,1645,Altroff,,spelling differs,184,medium,
alzing,1269,Alz.ing,,agrees,184,high,
alzing,1335,Alz.ing,,spelling differs,184,medium,
amance,454,Amance,,agrees,184,high,
amance,2298,Amance,,agrees,184,high,
ambacourt,911,Ambacourt,,agrees,184,high,
ambacourt,921,Ambacourt,,agrees,184,high,
amcrey,859,Amcrey,,agrees,185,high,
amelecourt,458,Amelécourt,,agrees,185,high,
amenoncourt,2060,Amenoncourt,,agrees,185,high,
amenoncourt,2080,Amenoncourt,80,agrees,185,high,
ancy-sur-moselle,1933,Ancy-sur-Moselle,1953,corrected,185,high,
andilly,1934,Andilly,,agrees,185,high,
angviller,1592,Angviller,,agrees,185,high,
anould,281,Anould,,agrees,185,high,
anoux,1935,Anoux,1955,manual,185,high,printed 1955; Annoult is 1935 in the list of Apremont
anozcl,408,Anozel,,agrees,185,high,
anthelupt,31,Anthelupt,51,corrected,185,high,
anzeling,1315,Anzeling,,agrees,185,high,
aourys-vil,508,"Aoury, vil",50s,manual,185,high,printed 508
aouze,1142,Aouze,,agrees,185,high,
apach,1232,Apach,,agrees,185,high,
apremont-la-foret,1918,Apremont,,agrees,185,high,
apremont-la-foret,2452,Apremont,,agrees,185,high,
aray-le-lan-v-ban-de-moyenmouticr,354,"Aray (le Lan (V), ban de Moyenmouticr",554,manual,185,high,printed 354
arches,681,Arches,6S1,corrected,185,high,
arches,682,Arches,,agrees,185,high,
arches,2311,Arches,,agrees,185,high,
archettes,683,Archettes,,agrees,185,high,
archettes,1864,Archettes,,agrees,185,high,
armaucourt,497,Armaucourt,,agrees,185,high,
arnaville,524,Arnaville,,agrees,185,high,
arracourt,222,Arracourt,,agrees,185,high,
arraye-et-han,500,Arraye-et-Han,,agrees,185,high,
arry,1936,Arry,,agrees,185,high,
art-sur-meurthe,5,Art-sur-Meurthe,,agrees,185,high,
aschbach,1479,Aschbach et Henselhofen,,manual,185,high,Aspach: Aschbach
aschbach,1535,Aschbach et Henselhofen,,manual,185,high,Aspach: Aschbach
assenoncourt,1593,Assenoncourt,,agrees,186,high,
asweiler,1480,Alsweiler,,agrees,184,high,
asweiler,1522,Alsweiler,,agrees,184,high,
asweiler,1541,Alsweiler,41,agrees,184,high,
athienville,234,Athienville,,agrees,186,high,
athienville,267,Athienville,2C7,corrected,186,high,
attigneville,119,Attignéville,,agrees,186,high,
attigny,1065,Attigny,,agrees,186,high,
attigny,1096,Attigny,96,agrees,186,high,
aubiey,1819,Aubiey,,agrees,186,high,
aubiey,2445,Aubiey,,agrees,186,high,
aubripaire,409,Aubripaire,,agrees,186,high,
aubripaire,453,Aubripaire,455,corrected,186,high,
auersmacher,1570,Auersmacher,4570,corrected,186,high,
aulnes-les-ham,444,Aulnes (les) ham,,agrees,186,high,
aulnois-sous-yerluzey,1937,Aulnois-sous-Yerluzey,,agrees,186,high,
aumontzey,605,Aumontzey,,agrees,186,high,
aussen,1494,Aussen,,agrees,186,high,
aussen,1529,Aussen,,agrees,186,high,
autigny-la-tour,118,Autigny-la-Tour,,agrees,186,high,
autrcy,1774,Autrey,,agrees,186,high,
autrepierre,2059,Autrepierre,,agrees,186,high,
autreville-sur-moselle,521,Autreville,,agrees,186,high,
autrey,2389,Autrey,,agrees,186,high,
autrive,720,Autrive,,agrees,186,high,
auzainvilliers,1134,Auzainvilliers,,agrees,186,high,
auzainvilliers,1157,Auzainvilliers,57,agrees,186,high,
auzainvilliers,1199,Auzainvilliers,99,agrees,186,high,
avant-garde,87,Avant-garde,,agrees,186,high,
avillers,950,Avillers,,agrees,186,high,
avillers-fresnes-cn-vocvrc,1909,Avillers,,agrees,186,high,
avrainvillc,92,Avrainville,95,corrected,186,high,
avrainville,1843,Avrainville,,agrees,186,high,
avricourt,2086,Avricourt,,agrees,186,high,
aydoilles,590,Aydoiles,,agrees,186,high,
aydoilles,636,Aydoiles,,agrees,186,high,
aydoilles,640,Aydoiles,,agrees,186,high,
azelot,30,Azelot,,agrees,186,high,
azerailles,268,Azerailles,,agrees,186,high,
azerailles,2091,Azerailles,,agrees,186,high,
badinenil,270,Badménil,,agrees,187,high,
badmenil-aux-bois,1853,Badménil-aux-Bois,,agrees,187,high,
bagneux,550,Bagneux,,agrees,187,high,
bagneux,558,Bagneux,,agrees,187,high,
bains-les-bains,811,Bains,,agrees,187,high,
bains-les-bains,831,Bains,,agrees,187,high,
bainville-aux-miroirs,1833,Bainville-aux-Miroirs,,agrees,187,high,
bainville-aux-miroirs,2456,Bainville-aux-Miroirs,2156,corrected,187,high,
bainville-aux-saules,984,Bainville,,agrees,187,high,
bainville-aux-saules,1001,Bainville,,agrees,187,high,
baldringen,1459,Baldringen,,agrees,187,high,
ballering,1655,Ballering,,agrees,187,high,
ballern,1448,Ballern,,agrees,187,high,
balleville,1160,Balléville,,agrees,187,high,
balleville,1176,Balléville,76,agrees,187,high,
bambiderstroff,1373,Bambiderstroff,1575,corrected,187,high,
bamont,822,Bamont,,agrees,187,high,
bamont,845,Bamont,,agrees,187,high,
ban-de-la-riviere,2098,Ban de la Rivière,,agrees,187,high,
bannoncourt,1901,Bannoncourt,,agrees,188,high,
barbas,2058,Barbas,,agrees,188,high,
barbey-seroux,666,Barbay-Scroux,,agrees,188,high,
barbonville,166,Barbonville,,agrees,188,high,
barville,1187,Barville,,agrees,188,high,
bassaucourt,1899,Bassaucourt,,agrees,188,high,
bassing,1602,Bassing,,agrees,188,high,
bassing,1626,Bassing,26,agrees,188,high,
bathelemont-les-bauzemont,218,Bathelémont-lès-Bauzemont,,agrees,188,high,
batlielemont,1603,Bathelémont,1003,corrected,188,high,
battexey,1813,Battexey,1815,corrected,188,high,
battexey,1842,Battexey,42,agrees,188,high,
battigny,1745,Battigny,,agrees,188,high,
baudricourt,937,Baudricourt,,agrees,188,high,
bauzemont,223,Bauzemont,,agrees,188,high,
bayecourt,628,Bayecourt,,agrees,188,high,
bayecourt,653,Bayecourt,,agrees,188,high,
bayon,165,Bayon,,agrees,188,high,
bayon,2304,Bayon,,agrees,188,high,
bayonville-sur-mad,544,Bayonville,,agrees,188,high,
bayonville-sur-mad,1945,Bayonville,,agrees,188,high,
bazegney,955,Bazegney,,agrees,188,high,
bazegney,1053,Bazegney,,agrees,188,high,
bazoilles-et-menil,902,Bazoilles-et-Ménil,,agrees,188,high,
bazoilles-et-menil,916,Bazoilles-et-Ménil,,agrees,188,high,
bazoilles-et-menil,940,Bazoilles-et-Ménil,,agrees,188,high,
bcliling,2108,Bcliling,,agrees,190,high,
bcuwillcr,2165,Bcuwillcr,,agrees,190,high,
beaumont,2037,Beaumont,,agrees,188,high,
beaupre,245,Beaupré,,agrees,189,high,
beaupre,2381,Beaupré,2581,corrected,189,high,
beckingen,1430,Beckingen,1450,corrected,189,high,
beckingen,2485,Beckingen,,agrees,189,high,
bedersdorf,1686,Bedersdorf,,agrees,189,high,
begnecourt,1046,Begnécourt,,agrees,189,high,
behren,1737,Behren,1757,corrected,189,high,
belchamp,246,Belchamp,,agrees,189,high,
belchamp,2385,Belchamp,,agrees,189,high,
bellegney-devant-dompaire,974,Bettegney,,agrees,190,high,
bellegney-devant-dompaire,1015,Bettegney,,agrees,190,high,
bellegoutte,616,Bellegoutte,,agrees,189,high,
belleville,93,Belleville,,agrees,189,high,
belmont-les-darney,1109,Belmont,,agrees,189,high,
belmont-sur-buttant,664,Belmont,,agrees,189,high,
belmont-sur-vair,1132,Belmont-sur-Vair,1152,corrected,189,high,
belmont-sur-vair,1171,Belmont-sur-Vair,71,agrees,189,high,
belrepairc,442,Belrepaire,,agrees,189,high,
belrupt,1079,Belrupt,,agrees,189,high,
belrupt-darncy,1098,Belrupt,,agrees,189,high,
belrupt-darncy,1113,Belrupt,,agrees,189,high,
belval,1818,Belval,,agrees,189,high,
belval,2447,Belval,,agrees,189,high,
benamenil,251,Bénaménil,,agrees,189,high,
benifosse,359,Bénifosse,559,corrected,189,high,
benney,47,Benney,,agrees,189,high,
berg,1321,Berg mit Schloss,1521,manual,189,high,printed 1321
bertrameix,1946,Bertrameix,,agrees,189,high,
bertrimoutier,374,Bertrimoutier,574,corrected,189,high,
berus,1672,Berus,,spelling differs,189,medium,
berus,2336,Berus,,agrees,189,high,
berweiler,1675,Berweiler,,agrees,190,high,
besseringen,1426,Besseringen,,agrees,190,high,
bethingen,1338,Bethingen,,corrected,190,high,number not printed in the index
bethingen,1457,Bethingen,1558,agrees,190,high,
bethingen,1457,Bettingen ou Betting,,manual,190,high,printed 1457
bettange,1677,Bettange,,agrees,190,high,
bettegney-saint-brice,881,Bettegney-Saint-Brice,,agrees,190,high,
bettegney-saint-brice,889,Bettegney-Saint-Brice,,agrees,190,high,
bettingen,1493,Bettingen,,agrees,190,high,
bettingen,1528,Bettingen,,agrees,190,high,
bettoncourt,910,Bettoncourt,,agrees,190,high,
bettoncourt,934,Bettoncourt,954,corrected,190,high,
bettring,1656,Bettring,,agrees,190,high,
beuren,1322,Beuren,1522,corrected,190,high,
bibiche,1271,Bibiche,,agrees,190,high,
bibling,1697,Bibling,,agrees,190,high,
bibling,1702,Bibling,,agrees,190,high,
bidestroff,1621,Bidestroff,,agrees,190,high,
biecourt,1125,Biécourt,,agrees,190,high,
bienville-la-petite,212,Bienville-la-Petite,,agrees,190,high,
bienville-la-petite,235,Bienville-la-Petite,,agrees,190,high,
bietzen,1434,Biezen,1454,corrected,190,high,
bietzen,1462,Biezen,62,agrees,190,high,
biffontaine,621,Bifontaine,,agrees,190,high,
biffontaine,651,Bifontaine,,agrees,190,high,
biiren,1417,Büren,,agrees,194,high,
biiren,1438,Büren,38,agrees,194,high,
billy-sous-les-cotes,1893,Billy-sous-les-Côtes,,agrees,191,high,
bining-les-rohrbaeh,2178,Bining-lës-Rohrbaeh,,agrees,191,high,
bioncourt,489,Bioncourt,,agrees,191,high,
biringen,1221,Biringen,,agrees,191,high,
biringen,1248,Biringen,48,agrees,191,high,
bising,1212,Bising,,agrees,191,high,
bising,1240,Bising,40,agrees,191,high,
bisping,1599,Bisping,,agrees,191,high,
bisten,1685,Bisten,,agrees,191,high,
bisten-en-lorraine,2272,Bisten-im-Loch,,agrees,191,high,
bitche,2140,Bitche,,agrees,191,high,
bitche,2350,Bitche,,agrees,191,high,
blainville-sur-l-eau,151,Blainville-sur-l'Eau,,agrees,191,high,
blainville-sur-l-eau,171,Blainville-sur-l'Eau,,agrees,191,high,
blainville-sur-l-eau,259,Blainville-sur-l'Eau,,agrees,191,high,
blamont,2054,Blâmont,,agrees,191,high,
blamont,2323,Blâmont,2325,corrected,191,high,
blamont,2366,Blâmont,66,agrees,191,high,
blanche-eglise,1598,Blanche-Eglise,4598,corrected,191,high,
blanzey,465,Blanzey,,agrees,191,high,
blanzey,2430,Blanzey,,agrees,191,high,
blemerey,1054,Blémerey,,agrees,191,high,
blemerey,1792,Blémerey,,agrees,191,high,
blemerey-blamont,2065,Blémerey,,agrees,191,high,
blenod-les-pont-a-mousson,94,Blénod-lès-Pont-à-Mousson,,agrees,191,high,
blenod-les-pont-a-mousson,1947,Blénod-lès-Pont-à-Mousson,,agrees,191,high,
blies-guersviller,1580,Bliesguerschwiller,,agrees,191,high,
bliesebersing,1573,Bliesébersing,75,corrected,191,high,
bliesebersing,1575,Bliesébersing,,agrees,191,high,
bliesen,1484,Bliesen,,agrees,191,high,
bliesen,1521,Bliesen,,agrees,191,high,
bockange,1259,Bockange,,agrees,191,high,
bockange,1282,Bockange,82,agrees,191,high,
bockange,1389,Bockange,,agrees,191,high,
bockweiler,2174,Bôckweilcr,2175,corrected,191,high,
bocquegney,1012,Bocquegney,,agrees,191,high,
bocquegney,1018,Bocquegney,18,agrees,191,high,
bocquegney,1057,Bocquegney,57,agrees,191,high,
boinville-en-woevre,1948,Boinville,,agrees,191,high,
boncourt,1922,Boncourt,,agrees,192,high,
boncourt,1938,Boncourt,58,corrected,192,high,
boncourt-sur-meuse,547,Boncourt,,agrees,192,high,
bonfays,1005,Bonfays,,agrees,192,high,
bonfays-legeville-et-bonfays,2391,Bonfays,,agrees,192,high,
bonipaire,278,Bonipaire,,agrees,192,high,
bonneval,214,Bonneval,,agrees,192,high,
bonneval,2461,Bonneval,,agrees,192,high,
bonviller,207,Bonviller,,agrees,192,high,
bonvillet,1066,Bonvillet,,agrees,192,high,
bonvillet,1097,Bonvillet,97,agrees,192,high,
borville,152,Borville,,agrees,192,high,
bosserville,48,Bosserville,,agrees,192,high,
boucheporn,2273,Boucheporn,2275,manual,192,high,"the scan reads 2275 (Niedervisse's); Boucheporn is Banschborn (table of old forms), entry 2273"
boucliatel,802,Bouchatel,,agrees,192,high,
bouillonville,1939,Bouillonville,,agrees,192,high,
boulaincourt,1771,Boulaincourt,,agrees,192,high,
boulaincourt,1782,Boulaincourt,82,agrees,192,high,
boulaincourt,2449,Boulaincourt,,agrees,192,high,
boulay,1348,Boulay,,spelling differs,192,medium,
boulay,2332,Boulay,2552,corrected,192,high,
boulier,626,Boulier,,agrees,244,high,
boulier,642,Boulier,,agrees,244,high,
bouras,396,Bouras,596,corrected,192,high,
bousse,2252,Bousse,,agrees,192,high,
bousseviller,2147,Bousseviller,,agrees,192,high,
boustroff,2271,Boustroff,,agrees,192,high,
bouxieres-aux-bois,951,Bouxières-aux-Bois,,agrees,192,high,
bouxieres-aux-chenes,461,Bouxières-aux-Chênes,,agrees,192,high,
bouxieres-aux-dames,32,Bouxières-aux-Dames,52,corrected,193,high,
bouxieres-aux-dames,2407,Bouxières-aux-Dames,,agrees,193,high,
bouxurulles,1802,Bouxurulles,,agrees,193,high,
bouxurulles,1827,Bouxurulles,27,agrees,193,high,
bouzanville,1768,Bouzanville,,agrees,193,high,
bouzanville,1786,Bouzanville,b6,agrees,193,high,
bouzemont,957,Bouzemont,,agrees,193,high,
bouzemont,1052,Bouzemont,,agrees,193,high,
bouzonville,1699,Bouzonville,,agrees,193,high,
bouzonville,2335,Bouzonville,2555,corrected,193,high,
bouzonville,2400,Bouzonville,,agrees,193,high,
bovee-sur-barboure,1949,Bovée,,agrees,193,high,
boviolles,1950,Boviolles,,agrees,193,high,
braconeelle,290,Braconeelle,,agrees,193,high,
braconeelle,307,Braconeelle,507,manual,193,high,printed 307
bralleville,872,Bralleville,,agrees,193,high,
bralleville,896,Bralleville,,agrees,193,high,
brancourt,1179,Brancourt,,agrees,193,high,
brantigny,876,Brantigny,,agrees,193,high,
brecklange,1358,Brecklange,1558,manual,193,high,printed 1358
breehaincouri,1196,Brechaincourt,,agrees,193,high,
brehaviller,830,Bréhaviller,850,corrected,193,high,
brehimont,336,Bréhimont,556,manual,193,high,"printed 356: Brécheymont is 336 (""fircebymont"")"
breidenbach,2148,Breidenbach,,agrees,193,high,
bremoncourt,175,Brémoncourt,,agrees,193,high,
brieulles-sur-meuse,1951,Brieulles-sur-Meuse,,agrees,193,high,
brin-sur-seille,488,Brin,486,corrected,193,high,
brisevcrre,1073,Briseverre,,agrees,193,high,
brouaumont,615,Brouaumont,,agrees,193,high,
broussey-en-blois,1952,Broussey-en-Blois,1955,manual,193,high,"printed 1953 (the scan reads 1955), the editors' misprint for 1952: Broucey (bailliage d'Apremont), Broussey-en-Blois"
brouvelieures,645,Brouvelieures,,agrees,193,high,
brouvelieures,661,Brouvelieures,,agrees,193,high,
brouvelotte,2095,Brouvelotte,,agrees,193,high,
brouville,2094,Brouville,,agrees,194,high,
brulange,513,Brulange,515,corrected,194,high,
bruyeres,582,Bruyères,,agrees,194,high,
bruyeres,2312,Bruyères,,agrees,194,high,
bubingen,1309,Bùbingen,1509,corrected,194,high,
budange,1316,Budange,1516,corrected,194,high,
buding,2280,Buding,,agrees,194,high,
budingen,1454,Budingen,,agrees,194,high,
buhl,2115,Bühl,,agrees,194,high,
bulgneville,1114,Bulgnéville,,agrees,194,high,
bulgneville,1172,Bulgnéville,72,agrees,194,high,
bulgneville,2349,Bulgnéville,,agrees,194,high,
bulligny,580,Bulligny,,agrees,194,high,
bult,1858,Bult,,agrees,194,high,
bure,1953,Bure,,agrees,194,high,
bures,216,Bures,,agrees,194,high,
burgalben,2214,Burgalben,,agrees,194,high,
burthecourt-aux-chenes,33,Burthecourt-aux-Chènes,35,corrected,194,high,
buschdorf,1453,Bûschdorf,,agrees,195,high,
bussang,769,Bussang,,agrees,195,high,
buweiler,1490,Buweiler,,agrees,195,high,
buweiler,1533,Buweiler,,agrees,195,high,
buzy,537,Buzy,,agrees,195,high,
cadenbronn,1735,Cadenbronn,,agrees,195,high,
cappel,1669,Cappel,,agrees,195,high,
ceintrey,51,Ceintrey,,agrees,195,high,
celles,774,Celles,,agrees,195,high,
cens-la-vhle,746,Cens-la-Ville,,agrees,195,high,
cercueil,486,Cercueil,4b6,agrees,195,high,
certilleux,1193,Certilleux,1195,corrected,195,high,
chaillon,1898,Chaillon,,agrees,195,high,
chaine-goutte,694,Chaine-Goutte,,agrees,195,high,
chalgoulte,284,Chalgoulte,,agrees,195,high,
chaligny,127,Chaligny,,agrees,195,high,
chamagne,205,Chamagne,,agrees,195,high,
chamagne,1815,Chamagne,,agrees,195,high,
chamagne,1820,Chamagne,20,agrees,195,high,
chamagne,1825,Chamagne,25,agrees,195,high,
chamagne,1834,Chamagne,34,agrees,195,high,
chamagne,1839,Chamagne,39,agrees,195,high,
chamblcy,536,Chambley,556,corrected,195,high,
chambrc-de-moulin,695,Chambre-de-Moulin,,agrees,196,high,
champ-le-duc,583,Champ-le-Duc,,agrees,196,high,
champdray,612,Champdray,,agrees,196,high,
champdray,623,Champdray,,agrees,196,high,
champenoux,471,Champenoux,,agrees,196,high,
champey-sur-moselle,526,Champey,,agrees,196,high,
champigneulles,6,Champigneulles,,agrees,196,high,
chanteheux,266,Chanteheux,,agrees,196,high,
chaouilley,1740,Chaouilley,,agrees,196,high,
charey,1957,Charey,,agrees,196,high,
charmais,1093,Charmais,1095,corrected,196,high,
charmes,869,Charmes-sur-Moselle,,agrees,196,high,
charmes,2313,Charmes-sur-Moselle,2315,corrected,196,high,
charmes,2474,Charmes-sur-Moselle,,corrected,196,high,number not printed in the index
charmois,167,Charmois,,agrees,196,high,
charmois-devant-bruyeres,627,Charmois-devant-Bruyéres,,agrees,196,high,
charmois-devant-bruyeres,641,Charmois-devant-Bruyéres,,agrees,196,high,
charmois-l-orgueilleux,996,Charmois-l'Orgueilleux,,spelling differs,196,medium,
chatas,392,Chatas,,agrees,196,high,
chatcau-sur-pcrlc,671,Château-sur-Perle,,agrees,196,high,
chateau-de-bourg-esch,1320,Bourgesch,1520,corrected,192,high,
chateau-du-spitzemberg,2132,Spitzemberg,2152,corrected,248,high,
chateau-rouge,1691,Château-Rouge,,spelling differs,196,medium,
chateau-salins,455,Château-Salins,,agrees,196,high,
chateau-salins,2301,Château-Salins,,agrees,196,high,
chateau-salins,2417,Château-Salins,,agrees,196,high,
chateauvoue,1609,Château-Voué,,agrees,196,high,
chatel-sur-moselle,1793,Châtel-sur-Moselle,1795,corrected,197,high,
chatel-sur-moselle,2326,Châtel-sur-Moselle,,agrees,197,high,
chatenois,1117,Châtenois,,agrees,197,high,
chatenois,2314,Châtenois,,agrees,197,high,
chatenois,2453,Châtenois,53,manual,197,high,"printed 53 after 2314: the priory of Chastenoy, 2453"
chatimont,977,Chatimont,,agrees,197,high,
chatlemagnc-ou-chatemagnc,511,Chattemagne ou Chatemagne,,manual,197,high,"entry 511: ""Aboncourt, ban de Chattemagne"""
chauffecourt,909,Chauffecourt,,agrees,197,high,
chaumousey,1003,Chaumouzey,1005,corrected,197,high,
chaumousey,1004,Chaumouzey,,spelling differs,197,medium,
chaumousey,2390,Chaumouzey,,agrees,197,high,
chavelot,1846,Chavelot,,agrees,197,high,
chavelot,1877,Chavelot,77,agrees,197,high,
chavigny,131,Chavigny,151,corrected,197,high,
chazelles,1958,Chazelles,,agrees,197,high,
chazelles-sur-albe,2068,Chazelles,,agrees,197,high,
chef-haut,1188,Chef-Haut,,agrees,197,high,
chef-haut,1788,Chef-Haut,,agrees,197,high,
chemery,1266,Chémery,,agrees,197,high,
chemery,1312,Chémery,1512,corrected,197,high,
chenilmont,971,Chenilmont,,agrees,197,high,
chenimenil,670,Cheniménil,,agrees,197,high,
cheuvry,386,Cheuvry,586,corrected,197,high,
chicourt,504,Chicourt,,agrees,197,high,
chonville,140,Chonville,,agrees,197,high,
chonville,1956,Chonville,,agrees,197,high,
circourt,1011,Circourt,,agrees,197,high,
circourt,1061,Circourt,,agrees,197,high,
circourt-sur-mouzon,1194,Circourt,,agrees,198,high,
clairey,1081,Clairey,,agrees,198,high,
clairgoutte,445,Clairgoutte,44a,agrees,198,high,
clairlieu,34,Clairlieu,,agrees,198,high,
clairlieu,2379,Clairlieu,2579,manual,198,high,printed 2379
claudon,1074,Claudon,,spelling differs,198,medium,
clayeures,169,Clayeures,,agrees,198,high,
clefcy,303,Clefcy,,agrees,198,high,
clefcy,319,Clefcy,519,manual,198,high,printed 319
clemery,492,Clémery,,agrees,198,high,
clerey-sur-brenon,1750,Clérey,,agrees,198,high,
clezentaine,1798,Clézentaine,,agrees,198,high,
clezentaine,2327,Clézentaine,2527,corrected,198,high,
clingouite,405,Clingoutte,403,corrected,198,high,
cocheren,2245,Cocheren,,agrees,198,high,
coinches,401,Coinches,,agrees,198,high,
coinchimont,423,Coinchimont,,agrees,198,high,
colligny,495,Colligny,,agrees,198,high,
colmen,1216,Colmen,,agrees,198,high,
colmen,1331,Colmen,1551,manual,198,high,printed 1331
colombey-les-belles,556,Colombey-les-Belles,,agrees,198,high,
colroy-la-grande,433,Colroy-la-Grande,,agrees,198,high,
combrimont,279,Combrimont,,agrees,198,high,
combrimont,436,Combrimont,456,manual,198,high,printed 436
commcrcy,133,Commercy,135,corrected,198,high,
commcrcy,2344,Commercy,,agrees,198,high,
commcrcy,2370,Commercy,70,agrees,198,high,
conde,1278,Condé,,agrees,198,high,
conde,1293,Condé,93,agrees,198,high,
cone,981,Cône,,agrees,198,high,
conlrexard,729,Contrexard,,agrees,199,high,
conthil,2198,Conthil,,agrees,199,high,
contramoulin,372,Contramoulin,,agrees,199,high,
contramoulin,403,Contramoulin,,agrees,199,high,
contrexeville,1115,Contrexéville,4115,corrected,199,high,
corcieux,592,Corcieux,,agrees,199,high,
cornieville,1959,Corniéville,,agrees,199,high,
cornimont,834,Cornimont,,agrees,199,high,
coume,1360,Ceume,,spelling differs,199,medium,
courbesseaux,459,Courbessaux,,agrees,199,high,
courbesseaux,482,Courbessaux,,agrees,199,high,
courcelles,1781,Courcelles,,agrees,199,high,
courcelles-sous-chatenois,1178,Courcelles-sous-Châtenois,,agrees,199,high,
courrupt,789,Courrupt,,agrees,199,high,
coussey,120,Coussey,,agrees,199,high,
coyviller,168,Coiviller,,agrees,198,high,
crantenoy,50,Crantenoy,,agrees,199,high,
cremanviller,731,Crémanviller,,agrees,199,high,
cremanviller,829,Crémanviller,,agrees,199,high,
crepey,563,Crépey,,agrees,199,high,
creue,1912,Creue,,agrees,200,high,
crevechamps,49,Crévéchamps,,agrees,200,high,
crevic,35,Crévic,55,corrected,200,high,
crezilles,561,Crézilles,»61,agrees,200,high,
crion,208,Crion,,agrees,200,high,
crion,229,Crion,,agrees,200,high,
croismare,255,Croismare,,manual,200,high,"Hadonviller, the old name of Croismare"
custines,515,Custines,51»,agrees,200,high,
cutting,1601,Cutting,,agrees,200,high,
cutting,1623,Cutting,25,corrected,200,high,
cutting,1642,Cutting,42,agrees,200,high,
cuvry,545,Cuvry,,agrees,200,high,
cuvry,1960,Cuvry,,agrees,200,high,
dain-en-saulnois,1965,Dain,,agrees,200,high,
dalem,1381,Dalem,1581,corrected,200,high,
dalem,1392,Dalem,92,corrected,200,high,
dalstein,1265,Dalstein,,agrees,200,high,
damas-aux-bois,146,Damas-aux-Bois,,spelling differs,200,medium,
damas-aux-bois,1807,Damas-aux-Bois,,agrees,200,high,
damas-et-bettegney,1055,Damas-et-Bettegney,105»,manual,200,high,printed 1055
damelevieres,170,Damelevières,,agrees,200,high,
dampvitoux,1961,Dampvitoux,,agrees,200,high,
dandirant,796,Dandirant,,agrees,200,high,
darmont,543,Darmont,545,corrected,200,high,
darney,1064,Darney,,agrees,200,high,
darney,2310,Darney,,agrees,200,high,
darney,2365,Darney,,corrected,200,high,number not printed in the index
darney-aux-chenes,1197,Darney-aux-Chénes,,agrees,200,high,
darnieulles,1034,Darnieulles,1054,corrected,200,high,
dcveline,283,Dcveline,,agrees,201,high,
deinvillers,173,Deinvillers,,agrees,200,high,
demange-champ,706,Démange-Champ,,agrees,200,high,
demrupl,849,Demrupt,,agrees,200,high,
deneuvre,2088,Deneuvre,,agrees,200,high,
deneuvre,2325,Deneuvre,2525,corrected,200,high,
deneuvre,2367,Deneuvre,07,corrected,200,high,
denipaire,353,Denipaire,555,corrected,200,high,
derbamont,1010,Derbamont,,agrees,200,high,
derbamont,1060,Derbamont,60,agrees,200,high,
derbamont,1062,Derbamont,62,agrees,200,high,
destord,632,Destord,,agrees,201,high,
destord,649,Destord,,agrees,201,high,
destord,2099,Destord,,spelling differs,201,medium,
destry,1713,Destry,,agrees,201,high,
deuxnouds-aux-bois,1887,Deuxnouds-aux-Bois,,agrees,201,high,
deuxnouds-aux-bois,1964,Deuxnouds-aux-Bois,,agrees,201,high,
deycimont,586,Deycimont,,agrees,201,high,
deycimont,634,Deycimont,654,corrected,201,high,
deyfosse,347,Deyfosse,547,corrected,201,high,
deyvillers,1848,Deyvillers,,agrees,201,high,
deyvillers,1875,Deyvillers,75,agrees,201,high,
diarville,1747,Diarville,,agrees,201,high,
dictersba-eh,2217,Dietersbach,,agrees,201,high,
diding,1301,Diding,1501,corrected,201,high,
diding,1336,Diding,56,corrected,201,high,
diebling,1579,Diebling,,agrees,201,high,
diebling,1671,Diebling,,agrees,201,high,
diederfing,1660,Diederfing,,agrees,201,high,
diefenbach-les-puttelange,1652,Diffembach-lès-Puttclange,,agrees,201,high,
dieulouard,1962,Dieulouard,,agrees,201,high,
dieuze,1588,Dieuze,,agrees,201,high,
dieuze,2338,Dieuze,,corrected,201,high,number not printed in the index
dieuze,2358,Dieuze,,spelling differs,201,medium,
dieuze,2419,Dieuze,,agrees,201,high,
diffembach-les-hellimer,1634,Diffembach-lès-Hellimer,,agrees,201,high,
diffembach-les-hellimer,1647,Diffembach-lès-Hellimer,,agrees,201,high,
differten,1365,Differten,,agrees,201,high,
dignonville,1854,Dignonville,,agrees,201,high,
dillingen,1436,Dillingen,,agrees,201,high,
dittclingen,1733,Dittelingen,1753,corrected,201,high,
docelles,597,Docelles,,agrees,201,high,
doersdorf,1476,Dersdorf,,agrees,201,high,
doersdorf,1540,Dersdorf,,agrees,201,high,
dogneville,1860,Dognéville,,agrees,202,high,
dolaincourt,1177,Dolaincourt,,agrees,202,high,
dolcourt,1759,Dolcourt,,agrees,202,high,
dolving,2114,Dolving,,agrees,202,high,
dombasle,7,Dombasle,,agrees,202,high,
dombasle,52,Dombasle,,agrees,202,high,
dombasle-devant-darney,1099,Dombasle-devant-Darney,,agrees,202,high,
dombasle-en-xaintois,913,Dombasle-en-Xaintois,915,corrected,202,high,
dombasle-en-xaintois,927,Dombasle-en-Xaintois,,manual,202,high,printed 927
dombrot-sur-vair,1102,Dombrot-sur-Vair,,agrees,202,high,
dombrot-sur-vair,1110,Dombrot-sur-Vair,,agrees,202,high,
dombrot-sur-vair,1190,Dombrot-sur-Vair,,corrected,202,medium,number not printed in the index
domevre,174,Domèvre,,agrees,202,high,
domevre-sous-montfort,938,Domévre-sous-Montfort,958,corrected,202,high,
domevre-sur-aviere,1867,Domévre-sur-Avière,,agrees,202,high,
domevre-sur-durbion,629,Domèvre-sur Durbion,,agrees,202,high,
domevre-sur-durbion,654,Domèvre-sur Durbion,,agrees,202,high,
domevre-sur-durbion,675,Domèvre-sur Durbion,,agrees,202,high,
domevre-sur-vezouze,243,Domèvre-sur Vezouse,245,corrected,202,high,
domevre-sur-vezouze,2055,Domèvre-sur Vezouse,2056,corrected,202,high,
domevre-sur-vezouze,2070,Domèvre-sur Vezouse,70,agrees,202,high,
domevre-sur-vezouze,2383,Domèvre-sur Vezouse,2585,corrected,202,high,
domfaing,646,Domfaing,,agrees,202,high,
domfaing,662,Domfaing,,agrees,202,high,
domjevin,260,Domjevin,,agrees,202,high,
domjevin,2064,Domjevin,,agrees,202,high,
domjulien,926,Domjulien,927,manual,202,high,"printed 927 (Dombasle, which has a line of its own): Donjulien, chasteau et bourg, is 926"
domjulien,2317,Domjulien,2517,corrected,202,high,
dommarie-eulmont,1742,Dommarie-Eulmont,,agrees,202,high,
dommartemont,53,Dommartemont,,agrees,202,high,
dommartin-aux-bois,1022,Dommartin-aux-Bois,,agrees,202,high,
dommartin-la-montagne,1963,Dommartin-la-Montagne,1965,corrected,202,high,
dommartin-les-remiremont,778,Dommartin,,agrees,202,high,
dommartin-les-vallois,1068,Dommartin-lès-Vallois,,agrees,202,high,
dommartin-les-ville,967,Dommartin-lès-Ville,,agrees,202,high,
dommartin-les-ville,968,Dommartin-lès-Ville,,corrected,202,medium,number not printed in the index
dommartin-sous-amance,485,Dommartin-sous-Amance,48»,agrees,202,high,
dommartin-sur-vraine,1167,Dommartin-sur-Vraine,,agrees,202,high,
domnom-les-dieuze,1625,Domnom,,agrees,202,high,
dompaire,948,Dompaire,,agrees,202,high,
dompaire,2309,Dompaire,2509,corrected,202,high,
dompcevrin,1902,Dompcevrin,,agrees,202,high,
dompierre,591,Dompierre,,agrees,202,high,
domptail-en-l-air,172,Domptail-en-l'Air,,agrees,203,high,
domvallier,946,Domvallier,,agrees,203,high,
donnelay,2290,Donnelay,,agrees,203,high,
donsieders,2215,Donsieders,,agrees,203,high,
dounoux,806,Dounoux,,agrees,203,high,
dourd-hal,1372,Dourd'hal,1572,corrected,203,high,
dourd-hal,2262,Dourd'hal,,agrees,203,high,
dreisbach,1424,Dreisbach,,agrees,203,high,
drogny,1283,Drogny,1285,corrected,203,high,
drogny,1298,Drogny,98,agrees,203,high,
droiteval,1095,Droiteval,109»,agrees,203,high,
droiteval,2442,Droiteval,,agrees,203,high,
drouville,225,Drouville,22»,agrees,203,high,
duren,1369,Dùren,1569,corrected,203,high,
ebersviller,1330,Eberswiller,1530,corrected,203,high,
eblange,1385,Eblange,1585,corrected,203,high,
echery,2126,Eschery,,agrees,205,high,
ecrouves,1967,Ecrouves-et-Grand-Ménil,,agrees,203,high,
ecuelle,462,Ecuelle,,agrees,203,high,
edling,1678,Edling,,agrees,203,high,
eguelshardt,2194,Eguelshardt,,agrees,203,high,
eich,2119,Eich,,agrees,203,high,
eich-sarralbe,2137,Eich,2157,manual,205,high,"corrections: ""Eich… 2157""; Eychen of Sarralbe is 2137"
eimersdorf,1339,Eimersdorf,,agrees,203,high,
eimersdorf,1422,Eimersdorf,1422*,manual,203,high,printed 1422
einarizhauscn,2233,Einartzhausen,2255,corrected,204,high,
einchwiller,1720,Einchwiller,,agrees,204,high,
einvaux,145,Einvaux,14»,agrees,204,high,
einville-au-jard,206,Einville,,agrees,204,high,
einville-au-jard,2294,Einville,,agrees,204,high,
eisweiler,1485,Eisweiler,,agrees,204,high,
eisweiler,1510,Eisweiler,,agrees,204,high,
eisweiler,1554,Eisweiler,54,agrees,204,high,
eloyes,689,Eloyes,,agrees,204,high,
elvange,1374,Ëlvange,1574,manual,204,high,printed 1374
elviller,1667,Elwiller,,agrees,204,high,
embermenil,2074,Emberménil,,agrees,204,high,
emmersweiler,2246,Emmersweiler,,agrees,204,high,
enchenberg,2182,Enchenberg,,agrees,204,high,
ensdorf,1403,Ensdorf,1405,corrected,204,high,
entre-deux-eaux,360,Entre-deux-Eaux,560,corrected,204,high,
epange,1302,Epange,1502,corrected,204,high,
epinal,1844,Epinal,,agrees,205,high,
epinal,2328,Epinal,,agrees,205,high,
epinal,2374,Epinal,,agrees,205,high,
epinal,2405,Epinal,,corrected,205,high,number not printed in the index
eppelborn,1552,Eppellborn,,agrees,205,high,
eppenbrunn,2155,Eppenbrunn,,agrees,205,high,
epping,2164,Epping,,agrees,205,high,
erbringen,1420,Erbringen,,agrees,205,high,
erbringen,1444,Erbringen,44,agrees,205,high,
erching,2170,Erching,,agrees,205,high,
erlenbrunn,2207,Erlenbrunn,,agrees,205,high,
erlenbrunn,2221,Erlenbrunn,,agrees,205,high,
eschviller,2227,Eschwiller,,agrees,205,high,
escles,987,Escles,,agrees,205,high,
esley,1112,Esley,,agrees,205,high,
essegney,880,Essegney,,agrees,205,high,
essey-et-maizerais,1968,Essey-et-Maizerais,,agrees,205,high,
essey-la-cote,153,Essey-la-Côte,,agrees,205,high,
essey-les-nancy,54,Essey-lès-Nancy,,agrees,205,high,
estrennes,915,Estrennes,91»,agrees,205,high,
estrennes,941,Estrennes,,agrees,205,high,
et-ch,2211,Eich,,agrees,206,high,
etat,767,Etat,,agrees,205,high,
etival,333,Etival,555,corrected,205,high,
etival,2388,Etival,,agrees,205,high,
etreval,1776,Etreval,,agrees,205,high,
etting,2187,Etting,,agrees,205,high,
etzling,1732,Etzeling,1752,corrected,205,high,
eulmont,37,Eulmont,57,corrected,205,high,
eulmont-dommaric-eulmont,1741,Eulmont,,agrees,205,high,
euvezin,1925,Euvezin,192»,agrees,205,high,
euvezin,2051,Euvezin,,agrees,205,high,
euville,1966,Euville,,agrees,205,high,
evaux-et-menil,882,Evaux-et-Ménil,,agrees,205,high,
evaux-et-menil,893,Evaux-et-Ménil,895,corrected,205,high,
evendorff,1210,Evendorff,,agrees,205,high,
evendorff,1275,Evendorff,7»,agrees,205,high,
eynothaws,2213,Eynothaws,,agrees,206,high,
faings-polots-les-ham,801,Les Faings-Polots,,agrees,206,high,
falck,1399,Falck,1599,manual,206,high,printed 1399
falkenstein-les-baerenthal,2223,Falkeinstein,,agrees,206,high,
farebersviller,2250,Faréberswiller,,agrees,206,high,
farschwiller,1668,Farschwiller,,agrees,206,high,
faucompierre,677,Faucompierre,,agrees,206,high,
fauconcourt,179,Fauconcourt,,agrees,206,high,
faulquemont,1717,Faulquemont,,agrees,206,high,
faulquemont,2340,Faulquemont,2540,corrected,206,high,
faulx,516,Faulx,,spelling differs,206,medium,
faulx,517,Faulx,,spelling differs,206,medium,
favieres,1755,Favières,,agrees,206,high,
faycmont,398,Fayemont,598,corrected,206,high,
faymont,788,Faymont,,agrees,206,high,
fechingen,1574,Fechingen,,agrees,206,high,
fechingen,1587,Fechingen,87,agrees,206,high,
fecocourt,1785,Fécocourt,,agrees,206,high,
felsberg,1408,Felsberg,,agrees,206,high,
ferange,1268,Férange,,agrees,206,high,
ferdrupt,762,Ferdrupt,,agrees,206,high,
ferdrupt,841,Ferdrupt,,agrees,206,high,
ferrieres,178,Ferrières,,agrees,207,high,
fey-en-haye,95,Fey-en-Haye,,agrees,207,high,
fey-en-haye,110,Fey-en-Haye,,agrees,207,high,
fiavigny-sur-moselle,39,Flavigny-sur-Moselle,59,corrected,207,high,
fiavigny-sur-moselle,2446,Flavigny-sur-Moselle,,agrees,207,high,
fickingen,1443,Fickingen,,agrees,207,high,
filstroff,1299,Filstroff,,agrees,207,high,
filstroff,1354,Filstroff,,agrees,207,high,
fimenil,657,Fiménil,,agrees,207,high,
fitten,1447,Fitten,,agrees,207,high,
flainval,38,Flainval,58,manual,207,high,"printed 38; the entry reads ""Hainvau"" (scan)"
flasgarten,1350,Flasgarten,1550,corrected,207,high,
flastroff,1251,Flastroff,,agrees,207,high,
flatten,1214,Flatten,,agrees,207,high,
fleville-devant-nancy,55,FJéville,,agrees,207,high,
fliessborn,1304,Fliessborn,1504,corrected,207,high,
flin,269,Flin,,agrees,207,high,
flin,2092,Flin,,agrees,207,high,
flirey,109,Flirey,,agrees,207,high,
floremont,871,Florémont,,agrees,207,high,
folckling,2247,Folckling,,agrees,207,high,
folpersviller,1572,Folperswiller,,agrees,207,high,
folschwiller,2278,Folschwiller,,agrees,207,high,
folschwiller,2282,Folschwiller,82,agrees,207,high,
fomerey,1019,Fomerey,,agrees,207,high,
fomerey,1058,Fomerey,58,agrees,207,high,
fontaine,828,Fontaine,,agrees,207,high,
fontenay,589,Fontenay,,agrees,207,high,
fontenay,637,Fontenay,,agrees,207,high,
fontenay,639,Fontenay,659,corrected,207,high,
fontenoy-la-joute,2090,Fontenoy-la-Joute,,agrees,208,high,
fontenoy-la-ville,854,Fontenoy-la-Ville,,agrees,208,high,
fontenoy-le-chateau,853,Fontenoy-le-Château,855,manual,208,high,printed 853
fontenoy-le-chateau,2320,Fontenoy-le-Château,2520,manual,208,high,printed 2320
fontenoy-sur-moselle,572,Fonienoy-sur-Moselle,,agrees,208,high,
forbach,1724,Forbach,,agrees,208,high,
forbach,2342,Forbach,2542,corrected,208,high,
forbeauvoisin,1924,Forbeauvoisin,,agrees,208,high,
forbeauvoisin,1970,Forbeauvoisin,70,agrees,208,high,
forcelles-saint-gorgon,1777,Forcelles-Saint-Gorgon,,agrees,208,high,
forcelles-sous-gugney,1753,Forcelles-sous-Gugney,,agrees,208,high,
foresterie-la-du-ban-de-moulin,717,Foresterie (la) du ban de Moulin,,agrees,208,high,
fosse-la-ham,344,Fosse (la) ham,544,corrected,208,high,
fouchifol,362,Fouchifol,562,corrected,208,high,
fouchifol,402,Fouchifol,,agrees,208,high,
foucrey,233,Foucrey,255,manual,209,high,printed 233
fougerolles,868,Fougerolles,,agrees,209,high,
fraimbois,180,Fraimbois,,agrees,209,high,
fraiteux,394,Fraiteux,594,corrected,209,high,
franconville,177,Franconville,,agrees,209,high,
franould,750,Franould,,agrees,209,high,
franould,780,Franould,,agrees,209,high,
franould,842,Franould,,agrees,209,high,
frapelle,375,Frapelle,,agrees,209,high,
fraulautern,1401,Fraulautern,,agrees,209,high,
fraulautern,2414,Fraulautern,,agrees,209,high,
freching,1224,Freching,,agrees,209,high,
freisen,1556,Freisen,,agrees,209,high,
freistroff,1286,Freistroff,,agrees,209,high,
freistroff,1311,Freistroff,1511,corrected,209,high,
freistroff,1313,Freistroff,15,corrected,209,high,
freistroff,2401,Freistroff,,agrees,209,high,
fremereville-sous-les-cotes,1971,Frémeréville,,agrees,209,high,
fremersdorf,1254,Fremmesdorf,,agrees,209,high,
fremestroff,2285,Frémestroff,228»,agrees,209,high,
fremifontaine,633,Frémifontaine,653,corrected,209,high,
fremifontaine,674,Frémifontaine,,agrees,209,high,
fremonville,2057,Frémonville,,agrees,209,high,
frenelle-la-grande,1744,Frenelle-la-Grande,,agrees,209,high,
frenelle-la-petite,1766,Frenelle-la-Petite,,agrees,210,high,
frenois,1002,Frenois,,agrees,210,high,
fresnes-en-saulnois,470,Fresnes-en-Saintois,,agrees,210,high,
fresse-sur-moselle,847,Fresse,817,corrected,210,high,
freybouse,2253,Freybouse,2255,corrected,210,high,
freyming,1390,Freyming,1590,manual,210,high,printed 1390
frisonviller,2087,Frisonviller,9087,corrected,210,high,
frizon,1803,Frizon,1805,manual,210,high,Frizon-la-Haute
frizon,1804,Frizon,4,manual,210,high,Frizon-la-Basse
frizon,1831,Frizon,31,agrees,210,high,
frouard,8,Frouard,,agrees,210,high,
frouard,2307,Frouard,2507,manual,210,high,printed 2307
froville,154,Froville,,agrees,210,high,
froville,176,Froville,,agrees,210,high,
froville,2434,Froville,2454,corrected,210,high,
fruze,122,Fruze,,agrees,210,high,
furschweiler-les-namborn,1561,Furschweiler,,agrees,210,high,
furweiler,1252,Fùrweiler,1352,corrected,210,high,
gawestroff,1689,Gawestroff,,manual,210,high,"Wistorff: Weistroff, the old name"
gehweiler,1489,Gehweiler,,agrees,210,high,
gehweiler,1517,Gehweiler,,agrees,210,high,
gelacourt,271,Gélacourt,971,manual,210,high,printed 271
gelacourt,2093,Gélacourt,9093,manual,210,high,printed 2093
gelaucourt,1746,Gélaucourt,,agrees,210,high,
gellenoncourt,230,Gellenoncourt,930,corrected,210,high,
gelucourt,1604,Gelucourt,,agrees,210,high,
gelucourt,1608,Gelucourt,8,agrees,210,high,
gelucourt,1619,Gelucourt,19,agrees,210,high,
gelucourt,2484,Gelucourt,9484,corrected,210,high,
gelvecourt-et-adompt,1043,Gelvécourt-et-Adompt,,agrees,210,high,
gemainfaing,395,Geminfaing,595,corrected,211,high,
gemainfaing,441,Geminfaing,,agrees,211,high,
gemmelaincourt,1143,Gemmelaincourt,4145,manual,211,high,printed 1143
gemonville,1202,Gémonville,,agrees,211,high,
gentersberg,2192,Guendersberg,,agrees,213,high,
gerarcourt,9,Gérarcourt,,agrees,211,high,
gerardmer,747,Gérardmer,,agrees,211,high,
gerbamont,730,Gerbamont,750,corrected,211,high,
gerbamont,743,Gerbamont,,agrees,211,high,
gerbecourt,477,Gerbécourt,,agrees,211,high,
gerbecourt-et-haplemont,56,Gerbécourt-et-Haplemont,,agrees,211,high,
gerbepal,660,Gerbépal,,agrees,211,high,
gerbeviller,159,Gerbéviller,,agrees,211,high,
gerbeviller,164,Gerbéviller,,agrees,211,high,
gerbeviller,181,Gerbéviller,,corrected,211,high,number not printed in the index
gerbeviller,2303,Gerbéviller,,agrees,211,high,
gerbeviller,2433,Gerbéviller,,agrees,211,high,
gerbonvaux,1154,Gerbonvaux,,agrees,211,high,
gerbonvaux,2455,Gerbonvaux,,agrees,211,high,
germonville,873,Germonville,,agrees,211,high,
germonville,897,Germonville,,agrees,211,high,
geromenil,684,Géroménil,,agrees,211,high,
geromenil,808,Géroménil,,agrees,211,high,
gersbach,2206,Gersbach,,agrees,211,high,
gezoncourt,98,Gezoncourt,,agrees,211,high,
giafcnthal,1576,Giafcnthal,,agrees,212,high,
giafcnthal,2465,Giafcnthal,246a,agrees,212,high,
gigney,1013,Gigney,,agrees,211,high,
gigney,1030,Gigney,30,agrees,211,high,
gigney,1039,Gigney,39,agrees,211,high,
gigney,1874,Gigney,,agrees,211,high,
ginfosse,437,Ginfosse,,agrees,211,high,
girancourt,1021,Girancourt,,agrees,211,high,
girauvoisin,1972,Girauvoisin,,agrees,211,high,
girecourt-lez-yieville,919,Girecourt-lez-Yiéville,,agrees,211,high,
girecourt-lez-yieville,942,Girecourt-lez-Yiéville,,agrees,211,high,
girecourt-sur-durbion,601,Girecourt,,agrees,211,high,
girecourt-sur-durbion,644,Girecourt,641,corrected,211,high,
girecourt-sur-durbion,673,Girecourt,,agrees,211,high,
giriviller,182,Giriviller,,agrees,211,high,
giriviller,249,Giriviller,,agrees,211,high,
girmont,1849,Girmont,,agrees,211,high,
girompairc,368,Girompaire,,agrees,211,high,
gironcourt-sur-vraine,1164,Gironcourt,,agrees,211,high,
gironville-sous-les-cotes,1973,Gironville,,agrees,212,high,
gironville-sous-les-cotes,1977,Gironville,77,agrees,212,high,
girovillers-sous-montfort,929,Girovillers-sous-Montfort,,agrees,212,high,
gisingen,1441,Guising,,agrees,214,high,
glonville,258,Glonville,,agrees,212,high,
glonville,272,Glonville,,corrected,212,high,number not printed in the index
godchurc,1306,Godchure,,agrees,212,high,
goin,484,Goin,,agrees,212,high,
golbey,1845,Golbey,,agrees,212,high,
golbey,1876,Golbey,76,agrees,212,high,
goldbach,1492,Goldbach,,agrees,212,high,
gomelange,1257,Gommelange,,agrees,212,high,
gondreville,549,Gondreville,,agrees,212,high,
gondreville,2300,Gondreville,,agrees,212,high,
gondrexon,2067,Gondrexon,,agrees,212,high,
gondrexon,2084,Gondrexon,84,agrees,212,high,
gongelfang,1258,Gongelfang,,agrees,212,high,
gonvaux,1137,Gonvaux,1157,corrected,212,high,
gorhey,966,Gorhey,,agrees,212,high,
gorhey,1017,Gorhey,,agrees,212,high,
gosselming,2104,Gosselming,,agrees,212,high,
gosselming,2116,Gosselming,16,agrees,212,high,
gouecourt,1185,Gouécourt,,agrees,212,high,
goviller,1758,Goviller,,agrees,212,high,
grand-menil,1975,Grand-Ménil,,agrees,212,high,
grandrupt,438,Grandrupt,458,corrected,212,high,
grandvezin,40,Grand-Vezin,,agrees,213,high,
grandvillers,587,Grandvillers,,agrees,213,high,
granges-de-plombieres,863,Les Granges-de-Plombières,,agrees,213,high,
granges-sur-vologne,611,Granges,,agrees,213,high,
granges-sur-vologne,672,Granges,,agrees,213,high,
gremifontaine,864,Grémifontaine,,agrees,213,high,
grening,1632,Grening,1652,corrected,213,high,
gresaubach,1502,Gresaubach,,agrees,213,high,
griesborn,1406,Griesborn,,agrees,213,high,
griigelhorn,1550,Griigelhorn,i550,agrees,215,high,
grimonviller,1767,Grimonviller,,agrees,213,high,
grindorf,1217,Grindorff,,agrees,213,high,
gripport,874,Gripport,,agrees,213,high,
gripport,884,Gripport,,agrees,213,high,
griscourt,96,Griscourt,90,corrected,213,high,
gronig,1488,Gronig,,agrees,213,high,
gronig,1509,Gronig,,agrees,213,high,
grosbliederstroff,1568,Grosbliederstroff,,agrees,213,high,
grosrederching,2184,Gros-Réderching,,agrees,213,high,
grosrouvres,1978,Grosrouvre,,agrees,213,high,
grosshemmersdorf,1238,Gross-Hemmersdorf,,corrected,213,high,number not printed in the index
grosshemmersdorf,1353,Gross-Hemmersdorf,,agrees,213,high,
grundviller,1665,Grundwiller,,agrees,213,high,
gudesweiler,1544,Guidersweiler,,agrees,214,high,
gudesweiler,1559,Guidersweiler,,agrees,214,high,
guebcnbausen,1663,Guebenhausen,1665,corrected,213,high,
guebestroff,1597,Guébestroff,,agrees,213,high,
gueblange-les-dieuze,1615,Guéblange,,agrees,213,high,
guenestroff,1640,Guénestroff,,agrees,213,high,
guenviller,1722,Guenviller,,agrees,214,high,
guenviller,2244,Guenviller,,agrees,214,high,
guerlefang,1300,Guerlefang,,agrees,214,high,
guermange,1610,Guermange,,agrees,214,high,
guerstling,1325,Guerstling,,agrees,214,high,
guerstling,1683,Guerstling,,agrees,214,high,
guerting,1397,Guerting,1597,corrected,214,high,
guessling,2268,Guessling,,agrees,214,high,
gugnecourt,600,Gugnécourt,,agrees,214,high,
gugney,1752,Gugney,,agrees,214,high,
gugney-aux-aulx,879,Gugney-aux-Aulx,,agrees,214,high,
gugney-aux-aulx,895,Gugney-aux-Aulx,,agrees,214,high,
guinglange,2266,Guinglange,,agrees,214,high,
guinzeling,1627,Guinzeling,,agrees,214,high,
guirlange,1281,Guirlange,,agrees,214,high,
guirlange,1296,Guirlange,,agrees,214,high,
guising,2167,Guising,,agrees,214,high,
gumenil,685,Guménil,,agrees,214,high,
habaurupt,451,Habaurupt,,agrees,214,high,
hadigny-les-verrieres,1824,Hadigny-lez-Verrières,,spelling differs,214,medium,
hadol,688,Hadol,,agrees,214,high,
hadomey,2096,Hadomey,3096,corrected,214,high,
hagecourt,961,Hagécourt,,agrees,214,high,
hagecourt,1044,Hagécourt,,agrees,214,high,
hageville,527,Hagéville,,agrees,214,high,
hagneville,1150,Hagnéville,,agrees,214,high,
hahnweiler,1507,Hahnweiler,,agrees,214,high,
hahnweiler,1560,Hahnweiler,,agrees,214,high,
haigneville,155,Haigneville,,agrees,215,high,
haillainville,1796,Haillainville,,agrees,215,high,
halling-les-boulay,2276,Halling,,agrees,215,high,
halloville,2066,Halloville,,agrees,215,high,
halstroff,1218,Halstroff,,agrees,215,high,
halstroff,1246,Halstroff,46,agrees,215,high,
ham-sous-varsberg,1398,Ham-sous-Varsberg,1598,corrected,215,high,
hamanges,509,Hamanges,,agrees,215,high,
hamauxard,791,Hamauxard,,agrees,215,high,
hameure,331,Hallieure,551,corrected,215,high,
hameure,364,Hallieure,564,corrected,215,high,
hammeville,1749,Hammeville,,agrees,215,high,
hamonville,1926,Hamonville,,agrees,215,high,
hamonville,1979,Hamonville,79,agrees,215,high,
hampont,1620,Hampont,,agrees,215,high,
hannonville-sous-les-cotes,1896,Hannonville-sous-les-Côtes,,agrees,215,high,
hannonville-sous-les-cotes,1913,Hannonville-sous-les-Côtes,,agrees,215,high,
hanviller-les-bitche,2145,Hanwiller,,agrees,215,high,
haplemont,59,Haplemont,,agrees,215,high,
happoncourt,1182,Happoncourt,,agrees,215,high,
haraucourt,220,Haraucourt,,agrees,215,high,
haraucourt-sur-seille,2288,Haraucourt-sur-Seille,228S,corrected,215,high,
harchechamp,121,Harchéchamp,,agrees,215,high,
hardancourt,1800,Hardancourt,,agrees,215,high,
hardemont,860,Hardémont,,agrees,215,high,
hareville,931,Haréville-sous-Montfort,,agrees,215,high,
hargarien-aux-mines,1359,Hargarten-aux-Mines,,agrees,216,high,
hargarten,1418,Hargarten,,agrees,216,high,
hargarten,1432,Hargarten,32,agrees,216,high,
hargarten-les-laumelsfeld,1242,Hargarten,,agrees,216,high,
harlingen,1464,Harlingen,,agrees,216,high,
harlingen,1506,Harlingen,,agrees,216,high,
harol,991,Harol,,agrees,216,high,
haroue,57,Haroué,,agrees,216,high,
harprich,1716,Harprich,,agrees,216,high,
hasenholh,1305,Hasenholh,,agrees,216,high,
haspeilseheidt,2151,Haspeilseheidt,,agrees,216,high,
hattonchatel,1883,Hattonchâtel,,agrees,216,high,
hattonchatel,2329,Hattonchâtel,,agrees,216,high,
hattonchatel,2369,Hattonchâtel,69,agrees,216,high,
hattonville,1885,Hattonville,,agrees,216,high,
haucourt-la-rigole,542,Haucourt,,agrees,216,high,
haudonville,253,Haudonville,255,manual,216,high,"Hatonville is Haudonville (table of old forms); the scan reads 255, which is Croismare (Hadonviller)"
haupersweiler,1547,Haupersweiler,,agrees,210,high,
haussonville,183,Haussonville,,agrees,216,high,
haussonville,2368,Haussonville,,agrees,216,high,
haute-kontz,1314,Kontz-Haute,1514,corrected,222,high,
haute-seille,2384,Haute-Seille,2584,corrected,216,high,
haute-vigneulles,2260,Vigneulles-Haute,,agrees,257,high,
haute-vigneulles,2283,Vigneulles-Haute,83,agrees,257,high,
hazelbourg,2236,Hazelbourg,,agrees,216,high,
heckenransbach,1578,Heckenransbach,,agrees,210,high,
heckling,1323,Heckling,1525,manual,216,high,"the scan reads 1525, which is Rathen's (Zurachten, the editor's corrections); Heckling is Hechlingen, 1323"
heiiselhofen,1478,Henselhofen,,spelling differs,217,medium,
heiiselhofen,1534,Henselhofen,1531,manual,217,high,printed 1534
heillecourt,10,Heillecourt,,agrees,216,high,
heining,1682,Heining,,agrees,216,high,
hellendorf,1230,Hellendorff,,agrees,216,high,
hellimer,1633,Hellimer,,agrees,216,high,
hellimer,1646,Hellimer,46,agrees,216,high,
helstroff,1351,Helstroff,1551,corrected,210,high,
hemering,2269,Hémering,,agrees,216,high,
heming,2109,Héming,,agrees,216,high,
henamenil,210,Hénaménil,,agrees,217,high,
henamenil,231,Hénaménil,,agrees,217,high,
hennecourt,1020,Hennecourt,,agrees,217,high,
hennecourt,1040,Hennecourt,40,agrees,217,high,
hennecourt,1059,Hennecourt,59,agrees,217,high,
hennezel,707,Hennezel,,agrees,217,high,
hennezel-darney,1072,Hennezel,,agrees,217,high,
henrieel,1087,Henricel,,agrees,217,high,
herbaupaire,381,Herbaupaire,581,corrected,217,high,
herbaupaire,414,Herbaupaire,,agrees,217,high,
herbaville,338,Herbaville,,agrees,217,high,
herbemoui,58,Herbémont,,agrees,217,high,
herbeuville,1886,Herbeuville,,agrees,217,high,
herbeviller,2079,Herbéviller,,agrees,217,high,
herchweiler,1551,Herchweiler,,agrees,217,high,
hergugney,1841,Hergugney,,agrees,217,high,
herimenil,241,Hériménil,,agrees,217,high,
herimenil,262,Hériménil,,agrees,217,high,
herival,772,Hérival,,agrees,217,high,
herival,2441,Hérival,,agrees,217,high,
herpelmont,607,Herpelmont,,agrees,217,high,
hervafaing,304,Hervafaing,,agrees,217,high,
hesse,2103,Hesse,2105,corrected,217,high,
hesseling,1730,Hesseling,,agrees,217,high,
hestroff,1260,Hestroff,,agrees,217,high,
hilbringen,1446,Hilbringen,,agrees,217,high,
hilsprich,2195,Hilsprich,2196,manual,217,high,"printed 2196; the editors' note: ""Hilsperg semble bien correspondre à Hilsprich"" (2195; 2196 is Zell)"
hilst,2156,Hilst,,agrees,218,high,
hin-in,1658,Hinzing,,agrees,218,high,
hinckange,2279,Hinckange,,agrees,218,high,
hincourt,221,Hincourt,,agrees,218,high,
hirbach,1659,Hirbach,,agrees,218,high,
hobc-wcyersberg,2191,Hohe-Weyersberg,,agrees,218,high,
hobling,1264,Hobling,,agrees,218,high,
hoelling,2166,Hœlling,,agrees,218,high,
hoeville,483,Hoéville,,agrees,218,high,
holbach,2171,Holbach-lès-Lemberg,,agrees,218,high,
holling,1364,Holling,,agrees,218,high,
holling,1387,Holling,87,agrees,218,high,
holling,1676,Holling,,agrees,218,high,
holving,1657,Holving,,agrees,218,high,
hombourg-bas,2241,Hombourg-Bas,,agrees,218,high,
hombourg-haut,2239,Hombourg-Haut,2259,manual,218,high,printed 2239
hombourg-haut,2354,Hombourg-Haut,,agrees,218,high,
hombourg-haut,2372,Hombourg-Haut,72,agrees,218,high,
hombourg-sur-kaner,1332,Hombourgou Hombourg-sur-Kaner,1352,manual,218,high,printed 1332
hommarting,2112,Hommarting,,agrees,218,high,
honvillc,421,Honvillc,,agrees,218,high,
hoppstadten,1557,Hobsteten ou Obsteten,,agrees,218,high,
hoste,2256,Host,,agrees,218,high,
hottviller,2169,Hottwiller,,agrees,219,high,
houdelmont,12,Houdelmont,,agrees,219,high,
houdelmont,1765,Houdelmont,,agrees,219,high,
houdemont,11,Houdemont,,agrees,219,high,
houdreville,1748,Houdreville,,agrees,219,high,
houdricbalel,1080,Houdrichatel,,agrees,219,high,
houecourt,1166,Houécourt,,agrees,219,high,
houeville,1186,Houèville,,agrees,219,high,
hudiviller,41,Hudiviller,,agrees,219,high,
hultehouse,2235,Hültenhausen,2255,corrected,219,high,
hulzweiler,1404,Hôlzweiler,,agrees,218,high,
humbertois,979,Humbertois,,agrees,219,high,
hundling,1670,Hundling,,agrees,219,high,
hurbache,429,Hurbache,,agrees,219,high,
hutte,704,Hutte,,agrees,219,high,
hymont,904,Hymont,,agrees,219,high,
idontctair,407,Montclair,,agrees,230,high,
igncy,1872,Igney,,agrees,219,high,
igncy,1882,Igney,82,agrees,219,high,
igney,2063,Igney,,agrees,219,high,
ihimbery,1980,Ihimbery,,agrees,215,high,
ihn,1679,Ihn,,spelling differs,219,medium,
iiachem,1466,Bachem,,agrees,187,high,
imling,2105,Imling,,agrees,219,high,
imshuchc-rtof,2220,Imsbacherhof,,spelling differs,219,medium,
imweiler,1508,Immweiler,,agrees,219,high,
ingliug,1267,Ingling,,agrees,219,high,
insming,1605,Insming,,agrees,220,high,
insming,1607,Insming,7,agrees,220,high,
insming,1629,Insming,29,agrees,220,high,
insming,2457,Insming,,agrees,220,high,
ising,1340,Ising,,agrees,220,high,
itnbiiujen,1736,Bubingen,,manual,194,high,Bubingen
ittersdorf,1687,Ittersdorf,,agrees,220,high,
itue-devant-dompaire,1049,Rue-devant-Dompaire,,agrees,244,high,
itzbach,1416,Itzbach,,agrees,220,high,
jaileray,714,Jaileray,,agrees,220,high,
jallaucourt,510,Jallaucourt,,agrees,220,high,
jarmenil,804,Jarménil,,agrees,220,high,
jarville-la-malgrange,13,Jarville,15,corrected,220,high,
jarville-la-malgrange,61,Jarville,,agrees,220,high,
jaulny,538,Jaulny,,agrees,220,high,
jesonville,1069,Jésonville,,agrees,220,high,
jeuxey,1866,Jeuxey,,agrees,220,high,
jevoncourt,60,Jevoncourt,,agrees,220,high,
jevoncourt,85,Jevoncourt,,agrees,220,high,
jevoncourt,898,Jevoncourt,,agrees,220,high,
jezainville,97,Jezainville,,agrees,220,high,
jezainville,1974,Jezainville,,agrees,220,high,
jolivet,256,Jolivet,,agrees,220,high,
jorxey,965,Jorxey,,agrees,220,high,
jorxey,1033,Jorxey,,agrees,220,high,
jouaville,1983,Jouaville,1985,corrected,220,high,
jouy-sous-les-cotes,1927,Jouy-sous-les-Côtes,,agrees,220,high,
jouy-sous-les-cotes,1986,Jouy-sous-les-Côtes,86,agrees,220,high,
jranduoyain-bailliage-d-apremont,1976,"Grandvoysin, bailliage d'Apremont",,spelling differs,213,medium,
jubainville,575,Jubainville,,agrees,220,high,
jury,1984,Jury,,agrees,220,high,
jussarupt,606,Jussarupt,,agrees,220,high,
jussy,1985,Jussy,,agrees,220,high,
juvaincourt,935,Juvaincourt,,agrees,220,high,
juvelize,2287,Juvelise,,agrees,220,high,
kaisen,1497,Kaisen,,manual,221,high,corrections: Kaisen replaces the line Kassheim
kalembourg,1274,Kalembourg,,agrees,221,high,
kalembourg,1310,Kalembourg,,corrected,221,medium,number not printed in the index
kalhausen,2185,Kalhausen,,agrees,221,high,
kaltenliausen,2141,Kaltenhausen,,agrees,221,high,
kaltweiler,1207,Kaltzweiller,,agrees,221,high,
kastel-les-otzenhausen,1469,Castel,,corrected,195,high,number not printed in the index
kastel-les-otzenhausen,1526,Castel,,agrees,195,high,
kedange,1261,Kédange,,agrees,221,high,
kemplich,1263,Kemplich,1265,corrected,221,high,
kerbach,1734,Kerbach,1754,corrected,221,high,
kerling-les-sierck,1223,Kerling-lès-Sierck,,agrees,221,high,
kerling-les-sierck,1250,Kerling-lès-Sierck,50,agrees,221,high,
kerlingen,1693,Kerlingen,1695,manual,221,high,printed 1695 (3/5): Kerlingen is entry 1693; 1695 is Eidlingen
kerprich-aux-bois,2113,Kerprich-aux-Bois,2115,corrected,221,high,
kerprich-hemmersdorf,1421,Kerperich-Hemmersdorf,,spelling differs,221,medium,
kerprich-hemmersdorf,1422,Kerperich-Hemmersdorf,22,spelling differs,221,medium,
kerprich-hemmersdorf,1439,Kerperich-Hemmersdorf,59,manual,221,high,"corrections: ""1421, 22, 39, 40"""
kerprich-hemmersdorf,1440,Kerperich-Hemmersdorf,40,manual,221,high,"corrections: ""1421, 22, 39, 40"""
kerprich-les-dieuze,1596,Kerprich-lès-Dieuze,,agrees,221,high,
keuchingen,1429,Keuchingen,,agrees,221,high,
kirf,1337,Kirf,1557,corrected,221,high,
kirsch-les-sierck,1227,Kirsch-lês-Sierck,,agrees,221,high,
kirschnaumen,1205,Kirschnaumen,,agrees,221,high,
kitzing,1326,Kitzing,,agrees,221,high,
klang-vil,1262,Klang,,agrees,221,high,
kleinblittersdorf,1569,Kleinblittersdorf,,agrees,221,high,
kollig,1412,Kolchen,,agrees,221,high,
kontz-basse,1244,Kontz-Basse,,agrees,221,high,
kostenbach,1470,Costenbach,,agrees,199,high,
kostenbach,1524,Costenbach,,agrees,199,high,
kroppen,2153,Kroppen,,agrees,222,high,
l-etanche,1138,L'Etanche,1158,manual,205,high,"printed 1158; L'Estanges, the abbey, is 1138"
l-etanche,2408,L'Etanche,,agrees,205,high,
l-hopital,2261,L'hôpital,,agrees,224,high,
la-baffe,1862,Baffe,,agrees,187,high,
la-banvoye,786,La Banvoye,780,corrected,188,high,
la-bassc-mandray,358,La Basse-Mandray,,agrees,188,high,
la-battelieule,782,La Battelieule,,agrees,188,high,
la-bourgonce,340,La Bourgonce,540,corrected,192,high,
la-bresse,748,La Bresse,,agrees,193,high,
la-caefiee-sue,330,La Cachée-Rue,,agrees,195,high,
la-caefiee-sue,363,La Cachée-Rue,565,manual,195,high,printed 363
la-chapelle,352,La Chapelle,552,corrected,196,high,
la-chapelle-aux-bois,866,La Chapelle-aux-Bois,,agrees,196,high,
la-chapelle-devant-bruyeres,603,Chapelle,,agrees,196,high,
la-combclle,797,La Combelle,,agrees,198,high,
la-coslelle,446,La Coslelle,,agrees,199,high,
la-cote,843,La Côte,,agrees,199,high,
la-cote-passavant,1106,La Côte,,spelling differs,199,medium,
la-courlille,1121,La Courtille,,agrees,199,high,
la-croix,785,La Croix,,agrees,200,high,
la-croix-aux-mines,293,La Croix-aux-Mines,295,corrected,200,high,
la-dcrmanville,756,La Dermanville,,agrees,201,high,
la-fontcnelle,399,La Fontenelle,599,corrected,208,high,
la-forei,861,La Forêi,,agrees,208,high,
la-foresterie,846,La Foresterie,,agrees,208,high,
la-foresterie-du-ban-de-vagncy,817,La Foresterie du ban de Vagncy,,agrees,208,high,
la-franouze,862,La Franouze,,agrees,209,high,
la-frison,1088,La Frison,10â8,agrees,210,high,
la-grande-catherine,1082,La Grande-Catherine,,agrees,212,high,
la-grande-fosse,332,La Grande-Fosse,352,corrected,212,high,
la-hardalle,292,La Hardalle,,agrees,215,high,
la-haute-mandray,356,La Haute-Mandray,,agrees,216,high,
la-houssiere,658,La Houssière,,agrees,219,high,
la-louvicrc,432,La Louvière,,agrees,226,high,
la-malgrange,3,La Malgrange,5,corrected,227,high,
la-mi-mandray,357,La Mi-Mandray,557,corrected,230,high,
la-mouline,766,La Mouline,,agrees,232,high,
la-neuveville-devant-lepanges,585,La Neuveville-et-Grémoménil,385,manual,234,high,printed 585
la-neuveville-les-raon,310,Neuveville-lez-Raon,,agrees,234,high,
la-neuveville-sous-chatenois,1128,La Neuveville-sous-Châtenois,,agrees,234,high,
la-neuveville-sous-montfort,900,La Neuveville-sous-Montfort,,agrees,234,high,
la-nol,733,La Nol,,agrees,235,high,
la-nolle,613,La Nolle,615,corrected,235,high,
la-pariee,382,La Pariée,582,manual,237,high,printed 382
la-pariee,415,La Pariée,,agrees,237,high,
la-pecherie,317,La Pêcherie,,agrees,237,high,
la-pelliere,322,La Pellière,,agrees,237,high,
la-petite-fosse,389,La Petite-Fosse,,agrees,237,high,
la-pille,1084,La Pille,,agrees,238,high,
la-poirie,705,La Poirie,703,corrected,238,high,
la-poirie-238,823,La Poirie,825,corrected,238,high,
la-poirie-dommarlin,752,La Poirie,,agrees,238,high,
la-poirie-dommarlin,844,La Poirie,,agrees,238,high,
la-poirie-saulxures,727,La Poirie,,corrected,238,high,number not printed in the index
la-poirie-saulxures,742,La Poirie,,agrees,238,high,
la-prclle,736,La Prelle,,agrees,239,high,
la-prclle,827,La Prelle,,agrees,239,high,
la-roche,757,La Roche,,agrees,243,high,
la-roche,840,La Roche,,agrees,243,high,
la-rue-sous-llarol,995,La Rue-sous-Harol,,agrees,245,high,
la-salle,341,La Salle,,agrees,245,high,
la-seie-brabant,1089,La Scie-Brabant,,manual,247,high,"printed 1089: ""De la Syc"", the sawmill"
la-sybille,1077,La Sybille,,agrees,249,high,
la-terre-faulquei,329,La Terre Faulquet,,agrees,252,high,
la-trouchc,295,La Trouche,,agrees,254,high,
la-trouchc,422,La Trouche,,agrees,254,high,
la-trouche,312,La Trouche,,agrees,254,high,
la-verpelliere,280,La Verpellière,,agrees,257,high,
la-verpelliere,299,La Verpellière,,agrees,257,high,
la-verpelliere,426,La Verpellière,,agrees,257,high,
la-voivre,431,La Voivre,,agrees,259,high,
la-voivrelle,327,La Voivrelle,,agrees,259,high,
la-vraie-cote,2131,La Vraie-Côte,,agrees,260,high,
lachambre,2263,Lachambre,,agrees,222,high,
lacroix,1276,Lacroix,,agrees,222,high,
lagney,570,Lagney,,agrees,222,high,
lahayville,1987,Lahayville,,agrees,222,high,
lairey,1988,Lairey,1989,corrected,222,high,
laitre,400,Laitre,,agrees,222,high,
laitre-dcneuvie,2089,Laitre,,agrees,222,high,
laitre-sous-amance,457,Laitre-sous-Amance,,agrees,222,high,
laitre-sous-amance,2429,Laitre-sous-Amance,,agrees,222,high,
laitre-val-d-ajol,794,Laitre,,agrees,222,high,
lamarche-en-voevre,1981,Lamarche-en-Voëvre,,agrees,222,high,
lamath,185,Lamath,,spelling differs,222,medium,
lamath,265,Lamath,,spelling differs,222,medium,
lambach,2181,Lambach,,agrees,222,high,
lamenil,686,Laménil,,agrees,222,high,
lamerey,969,Lamerey,,agrees,222,high,
lamorville,1897,Lamorville,,agrees,222,high,
landaville,1169,Landaville,1168,corrected,222,high,
landecourt,163,Landécourt,,agrees,222,high,
landecourt,184,Landécourt,,agrees,222,high,
landecourt,2435,Landécourt,2455,corrected,222,high,
landres,1990,Landres,,agrees,222,high,
landroff,1714,Landroff,,agrees,222,high,
laneuvelotte,487,Laneuvelotte,,agrees,223,high,
laneuveville-aux-bois,244,Laneuveville-aux-Bois,,agrees,223,high,
laneuveville-devant-bayon,64,Laneuveville-devant-Bayon,,agrees,223,high,
laneuveville-devant-nancy,17,Laneuveville-devant-Nancy,,agrees,223,high,
lanfroicourt,498,Lanfroicourt,,agrees,223,high,
langley,1808,Langley,,agrees,223,high,
laning,2284,Laning,2283,corrected,223,high,
lapraye,297,Lapraye,,agrees,223,high,
larriere,795,Larrière,,agrees,223,high,
laudrefang,1379,Laudrefang,1579,corrected,222,high,
laumesfeld,1241,Laumesfeld,,agrees,223,high,
laumesfeld,1273,Laumesfeld,73,agrees,223,high,
launois,397,Launois,,agrees,223,high,
launoy-ou-lanoy,2077,Launoy ou Lanoy,,agrees,223,high,
launstroff,1237,Launstroff,,agrees,223,high,
laval,129,Laval,,agrees,223,high,
laval-sur-vologne,609,Laval,,agrees,223,high,
laveline,301,Laveline,501,manual,223,high,printed 301
laveline,419,Laveline,,agrees,223,high,
laveline-du-houx,702,Laveline-du-Houx,,agrees,223,high,
lavieville,1041,Laviéville,,agrees,223,high,
lavigneville,1895,Lavignéville,,agrees,223,high,
laxou,14,Laxou,,agrees,223,high,
lay-saint-christophe,42,Lay-Saint-Cristophe,,spelling differs,223,medium,
lay-saint-christophe,2432,Lay-Saint-Cristophe,,spelling differs,223,medium,
laycgotttlc,277,Layegoutte,,agrees,223,high,
laycgotttlc,378,Layegoutte,,agrees,223,high,
le-beulay,418,Beulay,,agrees,190,high,
le-boulay,680,Le Boulay,,agrees,192,high,
le-chanois,832,Le Chanois,,agrees,196,high,
le-chatelet,117,Le Châtelet,,agrees,196,high,
le-chene,759,Le Chêne,,agrees,197,high,
le-chenois,373,Le Chénois,575,corrected,197,high,
le-chipal,294,Le Chipai,,agrees,197,high,
le-clerjus,865,Le Clerjus,,agrees,198,high,
le-faingt,326,Le Faingt,526,corrected,206,high,
le-franc-chazcau,813,Le Franc-Chazeau,,agrees,209,high,
le-grammont,1085,Le Grammont,,agrees,212,high,
le-grand-rombach,2128,Le Grand-Rombach,,agrees,212,high,
le-hario,798,Le Hario,,agrees,216,high,
le-hubert,1090,Le Hubert,,agrees,219,high,
le-kouaux,390,Le Rouaux,,agrees,244,high,
le-mazcville,443,Le Mazeville,,agrees,228,high,
le-menil,343,Le Ménil,,agrees,229,high,
le-menil-229,850,Le Ménil,,agrees,229,high,
le-menil-bellefontainc,855,Le Ménil,,agrees,229,high,
le-menil-harol,993,Le Ménil,,agrees,229,high,
le-menil-harol,1006,Le Ménil,,agrees,229,high,
le-menil-ramonchamp,709,Le Ménil,,agrees,229,high,
le-mesnil,917,Ménil,,agrees,229,high,
le-mesnil,944,Ménil,,agrees,229,high,
le-monccl,369,Le Moncel,,agrees,230,high,
le-moncel,784,Le Moncel,734,corrected,230,high,
le-paire,286,Le Paire,,agrees,237,high,
le-paire-moyenmoulier,351,Le Paire,55f,corrected,237,high,
le-pont-de-pierre,713,Le Pont-de-Pierre,,agrees,239,high,
le-pont-jeanson,712,Le Pont-Jeanson,,agrees,239,high,
le-repas,276,Le Repas,,agrees,243,high,
le-routier,692,Le Routier,,agrees,244,high,
le-saint-mont,771,Le Saint-Mont,,agrees,250,high,
le-saint-mont,2440,Le Saint-Mont,,agrees,250,high,
le-sautelz,691,Le Sautelz,,agrees,246,high,
le-souche,287,Le Souche,,agrees,248,high,
le-souche-clefcy,321,Le Souche,,agrees,248,high,
le-torchon,1075,Le Torchon,,agrees,253,high,
le-val-devant-dompaire,949,Le Val-devant-Dompaire,,agrees,255,high,
le-valtin,452,Le Valtin,,agrees,255,high,
le-vie,289,Le Vie,,agrees,257,high,
le-vie,306,Le Vie,,spelling differs,257,medium,
le-viller,315,Le Viller,515,corrected,257,high,
le-vivier,346,Le Vivier,,agrees,259,high,
le-void-de-girancourl,1024,Le Void-de-Girancourt,,agrees,259,high,
lebeuville,1829,Lebeuville,ls29,corrected,223,high,
lebeuville,1836,Lebeuville,36,manual,223,high,"printed 1829, 36: Lebeuville is 1829 and 1836 (bailliage of Châtel); 1536 is Thalexweiler's"
legeville-et-bonfays,1047,Légéville-et-Bonfays,,agrees,223,high,
leiding,1680,Leidingen,,agrees,223,high,
leiding,1700,Leidingen,,agrees,223,high,
leintrey,2069,Leintrey,,agrees,223,high,
lejols,734,Lejols,,agrees,224,high,
lejols,820,Lejols,8201,manual,224,high,printed 820
lelling,2277,Lelling,,agrees,224,high,
lemainville,63,Lemainville,65,corrected,224,high,
lemberg,2180,Lemberg,,agrees,224,high,
lemberg-pirmasens,2202,Lemberg,,agrees,224,high,
lemestroff,1226,Lemestroff,,agrees,224,high,
lemestroff,1272,Lemestroff,72,agrees,224,high,
lengelsheim,2144,Lengelsheim,,agrees,224,high,
lening,1644,Léning,,agrees,224,high,
lenoncourt,62,Lenoncourt,,agrees,224,high,
leomont,213,Léomont,,agrees,224,high,
leomont,2437,Léomont,2457,corrected,224,high,
lepangc,755,Lépange,,agrees,224,high,
lepangc,836,Lépange,,agrees,224,high,
lepanges-sur-vologne,656,Lépanges,,agrees,224,high,
leppenoux,1091,Leppenoux,,agrees,224,high,
lerouville,143,Lérouville,,agrees,224,high,
lerrain,989,Lerrain,,agrees,224,high,
les-ableuvenettes,1014,Les Ableuvenettes,,agrees,183,high,
les-ainias,738,Les Amias,758,manual,185,high,printed 738
les-ainias,824,Les Amias,,agrees,185,high,
les-champs,793,Les Champs,,agrees,196,high,
les-champs-de-laxci,624,Les Champs-de-Laxet,,agrees,196,high,
les-chenes,790,Les Chênes,,agrees,197,high,
les-cotes,783,Les Côtes,,agrees,199,high,
les-cours,410,Les Cours,,agrees,199,high,
les-cours-corcieux,619,Les Cours,,agrees,199,high,
les-etangs,1383,Les Etangs,1585,corrected,205,high,
les-fols,391,Les Fols,591,manual,207,high,printed 391
les-forges,983,Les Forges,,agrees,208,high,
les-fouies,678,Les Fouies,,agrees,209,high,
les-gouttes,291,Les Gouttes,,agrees,212,high,
les-granges,1116,Les Granges,,agrees,213,high,
les-graviers,739,Les Graviers,,agrees,213,high,
les-monnclotz,708,Les Monnelotz,,agrees,231,high,
les-monthairons,2001,Les Monthairons,,agrees,231,high,
les-neuves-granges,978,Les Neuves-Granges,,agrees,233,high,
les-poulieres,622,Les Poullières,,agrees,239,high,
les-poulieres,652,Les Poullières,,agrees,239,high,
les-trois-bans,1092,Les Trois-Bans,,agrees,254,high,
les-vallois,1067,Les Vallois,,agrees,255,high,
les-verrieres-douzaines,1811,Les Verrières-d'Onzaines,,agrees,257,high,
les-verrieres-douzaines,1826,Les Verrières-d'Onzaines,26,agrees,257,high,
lesseux,380,Lesseux,580,corrected,224,high,
lesseux,413,Lesseux,415,corrected,224,high,
letrayc,765,Létraye,,agrees,224,high,
lette,839,Lette,,agrees,224,high,
levai,787,Leval,,agrees,224,high,
leyr,475,Leyr,,agrees,224,high,
lezey,219,Lezey,,agrees,224,high,
libdcau,2486,Libdeau,2386,manual,224,high,printed 2386; the commandery of Libdos is 2486
lidrequin,1708,Lidrequin,,agrees,224,high,
lidrezing,1709,Lidrezing,,agrees,224,high,
liebauxard,761,Liébauxard,,agrees,224,high,
liedcrscheidt,2158,Liederscheidt,,agrees,224,high,
liepvre,2124,Lièpvre,,agrees,225,high,
liepvre,2463,Lièpvre,,agrees,225,high,
ligneville,924,Lignéville,,agrees,225,high,
limbach,1472,Limbach,,agrees,225,high,
limbach,1530,Limbach,,agrees,225,high,
limey,111,Limey,,agrees,225,high,
linden,1486,Linden,,agrees,224,high,
linden,1518,Linden,,agrees,224,high,
lindre-basse,1591,Lindre-Basse,,agrees,225,high,
lindre-haute,1589,Lindre-Haute,,agrees,225,high,
lindscheid,1473,Lindscheid,,agrees,225,high,
lindscheid,1531,Lindscheid,1551,corrected,225,high,
lion-devant-dun,1993,Lion-devant-Dun,1995,manual,225,high,printed 1995; Lyon is 1993
liouville,1921,Liouville,,agrees,225,high,
liouville,1992,Liouville,92,agrees,225,high,
lisdorf,1402,Lisdorf,,spelling differs,225,medium,
lixieres,1991,Lixières,,agrees,225,high,
lixing-les-saint-avold,2249,Lixing-lès-Laning,,agrees,224,high,
longchamp,749,Longchamp,,agrees,225,high,
longchamp-epinal,1865,Longchamp,,agrees,225,high,
longchamp-sous-chatenois,1152,Longchamp,,agrees,225,high,
longchamp-sous-chatenois,1174,Longchamp,74,agrees,225,high,
longchamp-sous-chatenois,1203,Longchamp,120S,corrected,225,high,
longchamps-sur-aire,1982,Lonchamp,,agrees,225,high,
longcroyc,992,Longeroye,,agrees,225,high,
longeville-les-saint-avold,1368,Longeville-lès-Saint-Avold,,agrees,225,high,
longeville-les-saint-avold,2357,Longeville-lès-Saint-Avold,,agrees,225,high,
longeville-les-saint-avold,2396,Longeville-lès-Saint-Avold,96,spelling differs,225,medium,
longor,141,Longor,,agrees,225,high,
longuet,814,Longuet,,agrees,225,high,
lorey,132,Lorey,,agrees,225,high,
loromontzey,1810,Loro-Montzey,52,manual,225,high,"Montzey (1810); the index prints ""52"""
loromontzey,1816,Loro-Montzey,1810,manual,225,high,printed 1816: Lorro
lostertal,1558,"Liessterthal, office de Schambourg",,agrees,225,high,
lostroff,1643,Lostroff,,agrees,225,high,
lotthringen,2176,Lotthringen,,agrees,226,high,
loudrefing,1600,Loudrefing,,agrees,226,high,
loudrefing,1624,Loudrefing,24,agrees,226,high,
loudrefing,1641,Loudrefing,41,agrees,226,high,
loupershausen,1664,Loupershausen,,agrees,226,high,
loutremange,1393,Loutremange,1595,corrected,226,high,
loutzviller,2226,Loutzwiller,,agrees,225,high,
lubecourt,478,Lubécourt,,agrees,226,high,
lubine,274,Lubine,,agrees,226,high,
lubine,302,Lubine,,agrees,226,high,
lucey,571,Lucey,,agrees,226,high,
lucy,468,Lucy,,agrees,226,high,
ludres,16,Ludres,,agrees,226,high,
luneville,236,Lunéville,,agrees,226,high,
luneville,2295,Lunéville,,agrees,226,high,
luneville,2380,Lunéville,,agrees,226,high,
luneville,2416,Lunéville,,agrees,226,high,
luneville,2477,Lunéville,,spelling differs,226,medium,
lupcouri,15,Lupcourt,,agrees,226,high,
lusse,379,Lusse,579,corrected,226,high,
lusse,412,Lusse,,agrees,226,high,
lutzelbourg,2234,Lutzelbourg,,agrees,226,high,
lymingen,1371,Lymingen,1571,corrected,226,high,
macheren,2242,Macheren,,agrees,226,high,
macker,1361,Macker,1561,corrected,226,high,
madegney,952,Madegney,,agrees,226,high,
magnieres,187,Magnières,,agrees,226,high,
magnieres,2306,Magnières,,agrees,226,high,
magny,1995,Magny,,agrees,226,high,
maidieres,114,Maidières,,agrees,226,high,
mailing,1235,Malling,1255,corrected,227,high,
mailly-sur-seille,1996,Mailly,,agrees,226,high,
mainvillers,1377,Mainvillers,1577,manual,226,high,printed 1377
maisons-de-raon-ce,710,"Maisons-de-Raon, éc.",,agrees,226,high,
maixe,228,Maixe,,agrees,226,high,
maizery,2000,Maizery,,agrees,227,high,
maizey,1905,Maizey,,agrees,227,high,
maizey,1914,Maizey,14,agrees,227,high,
malaumont,135,Malaumont,155,corrected,227,high,
malleloy,518,Malleloy,,agrees,227,high,
malzeville,18,Malzéville,,agrees,227,high,
malzeville,68,Malzéville,,agrees,227,high,
mamey,101,Mamey,,agrees,227,high,
mamey,112,Mamey,,agrees,227,high,
mandray,355,Mandray,555,corrected,227,high,
mandre-ia-pclite,1923,Mandre-la-Petite,,agrees,227,high,
mandre-ia-pclite,1994,Mandre-la-Petite,94,agrees,227,high,
mandres-sur-vair,1144,Mandres-sur-Vair,,agrees,227,high,
mandres-sur-vair,1191,Mandres-sur-Vair,91,agrees,227,high,
mangonville,43,Mangonville,,agrees,227,high,
manheulles,1997,Manheulles,,agrees,227,high,
mannccourl,1123,Mannccourl,,agrees,227,high,
manoncourt-en-vermois,20,Manoncourt-en-Vermois,,agrees,227,high,
manoncourt-en-voivrc,562,Manoncourt-en-Voivre,,agrees,227,high,
manonviller,248,Manonviller,,agrees,227,high,
manonviller,2438,Manonviller,,agrees,227,high,
many,1380,Many,1580,corrected,227,high,
marainville-sur-madon,1830,Marainville,,agrees,227,high,
marainville-sur-madon,1837,Marainville,57,corrected,227,high,
marainviller,252,Marainviller,,agrees,227,high,
marange-zondrange,1376,Marange-Zondrange,,agrees,227,high,
marbache,89,Marbache,,agrees,227,high,
marbotte,1929,Marbotte,,agrees,227,high,
marbotte,2480,Marbotte,,agrees,227,high,
mardigny,503,Mardigny,,agrees,227,high,
mariemont,593,Mariémont,,agrees,227,high,
marienflosse-moulin,1233,"Marienflosse, moulin",,spelling differs,227,medium,check: the entry no line claims
marienflosse-moulin,2376,"Marienflosse, moulin",2576,manual,227,high,printed 2376
marimont,1622,Marimont,,agrees,227,high,
maron,67,Maron,,agrees,228,high,
maroncourt,964,Maroncourt,,agrees,228,high,
marpingen,1482,Marpingen,,agrees,228,high,
marpingen,1523,Marpingen,,agrees,228,high,
marpingen,1532,Marpingen,52,corrected,228,high,
marre,1998,Marre,,agrees,228,high,
mars-la-tour,539,Mars-la-Tour,,agrees,228,high,
marsal,2286,Marsal,,agrees,228,high,
marsal,2356,Marsal,,agrees,228,high,
marsal,2377,Marsal,77,agrees,228,high,
marson-sur-barboure,1999,Marson,,agrees,228,high,
marthemont,566,Marthemont,,agrees,228,high,
martigny-les-gerbonvaux,1162,Martigny-lez-Gerbonvaux,,agrees,228,high,
martigny-les-gerbonvaux,1183,Martigny-lez-Gerbonvaux,83,agrees,228,high,
martincourt,102,Martincourt,,agrees,228,high,
martinvelle,1105,Martinvelle,,agrees,228,high,
marvoisin,2004,Marvoisin,,agrees,228,high,
marzelay,316,Marzelay,,agrees,228,high,
mattaincourt,905,Mattaincourt,,agrees,228,high,
mattexey,189,Mattexey,,agrees,228,high,
maxeville,19,Maxéville,,agrees,228,high,
maxey-sur-meuse,1181,Maxey-sur-Meuse,,agrees,228,high,
maxonchamp,837,Maxonchamp,,agrees,228,high,
maxstadt,2255,Maxstadt,,agrees,228,high,
mazelay,1048,Mazelay,,agrees,228,high,
mazerulles,474,Mazerules,,agrees,228,high,
mazirot,930,Mazirot,,agrees,228,high,
mechern,1253,Mechern,,agrees,228,high,
megange,1280,Mégange,,agrees,228,high,
megange,1295,Mégange,95,agrees,228,high,
megange,1349,Mégange,1549,manual,228,high,printed 1349
mehachamp,721,Méhachamp,,agrees,228,high,
mehoncourt,156,Méhoncourt,15G,agrees,228,high,
mehoncourt,186,Méhoncourt,,agrees,228,high,
meinsberg,1346,Mensberg,,agrees,229,high,
meligny-le-grand,136,Méligny-le-Grand,156,corrected,228,high,
meligny-le-petit,137,Méligny-le-Petit,,agrees,228,high,
melomenil,1027,Méloménil,,agrees,228,high,
memenil,588,Mémenil,,agrees,229,high,
memenil,638,Mémenil,,agrees,229,high,
menemel,447,Menemel,,agrees,229,high,
menil,238,Ménil,258,corrected,229,high,
menil-balleville,1201,Ménil,,agrees,229,high,
menil-en-xaintois,1151,Ménil-en-Xaintois,,agrees,229,high,
menil-evaux-ct-menil,883,Ménil,,agrees,229,high,
menil-evaux-ct-menil,894,Ménil,,agrees,229,high,
menil-flin,2092,Ménil-Flin,,agrees,229,high,
menil-la-tour,2005,Ménil-la-Tour,200b,agrees,229,high,
menningen,1463,Menningen,1465,corrected,229,high,
menskirch,1327,Menskirch,,agrees,229,high,
merancourt-ou-merancourt,2002,Merancourt ou Merancourt,,agrees,229,high,
merchingen,1423,Merchingen,,agrees,229,high,
merchingen,1437,Merchingen,57,corrected,229,high,
merchingen,1465,Merchingen,65,agrees,229,high,
mercille,800,Mercille,,agrees,229,high,
mereville,65,Méréville,,agrees,229,high,
merlusses,388,Merlusses,,spelling differs,229,medium,
merschweiller,1231,Merschweiller,,agrees,229,high,
merten,1696,Merten,,agrees,230,high,
merten,1701,Merten,,agrees,230,high,
merzig,1461,Merzig,,agrees,230,high,
merzig,2334,Merzig,,agrees,230,high,
merzig,2464,Merzig,,agrees,230,high,
messein,66,Messein,,agrees,230,high,
metrich,1243,Métrich,1245,corrected,230,high,
metring,2258,Métring,,agrees,230,high,
mettlach,1428,Mettlach,,agrees,230,high,
mettlach,2399,Mettlach,2599,corrected,230,high,
metz,2411,Metz,,spelling differs,230,medium,
metzeresche,1329,Metzeresche,,agrees,230,high,
metzing,1661,Metzing,,agrees,230,high,
mexel,188,Mexet,,agrees,230,high,
migneville,2075,Mignéville,,agrees,230,high,
millery,520,Millery,,agrees,230,high,
milly-sur-bradon,2006,Milly,,agrees,230,high,
mirecourt,899,Mirecourt,889,corrected,230,high,
mirecourt,2308,Mirecourt,,agrees,230,high,
mirecourt,2469,Mirecourt,,agrees,230,high,
mittelbollenbach,1566,Mittel-Bollenbach,,agrees,230,high,
mittelbronn,2237,Mittelbronn,,agrees,230,high,
mnilleronfaing,711,Mailleronfaing,,agrees,226,high,
moineville,2011,Moineville,,agrees,230,high,
moivron,481,Moivron,,agrees,230,high,
moncel-ies-marcheville,2007,Moncel-lès-Marchéville,,spelling differs,231,medium,
moncel-les-luneville,240,Moncel-lès-Lunéville,24u,agrees,230,high,
monclair,1347,Monclair ou Monteclair,,spelling differs,231,medium,
mondorf,1460,Mondorf,,agrees,231,high,
mondorf,1505,Mondorf,,agrees,231,high,
moniet,2100,Moniet,,spelling differs,231,medium,
moniet,2436,Moniet,,spelling differs,231,medium,
monneren,1220,Monneren,,agrees,231,high,
monneren,1270,Monneren,70,agrees,231,high,
mont,494,Mont,,agrees,231,high,
mont-devant-sassey,2008,Mont-devant-Sassey,,agrees,231,high,
mont-le-vignoble,577,Mont-le-Vignoble,,agrees,231,high,
mont-sur-meurthe,263,Mont,,agrees,231,high,
montauville,103,Montauville,105,corrected,231,high,
montauville,113,Montauville,,agrees,231,high,
montenach,1208,Montenach,1203,corrected,231,high,
montenoy,519,Montenoy,,agrees,231,high,
monthureux-sur-saone,1107,Monthureux-sur-Saône,,agrees,231,high,
monthureux-sur-saone,2451,Monthureux-sur-Saône,,agrees,231,high,
montmotier,856,Montmotier,,agrees,231,high,
montreux,2081,Montreux,,agrees,231,high,
montzey,147,Montzey,,agrees,231,high,
montzey,1810,Montzey,,agrees,231,high,
moranviller,190,Moranviller,,agrees,231,high,
morelmaison,1163,Morelmaison,,agrees,232,high,
morelmaison,1173,Morelmaison,75,corrected,232,high,
morhange,1703,Morhange,,agrees,232,high,
morhange,2343,Morhange,2345,corrected,232,high,
moriville,1795,Moriville,,agrees,232,high,
moriviller,157,Moriviller,,agrees,232,high,
morlange,1723,Morlange,,agrees,232,high,
morsbach,2251,Morsbach,,agrees,232,high,
mortagnc,264,Mortagne,,agrees,232,high,
mortagne,647,Mortagne,,agrees,232,high,
mortagne,663,Mortagne,,agrees,232,high,
morville-sur-seille,480,Morville-sur-Seille,,agrees,232,high,
moulainville,2010,Moulainville,,agrees,232,high,
moulin,716,Moulin,,agrees,232,high,
moulins,463,Moulins,,agrees,232,high,
mousson,2009,Mousson,,agrees,232,high,
moussoux,805,Moussoux,,agrees,232,high,
moussoux,1863,Moussoux,1865,corrected,232,high,
mouterhouse,2190,Mouterhausen,,agrees,232,high,
moutrot,555,Moutrot,553,manual,232,high,"printed 555, the editor's identification"
moyemont,158,Moyemont,,agrees,232,high,
moyenmoutier,348,Moyenmoutier,,agrees,232,high,
moyenmoutier,2387,Moyenmoutier,2587,corrected,232,high,
moyenpal,809,Moyenpal,,agrees,232,high,
muiieeourt,962,Madecourt,,agrees,226,high,
mulcey,1595,Mulcey,,agrees,232,high,
munchweilcr,2216,Mùnchweilcr,,agrees,232,high,
murvaux,2003,Murvaux,,agrees,232,high,
murville,2012,Murville,,agrees,232,high,
naglaincourt,972,Naglaincourt,,agrees,232,high,
naimont,1007,Naimont,,agrees,233,high,
naimont,1025,Naimont,25,agrees,233,high,
nalbach,1409,Nalbach,,agrees,233,high,
namborn,1545,Namborn,,agrees,233,high,
nancois-le-grand,2013,Nançois-le-Grand,2015,corrected,233,high,
nancy,1,Nancy,,agrees,233,high,
nancy,2291,Nancy,,agrees,233,high,
nancy,2362,Nancy,2562,corrected,233,high,
nancy,2363,Nancy,63,corrected,233,high,abbreviated after 2291
nancy,2378,Nancy,78,corrected,233,high,abbreviated after 2363
nancy,2412,Nancy,,agrees,233,high,
nancy,2415,Nancy,15,agrees,233,high,
nancy,2423,Nancy,23,agrees,233,high,
nancy,2466,Nancy,66,agrees,233,high,
nancy,2471,Nancy,71,agrees,233,high,
nancy,2475,Nancy,75-75,agrees,233,high,
nayemont-les-fosses,393,Nayemont,,agrees,233,high,
nayemont-lez-fosses,440,Nayemont-lez-Fosses,,agrees,233,high,
nayemont-lez-fosses,2133,Nayemont-lez-Fosses,,agrees,233,high,
ncyvillers,722,Neyvillers,,agrees,234,high,
nebing,1650,Nébing,,agrees,233,high,
neipel,1501,Neipel,,agrees,233,high,
nelling,1630,Nelling,,agrees,233,high,
nennig,1317,Nennig,1517,manual,233,high,printed 1317
neudlange,1308,Neudlange,,agrees,233,high,
neufchateau,1118,Neufchâteau,118,corrected,233,high,
neufchateau,2315,Neufchâteau,,agrees,233,high,
neufchateau,2413,Neufchâteau,,spelling differs,233,medium,
neufchateau,2454,Neufchâteau,54,agrees,233,high,
neufchateau,2467,Neufchâteau,67,agrees,233,high,
neufgrange,1583,Neufgrange,1383,corrected,233,high,
neuforweiler,1684,Alt et Neu-Forweiler,,agrees,184,high,
neune,595,Neune,,agrees,233,high,
neunkirch,1571,Neunkirch,,agrees,233,high,
neunkirchen,1564,Neunkirchen,,agrees,233,high,
neunkirchen-les-bouzonville,1352,Neunkirchen,1552,corrected,233,high,
neuulhann,2225,Neuulhann,,agrees,233,high,
neuvcville,2014,Neuveville,,agrees,233,high,
neuves-maisons,130,Neuves-Maisons,,agrees,233,high,
neuves-maisons,2428,Neuves-Maisons,,agrees,233,high,
neuviller-sur-moselle,69,Neuviller-sur-Moselle,,agrees,234,high,
neuviller-sur-moselle,162,Neuviller-sur-Moselle,,agrees,234,high,
neuviller-sur-moselle,2448,Neuviller-sur-Moselle,,agrees,234,high,
neuvillers-sur-fave,324,Neuviller-sur-Fave,524,corrected,234,high,
neuvillers-sur-fave,435,Neuviller-sur-Fave,,agrees,234,high,
nidcck,2139,Nideck,,agrees,234,high,
niderviller,2107,Niderviller,2017,manual,234,high,printed 2017; Niderweiller of Sarrebourg is 2107
niedaltdorf,1219,Niedaltdorf,,agrees,234,high,
niedaltdorf,1290,Niedaltdorf,,agrees,234,high,
niedergailbach,2200,Niedergailbach,,agrees,234,high,
niederhofen,1483,Niederhofen,,agrees,234,high,
niederhofen,1519,Niederhofen,,agrees,234,high,
niederhofen,1542,Niederhofen,42,agrees,234,high,
niedersaubach,1491,Nieder-Saubach,,agrees,254,high,
niedersaubach,1491,Sanbach,,manual,87,medium,rules.yaml index_spellings
niedersaubach,1491,Saubach,,manual,87,medium,rules.yaml index_spellings
niedervisse,2275,Niderwisse,,agrees,234,high,
nittel,1411,Nittel,141î,corrected,234,high,
nittel,1445,Nittel,45,agrees,234,high,
nitting,2106,Nitting,,agrees,234,high,
nitting,2118,Nitting,,agrees,234,high,
nobaimont,998,Nobaimont,,agrees,234,high,
nohn,1425,Nohn,,agrees,235,high,
noiregoutlc,450,Noiregoutte,,agrees,235,high,
nomexy,1794,Nomexy,,agrees,235,high,
nomexy,1822,Nomexy,,agrees,235,high,
nompatelize,334,Nompatelize,554,corrected,235,high,
noncourt,1149,Noncourt,,corrected,235,high,number not printed in the index
noncourt,1153,Noncourt,,agrees,235,high,
nonhigny,2082,Nonhigny,,agrees,235,high,
nonville,1100,Nonville,,agrees,235,high,
nonville,1108,Nonville,,agrees,235,high,
nonzeville,625,Nonzeville,725,corrected,235,high,
nonzeville,643,Nonzeville,645,corrected,235,high,
nonzeville,650,Nonzeville,,agrees,235,high,
norbepaire,428,Norbépaire,,agrees,235,high,
norroy-le-veneur,535,Norroy-le-Veneur,555,manual,235,high,printed 535
norroy-sur-vair,1129,Norroy-sur-Vair,,agrees,235,high,
norroy-sur-vair,1159,Norroy-sur-Vair,59,agrees,235,high,
norroy-sur-vair,2481,Norroy-sur-Vair,,agrees,235,high,
northen,1279,Northen,,agrees,235,high,
northen,1294,Northen,94,agrees,235,high,
noussewiller-les-putlelange,1662,Noussewiller lès-Puttelange,,agrees,235,high,
oberdorff,1690,Oberdorff,,agrees,235,high,
oberesch,1222,Ober-Esch ou Oberesch,,agrees,235,high,
oberesch,1249,Ober-Esch ou Oberesch,,agrees,235,high,
obergailbach,2199,Obergailbach,,agrees,235,high,
oberkirchen,1511,Oberkirchen,,spelling differs,235,medium,check: the entry no line claims
oberkirchen,1546,Oberkirchen,46,spelling differs,235,medium,
oberleuken,1255,Ober-Leuken ou Oberlcuken,,spelling differs,235,medium,check: the entry no line claims
oberleuken,1291,Ober-Leuken ou Oberlcuken,,spelling differs,235,medium,
obernaumen,1206,Obernaumen,,agrees,235,high,
oberperl,1287,Oberperl,,agrees,235,high,
obersimten,2208,Niedersimten ou Obersimten,,spelling differs,234,medium,
obersteinbach,2149,Obersteinbach,,agrees,236,high,
oberstinzel,2117,Oberstinzel,,agrees,236,high,
obervisse,2274,Oberwisse,,agrees,236,high,
ocft,1229,Ocft,,agrees,236,high,
ochey,567,Ochey,,agrees,236,high,
ochey,574,Ochey,,agrees,236,high,
odenhoven,1694,Odenhoven,,agrees,236,high,
oelleville,933,OElleville,935,corrected,236,high,
oeting,1726,OEting,,agrees,236,high,
offroicourt,928,Offroicourt,,agrees,236,high,
ogeviller,2072,Ogéviller,,agrees,236,high,
ogeviller,2324,Ogéviller,,agrees,236,high,
ogneville,1760,Ognéville,,agrees,236,high,
olferding,2172,Olberding,,agrees,236,high,
olichamp,698,Olichamp,,agrees,236,high,
olichamp-val-d-ajol,799,Olichamp,,agrees,236,high,
ollainville,1131,Ollainville,,agrees,236,high,
omelmont,1780,Omelmont,,agrees,236,high,
oncourt,1009,Oncourt,,agrees,236,high,
ormersviller,2173,Ormerswiller,,agrees,236,high,
ormes-et-ville,70,Ormes-et-Ville,,spelling differs,236,medium,check: the entry no line claims
ormes-et-ville,2305,Ormes-et-Ville,,manual,236,high,Ormes
ormes-et-ville,2418,Ormes-et-Ville,,manual,236,high,Ormes
ortoncourt,1801,Ortoncourt,,agrees,236,high,
osenbach,1487,Osenbach,,agrees,236,high,
osenbach,1515,Osenbach,,agrees,236,high,
ottange,2015,Ottange,,agrees,236,high,
ottonville,1363,Ottonville,,spelling differs,236,medium,
ouderen,1236,Ouderen,,agrees,236,high,
oulrclean,700,Outreleau,,agrees,236,high,
outrancourt,123,Outrancourt,125,corrected,236,high,
outrcmonl,792,Outremont,,agrees,237,high,
outremont,466,Outremont,,agrees,236,high,
outremont,2460,Outremont,,agrees,236,high,
pachten,1431,Pachten,1451,corrected,237,high,
padoux,1852,Padoux,,agrees,237,high,
pagny-sur-moselle,529,Pagny-sur-Moselle,,agrees,237,high,
pair-et-grandrupt,439,Le Paire-et-Grandrupt,,agrees,237,high,
paire-le-bam,385,Paire (le) bam,585,manual,237,high,printed 585: Le Payre of the ban of Taintrux is 385
pajaille,345,Pajaille,545,manual,237,high,printed 345
pallegney,1869,Pallegney,,agrees,237,high,
pallegney,1879,Pallegney,79,agrees,237,high,
pange,493,Pange,,agrees,237,high,
pannes,2018,Pannes,,agrees,237,high,
parey-saint-cesaire,23,Parey-Saint-Césaire,25,corrected,237,high,
parey-saint-cesaire,1761,Parey-Saint-Césaire,,agrees,237,high,
parey-sous-montfort,922,Parey-sous-Montfort,,agrees,237,high,
parfondrupt,541,Parfondrupt,,agrees,237,high,
parfondrupt,2017,Parfondrupt,,agrees,237,high,
parroy,209,Parroy,,agrees,237,high,
parroy,224,Parroy,,agrees,237,high,
passavant-la-rochere,1103,Passavant,,agrees,237,high,
passoncourt,1805,Passoncourt,,agrees,237,high,
pciil-kombach,2129,Petit-Rombach,,agrees,238,high,
pecaviller,744,Pecaviller,,agrees,237,high,
pecaviller,825,Pecaviller,,agrees,237,high,
perl,1288,Perl ou Niederperl,,agrees,237,high,
petil-ei-ci-willer,2243,Petit-Eberswiller,,manual,237,high,printed 2243
petit-rederching,2168,Petit-Rederching,,agrees,238,high,
petit-rohrbacli,1631,Petit-Rohrbacli,1651,manual,258,high,corrections: Petit-Rohrbach replaces Rorbach (1631)
petit-tenquin,2197,Petit-Tenquin,,spelling differs,238,medium,
petite-rosselle,1725,Petite-Rosselle,,agrees,237,high,
pevange,1706,Pévange,,agrees,238,high,
phalsbourg,2232,Phalsbourg,,agrees,238,high,
phalsbourg,2353,Phalsbourg,,agrees,238,high,
piblange,1284,Piblange,,agrees,238,high,
piblange,1297,Piblange,97,agrees,238,high,
pierrefort,104,Pierrefort,10i,agrees,238,high,
pierrepont-sur-l-arentele,599,Pierrepont,,agrees,238,high,
pierreville,22,Pierreville,,agrees,238,high,
pirmasens,2209,Pirmasens,210,manual,238,high,"printed 2210; Pirmasens is Pfumersens, 2209"
pixerecourt,73,Pixerécourt,75,corrected,238,high,
plainfaing,449,Plainfaing,,agrees,238,high,
planois,741,Planois,,agrees,238,high,
planois,821,Planois,,agrees,238,high,
platenges,2019,Platenges,,agrees,238,high,
plombieres-les-bains,715,Plombières,,agrees,238,high,
plombieres-les-bains,803,Plombières,,agrees,238,high,
plombieres-les-bains,2443,Plombières,,agrees,238,high,
pommern,1341,Pomern,1311,corrected,239,high,
pompey,88,Pompey,,agrees,239,high,
pompierre,124,Pompierre,,agrees,239,high,
pont,773,Pont,,agrees,239,high,
pont-les-bonfays,985,Pont-lez-Bonfays,,agrees,239,high,
pont-saint-vincent,128,Pont-Saint-Vincent,,agrees,239,high,
pont-saint-vincent,2348,Pont-Saint-Vincent,,agrees,239,high,
pont-sur-madon,932,Pont-sur-Madon,952,corrected,239,high,
pont-sur-meuse,2016,Pont-sur-Meuse,,agrees,239,high,
pont-sur-meuse,2020,Pont-sur-Meuse,20,agrees,239,high,
pont-sur-meuse,2021,Pont-sur-Meuse,21,agrees,239,high,
pontigny,1384,Pontigny,1581,corrected,239,high,
pontpierre,2259,Pontpierre,,corrected,239,high,number not printed in the index
portieux,148,Portieux,,agrees,239,high,
portieux-charmes,1799,Portieux,,agrees,239,high,
pournoy-la-chetive,546,Pournoy-la-Chétive,,agrees,239,high,
poussay,914,Poussay,,agrees,239,high,
poussay,2406,Poussay,,agrees,239,high,
pouxeux,693,Pouxeux,695,corrected,239,high,
praye,1743,Praye,,spelling differs,239,medium,
pre-derriere,848,Pré-Derrière,,agrees,239,high,
preny,522,Prény,,agrees,239,high,
preny,2299,Prény,,agrees,239,high,
prey,608,Prey,,agrees,239,high,
prieure-de-menil-a-luneville,250,Beaulieu,,agrees,188,high,
prieure-de-menil-a-luneville,2439,Beaulieu,,agrees,188,high,
provencheres-sur-fave,376,Provenchères,,agrees,239,high,
provencheres-sur-fave,411,Provenchères,,agrees,239,high,
pubas,728,Pubas,,agrees,239,high,
pubas,735,Pubas,,agrees,239,high,
pulligny,72,Pulligny,,agrees,240,high,
pulney,1783,Pulney,1784,corrected,240,high,
pulnoy,21,Pulnoy,,agrees,240,high,
pultelange-les-sarralbe,1651,Puttelange-lès-Sarralbe,,agrees,240,high,
pultelange-les-sarralbe,2341,Puttelange-lès-Sarralbe,,agrees,240,high,
putlegney,994,Puttegney,,agrees,240,high,
puttigny,479,Puttigny,,agrees,240,high,
puxe,1762,Puxe,,agrees,240,high,
puzieux,907,Puzieux,,agrees,240,high,
quebrux,298,Québrux,,agrees,240,high,
quebrux,425,Québrux,,agrees,240,high,
quessonviller,775,Quessonviller,773,corrected,240,high,
quevilloncourt,1779,Quevilloncourt,,agrees,240,high,
racecourt,963,Racécourt,,agrees,240,high,
racrange,1649,Racrange,,agrees,240,high,
racrange,1704,Racrange,,agrees,240,high,
rainville,1124,Rainville,,agrees,240,high,
rainville,1161,Rainville,61,agrees,240,high,
rambucourt,2022,Rambucourt,,agrees,240,high,
ramecourt,908,Ramecourt,,agrees,240,high,
ramecourt,936,Ramecourt,,agrees,240,high,
ramecourt,945,Ramecourt,94b,agrees,240,high,
rammelfangen,1414,Rammelfangen,,agrees,241,high,
ramonchamp,764,Ramonchamp,761,corrected,241,high,
rancourt,986,Rancourt,,agrees,241,high,
rancourt,1031,Rancourt,,agrees,241,high,
ranfaing,696,Ranfaing,,agrees,241,high,
ransctiborn,2218,Ranschborn,,agrees,241,high,
rantse-iidt,1562,Rantschidt,,manual,241,high,"the editor: ""Rontschidt (et non Raudtschidt)"""
raon-aux-bois,779,Raon-aux-Bois,,agrees,241,high,
raon-aux-bois,812,Raon-aux-Bois,,agrees,241,high,
raon-l-etape,309,Raon-l'Etape,,agrees,241,high,
raon-l-etape,314,Raon-l'Etape,514,manual,241,high,printed 314
raon-l-etape,2296,Raon-l'Etape,,agrees,241,high,
raon-l-etape,2468,Raon-l'Etape,,agrees,241,high,
rapey,888,Rapey,,agrees,241,high,
rappweiler,1555,Rappweiler,,agrees,241,high,
rathen,1471,Rathen,,agrees,241,high,
rathen,1525,Rathen,,agrees,241,high,
raulecourt,2024,Raulecourt,,agrees,241,high,
raumont,420,Raumont,,agrees,241,high,
raves,434,Raves,,agrees,241,high,
raville-sur-sanon,227,Raville,,agrees,241,high,
razey,867,Razey,,agrees,241,high,
rcssoneourt,2026,Ressoncourt,,agrees,243,high,
rebeuville,1198,Rébeuville,,agrees,241,high,
reblangollc,997,Reblangotte,,agrees,241,high,
rech,1450,Rech,,agrees,241,high,
rech-241,2136,Rech,,agrees,241,high,
reclonville,2073,Reclonville,,agrees,241,high,
regnevelle,1104,Regnéville,,agrees,241,high,
regney,953,Regney,,agrees,241,high,
regnieville,106,Regniéville,,agrees,241,high,
regnieville,116,Regniéville,,agrees,241,high,
regnieville,530,Regniéville,,agrees,241,high,
rehaincourt,1797,Rehaincourt,,agrees,241,high,
rehainviller,239,Rehainviller,,agrees,241,high,
rehaupal,620,Rehaupal,,agrees,242,high,
rehaupal,648,Rehaupal,,agrees,242,high,
reheray,2097,Réhéray,,agrees,242,high,
reherrey,754,Reherrey,,agrees,242,high,
rehlingen,1413,Rehlingen,,agrees,242,high,
rehlingen,1442,Rehlingen,42,agrees,242,high,
rehlingen-nillel,1442,Rehlingen,,agrees,242,high,
reillon,2061,Reillon,,agrees,242,high,
reillon,2078,Reillon,78,agrees,242,high,
reimsbach,1419,Reimsbach,,agrees,242,high,
reimsbach,1433,Reimsbach,33,agrees,242,high,
reitscheid,1562,Reitscheid,,agrees,242,high,
relanges,1094,Relanges,,agrees,242,high,
relanges,2462,Relanges,,agrees,242,high,
relincourt,1906,Relincourt,,agrees,242,high,
relincourt,1916,Relincourt,17,corrected,242,high,
remanvillcrs,758,Remanvillcrs,,agrees,242,high,
rembaville,669,Rembaville,,agrees,242,high,
remcring,1666,Rémering,,agrees,242,high,
remelange,2023,Rémelange,,agrees,242,high,
remelfang,1388,Rémelfang,,agrees,242,high,
remelfing,1584,Rémelfing,,agrees,242,high,
remeling,1213,Rémeling,,agrees,242,high,
rememont,361,Remémont,,agrees,242,high,
remenauville,107,Réménauville,,agrees,242,high,
remenauville,115,Réménauville,,agrees,242,high,
remenoville,193,Rémenoville,,agrees,242,high,
remering-les-bouzonville,1673,Rémering,,agrees,242,high,
remicourt,24,Remicourt,,agrees,242,high,
remicourt,74,Remicourt,,agrees,242,high,
remicourt-mirecourt,939,Remicourt,,agrees,242,high,
remiremont,770,Remiremont,,agrees,242,high,
remiremont,2373,Remiremont,,agrees,242,high,
remiremont,2404,Remiremont,,agrees,242,high,
remois,1119,Remois,119,manual,242,high,"1119: ""Baimois"" (scan), Raimois"
remois,1158,Remois,,agrees,242,high,
remoiville,2025,Remoiville,,agrees,242,high,
remomeix,328,Remomeix,,agrees,242,high,
remoncourt,901,Remoncourt,,agrees,242,high,
remoncourt,923,Remoncourt,,agrees,242,high,
remoncourt-blamont,2062,Remoncourt,,agrees,242,high,
removille,1165,Removille,,agrees,242,high,
renauvoid,1008,Renauvoid,,agrees,243,high,
renauvoid,1056,Renauvoid,56,agrees,243,high,
rennegoutte,594,Rennegoutte,,agrees,243,high,
rennegoutte,631,Rennegoutte,,agrees,243,high,
renting,2102,Rinting,,spelling differs,243,medium,
renting,2421,Rinting,,spelling differs,243,medium,
repaix,2056,Repaix,,agrees,243,high,
repel,1769,Repel,,agrees,243,high,
rettel,1215,Rethel,,spelling differs,243,medium,
rettel,2487,Rethel,,spelling differs,243,medium,
reyerswiller,2146,Reyerswiller,2147,agrees,243,high,
richardmenil,25,Richardménil,,agrees,243,high,
riche,1707,Riche,,agrees,243,high,
richecourt,2027,Richecourt,,agrees,243,high,
richeling,1654,Richeling ou Richling,,agrees,243,high,
riedelberg,2204,Riedelberg,,agrees,243,high,
rimling,2160,Rimling,,agrees,243,high,
riol,1342,Riol,,corrected,245,high,number not printed in the index
ripplingen,1449,Ripplingen,,agrees,243,high,
ritzing,1328,Ritzing,,agrees,243,high,
robache,318,Robache,,agrees,243,high,
robecourt,2482,Robécourt,,agrees,243,high,
rochesson,740,Rochesson,,agrees,243,high,
rochesson,819,Rochesson,,agrees,243,high,
rodalbe,1712,Rodalbe,,agrees,243,high,
rode-les-morhange,1648,Rode,,agrees,245,high,
roden,1407,Roden,,agrees,243,high,
roden,1435,Roden,35,agrees,243,high,
rodlach,1277,Rodelach,,agrees,243,high,
rohr,2142,Rohr,,agrees,243,high,
rohrbach,2183,Rohrbach,,agrees,243,high,
rolbing,2188,Rolbing,,agrees,243,high,
rollainville,1141,Rollainville,,agrees,243,high,
romain,195,Romain,,agrees,244,high,
romont,192,Romont,,agrees,244,high,
romont,2444,Romont,,agrees,244,high,
ronchiere-liai,1083,Ronchiere liai,10?3,manual,244,high,printed 1083
roncourt,1200,Roncourt,12Û0,agrees,244,high,
roppeviller,2159,Roppwiller,,agrees,244,high,
rosbruck,1356,Rosbruck,,agrees,244,high,
rosiere-i-la-ou-larosiere,604,Rosière (la) ou Larosière,60i,agrees,244,high,
rosieres-aux-salines,144,Rosières-aux-Salines,,agrees,244,high,
rosieres-aux-salines,2293,Rosières-aux-Salines,,agrees,244,high,
rosieres-en-haye,105,Rosiéres-en-Haye,,agrees,244,high,
rouceux,1127,Rouceux,,agrees,244,high,
rougeville,387,Rougeville,,agrees,244,high,
rouhling,1586,Rouhling,,agrees,244,high,
roupeldange,1362,Roupeldange,,agrees,244,high,
rouveroye,699,Rouveroye,,agrees,244,high,
rouveroye,776,Rouveroye,,corrected,244,high,number not printed in the index
rouvres-en-xaintois,1145,Rouvres-en-Xaintois,,agrees,244,high,
rouvres-en-xaintois,1790,Rouvres-en-Xaintois,,agrees,244,high,
rouvres-la-chetive,125,Rouvres-la-Chétive,,agrees,244,high,
rouvrois-sur-meuse,1884,Rouvrois-sur-Meuse,18&4,manual,244,high,printed 1884
rouvrois-sur-meuse,2330,Rouvrois-sur-Meuse,,agrees,244,high,
roville-devant-bayon,44,Roville,,agrees,244,high,
royaumeix,2028,Royaumeix,,agrees,244,high,
rozelieures,194,Rozelieures,,agrees,244,high,
rozelieures,1817,Rozelieures,,agrees,244,high,
rozerieulles,2029,Rozérieulles,,agrees,244,high,
rozerotte,958,Rozerotte,938,corrected,244,high,
rualmont,308,Rualmont,,agrees,244,high,
ruchlingen,1728,Ruchlingen,,agrees,244,high,
rudling,1343,Rudling,1543,corrected,244,high,
ruelle,370,Ruelle,,agrees,245,high,
rugney,870,Rugney,,agrees,245,high,
rupt-les-moivron,499,Rupt-lés-Moivron,,agrees,245,high,
rupt-sur-moselle,751,Rupt,,spelling differs,245,medium,
rupt-sur-moselle,838,Rupt,,agrees,245,high,
rustroff,1234,Rustroff,1254,corrected,245,high,
rustroff,2420,Rustroff,,agrees,245,high,
ruxurieux,668,Ruxurieux,,agrees,245,high,
saarec-e,2110,Saareck,,agrees,245,high,
saarwellingen,1405,Saarwellingen,,agrees,245,high,
sachemont,305,Sachemont,,agrees,245,high,
sachemont,320,Sachemont,,agrees,245,high,
sadey,296,Sadey,,agrees,245,high,
sadey,404,Sadey,,agrees,245,high,
saffais,196,Saffais,,agrees,245,high,
safframenil,980,Safframénil,,agrees,245,high,
sainl-prayel,350,Saint-Prayel,,agrees,251,high,
saint-agnant-sous-les-cotes,1920,Saint-Agnant,,agrees,249,high,
saint-ame,723,Saint-Amé,,agrees,249,high,
saint-ame,781,Saint-Amé,,agrees,249,high,
saint-aubin-sur-aire,142,Saint-Aubin,,agrees,249,high,
saint-aubin-sur-aire,2030,Saint-Aubin,2050,corrected,249,high,
saint-avold,2240,Saint-Avold,,spelling differs,249,medium,
saint-avold,2267,Saint-Avold,67,agrees,249,high,
saint-avold,2355,Saint-Avold,2555,corrected,249,high,
saint-avold,2402,Saint-Avold,,agrees,249,high,
saint-baslemont,1111,Saint-Baslemont,,agrees,249,high,
saint-baussant,2031,Saint-Baussant,,agrees,249,high,
saint-benoit-en-woevre,1911,Saint-Benoit,,agrees,249,high,
saint-benoit-en-woevre,2395,Saint-Benoit,,agrees,249,high,
saint-blaise,349,Saint-Blaise,,agrees,249,high,
saint-boingt,1809,Saint-Boing,,agrees,249,high,
saint-die-des-vosges,273,Saint-Dié,,agrees,249,high,
saint-die-des-vosges,313,Saint-Dié,513,corrected,249,high,
saint-die-des-vosges,2297,Saint-Dié,,agrees,249,high,
saint-die-des-vosges,2361,Saint-Dié,,agrees,249,high,
saint-don,36,Saint-Don,56,corrected,249,high,
saint-don,2426,Saint-Don,,agrees,249,high,
saint-elophe,1180,Saint-Elophe,,agrees,249,high,
saint-epvre,552,Saint-Epvre,,agrees,249,high,
saint-epvre,2393,Saint-Epvre,,agrees,249,high,
saint-etienne-les-remiremont,724,Saint-Etienne,,agrees,249,high,
saint-etienne-les-remiremont,777,Saint-Etienne,,agrees,249,high,
saint-firmin,886,Saint-Firmin,,agrees,249,high,
saint-firmin,892,Saint-Firmin,,agrees,249,high,
saint-genest,1855,Saint-Genest,1835,corrected,250,high,
saint-germain,1814,Saint-Germain,,agrees,250,high,
saint-germain,1821,Saint-Germain,21,agrees,250,high,
saint-germain,1823,Saint-Germain,23,agrees,250,high,
saint-germain,1838,Saint-Germain,38,agrees,250,high,
saint-gorgon,1859,Saint-Gorgon,18S9,corrected,250,high,
saint-hippolyte,2120,Saint-Hippolyte,,agrees,250,high,
saint-hippolyte,2347,Saint-Hippolyte,,agrees,250,high,
saint-jean,2476,Saint-Jean,,spelling differs,250,medium,
saint-jean-d-ormont,430,Saint-Jean-d'Ormont,,agrees,250,high,
saint-jean-du-marche,679,Saint-Jean-du-Marché,,agrees,250,high,
saint-jean-les-buzy,540,Saint-Jean-lès-Buzy,,agrees,250,high,
saint-jean-pierrefort,100,Saint-Jean-Pierrefort,,agrees,250,high,
saint-jean-rohrbach,1613,Saint-Jean-Rohrbach,,agrees,250,high,
saint-julien-les-gorze,2033,Saint-Julien,,agrees,250,high,
saint-jure,2032,Saint-Jure,,agrees,250,high,
saint-laurent,982,Saint-Laurent,,agrees,250,high,
saint-leonard,367,Saint-Léonard,,agrees,250,high,
saint-leonard,406,Saint-Léonard,,agrees,250,high,
saint-mard,197,Saint-Mard,,agrees,250,high,
saint-martin,2076,Saint-Martin,,agrees,250,high,
saint-maurice-aux-forges,2083,Saint-Maurice,,agrees,250,high,
saint-maurice-sous-les-cotes,1910,Saini-Maurice-sous-les-Côtes,,agrees,250,high,
saint-maurice-sur-mortagne,199,Saint-Maurice,,agrees,250,high,
saint-maurice-sur-moselle,768,Saint-Maurice,,agrees,250,high,
saint-maurice-sur-moselle,851,Saint-Maurice,,agrees,250,high,
saint-max,75,Saint-Max,7b,agrees,250,high,
saint-medard,2289,Saint-Médard,,agrees,250,high,
saint-menge,1168,Saint-Menge,,agrees,250,high,
saint-nabord,815,Saint-Nabord,,agrees,251,high,
saint-nicolas-de-port,2,Saint-Nicolas,,agrees,251,high,
saint-nicolas-de-port,2292,Saint-Nicolas,,agrees,251,high,
saint-nicolas-de-port,2424,Saint-Nicolas,2484,corrected,251,high,
saint-paul,1130,Saint-Paul,,agrees,251,high,
saint-paul,1140,Saint-Paul,40,agrees,251,high,
saint-pierremont,191,Saint-Pierremont,,agrees,251,high,
saint-prancher,1126,Saint-Prancher,,agrees,251,high,
saint-privat,2035,Saint-Privat,,agrees,251,high,
saint-privat-la-montagne,1989,Saint-Prival-Ia-Montagne,,agrees,251,high,
saint-remimont,77,Saint-Remimont,,agrees,251,high,
saint-remimont-buigneville,1133,Saint-Remimont,,corrected,251,high,number not printed in the index
saint-remimont-buigneville,1155,Saint-Remimont,,agrees,251,high,
saint-remy,342,Saint-Remy,542,corrected,251,high,
saint-remy-aux-bois,149,Saint-Remy-aux-Bois,,agrees,251,high,
saint-remy-aux-bois,1806,Saint-Remy-aux-Bois,,agrees,251,high,
saint-remy-la-calonne,1892,Saint-Remy,,corrected,251,high,number not printed in the index
saint-sauveur,2071,Saint-Sauveur,,agrees,251,high,
saint-sauveur,2382,Saint-Sauveur,,corrected,251,high,number not printed in the index
saint-vallier,1037,Saint-Vallier,1057,corrected,251,high,
sainte-croix-aux-mines,2125,Sainte-Croix-aux-Mines,,agrees,251,high,
sainte-genevieve,99,Sainte-Geneviève,,agrees,251,high,
sainte-helene,1856,Sainte-Hélène,,agrees,251,high,
sainte-marguerite,282,Sainte-Marguerite,,agrees,251,high,
sainte-marguerite,325,Sainte-Marguerite,523,corrected,251,high,
sainte-marie,198,Sainte-Marie,,agrees,251,high,
sainte-marie-au-bois,532,Sainte-Marie-au-Bois,,agrees,251,high,
sainte-marie-au-bois,2394,Sainte-Marie-au-Bois,,agrees,251,high,
sainte-marie-aux-chenes,2034,Sainte-Marie-aux-Chènes,,agrees,252,high,
sainte-marie-aux-mines,2127,Sainte-Marie-aux-Mines,,agrees,252,high,
sainte-marie-aux-mines,2346,Sainte-Marie-aux-Mines,,agrees,252,high,
sainte-ruffine,2036,Sainte-Ruffine,,agrees,252,high,
saizerais,90,Saizerais,,agrees,245,high,
saizerais,91,Saizerais,,agrees,245,high,
salival,2392,Salival,,agrees,245,high,
salonnes,456,Salonne,,agrees,245,high,
salonnes,467,Salonne,,agrees,245,high,
salonnes,2302,Salonne,,agrees,245,high,
salonnes,2431,Salonne,,agrees,245,high,
saltzbronn,2138,Saltzbronn,,agrees,245,high,
san-bouryon,1940,San Bouryon,,agrees,187,high,
san-de-chaste,1955,Ban de Chastel,,agrees,187,high,
san-de-la-seine,1942,San de la Seine,,agrees,187,high,
san-de-vezin,1944,San de Vezin,,agrees,188,high,
san-saini-symphorien,1943,Ban Saint-Symphorien,1945,corrected,188,high,
san-saint-pierre,1954,San Saint-Pierre,,agrees,188,high,
sanchey,976,Sanchey,,agrees,245,high,
sandaucourt,1170,Sandaucourt,,agrees,245,high,
sandaucourt,2318,Sandaucourt,,agrees,245,high,
sanzey,551,Sanzey,,agrees,246,high,
sanzey,2038,Sanzey,203§,agrees,246,high,
sapois,818,Sapois,,agrees,246,high,
sarralbe,2135,Sarralbe,,spelling differs,246,medium,
sarralbe,2351,Sarralbe,,spelling differs,246,medium,
sarraltroff,2111,Sarraltroff,,agrees,246,high,
sarrebourg,2101,Sarrebourg,,corrected,246,high,number not printed in the index
sarrebourg,2352,Sarrebourg,,agrees,246,high,
sarrebourg,2371,Sarrebourg,,agrees,246,high,
sarrebourg,2470,Sarrebourg,,agrees,246,high,
sarrebourg,2483,Sarrebourg,,agrees,246,high,
sarreguemines,1567,Sarreguemines,,agrees,246,high,
sarreguemines,2337,Sarreguemines,,agrees,246,high,
sarreinsming,1581,Sarreinsming,,agrees,246,high,
sartes,126,Sartes,,agrees,246,high,
sauceray,339,Sauceray,539,corrected,246,high,
saulcy-sur-meurthe,371,Sauley,571,corrected,246,high,
sauli,760,Sauli,,agrees,246,high,
saulx-en-voevre,1891,Saulx-en-Voèvre,,agrees,246,high,
saulxerotte,1756,Saulxerotte,,agrees,246,high,
saulxures-les-bulgneville,1147,Saulxures-lez-Bulgnéville,,agrees,246,high,
saulxures-les-nancy,78,Saulxures-lès-Nancy,,agrees,246,high,
saulxures-les-vannes,576,Saulxures-lès-Vannes,,agrees,246,high,
saurupt,4,Le Saulrupt,,agrees,246,high,
savigny,887,Savigny,,agrees,246,high,
savonnieres-en-voevre,1908,Savonnières-en-Voévre,,agrees,246,high,
saxon,1787,Saxon,,agrees,246,high,
scarupt,365,Scarupt,,agrees,246,high,
scarupt,448,Scarupt,,agrees,246,high,
scharhmorther,1303,Scharhmorther,,agrees,246,high,
schaumberg,1467,Schaumberg,,agrees,246,high,
schellembach,1477,Schellembach,,agrees,246,high,
schellembach,1512,Schellembach,,agrees,246,high,
schellembach,1539,Schellembach,39,agrees,246,high,
scheuem,1500,Scheuem,,agrees,246,high,
scheuer-hof,1307,Scheuer-Hof,1507,manual,246,high,"corrections: ""seems to correspond to Schcuren"" (1307)"
schmalenthal-les-baerenthal,2189,Schmalenthal,,agrees,246,high,
schorbach,2143,Schorbach,,agrees,247,high,
schweix,2157,Schweix,,agrees,247,high,
schwemlingen,1452,Schwemmlingen,,agrees,247,high,
schwerdorff,1324,Schwerdorff,,agrees,247,high,
schweyen,2228,Schweyen,2229,corrected,247,high,
sehndorf,1289,Sehndorf,,agrees,247,high,
seichamps,76,Séchamps,,agrees,247,high,
seicheprey,2039,Seicheprey,,agrees,247,high,
seilbach,1565,Seilbach,,agrees,247,high,
seingbousse,2254,Seingbousse,,agrees,247,high,
selaincourt,559,Selaincourt,,agrees,247,high,
senade,690,Senade,,agrees,247,high,
senenne,1076,Senenne,,agrees,247,high,
senones,2386,Senones,,agrees,247,high,
senonges,1070,Senonges,,agrees,247,high,
senonville,1907,Senonville,,agrees,247,high,
senonville,1917,Senonville,17,agrees,247,high,
seranville,200,Séranville,,agrees,247,high,
sercoeur,1850,Sercœur,,agrees,247,high,
serres,257,Serres,,agrees,247,high,
serres,2472,Serres,,agrees,247,high,
seux,718,Seux,,agrees,247,high,
seuzey,1894,Seuzey,,agrees,247,high,
sexey-aux-forges,554,Sexey-aux-Forges,,agrees,247,high,
sexey-les-bois,579,Sexey-les-Bois,,agrees,247,high,
sierck,1204,Sierck,,agrees,247,high,
sierck,2331,Sierck,,agrees,247,high,
siersberg,1410,Siersberg,,agrees,248,high,
siersdorf,1415,Siersdorf,,agrees,248,high,
siersthal,2179,Siersthal,,agrees,248,high,
silvingen,1451,Silvingen,,agrees,248,high,
sinzey,2085,Sinzey,,agrees,248,high,
sion,1770,Sion,,spelling differs,248,medium,
sionviller,211,Sionviller-,,agrees,248,high,
sionviller,232,Sionviller-,,agrees,248,high,
sleysspaeh,1549,Bleysspach,,agrees,191,high,
sntrilte,1890,Broville,,agrees,194,high,
socourt,875,Socourt,,agrees,248,high,
socourt,885,Socourt,,agrees,248,high,
sommerecourt,1189,Sommerécourt,,agrees,248,high,
sommerviller,45,Sommerviller,,agrees,248,high,
sorneville,472,Sornéville,,agrees,248,high,
sotzeling,1612,Sotzeling,,agrees,248,high,
sotzeling,1710,Sotzeling,,agrees,248,high,
sotzweiler,1499,Sotzweiler,,agrees,248,high,
sotzweiler,1514,Sotzweiler,,agrees,248,high,
sotzweiler,1548,Sotzweiler,48,agrees,248,high,
soulosse,1184,Soulosse,,agrees,248,high,
soulzbach,2122,Soulzbach,,agrees,248,high,
souveraincourl,1764,Souveraincourt,,agrees,248,high,
spada,1903,Spada,,agrees,248,high,
spada,1915,Spada,15,agrees,248,high,
spadangea,285,Spadanges,,agrees,248,high,
spicheren,1727,Spickeren ou Speicheren,,agrees,248,high,
sponville,2041,Sponville,,agrees,249,high,
srcul-le-y-prevote-de-chutcnois,1120,"Le Breul, prévôté de Châtenois",,spelling differs,193,medium,
stanuemiein,2219,Stanwenstein,,agrees,249,high,
steinbach,1475,Steinbach,,agrees,249,high,
steinbach,1537,Steinbach,,agrees,249,high,
steinbach,1538,Steinbach,38,agrees,249,high,
sterek-hauie,1209,Sierck-Haute,4209,manual,248,high,printed 1209
stoncourt,506,Stoncourt,,agrees,249,high,
sturzelbronn,2201,Sturzelbronn,,agrees,249,high,
sturzelbronn,2403,Sturzelbronn,2405,corrected,249,high,
suiiit-gangolph,1427,Suiiit-Gangolph,,agrees,250,high,
suisse,512,Suisse,,spelling differs,249,medium,
sun-de-laistrc,1941,Ban de Laistre,,agrees,187,high,
sur-la-cote,617,Sur-la-Côte,,agrees,199,high,
sur-la-cote,659,Sur-la-Côte,,agrees,199,high,
taintrux,383,Taintrux,,agrees,252,high,
tannois,2042,Tannoy,,agrees,252,high,
tantonville,1775,Tantonville,,agrees,252,high,
tarquimpol,1594,Tarquimpol,,agrees,252,high,
tatignecourt,973,Tatignécourt,975,corrected,252,high,
tatignecourt,1016,Tatignécourt,,agrees,252,high,
tendon,701,Tendon,70i,agrees,252,high,
tensch,1635,Tensch,1655,manual,252,high,printed 1635
tenteling,1577,Tenteling,,agrees,252,high,
tenteling,1585,Tenteling,85,agrees,252,high,
teterchen,1367,Téterchen,1567,corrected,252,high,
teterchen,1698,Téterchen,,agrees,252,high,
teterchen,2264,Téterchen,,agrees,252,high,
teterchen,2422,Téterchen,,agrees,252,high,
teting,2257,Téting,,agrees,252,high,
teting,2270,Téting,70,agrees,252,high,
thalexweiler,1498,Thalecksweiler,,agrees,252,high,
thalexweiler,1513,Thalecksweiler,,agrees,252,high,
thalexweiler,1536,Thalecksweiler,36,agrees,252,high,
thalfroschen,2210,Thalfrôschen,,agrees,252,high,
thanville,417,Thanvillé,,agrees,252,high,
thaon-les-vosges,1847,Thaon,,agrees,252,high,
theding,1355,Théding,,agrees,252,high,
theley,1474,Theley,,agrees,252,high,
theley,1504,Theley,150»,corrected,252,high,
theley,1553,Theley,53,agrees,252,high,
thelod,1773,Thelod,,agrees,252,high,
thelod,2375,Thelod,,agrees,252,high,
they-sous-monifort,918,They-sous-Monifort,,agrees,252,high,
they-sous-vaudemont,1751,They,,manual,252,high,They-sous-Vaudémont
they-sous-vaudemont,1791,They,91,spelling differs,252,medium,
thicourt,491,Thicourt,,agrees,253,high,
thicourt,2459,Thicourt,,agrees,253,high,
thiebaumenil,254,Thiébauménil,,agrees,253,high,
thielouze,1028,Thiélouze,,agrees,253,high,
thietry,1071,Thiétry,,spelling differs,253,medium,
thimonville,501,Thimonville,,agrees,253,high,
thin-ville,596,Thiriville,,agrees,253,high,
thiraucourt,947,Thiraucourt,,agrees,253,high,
thisserandie,337,La Thisserandie,335,corrected,253,high,
tholey,1468,Tholey,,agrees,253,high,
tholey,1503,Tholey,,agrees,253,high,
tholey,2398,Tholey,,agrees,253,high,
tholoy,1086,Tholoy,,agrees,253,high,
thomas,1078,Thomas,,agrees,253,high,
thonville,514,Thonville,,agrees,253,high,
thorey-lyautey,1754,Thorey,1734,corrected,253,high,
thuilley-aux-groseilles,564,Thuilley-aux-Groseilles,56i,agrees,253,high,
thunimonl-ham,999,Thunimont,,agrees,253,high,
tigeville,1919,Tigéville,,agrees,253,high,
tilleux,1192,Tilleux,,agrees,253,high,
titling,1386,Titling,1586,corrected,252,high,
tomblaine,80,Tomblaine,,agrees,253,high,
tonnoy,201,Tonnoy,,agrees,253,high,
torcheville,1618,Torcheville,,agrees,253,high,
totainville,1148,Totainville,,agrees,253,high,
toul,2359,Toul,,agrees,253,high,
tremonzey,857,Trémonzey,,agrees,253,high,
tritteling,1721,Tritteling,,agrees,253,high,
trois-maisons,416,Trois-Maisons,,agrees,254,high,
tromborn,1674,Tromborn,,agrees,253,high,
trougcmont,737,Trougemont,,agrees,254,high,
trulben,2154,Trulben,,agrees,254,high,
tunsdorf,1318,Tûnsdorf,1518,manual,254,high,printed 1318
tunting,1239,Tùnting,1259,corrected,254,high,
ubexy,890,Ubexy,,agrees,254,high,
uchtelfangen,1496,Bechteldingen,,agrees,189,high,
urbach,2163,Urbach,2165,corrected,254,high,
urcourt,1969,Urcourt,,agrees,254,high,
urimenil,807,Uriménil,,agrees,254,high,
uunskirich,1637,Uunskirich,,agrees,219,high,
uxegney,975,Uxegney,,agrees,254,high,
uzemain-les-forges,810,Uzemain,,agrees,254,high,
uzemain-les-forges,1026,Uzemain,,agrees,254,high,
vacherauville,2043,Vacherauville,2045,corrected,254,high,
vagney,726,Vagney,,agrees,254,high,
vagney,816,Vagney,,agrees,254,high,
vahl,1617,Vahl,,agrees,254,high,
vahl-ebersing,2248,Vahl-Ebersing,,agrees,254,high,
vahl-les-faulquemont,1718,Vahl-lès-Faulquemont,,spelling differs,254,medium,
val-sainle-marie,2044,Val-Sainle-Marie,,agrees,255,high,
valaincourt,1122,Valaincourt,,agrees,254,high,
valfroicourt,1000,Valfroicourt,,agrees,255,high,
valhey,226,Valhey,,agrees,255,high,
vallerange,1606,Vallerange,,agrees,255,high,
valleroy,2045,Valleroy,,agrees,255,high,
valleroy-aux-saules,1042,Valleroy-aux-Saules,,agrees,255,high,
valleroy-le-sec,960,Valleroy-le-Sec,,corrected,255,high,number not printed in the index
valleroy-le-sec,970,Valleroy-le-Sec,,agrees,255,high,
vallois,203,Vallois,,agrees,255,high,
valmont,2281,Valmont,,agrees,255,high,
valmunster,1391,Valmunster,,agrees,255,high,
vandelainville,523,Vandelainville,,agrees,255,high,
vandeleville,1772,Vandeléville,,agrees,255,high,
vandeleville,1784,Vandeléville,84,agrees,255,high,
vandeleville,2450,Vandeléville,,agrees,255,high,
vandieres,525,Vandières,,manual,255,high,printed 525
vandieres,548,Vandières,,agrees,255,high,
vandoeuvre-les-nancy,27,Vandoeuvre,,agrees,255,high,
vandoeuvre-les-nancy,2427,Vandoeuvre,,agrees,255,high,
vanemont,366,Vanémont,566,corrected,255,high,
vanifosse,323,Vanifosse,525,corrected,255,high,
vanifosse,377,Vanifosse,577,corrected,255,high,
vannecourt,469,Vannecourt,,agrees,255,high,
vannes-le-chatel,573,Vannes-le-Châtel,,agrees,255,high,
varangeville,26,Varangéville,,agrees,255,high,
varangeville,46,Varangéville,,agrees,255,high,
varangeville,2425,Varangéville,2423,corrected,255,high,
varize,1366,Varize,,agrees,255,high,
varize,1382,Varize,82,agrees,255,high,
varmonzey,1035,Varmonzey,1055,corrected,255,high,
varsberg,1378,Varsberg,1578,corrected,255,high,
varvinay,1904,Varvinay,,agrees,255,high,
vatimont,502,Vathimont,,agrees,256,high,
vaubexy,1036,Vaubexy,1056,corrected,256,high,
vaucheres,288,Vauchères,,agrees,256,high,
vaucremont,505,Vaucremont,,agrees,256,high,
vaudemont,1738,Vaudémont,1758,corrected,256,high,
vaudemont,2321,Vaudémont,2521,corrected,256,high,
vaudemont,2364,Vaudémont,64,corrected,256,high,
vaudeville,79,Vaudeville,,agrees,256,high,
vaudeville-epinal,1871,Vaudeville,,agrees,256,high,
vaudeville-epinal,1881,Vaudeville,81,agrees,256,high,
vaudigny,81,Vaudigny,,agrees,256,high,
vaudrevange,1400,VVallerfangen,,agrees,260,high,
vaudrevange,2333,VVallerfangen,2335,manual,260,high,printed 2333
vaux,2046,Vaux,,agrees,256,high,
vaux-la-grande,138,Vaux-la-Grande,458,corrected,256,high,
vaux-la-petite,139,Vaux-la-Petite,159,corrected,256,high,
vaxoncourt,1868,Vaxoncourt,,agrees,256,high,
vaxoncourt,1878,Vaxoncourt,78,agrees,256,high,
vaxy,476,Vaxy,,agrees,256,high,
veckring,1225,Veckring,,agrees,256,high,
vecoux,753,Vecoux,755,corrected,256,high,
velaine-en-haye,578,Velaine-en-Haye,,agrees,256,high,
velle,1763,Velle,,agrees,256,high,
velle-sur-moselle,202,Velle-sur-Moselle,,agrees,256,high,
velotte-et-tatignecourt,959,Velotte-et-Tatignécourt,9S9,spelling differs,256,medium,
velving,1394,Velving,1594,manual,256,high,printed 1394
velving,1681,Velving,,agrees,256,high,
vennezey,150,Vennezey,,agrees,256,high,
vennezey,161,Vennezey,,agrees,256,high,
ventron,835,Ventron,855,corrected,256,high,
verconroye,697,Verconroye,C97,agrees,256,high,
verdenal,247,Verdenal,,agrees,256,high,
verdun,2360,Verdun,,agrees,256,high,
vergaville,1638,Vergaville,I63i,manual,256,high,printed 1638
vergaville,2339,Vergaville,,agrees,256,high,
vergaville,2409,Vergaville,,agrees,256,high,
vertuzey,2048,Vertuzey,,agrees,257,high,
vervezelle,676,Vervezelle,,agrees,257,high,
vetupaire,424,Vetupaire,,agrees,256,high,
vezelise,1739,Vézelise,1759,corrected,257,high,
vezelise,2322,Vézelise,,corrected,257,high,number not printed in the index
vezeval,311,Vézeval,511,corrected,257,high,
vichibure,618,Vichibure,,agrees,257,high,
vichibure,667,Vichibure,,agrees,257,high,
vienville,614,Vienville,,agrees,257,high,
vieville,891,Viéville,,agrees,257,high,
vieville,920,Viéville,,agrees,257,high,
vieville,943,Viéville,945,corrected,257,high,
vieville-en-haye,533,Viéville-en-Haye,553,corrected,257,high,
vieville-sous-les-cotes,1900,Viéville-sous-les-Côtes,,agrees,257,high,
vigneulles,204,Vigneules,,agrees,257,high,
vigneulles-les-hattonchatel,1888,Vigneulles-lès-Hattonchâtel,,agrees,257,high,
vigneulles-les-hattonchatel,2047,Vigneulles-lès-Hattonchâtel,,agrees,257,high,
vignot,134,Vignot,154,corrected,257,high,
vignot,2345,Vignot,,agrees,257,high,
vilcey-sur-trey,534,Vilcey-sur-Trey,,agrees,257,high,
villacourt,1812,Villacourt,,agrees,257,high,
villacourt,1828,Villacourt,28,agrees,257,high,
villacourt,1835,Villacourt,,corrected,257,high,number not printed in the index
villard,1195,Villard,,agrees,257,high,
ville-au-val,2049,Ville-au-Val,,agrees,257,high,
ville-en-vermois,28,Ville-en-Vermois,,agrees,257,high,
ville-sur-illon,1032,Ville-sur-Illon,1052,corrected,258,high,
ville-sur-illon,2319,Ville-sur-Illon,,agrees,258,high,
ville-sur-madon,83,Ville-sur-Madon,,agrees,258,high,
villecey-sur-mad,528,Villecey-sur-Mad,,agrees,257,high,
viller,237,Viller,,agrees,257,high,
viller-asscnoncourt,1614,Viller,,agrees,257,high,
viller-grostenquin,1715,Viller,,agrees,258,high,
villers,912,Villers,,agrees,258,high,
villers-bettnach,1285,Villers-Bettnach,,agrees,258,high,
villers-bettnach,2397,Villers-Bettnach,2597,corrected,258,high,
villers-en-haye,108,Villers-en-Haye,,agrees,258,high,
villers-ies-moivron,460,Villers-lès-Moivron,,agrees,258,high,
villers-le-prud-homme,2050,Villers-le-Prud'homme,,agrees,258,high,
villers-les-nancy,29,Villers-lès-Nancy,,agrees,258,high,
villers-sous-preny,531,Villers-sous-Prény,,agrees,258,high,
villers-stoncourt,507,Villers-Stoncourt,,agrees,258,high,
villette-au-val-sainei-gregoire,2121,Villette au val Sainei-Grégoire,,agrees,258,high,
villey-le-sec,557,Villey-le-Sec,,agrees,258,high,
villey-le-sec,581,Villey-le-Sec,,agrees,258,high,
villey-saint-etienne,569,Villey-Saint-Etienne,,agrees,258,high,
villing,1370,Villing,,agrees,258,high,
villing,1396,Villing,96,spelling differs,258,medium,
villing-bouzonville,1688,Villing,,agrees,258,high,
villoncourt,630,Villoncourt,650,corrected,258,high,
villoncourt,655,Villoncourt,,agrees,258,high,
villoncourt,1851,Villoncourt,,agrees,258,high,
vilsberg,2238,Vilsberg,2258,corrected,258,high,
vimenil,584,Viménil,,agrees,259,high,
vimenil,635,Viménil,655,manual,259,high,printed 635
vincey,877,Vincey,,spelling differs,259,medium,
vincey,1861,Vincey,,agrees,259,high,
vincey,1873,Vincey,73,agrees,259,high,
vinningen,2203,Eyningen,,agrees,206,high,
vintrange,1616,Vintrange,,agrees,259,high,
viocourt,1135,Viocourt,,agrees,259,high,
viocourt,1139,Viocourt,59,corrected,259,high,
viocourt,1175,Viocourt,75,agrees,259,high,
viomenil,990,Vioménil,,agrees,259,high,
virecourt,160,Virecourt,,agrees,259,high,
virecourt,2478,Virecourt,,agrees,259,high,
virming,1636,Virming,,agrees,259,high,
viterne,553,Viterne,533,corrected,259,high,
vitrey,1757,Vitrey,,agrees,259,high,
vitrimont,215,Vitrimont,,agrees,259,high,
vittel,925,Vittel,,agrees,259,high,
vittel,2316,Vittel,2516,corrected,259,high,
vittersbourg,1628,Vittersbourg,,agrees,259,high,
viviers-le-gras,1101,Viviers-le-Gras,,agrees,259,high,
viviers-les-offroicourt,903,Viviers-lez-Offroicourt,,agrees,259,high,
vixard,732,Vixard,,agrees,259,high,
voelfling-les-bouzonville,1692,Vœlfling,,agrees,259,high,
void,568,Void,,agrees,259,high,
void-d-escles,988,Void-d'Escles,,agrees,259,high,
void-de-belmont,665,Void-de-Belmont,,agrees,259,high,
voinemont,82,Voinémont,,agrees,259,high,
volmerange,1357,Volmerange,1557,corrected,259,high,
volmerange,1395,Volmerange,95,corrected,259,high,abbreviated after 1357
volmunster,2162,Volmunster,,agrees,259,high,
vomecourl,954,Vomécourt,,agrees,259,high,
vomecourl,1857,Vomécourt,,agrees,259,high,
vouxey,1146,Vouxey,,agrees,260,high,
vraichamp,598,Vraichamp,,agrees,260,high,
vroncourt,1778,Vroncourt,,agrees,260,high,
vroville,906,Vroville,,agrees,260,high,
vuisse,1611,Vuisse,,agrees,260,high,
wadrill,1563,Wadrill,,agrees,260,high,
waldeck,2193,Waldeck,,agrees,260,high,
waldhausen,2152,Waldhausen,,agrees,260,high,
waldweistroff,1211,Valdweistroff,4211,corrected,255,high,
waldweistroff,1245,Valdweistroff,45,corrected,255,high,
waldwisse,1333,Valdwisse,1553,manual,255,high,printed 1333
walschbronn,2150,Walschbronn,,agrees,260,high,
walsheim,2175,Walsheim,,agrees,260,high,
wehingen,1458,Wehingen,,agrees,260,high,
wehingen,1527,Wehingen,,agrees,260,high,
weidesheim,2222,Weidesheim,,agrees,260,high,
weiler,1455,Weiler,,agrees,260,high,
weiskirch,2161,Weiskirch,2101,corrected,260,high,
weiten,1228,Weiten,,agrees,261,high,
wellingen,1456,Wellingen,,agrees,261,high,
wetschhausen,1516,Wetschhausen,1510,manual,261,high,"Wach-Haussen, aliàs Schweich-Haussen (table of old forms)"
weuftrhaus,2212,Weillerhaws,,agrees,260,high,
wies,1344,Wies,1544,corrected,261,high,
wiesbach,1495,Wiesbach,1493,corrected,261,high,
wiesviller,2230,Wieswiller,,agrees,261,high,
wiilervule,335,Willerville,,agrees,261,high,
winterbach,1481,Winterbach,,agrees,261,high,
winterbach,1520,Winterbach,,agrees,261,high,
winterbach,1543,Winterbach,43,agrees,261,high,
winzeln,2205,Winzeln,,agrees,261,high,
wisembach,275,Wisembach,,agrees,261,high,
wisembach,427,Wisembach,,agrees,261,high,
wittring,1582,Witring,1382,corrected,261,high,
wochern,1256,Wochern,125G,agrees,261,high,
wochern,1292,Wochern,92,agrees,261,high,
woel,1889,Woël,,agrees,261,high,
woelfling,2230,Woelfling,,spelling differs,261,high,check: the entry no line claims
xainfaing,384,Xainfaing,,agrees,261,high,
xammes,2052,Xammes,,agrees,261,high,
xamontarupt,703,Xamontarupt,,agrees,261,high,
xaronval,1840,Xaronval,18i0,agrees,261,high,
xennois,719,Xennois,,agrees,261,high,
xermamenil,261,Xermaménil,2G1,agrees,261,high,
xertigny,858,Xertigny,,agrees,261,high,
xirocourt,84,Xirocourt,,agrees,261,high,
xirocourt,898,Xirocourt,,agrees,261,high,
xivray-et-marvoisin,2040,Xivray-et-Marvoisin,,manual,261,high,Sivery
xoarupt,763,Xoarupt,,agrees,261,high,
xonville,2053,Xonville,,agrees,261,high,
xoulce,833,Xoulce,,agrees,262,high,
xousse,217,Xousse,,agrees,262,high,
xugney,878,Xugney,,agrees,262,high,
xugney,2479,Xugney,,agrees,262,high,
yvoux,602,Yvoux,,agrees,262,high,
zainvillers,745,Zainviller,,agrees,262,high,
zainvillers,826,Zainviller,,agrees,262,high,
zarbeling,1711,Zarbeling,,agrees,262,high,
zcllen,2196,Zellen,,agrees,262,high,
zcllen,2458,Zellen,,agrees,262,high,
zeurange,1247,Zeurange,,agrees,262,high,
zeurange,1345,Zeurange,,agrees,262,high,
zimmerbach,2123,Zimmerbach,2125,manual,262,high,printed 2123
zincourt,1870,Zincourt,,agrees,262,high,
zincourt,1880,Zincourt,8G,agrees,262,high,
zinzing,1731,Zinzing,1751,manual,262,high,printed 1731
zommange,1590,Zommange,,agrees,262,high,
zondrangc,1375,Zondrange,1575,corrected,262,high,
zugmantel,2125,Zugmantel,,agrees,262,high,
