child_id,parent_id,relation,share,source_page,confidence,notes
bailiwick-nancy,duchy-lorraine,admin,,34,,
provostship-nancy,bailiwick-nancy,admin,,35,,
lordship-l-avant-garde,provostship-nancy,ressort,,38,,
lordship-pierrefort,provostship-nancy,ressort,,39,,
lordship-hey,provostship-nancy,ressort,,39,,
lordship-le-chatelet,provostship-nancy,ressort,,39,,
county-chaligny,provostship-nancy,ressort,,40,,
lordship-commercy,provostship-nancy,ressort,,40,,
provostship-rosieres,bailiwick-nancy,admin,,40,,
provostship-einville,bailiwick-nancy,admin,,42,,
provostship-luneville,bailiwick-nancy,admin,,43,,
provostship-azerailles,bailiwick-nancy,admin,,44,,
provostship-saint-die,bailiwick-nancy,admin,,45,,
lordship-warde-de-wisembach,provostship-saint-die,ressort,,45,,
ban-anould,provostship-saint-die,admin,,45,,
lordship-warde-du-saulcy,provostship-saint-die,ressort,,46,,
ban-ban-le-duc,provostship-saint-die,admin,,46,,
district-raon-l-etape,provostship-saint-die,admin,,46,,
ban-saint-die,provostship-saint-die,admin,,46,,
ban-clefcy,provostship-saint-die,admin,,47,,
mayoralty-sainte-marguerite,provostship-saint-die,admin,,47,,
ban-etival,provostship-saint-die,admin,,47,,
mayoralty-mandray,provostship-saint-die,admin,,48,,
mayoralty-meurthe,provostship-saint-die,admin,,48,,
mayoralty-bertrimoutier,provostship-saint-die,admin,,48,,
ban-taintrux,provostship-saint-die,admin,,49,,
ban-sept,provostship-saint-die,admin,,49,,
ban-sardey,provostship-saint-die,admin,,49,,
mayoralty-laveline,provostship-saint-die,admin,,50,,
ban-hurbache,provostship-saint-die,admin,,50,,
ban-fraize,provostship-saint-die,admin,,51,,
provostship-amance,bailiwick-nancy,admin,,51,,
ban-sainct-pierre,provostship-amance,admin,,53,,
castellany-conde-et-val-des-faulx,bailiwick-nancy,admin,,53,,
provostship-preny,bailiwick-nancy,admin,,53,,
provostship-gondreville,bailiwick-nancy,admin,,54,,
bailiwick-vosges,duchy-lorraine,admin,,56,,
provostship-bruyeres,bailiwick-vosges,admin,,56,,
ban-grandvillers-et-dompierre,provostship-bruyeres,admin,,58,,
ban-vaudicourt,provostship-bruyeres,admin,,58,,
ban-belmont,provostship-bruyeres,admin,,58,,
ban-bayecourt,provostship-bruyeres,admin,,58,,
lordship-faucompierre,provostship-bruyeres,ressort,,59,,
provostship-arches,bailiwick-vosges,admin,,59,,
ban-arches,provostship-arches,admin,,59,,
ban-tendon,provostship-arches,admin,,60,,
ban-bellefontaine,provostship-arches,admin,,60,,
ban-molin,provostship-arches,admin,,60,,
ban-vagney,provostship-arches,admin,,61,,
mayoralty-usuaires,provostship-arches,admin,,61,,
ban-longchamp,provostship-arches,admin,,61,,
ban-ramonchamp,provostship-arches,admin,,62,,
val-ajol,provostship-arches,admin,,63,,
mayoralty-longchamp,provostship-arches,admin,,64,,
lordship-fontenoy-le-chateau,provostship-arches,ressort,,65,,
lordship-l-alleu,provostship-arches,ressort,,65,,
provostship-charmes,bailiwick-vosges,admin,,65,,
provostship-mirecourt-et-remoncourt,bailiwick-vosges,admin,,66,,
val-harol,provostship-mirecourt-et-remoncourt,admin,,68,,
provostship-dompaire-et-valfroicourt,bailiwick-vosges,admin,,68,,
ban-uxegney,provostship-dompaire-et-valfroicourt,admin,,69,,
ban-escles,provostship-dompaire-et-valfroicourt,admin,,69,,
ban-harol,provostship-dompaire-et-valfroicourt,admin,,69,,
ban-madonne,provostship-dompaire-et-valfroicourt,admin,,70,,
ban-bouxieres,provostship-dompaire-et-valfroicourt,admin,,70,,
ban-girancourt,provostship-dompaire-et-valfroicourt,admin,,71,,
provostship-darney,bailiwick-vosges,admin,,72,,
provostship-chatenois-et-neufchateau,bailiwick-vosges,admin,,74,,
bailiwick-allemagne,duchy-lorraine,admin,,77,,
provostship-sierck,bailiwick-allemagne,admin,,77,,
provostship-sierck-prevote-propre,provostship-sierck,admin,,78,,
sub-provostship-sierck,provostship-sierck,admin,,78,,
provostship-conde-sierck,provostship-sierck,admin,,80,,
court-perl,provostship-sierck,admin,,80,,
office-boulay,bailiwick-allemagne,admin,,82,,
lordship-varsberg,office-boulay,ressort,,84,,
office-vaudrevange,bailiwick-allemagne,admin,,84,,
office-siersberg,bailiwick-allemagne,admin,,84,,
district-saargau,bailiwick-allemagne,admin,,85,,
district-merzig,bailiwick-allemagne,admin,,86,,
office-schaumbourg,bailiwick-allemagne,admin,,86,,
provostship-keltern-ostern,office-schaumbourg,admin,,89,,
fief-keltern-ostern,provostship-keltern-ostern,ressort,,89,,
office-sarreguemines,bailiwick-allemagne,admin,,89,,
castellany-dieuze,bailiwick-allemagne,admin,,90,,
castellany-marimont,bailiwick-allemagne,admin,,91,,
district-puttelange,bailiwick-allemagne,admin,,92,,
lordship-puttelange,district-puttelange,ressort,,92,,
district-beaurains,bailiwick-allemagne,admin,,93,,
lordship-beaurains,district-beaurains,ressort,,93,,
district-morhange,bailiwick-allemagne,admin,,94,,
lordship-morhange,district-morhange,ressort,,94,,
district-faulquemont,bailiwick-allemagne,admin,,94,,
lordship-faulquemont,district-faulquemont,ressort,,94,,
district-forbach,bailiwick-allemagne,admin,,95,,
lordship-forbach,district-forbach,ressort,,95,,
bailiwick-vaudemont,duchy-lorraine,admin,,95,,
county-vaudemont,bailiwick-vaudemont,ressort,,95,,
bailiwick-chatel-sur-moselle,duchy-lorraine,admin,,97,,
district-bainville-aux-miroirs,bailiwick-chatel-sur-moselle,admin,,98,,
provostship-tantimont,district-bainville-aux-miroirs,admin,,99,,
bailiwick-epinal,duchy-lorraine,admin,,99,,
bailiwick-hattonchatel,duchy-lorraine,admin,,100,,
ban-maizey,bailiwick-hattonchatel,admin,,101,,
bailiwick-apremont,duchy-lorraine,admin,,101,,
district-blamont,duchy-lorraine,admin,,105,,
county-blamont,district-blamont,ressort,,105,,
provostship-deneuvre,duchy-lorraine,admin,,107,,
lordship-deneuvre,provostship-deneuvre,ressort,,107,,
town-district-sarrebourg,duchy-lorraine,admin,,107,,
district-sarreck,duchy-lorraine,admin,,108,,
lordship-sarreck,district-sarreck,ressort,,108,,
district-saint-hippolyte,duchy-lorraine,admin,,108,,
district-soultzbach,duchy-lorraine,admin,,108,,
val-liepvre,duchy-lorraine,admin,,108,,
district-spitzemberg,duchy-lorraine,admin,,109,,
lordship-spitzemberg,district-spitzemberg,ressort,,109,,
district-sarralbe,duchy-lorraine,admin,,109,,
lordship-sarralbe,district-sarralbe,ressort,,109,,
district-bitche,duchy-lorraine,admin,,109,,
lordship-bitche,district-bitche,ressort,,109,,
mayoralty-schorbach,district-bitche,admin,,109,,
mayoralty-bousseviller,district-bitche,admin,,110,,
mayoralty-steimbach,district-bitche,admin,,110,,
mayoralty-walschbronn,district-bitche,admin,,110,,
provostship-rimling,district-bitche,admin,,110,,
mayoralty-altheim,district-bitche,admin,,111,,
mayoralty-berungen,district-bitche,admin,,111,,
mayoralty-rolbing,district-bitche,admin,,111,,
mayoralty-hilsperg,district-bitche,admin,,112,,
district-phalsbourg,duchy-lorraine,admin,,113,,
lordship-phalsbourg,district-phalsbourg,ressort,,113,,
castellany-hombourg-et-saint-avold,duchy-lorraine,admin,,114,,
lordship-hombourg-et-saint-avold,castellany-hombourg-et-saint-avold,ressort,,114,,
temporality-abbey-saint-avold,castellany-hombourg-et-saint-avold,ressort,,115,,
town-district-marsal,duchy-lorraine,admin,,115,,
nancy,provostship-nancy,admin,,35,,
saint-nicolas-de-port,provostship-nancy,admin,,36,,
la-malgrange,provostship-nancy,admin,,36,,
saurupt,provostship-nancy,admin,,36,,
art-sur-meurthe,provostship-nancy,admin,,36,,
champigneulles,provostship-nancy,admin,,36,,
dombasle,provostship-nancy,admin,,36,,
frouard,provostship-nancy,admin,,36,,
gerarcourt,provostship-nancy,admin,,36,,
heillecourt,provostship-nancy,admin,,36,,
houdemont,provostship-nancy,admin,,36,,
houdelmont,provostship-nancy,admin,,36,,
jarville-la-malgrange,provostship-nancy,admin,,36,,
laxou,provostship-nancy,admin,,36,,
lupcouri,provostship-nancy,admin,,36,,
ludres,provostship-nancy,admin,,36,,
laneuveville-devant-nancy,provostship-nancy,admin,,36,,
malzeville,provostship-nancy,admin,,36,,
maxeville,provostship-nancy,admin,,36,,
manoncourt-en-vermois,provostship-nancy,admin,,36,,
pulnoy,provostship-nancy,admin,,36,,
pierreville,provostship-nancy,admin,,36,,
parey-saint-cesaire,provostship-nancy,admin,,36,,
remicourt,provostship-nancy,admin,,36,,
richardmenil,provostship-nancy,admin,,36,,
varangeville,provostship-nancy,admin,,36,,
vandoeuvre-les-nancy,provostship-nancy,admin,,36,,
ville-en-vermois,provostship-nancy,admin,,36,,
villers-les-nancy,provostship-nancy,admin,,36,,
azelot,provostship-nancy,admin,,37,,
anthelupt,provostship-nancy,admin,,37,,
bouxieres-aux-dames,provostship-nancy,admin,,37,,
burthecourt-aux-chenes,provostship-nancy,admin,,37,,
clairlieu,provostship-nancy,admin,,37,,
crevic,provostship-nancy,admin,,37,,
saint-don,provostship-nancy,admin,,37,,
eulmont,provostship-nancy,admin,,37,,
flainval,provostship-nancy,admin,,37,,
fiavigny-sur-moselle,provostship-nancy,admin,,37,,
grandvezin,provostship-nancy,admin,,37,,
hudiviller,provostship-nancy,admin,,37,,
lay-saint-christophe,provostship-nancy,admin,,37,,
mangonville,provostship-nancy,admin,,37,,
roville-devant-bayon,provostship-nancy,admin,,37,,
sommerviller,provostship-nancy,admin,,37,,
benney,provostship-nancy,admin,,37,,
bosserville,provostship-nancy,admin,,37,,
crevechamps,provostship-nancy,admin,,37,,
crantenoy,provostship-nancy,admin,,37,,
ceintrey,provostship-nancy,admin,,37,,
dommartemont,provostship-nancy,admin,,37,,
essey-les-nancy,provostship-nancy,admin,,37,,
fleville-devant-nancy,provostship-nancy,admin,,37,,
gerbecourt-et-haplemont,provostship-nancy,admin,,38,,
haroue,provostship-nancy,admin,,38,,
herbemoui,provostship-nancy,admin,,38,,
haplemont,provostship-nancy,admin,,38,,
jevoncourt,provostship-nancy,admin,,38,,
lenoncourt,provostship-nancy,admin,,38,,
lemainville,provostship-nancy,admin,,38,,
laneuveville-devant-bayon,provostship-nancy,admin,,38,,
mereville,provostship-nancy,admin,,38,,
messein,provostship-nancy,admin,,38,,
maron,provostship-nancy,admin,,38,,
neuviller-sur-moselle,provostship-nancy,admin,,38,,
ormes-et-ville,provostship-nancy,admin,,38,,
affracourt,provostship-nancy,admin,,38,,
pulligny,provostship-nancy,admin,,38,,
pixerecourt,provostship-nancy,admin,,38,,
saint-max,provostship-nancy,admin,,38,,
seichamps,provostship-nancy,admin,,38,,
saint-remimont,provostship-nancy,admin,,38,,
saulxures-les-nancy,provostship-nancy,admin,,38,,
vaudeville,provostship-nancy,admin,,38,,
tomblaine,provostship-nancy,admin,,38,,
vaudigny,provostship-nancy,admin,,38,,
voinemont,provostship-nancy,admin,,38,,
ville-sur-madon,provostship-nancy,admin,,38,,
xirocourt,provostship-nancy,admin,,38,,
avant-garde,provostship-nancy,admin,,38,,
avant-garde,lordship-l-avant-garde,feudal,,38,,
pompey,provostship-nancy,admin,,38,,
pompey,lordship-l-avant-garde,feudal,,38,,
marbache,provostship-nancy,admin,,38,,
marbache,lordship-l-avant-garde,feudal,,38,,
saizerais,provostship-nancy,admin,,38,,
saizerais,lordship-l-avant-garde,feudal,,38,,
avrainvillc,provostship-nancy,admin,,39,,
avrainvillc,lordship-pierrefort,feudal,,39,,
belleville,provostship-nancy,admin,,39,,
belleville,lordship-pierrefort,feudal,,39,,
blenod-les-pont-a-mousson,provostship-nancy,admin,,39,,
blenod-les-pont-a-mousson,lordship-pierrefort,feudal,,39,,
fey-en-haye,provostship-nancy,admin,,39,,
fey-en-haye,lordship-pierrefort,feudal,,39,,
griscourt,provostship-nancy,admin,,39,,
griscourt,lordship-pierrefort,feudal,,39,,
jezainville,provostship-nancy,admin,,39,,
jezainville,lordship-pierrefort,feudal,,39,,
gezoncourt,provostship-nancy,admin,,39,,
gezoncourt,lordship-pierrefort,feudal,,39,,
sainte-genevieve,provostship-nancy,admin,,39,,
sainte-genevieve,lordship-pierrefort,feudal,,39,,
saint-jean-pierrefort,provostship-nancy,admin,,39,,
saint-jean-pierrefort,lordship-pierrefort,feudal,,39,,
mamey,provostship-nancy,admin,,39,,
mamey,lordship-pierrefort,feudal,,39,,
martincourt,provostship-nancy,admin,,39,,
martincourt,lordship-pierrefort,feudal,,39,,
montauville,provostship-nancy,admin,,39,,
montauville,lordship-pierrefort,feudal,,39,,
pierrefort,provostship-nancy,admin,,39,,
pierrefort,lordship-pierrefort,feudal,,39,,
rosieres-en-haye,provostship-nancy,admin,,39,,
rosieres-en-haye,lordship-pierrefort,feudal,,39,,
regnieville,provostship-nancy,admin,,39,,
regnieville,lordship-pierrefort,feudal,,39,,
remenauville,provostship-nancy,admin,,39,,
remenauville,lordship-pierrefort,feudal,,39,,
villers-en-haye,provostship-nancy,admin,,39,,
villers-en-haye,lordship-pierrefort,feudal,,39,,
flirey,provostship-nancy,admin,,39,,
flirey,lordship-hey,feudal,,39,,
fey-en-haye,lordship-hey,feudal,,39,,
limey,provostship-nancy,admin,,39,,
limey,lordship-hey,feudal,,39,,
mamey,lordship-hey,feudal,,39,,
montauville,lordship-hey,feudal,,39,,
maidieres,provostship-nancy,admin,,39,,
maidieres,lordship-hey,feudal,,39,,
remenauville,lordship-hey,feudal,,39,,
regnieville,lordship-hey,feudal,,39,,
le-chatelet,provostship-nancy,admin,,39,,
le-chatelet,lordship-le-chatelet,feudal,,39,,
autigny-la-tour,provostship-nancy,admin,,39,,
autigny-la-tour,lordship-le-chatelet,feudal,,39,,
attigneville,provostship-nancy,admin,,39,,
attigneville,lordship-le-chatelet,feudal,,39,,
coussey,provostship-nancy,admin,,39,,
coussey,lordship-le-chatelet,feudal,,39,,
harchechamp,provostship-nancy,admin,,39,,
harchechamp,lordship-le-chatelet,feudal,,39,,
fruze,provostship-nancy,admin,,39,,
fruze,lordship-le-chatelet,feudal,,39,,
outrancourt,provostship-nancy,admin,,40,,
outrancourt,lordship-le-chatelet,feudal,,40,,
pompierre,provostship-nancy,admin,,40,,
pompierre,lordship-le-chatelet,feudal,,40,,
rouvres-la-chetive,provostship-nancy,admin,,40,,
rouvres-la-chetive,lordship-le-chatelet,feudal,,40,,
sartes,provostship-nancy,admin,,40,,
sartes,lordship-le-chatelet,feudal,,40,,
chaligny,provostship-nancy,admin,,40,,
chaligny,county-chaligny,feudal,,40,,
pont-saint-vincent,provostship-nancy,admin,,40,,
pont-saint-vincent,county-chaligny,feudal,,40,,
laval,provostship-nancy,admin,,40,,
laval,county-chaligny,feudal,,40,,
neuves-maisons,provostship-nancy,admin,,40,,
neuves-maisons,county-chaligny,feudal,,40,,
chavigny,provostship-nancy,admin,,40,,
chavigny,county-chaligny,feudal,,40,,
lorey,provostship-nancy,admin,,40,,
lorey,county-chaligny,feudal,,40,,
commcrcy,provostship-nancy,admin,,40,,
commcrcy,lordship-commercy,feudal,,40,,
vignot,provostship-nancy,admin,,40,,
vignot,lordship-commercy,feudal,,40,,
malaumont,provostship-nancy,admin,,40,,
malaumont,lordship-commercy,feudal,,40,,
meligny-le-grand,provostship-nancy,admin,,40,,
meligny-le-grand,lordship-commercy,feudal,,40,,
meligny-le-petit,provostship-nancy,admin,,40,,
meligny-le-petit,lordship-commercy,feudal,,40,,
vaux-la-grande,provostship-nancy,admin,,40,,
vaux-la-grande,lordship-commercy,feudal,,40,,
vaux-la-petite,provostship-nancy,admin,,40,,
vaux-la-petite,lordship-commercy,feudal,,40,,
chonville,provostship-nancy,admin,,40,,
chonville,lordship-commercy,feudal,,40,,
longor,provostship-nancy,admin,,40,,
longor,lordship-commercy,feudal,,40,,
saint-aubin-sur-aire,provostship-nancy,admin,,40,,
saint-aubin-sur-aire,lordship-commercy,feudal,,40,,
lerouville,provostship-nancy,admin,,40,,
lerouville,lordship-commercy,feudal,,40,,
rosieres-aux-salines,provostship-rosieres,admin,,40,,
einvaux,provostship-rosieres,admin,part,40,,
damas-aux-bois,provostship-rosieres,admin,,40,,
montzey,provostship-rosieres,admin,,40,,
portieux,provostship-rosieres,admin,,40,,
saint-remy-aux-bois,provostship-rosieres,admin,,41,,
vennezey,provostship-rosieres,admin,part,41,,
blainville-sur-l-eau,provostship-rosieres,admin,,41,,
borville,provostship-rosieres,admin,,41,,
essey-la-cote,provostship-rosieres,admin,,41,,
froville,provostship-rosieres,admin,,41,,
haigneville,provostship-rosieres,admin,,41,,
mehoncourt,provostship-rosieres,admin,,41,,
moriviller,provostship-rosieres,admin,,41,,
moyemont,provostship-rosieres,admin,,41,,
gerbeviller,provostship-rosieres,admin,,41,,
virecourt,provostship-rosieres,admin,,41,,
neuviller-sur-moselle,provostship-rosieres,admin,,41,,
landecourt,provostship-rosieres,admin,,41,,
bayon,provostship-rosieres,admin,,41,,
barbonville,provostship-rosieres,admin,,41,,
charmois,provostship-rosieres,admin,,41,,
coyviller,provostship-rosieres,admin,,41,,
clayeures,provostship-rosieres,admin,,41,,
damelevieres,provostship-rosieres,admin,,41,,
domptail-en-l-air,provostship-rosieres,admin,,41,,
deinvillers,provostship-rosieres,admin,,41,,
domevre,provostship-rosieres,admin,,41,,
bremoncourt,provostship-rosieres,admin,,41,,
franconville,provostship-rosieres,admin,,41,,
ferrieres,provostship-rosieres,admin,,41,,
fauconcourt,provostship-rosieres,admin,,42,,
fraimbois,provostship-rosieres,admin,,42,,
giriviller,provostship-rosieres,admin,,42,,
haussonville,provostship-rosieres,admin,,42,,
lamath,provostship-rosieres,admin,,42,,
magnieres,provostship-rosieres,admin,,42,,
mexel,provostship-rosieres,admin,,42,,
mattexey,provostship-rosieres,admin,,42,,
moranviller,provostship-rosieres,admin,,42,,
saint-pierremont,provostship-rosieres,admin,,42,,
romont,provostship-rosieres,admin,,42,,
remenoville,provostship-rosieres,admin,,42,,
rozelieures,provostship-rosieres,admin,,42,,
romain,provostship-rosieres,admin,,42,,
saffais,provostship-rosieres,admin,,42,,
saint-mard,provostship-rosieres,admin,,42,,
sainte-marie,provostship-rosieres,admin,,42,,
saint-maurice-sur-mortagne,provostship-rosieres,admin,,42,,
seranville,provostship-rosieres,admin,,42,,
tonnoy,provostship-rosieres,admin,,42,,
velle-sur-moselle,provostship-rosieres,admin,,42,,
vallois,provostship-rosieres,admin,,42,,
vigneulles,provostship-rosieres,admin,,42,,
chamagne,provostship-rosieres,admin,,42,,
einville-au-jard,provostship-einville,admin,,42,,
bonviller,provostship-einville,admin,,42,,
crion,provostship-einville,admin,,42,,
parroy,provostship-einville,admin,part,42,,
henamenil,provostship-einville,admin,,42,,
sionviller,provostship-einville,admin,,42,,
bienville-la-petite,provostship-einville,admin,,42,,
leomont,provostship-einville,admin,,43,,
bonneval,provostship-einville,admin,,43,,
vitrimont,provostship-einville,admin,,43,,
bures,provostship-einville,admin,,43,,
xousse,provostship-einville,admin,,43,,
bathelemont-les-bauzemont,provostship-einville,admin,,43,,
lezey,provostship-einville,admin,,43,,
haraucourt,provostship-einville,admin,,43,,
hincourt,provostship-einville,admin,,43,,
arracourt,provostship-einville,admin,,43,,
bauzemont,provostship-einville,admin,,43,,
drouville,provostship-einville,admin,,43,,
valhey,provostship-einville,admin,,43,,
raville-sur-sanon,provostship-einville,admin,,43,,
maixe,provostship-einville,admin,,43,,
gellenoncourt,provostship-einville,admin,,43,,
foucrey,provostship-einville,admin,,43,,
athienville,provostship-einville,admin,,43,,
luneville,provostship-luneville,admin,,43,,
viller,provostship-luneville,admin,,43,,
menil,provostship-luneville,admin,,43,,
rehainviller,provostship-luneville,admin,,43,,
moncel-les-luneville,provostship-luneville,admin,,43,,
herimenil,provostship-luneville,admin,,44,,
adomenil,provostship-luneville,admin,,44,,
domevre-sur-vezouze,provostship-luneville,admin,part,44,,
laneuveville-aux-bois,provostship-luneville,admin,part,44,,
beaupre,provostship-luneville,admin,,44,,
belchamp,provostship-luneville,admin,,44,,
verdenal,provostship-luneville,admin,,44,,
manonviller,provostship-luneville,admin,,44,,
giriviller,provostship-luneville,admin,,44,,
prieure-de-menil-a-luneville,provostship-luneville,admin,,44,,
benamenil,provostship-luneville,admin,,44,,
marainviller,provostship-luneville,admin,,44,,
haudonville,provostship-luneville,admin,,44,,
thiebaumenil,provostship-luneville,admin,,44,,
croismare,provostship-luneville,admin,,44,,
jolivet,provostship-luneville,admin,,44,,
serres,provostship-luneville,admin,,44,,
glonville,provostship-luneville,admin,,44,,
blainville-sur-l-eau,provostship-luneville,admin,,44,,
domjevin,provostship-luneville,admin,,44,,
xermamenil,provostship-luneville,admin,,44,,
mont-sur-meurthe,provostship-luneville,admin,,44,,
mortagnc,provostship-luneville,admin,,44,,
lamath,provostship-luneville,admin,,44,,
chanteheux,provostship-luneville,admin,,44,,
athienville,provostship-luneville,admin,,44,,
azerailles,provostship-azerailles,admin,,44,,
flin,provostship-azerailles,admin,,44,,
badinenil,provostship-azerailles,admin,part,44,,
gelacourt,provostship-azerailles,admin,,45,,
glonville,provostship-azerailles,admin,part,45,,
saint-die-des-vosges,provostship-saint-die,admin,,45,,
lubine,provostship-saint-die,admin,,45,,
wisembach,provostship-saint-die,admin,,45,,
wisembach,lordship-warde-de-wisembach,feudal,,45,,
le-repas,provostship-saint-die,admin,,45,,
le-repas,lordship-warde-de-wisembach,feudal,,45,,
laycgotttlc,provostship-saint-die,admin,,45,,
laycgotttlc,lordship-warde-de-wisembach,feudal,,45,,
bonipaire,provostship-saint-die,admin,,45,,
bonipaire,lordship-warde-de-wisembach,feudal,,45,,
combrimont,provostship-saint-die,admin,,45,,
combrimont,lordship-warde-de-wisembach,feudal,,45,,
la-verpelliere,provostship-saint-die,admin,part,45,,
la-verpelliere,lordship-warde-de-wisembach,feudal,,45,,
anould,ban-anould,admin,,45,,
sainte-marguerite,ban-anould,admin,,45,,
dcveline,ban-anould,admin,,45,,
chalgoulte,ban-anould,admin,,45,,
spadangea,ban-anould,admin,,45,,
le-paire,ban-anould,admin,,45,,
le-souche,ban-anould,admin,,45,,
vaucheres,ban-anould,admin,,45,,
le-vie,ban-anould,admin,,45,,
braconeelle,ban-anould,admin,,45,,
les-gouttes,ban-anould,admin,,45,,
la-hardalle,ban-anould,admin,,45,,
la-croix-aux-mines,ban-anould,admin,,45,,
le-chipal,ban-anould,admin,,45,,
la-trouchc,ban-anould,admin,,45,,
sadey,ban-anould,admin,,46,,
lapraye,ban-anould,admin,,46,,
quebrux,ban-anould,admin,,46,,
la-verpelliere,ban-anould,admin,,46,,
algoutle,ban-anould,admin,,46,,
laveline,ban-anould,admin,,46,,
lubine,lordship-warde-du-saulcy,feudal,,46,,
clefcy,ban-ban-le-duc,admin,,46,,
hervafaing,ban-ban-le-duc,admin,,46,,
sachemont,ban-ban-le-duc,admin,,46,,
le-vie,ban-ban-le-duc,admin,,46,,
braconeelle,ban-ban-le-duc,admin,,46,,
rualmont,ban-ban-le-duc,admin,,46,,
raon-l-etape,district-raon-l-etape,admin,,46,,
la-neuveville-les-raon,district-raon-l-etape,admin,,46,,
vezeval,district-raon-l-etape,admin,,46,,
la-trouche,district-raon-l-etape,admin,,46,,
raon-l-etape,provostship-saint-die,admin,part,46,,
le-viller,ban-saint-die,admin,,46,,
marzelay,ban-saint-die,admin,,46,,
la-pecherie,ban-saint-die,admin,,47,,
robache,ban-saint-die,admin,,47,,
clefcy,ban-clefcy,admin,,47,,
sachemont,ban-clefcy,admin,,47,,
le-souche-clefcy,ban-clefcy,admin,,47,,
la-pelliere,ban-clefcy,admin,,47,,
vanifosse,ban-clefcy,admin,,47,,
neuvillers-sur-fave,ban-clefcy,admin,,47,,
sainte-marguerite,mayoralty-sainte-marguerite,admin,,47,,
le-faingt,mayoralty-sainte-marguerite,admin,,47,,
la-voivrelle,mayoralty-sainte-marguerite,admin,,47,,
remomeix,mayoralty-sainte-marguerite,admin,,47,,
la-terre-faulquei,mayoralty-sainte-marguerite,admin,,47,,
la-caefiee-sue,mayoralty-sainte-marguerite,admin,,47,,
hameure,mayoralty-sainte-marguerite,admin,,47,,
la-grande-fosse,mayoralty-sainte-marguerite,admin,,47,,
etival,ban-etival,admin,,47,,
nompatelize,ban-etival,admin,,47,,
wiilervule,ban-etival,admin,,47,,
brehimont,ban-etival,admin,,47,,
thisserandie,ban-etival,admin,,47,,
herbaville,ban-etival,admin,,47,,
sauceray,ban-etival,admin,,47,,
la-bourgonce,ban-etival,admin,,47,,
la-salle,ban-etival,admin,,47,,
saint-remy,ban-etival,admin,,47,,
le-menil,ban-etival,admin,,47,,
fosse-la-ham,ban-etival,admin,,47,,
pajaille,ban-etival,admin,,47,,
le-vivier,ban-etival,admin,,47,,
deyfosse,ban-etival,admin,,47,,
moyenmoutier,ban-etival,admin,,48,,
saint-blaise,ban-etival,admin,,48,,
sainl-prayel,ban-etival,admin,,48,,
le-paire-moyenmoulier,ban-etival,admin,,48,,
la-chapelle,ban-etival,admin,,48,,
denipaire,ban-etival,admin,,48,,
aray-le-lan-v-ban-de-moyenmouticr,ban-etival,admin,,48,,
mandray,mayoralty-mandray,admin,,48,,
la-haute-mandray,mayoralty-mandray,admin,,48,,
la-mi-mandray,mayoralty-mandray,admin,,48,,
la-bassc-mandray,mayoralty-mandray,admin,,48,,
benifosse,mayoralty-mandray,admin,,48,,
entre-deux-eaux,mayoralty-mandray,admin,,48,,
rememont,mayoralty-mandray,admin,,48,,
fouchifol,mayoralty-mandray,admin,,48,,
la-caefiee-sue,mayoralty-mandray,admin,,48,,
hameure,mayoralty-mandray,admin,,48,,
scarupt,mayoralty-meurthe,admin,,48,,
vanemont,mayoralty-meurthe,admin,,48,,
saint-leonard,mayoralty-meurthe,admin,,48,,
girompairc,mayoralty-meurthe,admin,,48,,
le-monccl,mayoralty-meurthe,admin,,48,,
ruelle,mayoralty-meurthe,admin,,48,,
saulcy-sur-meurthe,mayoralty-meurthe,admin,,48,,
contramoulin,mayoralty-meurthe,admin,,48,,
le-chenois,mayoralty-meurthe,admin,,48,,
bertrimoutier,mayoralty-bertrimoutier,admin,,48,,
frapelle,mayoralty-bertrimoutier,admin,,48,,
provencheres-sur-fave,mayoralty-bertrimoutier,admin,,49,,
vanifosse,mayoralty-bertrimoutier,admin,,49,,
laycgotttlc,mayoralty-bertrimoutier,admin,,49,,
lusse,mayoralty-bertrimoutier,admin,,49,,
lesseux,mayoralty-bertrimoutier,admin,,49,,
herbaupaire,mayoralty-bertrimoutier,admin,,49,,
la-pariee,mayoralty-bertrimoutier,admin,,49,,
taintrux,ban-taintrux,admin,,49,,
xainfaing,ban-taintrux,admin,,49,,
paire-le-bam,ban-taintrux,admin,,49,,
cheuvry,ban-taintrux,admin,,49,,
rougeville,ban-taintrux,admin,,49,,
merlusses,ban-taintrux,admin,,49,,
la-petite-fosse,ban-taintrux,admin,,49,,
le-kouaux,ban-sept,admin,,49,,
les-fols,ban-sept,admin,,49,,
chatas,ban-sept,admin,,49,,
nayemont-les-fosses,ban-sept,admin,,49,,
fraiteux,ban-sept,admin,,49,,
gemainfaing,ban-sept,admin,,49,,
bouras,ban-sept,admin,,49,,
launois,ban-sept,admin,,49,,
faycmont,ban-sept,admin,,49,,
la-fontcnelle,ban-sept,admin,,49,,
laitre,ban-sept,admin,,49,,
coinches,ban-sept,admin,,49,,
fouchifol,ban-sept,admin,,49,,
contramoulin,ban-sept,admin,,49,,
sadey,ban-sardey,admin,,49,,
clingouite,ban-sardey,admin,,50,,
saint-leonard,ban-sardey,admin,,50,,
idontctair,ban-sardey,admin,,50,,
anozcl,ban-sardey,admin,,50,,
aubripaire,ban-sardey,admin,,50,,
les-cours,ban-sardey,admin,,50,,
provencheres-sur-fave,ban-sardey,admin,,50,,
lusse,ban-sardey,admin,,50,,
lesseux,ban-sardey,admin,,50,,
herbaupaire,ban-sardey,admin,,50,,
la-pariee,ban-sardey,admin,,50,,
trois-maisons,ban-sardey,admin,,50,,
thanville,ban-sardey,admin,,50,,
le-beulay,ban-sardey,admin,,50,,
laveline,mayoralty-laveline,admin,,50,,
raumont,mayoralty-laveline,admin,,50,,
honvillc,mayoralty-laveline,admin,,50,,
la-trouchc,mayoralty-laveline,admin,,50,,
coinchimont,mayoralty-laveline,admin,,50,,
vetupaire,mayoralty-laveline,admin,,50,,
quebrux,mayoralty-laveline,admin,,50,,
la-verpelliere,mayoralty-laveline,admin,,50,,
wisembach,mayoralty-laveline,admin,,50,,
norbepaire,mayoralty-laveline,admin,,50,,
hurbache,ban-hurbache,admin,,50,,
saint-jean-d-ormont,ban-hurbache,admin,,50,,
la-voivre,ban-hurbache,admin,,50,,
la-louvicrc,ban-hurbache,admin,,50,,
colroy-la-grande,ban-hurbache,admin,,50,,
raves,ban-hurbache,admin,,50,,
neuvillers-sur-fave,ban-hurbache,admin,,50,,
combrimont,ban-hurbache,admin,,51,,
ginfosse,ban-hurbache,admin,,51,,
grandrupt,ban-hurbache,admin,,51,,
pair-et-grandrupt,ban-hurbache,admin,,51,,
nayemont-lez-fosses,ban-hurbache,admin,,51,,
gemainfaing,ban-hurbache,admin,,51,,
belrepairc,ban-fraize,admin,,51,,
le-mazcville,ban-fraize,admin,,51,,
aulnes-les-ham,ban-fraize,admin,,51,,
clairgoutte,ban-fraize,admin,,51,,
la-coslelle,ban-fraize,admin,,51,,
menemel,ban-fraize,admin,,51,,
scarupt,ban-fraize,admin,,51,,
plainfaing,ban-fraize,admin,,51,,
noiregoutlc,ban-fraize,admin,,51,,
habaurupt,ban-fraize,admin,,51,,
le-valtin,ban-fraize,admin,,51,,
aubripaire,ban-fraize,admin,,51,,
amance,provostship-amance,admin,,51,,
chateau-salins,provostship-amance,admin,,51,,
salonnes,provostship-amance,admin,,51,,
laitre-sous-amance,provostship-amance,admin,,51,,
amelecourt,provostship-amance,admin,,51,,
courbesseaux,provostship-amance,admin,,51,,
villers-ies-moivron,provostship-amance,admin,,51,,
bouxieres-aux-chenes,provostship-amance,admin,,51,,
ecuelle,provostship-amance,admin,,51,,
moulins,provostship-amance,admin,,51,,
agincourt,provostship-amance,admin,,51,,
blanzey,provostship-amance,admin,,52,,
outremont,provostship-amance,admin,,52,,
lucy,provostship-amance,admin,,52,,
vannecourt,provostship-amance,admin,,52,,
fresnes-en-saulnois,provostship-amance,admin,,52,,
champenoux,provostship-amance,admin,,52,,
sorneville,provostship-amance,admin,,52,,
aboncourt-sur-seille,provostship-amance,admin,,52,,
mazerulles,provostship-amance,admin,,52,,
leyr,provostship-amance,admin,,52,,
vaxy,provostship-amance,admin,,52,,
gerbecourt,provostship-amance,admin,,52,,
lubecourt,provostship-amance,admin,,52,,
puttigny,provostship-amance,admin,,52,,
morville-sur-seille,provostship-amance,admin,,52,,
moivron,provostship-amance,admin,,52,,
hoeville,provostship-amance,admin,,52,,
goin,provostship-amance,admin,,52,,
dommartin-sous-amance,provostship-amance,admin,,52,,
cercueil,provostship-amance,admin,,52,,
laneuvelotte,provostship-amance,admin,,52,,
brin-sur-seille,provostship-amance,admin,,52,,
bioncourt,provostship-amance,admin,,52,,
ajoncourt,provostship-amance,admin,,52,,
thicourt,provostship-amance,admin,,52,,
clemery,provostship-amance,admin,,52,,
pange,provostship-amance,admin,,52,,
mont,provostship-amance,admin,,52,,
colligny,provostship-amance,admin,,52,,
alaincourt-la-cote,provostship-amance,admin,,52,,
armaucourt,provostship-amance,admin,,52,,
lanfroicourt,provostship-amance,admin,,53,,
rupt-les-moivron,provostship-amance,admin,,53,,
arraye-et-han,provostship-amance,admin,,53,,
thimonville,provostship-amance,admin,,53,,
vatimont,provostship-amance,admin,,53,,
mardigny,provostship-amance,admin,,53,,
chicourt,provostship-amance,admin,,53,,
vaucremont,ban-sainct-pierre,admin,,53,,
stoncourt,ban-sainct-pierre,admin,,53,,
villers-stoncourt,ban-sainct-pierre,admin,,53,,
aourys-vil,ban-sainct-pierre,admin,,53,,
hamanges,ban-sainct-pierre,admin,,53,,
jallaucourt,ban-sainct-pierre,admin,,53,,
abaucourt,ban-sainct-pierre,admin,,53,,
chatlemagnc-ou-chatemagnc,ban-sainct-pierre,admin,,53,,
suisse,ban-sainct-pierre,admin,,53,,
brulange,ban-sainct-pierre,admin,,53,,
thonville,ban-sainct-pierre,admin,,53,,
custines,castellany-conde-et-val-des-faulx,admin,,53,,
faulx,castellany-conde-et-val-des-faulx,admin,,53,,
malleloy,castellany-conde-et-val-des-faulx,admin,,53,,
montenoy,castellany-conde-et-val-des-faulx,admin,,53,,
millery,castellany-conde-et-val-des-faulx,admin,,53,,
autreville-sur-moselle,castellany-conde-et-val-des-faulx,admin,,53,,
preny,provostship-preny,admin,,53,,
vandelainville,provostship-preny,admin,,53,,
arnaville,provostship-preny,admin,,53,,
vandieres,provostship-preny,admin,,54,,
champey-sur-moselle,provostship-preny,admin,,54,,
hageville,provostship-preny,admin,,54,,
villecey-sur-mad,provostship-preny,admin,,54,,
pagny-sur-moselle,provostship-preny,admin,,54,,
regnieville,provostship-preny,admin,,54,,
villers-sous-preny,provostship-preny,admin,,54,,
sainte-marie-au-bois,provostship-preny,admin,,54,,
vieville-en-haye,provostship-preny,admin,,54,,
vilcey-sur-trey,provostship-preny,admin,,54,,
norroy-le-veneur,provostship-preny,admin,,54,,
chamblcy,provostship-preny,admin,,54,,
buzy,provostship-preny,admin,,54,,
jaulny,provostship-preny,admin,,54,,
mars-la-tour,provostship-preny,admin,,54,,
saint-jean-les-buzy,provostship-preny,admin,,54,,
parfondrupt,provostship-preny,admin,,54,,
haucourt-la-rigole,provostship-preny,admin,,54,,
darmont,provostship-preny,admin,,54,,
bayonville-sur-mad,provostship-preny,admin,,54,,
cuvry,provostship-preny,admin,,54,,
pournoy-la-chetive,provostship-preny,admin,,54,,
boncourt-sur-meuse,provostship-preny,admin,,54,,
gondreville,provostship-gondreville,admin,,54,,
bagneux,provostship-gondreville,admin,,54,,
sanzey,provostship-gondreville,admin,,54,,
saint-epvre,provostship-gondreville,admin,,55,,
viterne,provostship-gondreville,admin,,55,,
sexey-aux-forges,provostship-gondreville,admin,,55,,
moutrot,provostship-gondreville,admin,,55,,
colombey-les-belles,provostship-gondreville,admin,,55,,
villey-le-sec,provostship-gondreville,admin,,55,,
selaincourt,provostship-gondreville,admin,,55,,
allain,provostship-gondreville,admin,,55,,
crezilles,provostship-gondreville,admin,,55,,
manoncourt-en-voivrc,provostship-gondreville,admin,,55,,
crepey,provostship-gondreville,admin,,55,,
thuilley-aux-groseilles,provostship-gondreville,admin,,55,,
aingeray,provostship-gondreville,admin,,55,,
marthemont,provostship-gondreville,admin,,55,,
ochey,provostship-gondreville,admin,,55,,
void,provostship-gondreville,admin,,55,,
villey-saint-etienne,provostship-gondreville,admin,,55,,
lagney,provostship-gondreville,admin,,55,,
lucey,provostship-gondreville,admin,,55,,
fontenoy-sur-moselle,provostship-gondreville,admin,,55,,
vannes-le-chatel,provostship-gondreville,admin,,55,,
jubainville,provostship-gondreville,admin,,55,,
saulxures-les-vannes,provostship-gondreville,admin,,55,,
mont-le-vignoble,provostship-gondreville,admin,,55,,
velaine-en-haye,provostship-gondreville,admin,,55,,
sexey-les-bois,provostship-gondreville,admin,,56,,
bulligny,provostship-gondreville,admin,,56,,
bruyeres,provostship-bruyeres,admin,,56,,
champ-le-duc,provostship-bruyeres,admin,,56,,
vimenil,provostship-bruyeres,admin,,56,,
la-neuveville-devant-lepanges,provostship-bruyeres,admin,,56,,
deycimont,provostship-bruyeres,admin,,56,,
grandvillers,provostship-bruyeres,admin,,56,,
memenil,provostship-bruyeres,admin,,56,,
fontenay,provostship-bruyeres,admin,,56,,
aydoilles,provostship-bruyeres,admin,,56,,
dompierre,provostship-bruyeres,admin,,56,,
corcieux,provostship-bruyeres,admin,,56,,
mariemont,provostship-bruyeres,admin,,56,,
rennegoutte,provostship-bruyeres,admin,,56,,
neune,provostship-bruyeres,admin,,56,,
thin-ville,provostship-bruyeres,admin,,56,,
docelles,provostship-bruyeres,admin,,57,,
vraichamp,provostship-bruyeres,admin,,57,,
pierrepont-sur-l-arentele,provostship-bruyeres,admin,,57,,
gugnecourt,provostship-bruyeres,admin,,57,,
girecourt-sur-durbion,provostship-bruyeres,admin,,57,,
yvoux,provostship-bruyeres,admin,,57,,
la-chapelle-devant-bruyeres,provostship-bruyeres,admin,,57,,
rosiere-i-la-ou-larosiere,provostship-bruyeres,admin,,57,,
aumontzey,provostship-bruyeres,admin,,57,,
jussarupt,provostship-bruyeres,admin,,57,,
herpelmont,provostship-bruyeres,admin,,57,,
prey,provostship-bruyeres,admin,,57,,
laval-sur-vologne,provostship-bruyeres,admin,,57,,
laveline-devant-bruyeres,provostship-bruyeres,admin,,57,,
granges-sur-vologne,provostship-bruyeres,admin,,57,,
champdray,provostship-bruyeres,admin,,57,,
la-nolle,provostship-bruyeres,admin,,57,,
vienville,provostship-bruyeres,admin,,57,,
brouaumont,provostship-bruyeres,admin,,57,,
bellegoutte,provostship-bruyeres,admin,,57,,
sur-la-cote,provostship-bruyeres,admin,,57,,
vichibure,provostship-bruyeres,admin,,57,,
les-cours-corcieux,provostship-bruyeres,admin,,57,,
rehaupal,provostship-bruyeres,admin,,57,,
biffontaine,provostship-bruyeres,admin,,57,,
les-poulieres,provostship-bruyeres,admin,,57,,
les-champs-de-laxci,provostship-bruyeres,admin,,57,,
nonzeville,provostship-bruyeres,admin,,57,,
boulier,provostship-bruyeres,admin,,57,,
charmois-devant-bruyeres,provostship-bruyeres,admin,,57,,
bayecourt,provostship-bruyeres,admin,,57,,
domevre-sur-durbion,provostship-bruyeres,admin,,57,,
villoncourt,provostship-bruyeres,admin,,57,,
destord,provostship-bruyeres,admin,,58,,
fremifontaine,provostship-bruyeres,admin,,58,,
vimenil,ban-grandvillers-et-dompierre,admin,,58,,
aydoilles,ban-grandvillers-et-dompierre,admin,,58,,
fontenay,ban-grandvillers-et-dompierre,admin,,58,,
memenil,ban-grandvillers-et-dompierre,admin,,58,,
fontenay,ban-vaudicourt,admin,,58,,
aydoilles,ban-vaudicourt,admin,,58,,
charmois-devant-bruyeres,ban-vaudicourt,admin,,58,,
boulier,ban-vaudicourt,admin,,58,,
nonzeville,ban-vaudicourt,admin,,58,,
girecourt-sur-durbion,ban-vaudicourt,admin,,58,,
brouvelieures,ban-belmont,admin,,58,,
domfaing,ban-belmont,admin,,58,,
mortagne,ban-belmont,admin,,58,,
rehaupal,ban-belmont,admin,,58,,
destord,ban-belmont,admin,,58,,
nonzeville,ban-belmont,admin,,58,,
biffontaine,ban-belmont,admin,,58,,
les-poulieres,ban-belmont,admin,,58,,
bayecourt,ban-bayecourt,admin,,58,,
domevre-sur-durbion,ban-bayecourt,admin,,58,,
villoncourt,ban-bayecourt,admin,,58,,
lepanges-sur-vologne,ban-bayecourt,admin,,58,,
fimenil,ban-bayecourt,admin,,58,,
la-houssiere,ban-bayecourt,admin,,58,,
sur-la-cote,ban-bayecourt,admin,,58,,
gerbepal,ban-bayecourt,admin,,58,,
brouvelieures,ban-bayecourt,admin,,59,,
domfaing,ban-bayecourt,admin,,59,,
mortagne,ban-bayecourt,admin,,59,,
belmont-sur-buttant,ban-bayecourt,admin,,59,,
void-de-belmont,ban-bayecourt,admin,,59,,
barbey-seroux,ban-bayecourt,admin,,59,,
vichibure,ban-bayecourt,admin,,59,,
ruxurieux,ban-bayecourt,admin,,59,,
rembaville,ban-bayecourt,admin,,59,,
chenimenil,ban-bayecourt,admin,,59,,
chatcau-sur-pcrlc,ban-bayecourt,admin,,59,,
granges-sur-vologne,ban-bayecourt,admin,,59,,
girecourt-sur-durbion,ban-bayecourt,admin,,59,,
fremifontaine,ban-bayecourt,admin,,59,,
vervezelle,ban-bayecourt,admin,,59,,
faucompierre,provostship-bruyeres,admin,,59,,
faucompierre,lordship-faucompierre,feudal,,59,,
les-fouies,provostship-bruyeres,admin,,59,,
les-fouies,lordship-faucompierre,feudal,,59,,
saint-jean-du-marche,provostship-bruyeres,admin,,59,,
saint-jean-du-marche,lordship-faucompierre,feudal,,59,,
le-boulay,provostship-bruyeres,admin,,59,,
le-boulay,lordship-faucompierre,feudal,,59,,
arches,ban-arches,admin,,59,,
archettes,ban-arches,admin,,59,,
geromenil,ban-arches,admin,,59,,
gumenil,ban-arches,admin,,59,,
lamenil,ban-arches,admin,,59,,
agneumenil,ban-arches,admin,,59,,
hadol,ban-arches,admin,,59,,
eloyes,ban-arches,admin,,59,,
senade,ban-arches,admin,,59,,
le-sautelz,ban-arches,admin,,60,,
le-routier,ban-arches,admin,,60,,
pouxeux,ban-arches,admin,,60,,
chaine-goutte,ban-arches,admin,,60,,
chambrc-de-moulin,ban-arches,admin,,60,,
ranfaing,ban-arches,admin,,60,,
verconroye,ban-arches,admin,,60,,
olichamp,ban-arches,admin,,60,,
rouveroye,ban-arches,admin,,60,,
oulrclean,ban-arches,admin,,60,,
tendon,ban-tendon,admin,,60,,
laveline-du-houx,ban-tendon,admin,,60,,
xamontarupt,ban-tendon,admin,,60,,
hutte,ban-tendon,admin,,60,,
la-poirie,ban-tendon,admin,,60,,
demange-champ,ban-tendon,admin,,60,,
hennezel,ban-tendon,admin,,60,,
les-monnclotz,ban-tendon,admin,,60,,
le-menil-ramonchamp,ban-bellefontaine,admin,,60,,
maisons-de-raon-ce,ban-bellefontaine,admin,,60,,
mnilleronfaing,ban-bellefontaine,admin,,60,,
le-pont-jeanson,ban-bellefontaine,admin,,60,,
le-pont-de-pierre,ban-bellefontaine,admin,,60,,
jaileray,ban-bellefontaine,admin,,60,,
plombieres-les-bains,ban-bellefontaine,admin,,60,,
moulin,ban-molin,admin,,60,,
foresterie-la-du-ban-de-moulin,ban-molin,admin,,60,,
seux,ban-molin,admin,,60,,
xennois,ban-molin,admin,,60,,
autrive,ban-molin,admin,,60,,
mehachamp,ban-molin,admin,,61,,
ncyvillers,ban-molin,admin,,61,,
saint-ame,ban-molin,admin,,61,,
saint-etienne-les-remiremont,ban-molin,admin,,61,,
la-grande-mairie,ban-vagney,admin,,61,,
vagney,ban-vagney,admin,,61,,
la-poirie-saulxures,ban-vagney,admin,,61,,
pubas,ban-vagney,admin,,61,,
conlrexard,ban-vagney,admin,,61,,
gerbamont,ban-vagney,admin,,61,,
cremanviller,ban-vagney,admin,,61,,
vixard,ban-vagney,admin,,61,,
la-nol,ban-vagney,admin,,61,,
lejols,ban-vagney,admin,,61,,
pubas,mayoralty-usuaires,admin,,61,,
la-prclle,mayoralty-usuaires,admin,,61,,
trougcmont,mayoralty-usuaires,admin,,61,,
les-ainias,mayoralty-usuaires,admin,,61,,
les-graviers,mayoralty-usuaires,admin,,61,,
rochesson,mayoralty-usuaires,admin,,61,,
planois,mayoralty-usuaires,admin,,61,,
la-poirie-saulxures,mayoralty-usuaires,admin,,61,,
gerbamont,mayoralty-usuaires,admin,,61,,
pecaviller,mayoralty-usuaires,admin,,61,,
zainvillers,mayoralty-usuaires,admin,,61,,
cens-la-vhle,mayoralty-usuaires,admin,,61,,
gerardmer,mayoralty-usuaires,admin,,61,,
la-bresse,mayoralty-usuaires,admin,,61,,
longchamp,ban-longchamp,admin,,61,,
franould,ban-longchamp,admin,,61,,
rupt-sur-moselle,ban-longchamp,admin,,61,,
la-poirie-dommarlin,ban-longchamp,admin,,62,,
vecoux,ban-longchamp,admin,,62,,
reherrey,ban-longchamp,admin,,62,,
lepangc,ban-longchamp,admin,,62,,
la-dcrmanville,ban-longchamp,admin,,62,,
la-roche,ban-longchamp,admin,,62,,
remanvillcrs,ban-longchamp,admin,,62,,
le-chene,ban-longchamp,admin,,62,,
sauli,ban-longchamp,admin,,62,,
liebauxard,ban-longchamp,admin,,62,,
ferdrupt,ban-longchamp,admin,,62,,
xoarupt,ban-longchamp,admin,,62,,
ramonchamp,ban-ramonchamp,admin,,62,,
letrayc,ban-ramonchamp,admin,,62,,
la-mouline,ban-ramonchamp,admin,,62,,
etat,ban-ramonchamp,admin,,62,,
saint-maurice-sur-moselle,ban-ramonchamp,admin,,62,,
bussang,ban-ramonchamp,admin,,62,,
remiremont,ban-ramonchamp,admin,,62,,
le-saint-mont,ban-ramonchamp,admin,,62,,
herival,ban-ramonchamp,admin,,62,,
pont,ban-ramonchamp,admin,,62,,
celles,ban-ramonchamp,admin,,62,,
quessonviller,ban-ramonchamp,admin,,62,,
rouveroye,ban-ramonchamp,admin,,62,,
saint-etienne-les-remiremont,ban-ramonchamp,admin,,62,,
dommartin-les-remiremont,ban-ramonchamp,admin,,63,,
raon-aux-bois,ban-ramonchamp,admin,,63,,
franould,ban-ramonchamp,admin,,63,,
saint-ame,ban-ramonchamp,admin,,63,,
la-battelieule,val-ajol,admin,,63,,
les-cotes,val-ajol,admin,,63,,
le-moncel,val-ajol,admin,,63,,
la-croix,val-ajol,admin,,63,,
la-banvoye,val-ajol,admin,,63,,
levai,val-ajol,admin,,63,,
faymont,val-ajol,admin,,63,,
courrupt,val-ajol,admin,,63,,
les-chenes,val-ajol,admin,,63,,
hamauxard,val-ajol,admin,,63,,
outrcmonl,val-ajol,admin,,63,,
les-champs,val-ajol,admin,,63,,
laitre-val-d-ajol,val-ajol,admin,,63,,
larriere,val-ajol,admin,,63,,
dandirant,val-ajol,admin,,63,,
la-combclle,val-ajol,admin,,63,,
le-hario,val-ajol,admin,,63,,
olichamp-val-d-ajol,val-ajol,admin,,63,,
mercille,val-ajol,admin,,63,,
faings-polots-les-ham,val-ajol,admin,,63,,
boucliatel,val-ajol,admin,,63,,
plombieres-les-bains,val-ajol,admin,part,63,,
jarmenil,val-ajol,admin,,63,,
moussoux,val-ajol,admin,,63,,
dounoux,val-ajol,admin,,63,,
urimenil,val-ajol,admin,,63,,
geromenil,val-ajol,admin,,63,,
moyenpal,val-ajol,admin,,63,,
uzemain-les-forges,val-ajol,admin,,63,,
bains-les-bains,val-ajol,admin,,64,,
raon-aux-bois,val-ajol,admin,,64,,
le-franc-chazcau,val-ajol,admin,,64,,
longuet,val-ajol,admin,,64,,
saint-nabord,val-ajol,admin,,64,,
la-foresterie-du-ban-de-vagncy,ban-vagney,admin,,64,,
sapois,ban-vagney,admin,,64,,
rochesson,ban-vagney,admin,,64,,
planois,ban-vagney,admin,,64,,
bamont,ban-vagney,admin,,64,,
la-poirie-238,ban-vagney,admin,,64,,
les-ainias,ban-vagney,admin,,64,,
pecaviller,ban-vagney,admin,,64,,
zainvillers,ban-vagney,admin,,64,,
la-prclle,ban-vagney,admin,,64,,
fontaine,ban-vagney,admin,,64,,
brehaviller,ban-vagney,admin,,64,,
bains-les-bains,ban-vagney,admin,,64,,
le-chanois,ban-vagney,admin,,64,,
xoulce,ban-vagney,admin,,64,,
cornimont,ban-vagney,admin,,64,,
ventron,ban-vagney,admin,,64,,
lepangc,mayoralty-longchamp,admin,,64,,
maxonchamp,mayoralty-longchamp,admin,,64,,
rupt-sur-moselle,mayoralty-longchamp,admin,,64,,
lette,mayoralty-longchamp,admin,,64,,
la-roche,mayoralty-longchamp,admin,,64,,
ferdrupt,mayoralty-longchamp,admin,,64,,
franould,mayoralty-longchamp,admin,,64,,
la-cote,mayoralty-longchamp,admin,,64,,
la-poirie-dommarlin,mayoralty-longchamp,admin,,65,,
bamont,mayoralty-longchamp,admin,,65,,
la-foresterie,mayoralty-longchamp,admin,,65,,
fresse-sur-moselle,mayoralty-longchamp,admin,,65,,
pre-derriere,mayoralty-longchamp,admin,,65,,
demrupl,mayoralty-longchamp,admin,,65,,
le-menil-229,mayoralty-longchamp,admin,,65,,
saint-maurice-sur-moselle,mayoralty-longchamp,admin,,65,,
le-charmois-bains,mayoralty-longchamp,admin,,65,,
fontenoy-le-chateau,provostship-arches,admin,,65,,
fontenoy-le-chateau,lordship-fontenoy-le-chateau,feudal,,65,,
fontenoy-la-ville,provostship-arches,admin,,65,,
fontenoy-la-ville,lordship-fontenoy-le-chateau,feudal,,65,,
le-menil-bellefontainc,provostship-arches,admin,,65,,
le-menil-bellefontainc,lordship-fontenoy-le-chateau,feudal,,65,,
montmotier,provostship-arches,admin,,65,,
montmotier,lordship-fontenoy-le-chateau,feudal,,65,,
tremonzey,provostship-arches,admin,,65,,
tremonzey,lordship-fontenoy-le-chateau,feudal,,65,,
xertigny,provostship-arches,admin,,65,,
xertigny,lordship-l-alleu,feudal,,65,,
amcrey,provostship-arches,admin,,65,,
amcrey,lordship-l-alleu,feudal,,65,,
hardemont,provostship-arches,admin,,65,,
hardemont,lordship-l-alleu,feudal,,65,,
la-forei,provostship-arches,admin,,65,,
la-forei,lordship-l-alleu,feudal,,65,,
la-franouze,provostship-arches,admin,,65,,
la-franouze,lordship-l-alleu,feudal,,65,,
granges-de-plombieres,provostship-arches,admin,,65,,
granges-de-plombieres,lordship-l-alleu,feudal,,65,,
gremifontaine,provostship-arches,admin,,65,,
gremifontaine,lordship-l-alleu,feudal,,65,,
le-clerjus,provostship-arches,admin,,65,,
le-clerjus,lordship-l-alleu,feudal,,65,,
la-chapelle-aux-bois,provostship-arches,admin,,65,,
la-chapelle-aux-bois,lordship-l-alleu,feudal,,65,,
razey,provostship-arches,admin,,65,,
razey,lordship-l-alleu,feudal,,65,,
fougerolles,provostship-arches,admin,,65,,
fougerolles,lordship-l-alleu,feudal,,65,,
charmes,provostship-charmes,admin,,65,,
rugney,provostship-charmes,admin,,65,,
floremont,provostship-charmes,admin,,65,,
bralleville,provostship-charmes,admin,,65,,
germonville,provostship-charmes,admin,,66,,
gripport,provostship-charmes,admin,,66,,
socourt,provostship-charmes,admin,,66,,
brantigny,provostship-charmes,admin,,66,,
vincey,provostship-charmes,admin,,66,,
xugney,provostship-charmes,admin,,66,,
gugney-aux-aulx,provostship-charmes,admin,,66,,
essegney,provostship-charmes,admin,,66,,
bettegney-saint-brice,provostship-charmes,admin,,66,,
evaux-et-menil,provostship-charmes,admin,,66,,
menil-evaux-ct-menil,provostship-charmes,admin,,66,,
saint-firmin,provostship-charmes,admin,,66,,
savigny,provostship-charmes,admin,,66,,
rapey,provostship-charmes,admin,,66,,
ubexy,provostship-charmes,admin,,66,,
vieville,provostship-charmes,admin,,66,,
xirocourt,provostship-charmes,admin,,66,,
jevoncourt,provostship-charmes,admin,,66,,
mirecourt,provostship-mirecourt-et-remoncourt,admin,,66,,
la-neuveville-sous-montfort,provostship-mirecourt-et-remoncourt,admin,,66,,
remoncourt,provostship-mirecourt-et-remoncourt,admin,,66,,
bazoilles-et-menil,provostship-mirecourt-et-remoncourt,admin,,66,,
viviers-les-offroicourt,provostship-mirecourt-et-remoncourt,admin,,67,,
hymont,provostship-mirecourt-et-remoncourt,admin,,67,,
mattaincourt,provostship-mirecourt-et-remoncourt,admin,,67,,
vroville,provostship-mirecourt-et-remoncourt,admin,,67,,
puzieux,provostship-mirecourt-et-remoncourt,admin,,67,,
ramecourt,provostship-mirecourt-et-remoncourt,admin,,67,,
chauffecourt,provostship-mirecourt-et-remoncourt,admin,,67,,
bettoncourt,provostship-mirecourt-et-remoncourt,admin,,67,,
ambacourt,provostship-mirecourt-et-remoncourt,admin,,67,,
villers,provostship-mirecourt-et-remoncourt,admin,,67,,
dombasle-en-xaintois,provostship-mirecourt-et-remoncourt,admin,,67,,
poussay,provostship-mirecourt-et-remoncourt,admin,,67,,
estrennes,provostship-mirecourt-et-remoncourt,admin,,67,,
le-mesnil,provostship-mirecourt-et-remoncourt,admin,,67,,
they-sous-monifort,provostship-mirecourt-et-remoncourt,admin,,67,,
girecourt-lez-yieville,provostship-mirecourt-et-remoncourt,admin,,67,,
vieville,provostship-mirecourt-et-remoncourt,admin,,67,,
parey-sous-montfort,provostship-mirecourt-et-remoncourt,admin,,67,,
ligneville,provostship-mirecourt-et-remoncourt,admin,,67,,
vittel,provostship-mirecourt-et-remoncourt,admin,,67,,
domjulien,provostship-mirecourt-et-remoncourt,admin,,67,,
offroicourt,provostship-mirecourt-et-remoncourt,admin,,67,,
girovillers-sous-montfort,provostship-mirecourt-et-remoncourt,admin,,67,,
mazirot,provostship-mirecourt-et-remoncourt,admin,,67,,
hareville,provostship-mirecourt-et-remoncourt,admin,,68,,
pont-sur-madon,provostship-mirecourt-et-remoncourt,admin,,68,,
oelleville,provostship-mirecourt-et-remoncourt,admin,,68,,
juvaincourt,provostship-mirecourt-et-remoncourt,admin,,68,,
baudricourt,provostship-mirecourt-et-remoncourt,admin,,68,,
domevre-sous-montfort,provostship-mirecourt-et-remoncourt,admin,,68,,
remicourt-mirecourt,provostship-mirecourt-et-remoncourt,admin,,68,,
ramecourt,val-harol,admin,,68,,
domvallier,val-harol,admin,,68,,
thiraucourt,val-harol,admin,,68,,
dompaire,provostship-dompaire-et-valfroicourt,admin,,68,,
le-val-devant-dompaire,provostship-dompaire-et-valfroicourt,admin,,68,,
avillers,provostship-dompaire-et-valfroicourt,admin,,68,,
bouxieres-aux-bois,provostship-dompaire-et-valfroicourt,admin,,68,,
madegney,provostship-dompaire-et-valfroicourt,admin,,68,,
regney,provostship-dompaire-et-valfroicourt,admin,,68,,
vomecourl,provostship-dompaire-et-valfroicourt,admin,,68,,
bazegney,provostship-dompaire-et-valfroicourt,admin,,68,,
aheville,provostship-dompaire-et-valfroicourt,admin,,68,,
bouzemont,provostship-dompaire-et-valfroicourt,admin,,68,,
rozerotte,provostship-dompaire-et-valfroicourt,admin,,68,,
velotte-et-tatignecourt,provostship-dompaire-et-valfroicourt,admin,,68,,
valleroy-le-sec,provostship-dompaire-et-valfroicourt,admin,,68,,
hagecourt,provostship-dompaire-et-valfroicourt,admin,,68,,
muiieeourt,provostship-dompaire-et-valfroicourt,admin,,69,,
racecourt,provostship-dompaire-et-valfroicourt,admin,,69,,
maroncourt,provostship-dompaire-et-valfroicourt,admin,,69,,
jorxey,provostship-dompaire-et-valfroicourt,admin,,69,,
gorhey,provostship-dompaire-et-valfroicourt,admin,,69,,
dommartin-les-ville,provostship-dompaire-et-valfroicourt,admin,,69,,
lamerey,provostship-dompaire-et-valfroicourt,admin,,69,,
chenilmont,provostship-dompaire-et-valfroicourt,admin,,69,,
naglaincourt,provostship-dompaire-et-valfroicourt,admin,,69,,
tatignecourt,provostship-dompaire-et-valfroicourt,admin,,69,,
bellegney-devant-dompaire,provostship-dompaire-et-valfroicourt,admin,,69,,
uxegney,ban-uxegney,admin,,69,,
sanchey,ban-uxegney,admin,,69,,
chatimont,ban-uxegney,admin,,69,,
les-neuves-granges,ban-uxegney,admin,,69,,
humbertois,ban-uxegney,admin,,69,,
safframenil,ban-uxegney,admin,,69,,
cone,ban-uxegney,admin,,69,,
saint-laurent,ban-uxegney,admin,,69,,
les-forges,ban-uxegney,admin,,69,,
bainville-aux-saules,ban-uxegney,admin,,69,,
pont-les-bonfays,ban-uxegney,admin,,69,,
rancourt,ban-uxegney,admin,,69,,
escles,ban-escles,admin,,69,,
void-d-escles,ban-escles,admin,,69,,
lerrain,ban-escles,admin,,69,,
viomenil,ban-escles,admin,,69,,
harol,ban-harol,admin,,69,,
longcroyc,ban-harol,admin,,69,,
le-menil-harol,ban-harol,admin,,70,,
putlegney,ban-harol,admin,,70,,
la-rue-sous-llarol,ban-harol,admin,,70,,
charmois-l-orgueilleux,ban-harol,admin,,70,,
reblangollc,ban-harol,admin,,70,,
nobaimont,ban-harol,admin,,70,,
thunimonl-ham,ban-harol,admin,,70,,
valfroicourt,ban-harol,admin,,70,,
bainville-aux-saules,ban-harol,admin,,70,,
frenois,ban-harol,admin,,70,,
chaumousey,ban-madonne,admin,,70,,
bonfays,ban-madonne,admin,,70,,
le-menil-harol,ban-madonne,admin,,70,,
naimont,ban-madonne,admin,,70,,
renauvoid,ban-madonne,admin,,70,,
oncourt,ban-madonne,admin,,70,,
derbamont,ban-madonne,admin,,70,,
circourt,ban-madonne,admin,,70,,
bocquegney,ban-madonne,admin,,70,,
gigney,ban-madonne,admin,,70,,
les-ableuvenettes,ban-madonne,admin,,70,,
bellegney-devant-dompaire,ban-madonne,admin,,70,,
tatignecourt,ban-madonne,admin,,70,,
gorhey,ban-bouxieres,admin,,70,,
bocquegney,ban-bouxieres,admin,,70,,
fomerey,ban-bouxieres,admin,,70,,
hennecourt,ban-bouxieres,admin,,70,,
girancourt,ban-girancourt,admin,,71,,
dommartin-aux-bois,ban-girancourt,admin,,71,,
adoncourt,ban-girancourt,admin,,71,,
le-void-de-girancourl,ban-girancourt,admin,,71,,
naimont,ban-girancourt,admin,,71,,
uzemain-les-forges,ban-girancourt,admin,,71,,
melomenil,ban-girancourt,admin,,71,,
thielouze,ban-girancourt,admin,,71,,
agemont,ban-girancourt,admin,,71,,
gigney,ban-girancourt,admin,,71,,
rancourt,ban-girancourt,admin,,71,,
ville-sur-illon,ban-girancourt,admin,,71,,
jorxey,ban-girancourt,admin,,71,,
darnieulles,ban-girancourt,admin,,71,,
varmonzey,ban-girancourt,admin,,71,,
vaubexy,ban-girancourt,admin,,71,,
saint-vallier,ban-girancourt,admin,,71,,
pierreficte,ban-girancourt,admin,,71,,
hennecourt,ban-girancourt,admin,,71,,
lavieville,ban-girancourt,admin,,71,,
valleroy-aux-saules,ban-girancourt,admin,,71,,
gelvecourt-et-adompt,ban-girancourt,admin,,71,,
hagecourt,ban-girancourt,admin,,71,,
abvefvenet-la-grande,ban-girancourt,admin,,71,,
begnecourt,ban-girancourt,admin,,71,,
legeville-et-bonfays,ban-girancourt,admin,,71,,
mazelay,ban-girancourt,admin,,71,,
itue-devant-dompaire,ban-girancourt,admin,,71,,
adompt,ban-girancourt,admin,,71,,
la-neuveville-girancourt,ban-girancourt,admin,,71,,
bouzemont,ban-girancourt,admin,,71,,
bazegney,ban-girancourt,admin,,72,,
blemerey,ban-girancourt,admin,,72,,
damas-et-bettegney,ban-harol,admin,,72,,
renauvoid,ban-harol,admin,,72,,
bocquegney,ban-harol,admin,,72,,
fomerey,ban-harol,admin,,72,,
hennecourt,ban-harol,admin,,72,,
derbamont,ban-harol,admin,,72,,
circourt,ban-harol,admin,,72,,
derbamont,ban-girancourt,admin,,72,,
darney,provostship-darney,admin,,72,,
attigny,provostship-darney,admin,,72,,
bonvillet,provostship-darney,admin,,72,,
les-vallois,provostship-darney,admin,,72,,
dommartin-les-vallois,provostship-darney,admin,,72,,
jesonville,provostship-darney,admin,,72,,
senonges,provostship-darney,admin,,72,,
thietry,provostship-darney,admin,,72,,
hennezel-darney,provostship-darney,admin,,72,,
brisevcrre,provostship-darney,admin,,72,,
claudon,provostship-darney,admin,,72,,
le-torchon,provostship-darney,admin,,72,,
senenne,provostship-darney,admin,,73,,
la-sybille,provostship-darney,admin,,73,,
thomas,provostship-darney,admin,,73,,
belrupt,provostship-darney,admin,,73,,
houdricbalel,provostship-darney,admin,,73,,
clairey,provostship-darney,admin,,73,,
la-grande-catherine,provostship-darney,admin,,73,,
ronchiere-liai,provostship-darney,admin,,73,,
la-pille,provostship-darney,admin,,73,,
le-grammont,provostship-darney,admin,,73,,
tholoy,provostship-darney,admin,,73,,
henrieel,provostship-darney,admin,,73,,
la-frison,provostship-darney,admin,,73,,
la-seie-brabant,provostship-darney,admin,,73,,
le-hubert,provostship-darney,admin,,73,,
leppenoux,provostship-darney,admin,,73,,
les-trois-bans,provostship-darney,admin,,73,,
charmais,provostship-darney,admin,,73,,
relanges,provostship-darney,admin,,73,,
droiteval,provostship-darney,admin,,73,,
belrupt-darncy,provostship-darney,admin,,73,,
dombasle-devant-darney,provostship-darney,admin,,73,,
nonville,provostship-darney,admin,,73,,
viviers-le-gras,provostship-darney,admin,,74,,
dombrot-sur-vair,provostship-darney,admin,,74,,
passavant-la-rochere,provostship-darney,admin,,74,,
regnevelle,provostship-darney,admin,,74,,
martinvelle,provostship-darney,admin,,74,,
la-cote-passavant,provostship-darney,admin,,74,,
monthureux-sur-saone,provostship-darney,admin,,74,,
belmont-les-darney,provostship-darney,admin,,74,,
saint-baslemont,provostship-darney,admin,,74,,
esley,provostship-darney,admin,,74,,
bulgneville,provostship-darney,admin,,74,,
contrexeville,provostship-darney,admin,,74,,
les-granges,provostship-darney,admin,,74,,
chatenois,provostship-chatenois-et-neufchateau,admin,,74,,
neufchateau,provostship-chatenois-et-neufchateau,admin,,74,,
remois,provostship-chatenois-et-neufchateau,admin,,74,,
srcul-le-y-prevote-de-chutcnois,provostship-chatenois-et-neufchateau,admin,,74,,
la-courlille,provostship-chatenois-et-neufchateau,admin,,74,,
valaincourt,provostship-chatenois-et-neufchateau,admin,,74,,
mannccourl,provostship-chatenois-et-neufchateau,admin,,74,,
rainville,provostship-chatenois-et-neufchateau,admin,,75,,
biecourt,provostship-chatenois-et-neufchateau,admin,,75,,
saint-prancher,provostship-chatenois-et-neufchateau,admin,,75,,
rouceux,provostship-chatenois-et-neufchateau,admin,,75,,
la-neuveville-sous-chatenois,provostship-chatenois-et-neufchateau,admin,,75,,
norroy-sur-vair,provostship-chatenois-et-neufchateau,admin,,75,,
saint-paul,provostship-chatenois-et-neufchateau,admin,,75,,
ollainville,provostship-chatenois-et-neufchateau,admin,,75,,
belmont-sur-vair,provostship-chatenois-et-neufchateau,admin,,75,,
saint-remimont-buigneville,provostship-chatenois-et-neufchateau,admin,,75,,
auzainvilliers,provostship-chatenois-et-neufchateau,admin,,75,,
viocourt,provostship-chatenois-et-neufchateau,admin,,75,,
aillianville,provostship-chatenois-et-neufchateau,admin,,75,,
gonvaux,provostship-chatenois-et-neufchateau,admin,,75,,
l-etanche,provostship-chatenois-et-neufchateau,admin,,75,,
rollainville,provostship-chatenois-et-neufchateau,admin,,75,,
aouze,provostship-chatenois-et-neufchateau,admin,,75,,
gemmelaincourt,provostship-chatenois-et-neufchateau,admin,,75,,
mandres-sur-vair,provostship-chatenois-et-neufchateau,admin,,75,,
rouvres-en-xaintois,provostship-chatenois-et-neufchateau,admin,,75,,
vouxey,provostship-chatenois-et-neufchateau,admin,,75,,
saulxures-les-bulgneville,provostship-chatenois-et-neufchateau,admin,,75,,
totainville,provostship-chatenois-et-neufchateau,admin,,75,,
noncourt,provostship-chatenois-et-neufchateau,admin,,75,,
hagneville,provostship-chatenois-et-neufchateau,admin,,75,,
menil-en-xaintois,provostship-chatenois-et-neufchateau,admin,,75,,
longchamp-sous-chatenois,provostship-chatenois-et-neufchateau,admin,,75,,
gerbonvaux,provostship-chatenois-et-neufchateau,admin,,75,,
balleville,provostship-chatenois-et-neufchateau,admin,,76,,
martigny-les-gerbonvaux,provostship-chatenois-et-neufchateau,admin,,76,,
morelmaison,provostship-chatenois-et-neufchateau,admin,part,76,,
gironcourt-sur-vraine,provostship-chatenois-et-neufchateau,admin,,76,,
removille,provostship-chatenois-et-neufchateau,admin,,76,,
houecourt,provostship-chatenois-et-neufchateau,admin,,76,,
dommartin-sur-vraine,provostship-chatenois-et-neufchateau,admin,,76,,
saint-menge,provostship-chatenois-et-neufchateau,admin,,76,,
landaville,provostship-chatenois-et-neufchateau,admin,,76,,
sandaucourt,provostship-chatenois-et-neufchateau,admin,,76,,
bulgneville,provostship-chatenois-et-neufchateau,admin,part,76,,
dolaincourt,provostship-chatenois-et-neufchateau,admin,,76,,
courcelles-sous-chatenois,provostship-chatenois-et-neufchateau,admin,,76,,
brancourt,provostship-chatenois-et-neufchateau,admin,,76,,
saint-elophe,provostship-chatenois-et-neufchateau,admin,,76,,
maxey-sur-meuse,provostship-chatenois-et-neufchateau,admin,,76,,
happoncourt,provostship-chatenois-et-neufchateau,admin,,76,,
soulosse,provostship-chatenois-et-neufchateau,admin,,76,,
gouecourt,provostship-chatenois-et-neufchateau,admin,,76,,
houeville,provostship-chatenois-et-neufchateau,admin,,76,,
barville,provostship-chatenois-et-neufchateau,admin,,76,,
chef-haut,provostship-chatenois-et-neufchateau,admin,,76,,
sommerecourt,provostship-chatenois-et-neufchateau,admin,,77,,
dombrot-sur-vair,provostship-chatenois-et-neufchateau,admin,,77,,
tilleux,provostship-chatenois-et-neufchateau,admin,,77,,
certilleux,provostship-chatenois-et-neufchateau,admin,,77,,
circourt-sur-mouzon,provostship-chatenois-et-neufchateau,admin,,77,,
villard,provostship-chatenois-et-neufchateau,admin,,77,,
breehaincouri,provostship-chatenois-et-neufchateau,admin,,77,,
darney-aux-chenes,provostship-chatenois-et-neufchateau,admin,,77,,
rebeuville,provostship-chatenois-et-neufchateau,admin,,77,,
roncourt,provostship-chatenois-et-neufchateau,admin,,77,,
menil-balleville,provostship-chatenois-et-neufchateau,admin,,77,,
gemonville,provostship-chatenois-et-neufchateau,admin,,77,,
sierck,provostship-sierck-prevote-propre,admin,,78,,
kirschnaumen,provostship-sierck-prevote-propre,admin,,78,,
obernaumen,provostship-sierck-prevote-propre,admin,,78,,
kaltweiler,provostship-sierck-prevote-propre,admin,,78,,
montenach,provostship-sierck-prevote-propre,admin,,78,,
sterek-hauie,provostship-sierck-prevote-propre,admin,,78,,
evendorff,provostship-sierck-prevote-propre,admin,,78,,
waldweistroff,provostship-sierck-prevote-propre,admin,,78,,
bising,provostship-sierck-prevote-propre,admin,,78,,
remeling,provostship-sierck-prevote-propre,admin,,78,,
flatten,provostship-sierck-prevote-propre,admin,,78,,
rettel,provostship-sierck-prevote-propre,admin,,78,,
colmen,provostship-sierck-prevote-propre,admin,,78,,
grindorf,provostship-sierck-prevote-propre,admin,,78,,
halstroff,provostship-sierck-prevote-propre,admin,,78,,
niedaltdorf,provostship-sierck-prevote-propre,admin,,78,,
monneren,provostship-sierck-prevote-propre,admin,,78,,
biringen,provostship-sierck-prevote-propre,admin,,78,,
oberesch,provostship-sierck-prevote-propre,admin,,78,,
kerling-les-sierck,provostship-sierck-prevote-propre,admin,,78,,
freching,provostship-sierck-prevote-propre,admin,,78,,
veckring,provostship-sierck-prevote-propre,admin,,78,,
lemestroff,provostship-sierck-prevote-propre,admin,,78,,
kirsch-les-sierck,provostship-sierck-prevote-propre,admin,,78,,
weiten,sub-provostship-sierck,admin,,78,,
ocft,sub-provostship-sierck,admin,,78,,
hellendorf,sub-provostship-sierck,admin,,78,,
merschweiller,sub-provostship-sierck,admin,,78,,
apach,sub-provostship-sierck,admin,,78,,
marienflosse-moulin,sub-provostship-sierck,admin,,78,,
rustroff,sub-provostship-sierck,admin,,78,,
mailing,sub-provostship-sierck,admin,,78,,
ouderen,sub-provostship-sierck,admin,,79,,
launstroff,sub-provostship-sierck,admin,,79,,
grosshemmersdorf,sub-provostship-sierck,admin,,79,,
tunting,sub-provostship-sierck,admin,,79,,
bising,sub-provostship-sierck,admin,,79,,
laumesfeld,sub-provostship-sierck,admin,,79,,
hargarten-les-laumelsfeld,sub-provostship-sierck,admin,,79,,
metrich,sub-provostship-sierck,admin,,79,,
kontz-basse,sub-provostship-sierck,admin,,79,,
waldweistroff,sub-provostship-sierck,admin,,79,,
halstroff,sub-provostship-sierck,admin,,79,,
zeurange,sub-provostship-sierck,admin,,79,,
biringen,sub-provostship-sierck,admin,,79,,
oberesch,sub-provostship-sierck,admin,,79,,
kerling-les-sierck,sub-provostship-sierck,admin,,79,,
flastroff,sub-provostship-sierck,admin,,79,,
furweiler,sub-provostship-sierck,admin,,79,,
mechern,sub-provostship-sierck,admin,,79,,
fremersdorf,sub-provostship-sierck,admin,,79,,
oberleuken,sub-provostship-sierck,admin,,79,,
wochern,sub-provostship-sierck,admin,,79,,
gomelange,sub-provostship-sierck,admin,,79,,
gongelfang,sub-provostship-sierck,admin,,79,,
bockange,sub-provostship-sierck,admin,,79,,
hestroff,sub-provostship-sierck,admin,,79,,
kedange,sub-provostship-sierck,admin,,79,,
klang-vil,sub-provostship-sierck,admin,,79,,
kemplich,sub-provostship-sierck,admin,,79,,
hobling,sub-provostship-sierck,admin,,79,,
dalstein,sub-provostship-sierck,admin,,79,,
chemery,sub-provostship-sierck,admin,,79,,
ingliug,sub-provostship-sierck,admin,,79,,
ferange,sub-provostship-sierck,admin,,79,,
alzing,sub-provostship-sierck,admin,,79,,
monneren,sub-provostship-sierck,admin,,79,,
bibiche,sub-provostship-sierck,admin,,80,,
lemestroff,sub-provostship-sierck,admin,,80,,
kalembourg,sub-provostship-sierck,admin,,80,,
evendorff,sub-provostship-sierck,admin,,80,,
lacroix,sub-provostship-sierck,admin,,80,,
rodlach,sub-provostship-sierck,admin,,80,,
conde,provostship-conde-sierck,admin,,80,,
northen,provostship-conde-sierck,admin,,80,,
megange,provostship-conde-sierck,admin,,80,,
guirlange,provostship-conde-sierck,admin,,80,,
bockange,provostship-conde-sierck,admin,,80,,
drogny,provostship-conde-sierck,admin,,80,,
piblange,provostship-conde-sierck,admin,,80,,
villers-bettnach,provostship-conde-sierck,admin,,80,,
freistroff,provostship-conde-sierck,admin,,80,,
oberperl,court-perl,admin,,80,,
perl,court-perl,admin,,80,,
sehndorf,court-perl,admin,,80,,
niedaltdorf,provostship-sierck,admin,,80,,
oberleuken,provostship-sierck,admin,,80,,
wochern,provostship-sierck,admin,,80,,
conde,provostship-sierck,admin,,80,,
northen,provostship-sierck,admin,,80,,
megange,provostship-sierck,admin,,80,,
guirlange,provostship-sierck,admin,,80,,
piblange,provostship-sierck,admin,,80,,
drogny,provostship-sierck,admin,,80,,
filstroff,provostship-sierck,admin,,80,,
guerlefang,provostship-sierck,admin,,80,,
diding,provostship-sierck,admin,,80,,
epange,provostship-sierck,admin,,81,,
scharhmorther,provostship-sierck,admin,,81,,
fliessborn,provostship-sierck,admin,,81,,
hasenholh,provostship-sierck,admin,,81,,
godchurc,provostship-sierck,admin,,81,,
scheuer-hof,provostship-sierck,admin,,81,,
neudlange,provostship-sierck,admin,,81,,
bubingen,provostship-sierck,admin,,81,,
kalembourg,provostship-sierck,admin,,81,,
freistroff,provostship-sierck,admin,,81,,
chemery,provostship-sierck,admin,,81,,
haute-kontz,provostship-sierck,admin,,81,,
anzeling,provostship-sierck,admin,,81,,
budange,provostship-sierck,admin,,81,,
nennig,provostship-sierck,admin,,81,,
tunsdorf,provostship-sierck,admin,,81,,
edelnigen,provostship-sierck,admin,,81,,
chateau-de-bourg-esch,provostship-sierck,admin,,81,,
berg,provostship-sierck,admin,,81,,
beuren,provostship-sierck,admin,,81,,
heckling,provostship-sierck,admin,,81,,
schwerdorff,provostship-sierck,admin,,81,,
guerstling,provostship-sierck,admin,,81,,
kitzing,provostship-sierck,admin,,81,,
menskirch,provostship-sierck,admin,,81,,
ritzing,provostship-sierck,admin,,81,,
metzeresche,provostship-sierck,admin,,81,,
ebersviller,provostship-sierck,admin,,81,,
colmen,provostship-sierck,admin,,81,,
hombourg-sur-kaner,provostship-sierck,admin,,81,,
waldwisse,provostship-sierck,admin,,81,,
bettelainville,provostship-sierck,admin,,81,,
alzing,provostship-sierck,admin,,81,,
kirf,provostship-sierck,admin,,82,,
bethingen,provostship-sierck,admin,,82,,
eimersdorf,provostship-sierck,admin,,82,,
ising,provostship-sierck,admin,,82,,
pommern,provostship-sierck,admin,,82,,
riol,provostship-sierck,admin,,82,,
rudling,provostship-sierck,admin,,82,,
wies,provostship-sierck,admin,,82,,
zeurange,provostship-sierck,admin,,82,,
meinsberg,provostship-sierck,admin,,82,,
monclair,provostship-sierck,admin,,82,,
boulay,office-boulay,admin,,82,,
megange,office-boulay,admin,,82,,
flasgarten,office-boulay,admin,,82,,
helstroff,office-boulay,admin,,82,,
neunkirchen-les-bouzonville,office-boulay,admin,,82,,
grosshemmersdorf,office-boulay,admin,,82,,
filstroff,office-boulay,admin,,82,,
theding,office-boulay,admin,,82,,
rosbruck,office-boulay,admin,,82,,
volmerange,office-boulay,admin,,82,,
brecklange,office-boulay,admin,,82,,
hargarien-aux-mines,office-boulay,admin,,82,,
coume,office-boulay,admin,,82,,
macker,office-boulay,admin,,82,,
roupeldange,office-boulay,admin,,82,,
ottonville,office-boulay,admin,part,82,,
holling,office-boulay,admin,,82,,
differten,office-boulay,admin,,82,,
varize,office-boulay,admin,,82,,
teterchen,office-boulay,admin,,82,,
longeville-les-saint-avold,office-boulay,admin,,83,,
duren,office-boulay,admin,,83,,
villing,office-boulay,admin,,83,,
lymingen,office-boulay,admin,,83,,
dourd-hal,office-boulay,admin,,83,,
bambiderstroff,office-boulay,admin,,83,,
elvange,office-boulay,admin,,83,,
zondrangc,office-boulay,admin,,83,,
marange-zondrange,office-boulay,admin,,83,,
mainvillers,office-boulay,admin,,83,,
varsberg,office-boulay,admin,,83,,
laudrefang,office-boulay,admin,,83,,
many,office-boulay,admin,,83,,
dalem,office-boulay,admin,,83,,
les-etangs,office-boulay,admin,,83,,
pontigny,office-boulay,admin,,83,,
eblange,office-boulay,admin,,83,,
titling,office-boulay,admin,,83,,
remelfang,office-boulay,admin,,83,,
bockange,office-boulay,admin,,83,,
freyming,office-boulay,admin,,83,,
valmunster,office-boulay,admin,,83,,
loutremange,office-boulay,admin,,83,,
velving,office-boulay,admin,,83,,
guerting,office-boulay,admin,,84,,
guerting,lordship-varsberg,feudal,,84,,
ham-sous-varsberg,office-boulay,admin,,84,,
ham-sous-varsberg,lordship-varsberg,feudal,,84,,
falck,office-boulay,admin,,84,,
falck,lordship-varsberg,feudal,,84,,
vvallerfangen,office-vaudrevange,admin,,84,,
fraulautern,office-vaudrevange,admin,,84,,
lisdorf,office-vaudrevange,admin,,84,,
ensdorf,office-vaudrevange,admin,,84,,
hulzweiler,office-vaudrevange,admin,,84,,
saarwellingen,office-vaudrevange,admin,,84,,
griesborn,office-vaudrevange,admin,,84,,
roden,office-vaudrevange,admin,,84,,
felsberg,office-vaudrevange,admin,,84,,
nalbach,office-vaudrevange,admin,,84,,
siersberg,office-siersberg,admin,,84,,
nittel,office-siersberg,admin,,84,,
nillel,office-siersberg,admin,,84,,
kollig,office-siersberg,admin,,84,,
rehlingen,office-siersberg,admin,,84,,
rammelfangen,office-siersberg,admin,,84,,
siersdorf,office-siersberg,admin,,84,,
itzbach,office-siersberg,admin,,84,,
biiren,office-siersberg,admin,,84,,
hargarten,office-siersberg,admin,,84,,
reimsbach,office-siersberg,admin,part,84,,
erbringen,office-siersberg,admin,,84,,
kerprich-hemmersdorf,office-siersberg,admin,,84,,
eimersdorf,office-siersberg,admin,,84,,
merchingen,office-siersberg,admin,,85,,
dreisbach,office-siersberg,admin,,85,,
nohn,office-siersberg,admin,,85,,
besseringen,office-siersberg,admin,,85,,
suiiit-gangolph,office-siersberg,admin,,85,,
mettlach,office-siersberg,admin,,85,,
keuchingen,office-siersberg,admin,,85,,
beckingen,office-siersberg,admin,,85,,
pachten,office-siersberg,admin,,85,,
bietzen,office-siersberg,admin,,85,,
roden,office-siersberg,admin,,85,,
dillingen,office-siersberg,admin,,85,,
gisingen,office-siersberg,admin,,85,,
rehlingen-nillel,office-siersberg,admin,,85,,
fickingen,office-siersberg,admin,,85,,
hilbringen,district-saargau,admin,,85,,
fitten,district-saargau,admin,,85,,
ballern,district-saargau,admin,,85,,
ripplingen,district-saargau,admin,,86,,
rech,district-saargau,admin,,86,,
silvingen,district-saargau,admin,,86,,
schwemlingen,district-saargau,admin,,86,,
buschdorf,district-saargau,admin,,86,,
budingen,district-saargau,admin,,86,,
weiler,district-saargau,admin,,86,,
wellingen,district-saargau,admin,,86,,
bethingen,district-saargau,admin,,86,,
wehingen,district-saargau,admin,,86,,
baldringen,district-saargau,admin,,86,,
mondorf,district-saargau,admin,part,86,,
merzig,district-merzig,admin,,86,,
bietzen,district-merzig,admin,,86,,
menningen,district-merzig,admin,,86,,
harlingen,district-merzig,admin,,86,,
merchingen,district-merzig,admin,,86,,
iiachem,district-merzig,admin,part,86,,
schaumberg,office-schaumbourg,admin,,86,,
tholey,office-schaumbourg,admin,,86,,
kastel-les-otzenhausen,office-schaumbourg,admin,,86,,
kostenbach,office-schaumbourg,admin,,86,,
rathen,office-schaumbourg,admin,,86,,
limbach,office-schaumbourg,admin,,86,,
lindscheid,office-schaumbourg,admin,,86,,
theley,office-schaumbourg,admin,,86,,
steinbach,office-schaumbourg,admin,,86,,
doersdorf,office-schaumbourg,admin,,87,,
schellembach,office-schaumbourg,admin,,87,,
heiiselhofen,office-schaumbourg,admin,,87,,
aschbach,office-schaumbourg,admin,,87,,
asweiler,office-schaumbourg,admin,,87,,
winterbach,office-schaumbourg,admin,,87,,
marpingen,office-schaumbourg,admin,,87,,
niederhofen,office-schaumbourg,admin,,87,,
bliesen,office-schaumbourg,admin,,87,,
eisweiler,office-schaumbourg,admin,,87,,
linden,office-schaumbourg,admin,,87,,
osenbach,office-schaumbourg,admin,,87,,
gronig,office-schaumbourg,admin,,87,,
gehweiler,office-schaumbourg,admin,,87,,
buweiler,office-schaumbourg,admin,,87,,
niedersaubach,office-schaumbourg,admin,,87,,
goldbach,office-schaumbourg,admin,,87,,
bettingen,office-schaumbourg,admin,,87,,
aussen,office-schaumbourg,admin,,87,,
wiesbach,office-schaumbourg,admin,,87,,
uchtelfangen,office-schaumbourg,admin,,87,,
kaisen,office-schaumbourg,admin,,87,,
thalexweiler,office-schaumbourg,admin,,87,,
sotzweiler,office-schaumbourg,admin,,87,,
scheuem,office-schaumbourg,admin,,87,,
neipel,office-schaumbourg,admin,,87,,
gresaubach,office-schaumbourg,admin,,87,,
mondorf,office-schaumbourg,admin,,87,,
harlingen,office-schaumbourg,admin,,87,,
hahnweiler,office-schaumbourg,admin,,87,,
imweiler,office-schaumbourg,admin,,87,,
oberkirchen,office-schaumbourg,admin,,88,,
wetschhausen,office-schaumbourg,admin,,88,,
wehingen,office-schaumbourg,admin,,88,,
gudesweiler,office-schaumbourg,admin,,89,,
namborn,office-schaumbourg,admin,,89,,
oberkirchen,provostship-keltern-ostern,admin,,89,,
oberkirchen,fief-keltern-ostern,feudal,,89,,
haupersweiler,provostship-keltern-ostern,admin,,89,,
haupersweiler,fief-keltern-ostern,feudal,,89,,
sotzweiler,provostship-keltern-ostern,admin,,89,,
sotzweiler,fief-keltern-ostern,feudal,,89,,
sleysspaeh,provostship-keltern-ostern,admin,,89,,
sleysspaeh,fief-keltern-ostern,feudal,,89,,
griigelhorn,provostship-keltern-ostern,admin,,89,,
griigelhorn,fief-keltern-ostern,feudal,,89,,
herchweiler,provostship-keltern-ostern,admin,,89,,
herchweiler,fief-keltern-ostern,feudal,,89,,
eppelborn,provostship-keltern-ostern,admin,,89,,
eppelborn,fief-keltern-ostern,feudal,,89,,
theley,provostship-keltern-ostern,admin,,89,,
theley,fief-keltern-ostern,feudal,,89,,
eisweiler,provostship-keltern-ostern,admin,,89,,
eisweiler,fief-keltern-ostern,feudal,,89,,
rappweiler,provostship-keltern-ostern,admin,,89,,
rappweiler,fief-keltern-ostern,feudal,,89,,
freisen,provostship-keltern-ostern,admin,,89,,
freisen,fief-keltern-ostern,feudal,,89,,
hoppstadten,provostship-keltern-ostern,admin,,89,,
hoppstadten,fief-keltern-ostern,feudal,,89,,
lostertal,provostship-keltern-ostern,admin,,89,,
lostertal,fief-keltern-ostern,feudal,,89,,
gudesweiler,provostship-keltern-ostern,admin,,89,,
gudesweiler,fief-keltern-ostern,feudal,,89,,
hahnweiler,provostship-keltern-ostern,admin,,89,,
hahnweiler,fief-keltern-ostern,feudal,,89,,
furschweiler-les-namborn,provostship-keltern-ostern,admin,,89,,
furschweiler-les-namborn,fief-keltern-ostern,feudal,,89,,
reitscheid,provostship-keltern-ostern,admin,,89,,
reitscheid,fief-keltern-ostern,feudal,,89,,
rantse-iidt,provostship-keltern-ostern,admin,,89,,
rantse-iidt,fief-keltern-ostern,feudal,,89,,
wadrill,provostship-keltern-ostern,admin,,89,,
wadrill,fief-keltern-ostern,feudal,,89,,
neunkirchen,provostship-keltern-ostern,admin,,89,,
neunkirchen,fief-keltern-ostern,feudal,,89,,
seilbach,provostship-keltern-ostern,admin,,89,,
seilbach,fief-keltern-ostern,feudal,,89,,
mittelbollenbach,provostship-keltern-ostern,admin,,89,,
mittelbollenbach,fief-keltern-ostern,feudal,,89,,
sarreguemines,office-sarreguemines,admin,,89,,
grosbliederstroff,office-sarreguemines,admin,,89,,
kleinblittersdorf,office-sarreguemines,admin,,89,,
auersmacher,office-sarreguemines,admin,,89,,
neunkirch,office-sarreguemines,admin,,89,,
folpersviller,office-sarreguemines,admin,,89,,
bliesebersing,office-sarreguemines,admin,,90,,
fechingen,office-sarreguemines,admin,,90,,
giafcnthal,office-sarreguemines,admin,,90,,
tenteling,office-sarreguemines,admin,,90,,
heckenransbach,office-sarreguemines,admin,,90,,
diebling,office-sarreguemines,admin,,90,,
blies-guersviller,office-sarreguemines,admin,,90,,
sarreinsming,office-sarreguemines,admin,,90,,
wittring,office-sarreguemines,admin,,90,,
neufgrange,office-sarreguemines,admin,,90,,
remelfing,office-sarreguemines,admin,,90,,
rouhling,office-sarreguemines,admin,,90,,
dieuze,castellany-dieuze,admin,,90,,
lindre-haute,castellany-dieuze,admin,,90,,
zommange,castellany-dieuze,admin,,90,,
lindre-basse,castellany-dieuze,admin,,90,,
angviller,castellany-dieuze,admin,,90,,
assenoncourt,castellany-dieuze,admin,,90,,
tarquimpol,castellany-dieuze,admin,,90,,
mulcey,castellany-dieuze,admin,,90,,
kerprich-les-dieuze,castellany-dieuze,admin,,90,,
guebestroff,castellany-dieuze,admin,,90,,
blanche-eglise,castellany-dieuze,admin,,90,,
bisping,castellany-dieuze,admin,,90,,
loudrefing,castellany-dieuze,admin,,90,,
cutting,castellany-dieuze,admin,,90,,
bassing,castellany-dieuze,admin,,90,,
batlielemont,castellany-dieuze,admin,,91,,
gelucourt,castellany-dieuze,admin,,91,,
insming,castellany-dieuze,admin,,91,,
vallerange,castellany-dieuze,admin,,91,,
chateauvoue,castellany-dieuze,admin,,91,,
guermange,castellany-dieuze,admin,,91,,
vuisse,castellany-dieuze,admin,,91,,
sotzeling,castellany-dieuze,admin,,91,,
saint-jean-rohrbach,castellany-dieuze,admin,,91,,
viller-asscnoncourt,castellany-dieuze,admin,,91,,
gueblange-les-dieuze,castellany-dieuze,admin,,91,,
vintrange,castellany-dieuze,admin,,91,,
vahl,castellany-dieuze,admin,,91,,
torcheville,castellany-dieuze,admin,,91,,
hampont,castellany-dieuze,admin,,91,,
bidestroff,castellany-dieuze,admin,,91,,
marimont,castellany-marimont,admin,,91,,
cutting,castellany-marimont,admin,,91,,
loudrefing,castellany-marimont,admin,,91,,
domnom-les-dieuze,castellany-marimont,admin,,91,,
bassing,castellany-marimont,admin,,91,,
guinzeling,castellany-marimont,admin,,91,,
vittersbourg,castellany-marimont,admin,,91,,
insming,castellany-marimont,admin,,91,,
nelling,castellany-marimont,admin,,91,,
petit-rohrbacli,castellany-marimont,admin,,91,,
grening,castellany-marimont,admin,,91,,
hellimer,castellany-marimont,admin,,92,,
diffembach-les-hellimer,castellany-marimont,admin,,92,,
tensch,castellany-marimont,admin,,92,,
virming,castellany-marimont,admin,,92,,
uunskirich,castellany-marimont,admin,,92,,
vergaville,castellany-marimont,admin,,92,,
altrippe,castellany-marimont,admin,,92,,
guenestroff,castellany-marimont,admin,,92,,
lostroff,castellany-marimont,admin,,92,,
lening,castellany-marimont,admin,,92,,
altroff,castellany-marimont,admin,,92,,
rode-les-morhange,castellany-marimont,admin,,92,,
racrange,castellany-marimont,admin,,92,,
nebing,castellany-marimont,admin,,92,,
pultelange-les-sarralbe,district-puttelange,admin,,92,,
pultelange-les-sarralbe,lordship-puttelange,feudal,,92,,
diefenbach-les-puttelange,district-puttelange,admin,,92,,
diefenbach-les-puttelange,lordship-puttelange,feudal,,92,,
honzrath,district-puttelange,admin,,92,,
honzrath,lordship-puttelange,feudal,,92,,
richeling,district-puttelange,admin,,92,,
richeling,lordship-puttelange,feudal,,92,,
ballering,district-puttelange,admin,,92,,
ballering,lordship-puttelange,feudal,,92,,
bettring,district-puttelange,admin,,92,,
bettring,lordship-puttelange,feudal,,92,,
holving,district-puttelange,admin,,92,,
holving,lordship-puttelange,feudal,,92,,
hin-in,district-puttelange,admin,,92,,
hin-in,lordship-puttelange,feudal,,92,,
hirbach,district-puttelange,admin,,92,,
hirbach,lordship-puttelange,feudal,,92,,
diederfing,district-puttelange,admin,,92,,
diederfing,lordship-puttelange,feudal,,92,,
metzing,district-puttelange,admin,,92,,
metzing,lordship-puttelange,feudal,,92,,
noussewiller-les-putlelange,district-puttelange,admin,,92,,
noussewiller-les-putlelange,lordship-puttelange,feudal,,92,,
guebcnbausen,district-puttelange,admin,,93,,
guebcnbausen,lordship-puttelange,feudal,,93,,
loupershausen,district-puttelange,admin,,93,,
loupershausen,lordship-puttelange,feudal,,93,,
grundviller,district-puttelange,admin,,93,,
grundviller,lordship-puttelange,feudal,,93,,
remcring,district-puttelange,admin,,93,,
remcring,lordship-puttelange,feudal,,93,,
elviller,district-puttelange,admin,,93,,
elviller,lordship-puttelange,feudal,,93,,
farschwiller,district-puttelange,admin,,93,,
farschwiller,lordship-puttelange,feudal,,93,,
cappel,district-puttelange,admin,,93,,
cappel,lordship-puttelange,feudal,,93,,
hundling,district-puttelange,admin,,93,,
hundling,lordship-puttelange,feudal,,93,,
diebling,district-puttelange,admin,,93,,
diebling,lordship-puttelange,feudal,,93,,
berus,district-beaurains,admin,,93,,
berus,lordship-beaurains,feudal,,93,,
remering-les-bouzonville,district-beaurains,admin,,93,,
remering-les-bouzonville,lordship-beaurains,feudal,,93,,
tromborn,district-beaurains,admin,,93,,
tromborn,lordship-beaurains,feudal,,93,,
berweiler,district-beaurains,admin,,93,,
berweiler,lordship-beaurains,feudal,,93,,
holling,district-beaurains,admin,,93,,
holling,lordship-beaurains,feudal,,93,,
bettange,district-beaurains,admin,,93,,
bettange,lordship-beaurains,feudal,,93,,
edling,district-beaurains,admin,,93,,
edling,lordship-beaurains,feudal,,93,,
ihn,district-beaurains,admin,,93,,
ihn,lordship-beaurains,feudal,,93,,
leiding,district-beaurains,admin,,93,,
leiding,lordship-beaurains,feudal,,93,,
velving,district-beaurains,admin,,93,,
velving,lordship-beaurains,feudal,,93,,
heining,district-beaurains,admin,,93,,
heining,lordship-beaurains,feudal,,93,,
guerstling,district-beaurains,admin,,93,,
guerstling,lordship-beaurains,feudal,,93,,
neuforweiler,district-beaurains,admin,,93,,
neuforweiler,lordship-beaurains,feudal,,93,,
bisten,district-beaurains,admin,,93,,
bisten,lordship-beaurains,feudal,,93,,
bedersdorf,district-beaurains,admin,,93,,
bedersdorf,lordship-beaurains,feudal,,93,,
ittersdorf,district-beaurains,admin,,93,,
ittersdorf,lordship-beaurains,feudal,,93,,
villing-bouzonville,district-beaurains,admin,,93,,
villing-bouzonville,lordship-beaurains,feudal,,93,,
gawestroff,district-beaurains,admin,,93,,
gawestroff,lordship-beaurains,feudal,,93,,
oberdorff,district-beaurains,admin,,93,,
oberdorff,lordship-beaurains,feudal,,93,,
chateau-rouge,district-beaurains,admin,,93,,
chateau-rouge,lordship-beaurains,feudal,,93,,
voelfling-les-bouzonville,district-beaurains,admin,,93,,
voelfling-les-bouzonville,lordship-beaurains,feudal,,93,,
kerlingen,district-beaurains,admin,,93,,
kerlingen,lordship-beaurains,feudal,,93,,
odenhoven,district-beaurains,admin,,93,,
odenhoven,lordship-beaurains,feudal,,93,,
aidling,district-beaurains,admin,,93,,
aidling,lordship-beaurains,feudal,,93,,
merten,district-beaurains,admin,,94,,
merten,lordship-beaurains,feudal,,94,,
bibling,district-beaurains,admin,,94,,
bibling,lordship-beaurains,feudal,,94,,
teterchen,district-beaurains,admin,,94,,
teterchen,lordship-beaurains,feudal,,94,,
bouzonville,district-beaurains,admin,,94,,
bouzonville,lordship-beaurains,feudal,,94,,
morhange,district-morhange,admin,,94,,
morhange,lordship-morhange,feudal,,94,,
racrange,district-morhange,admin,,94,,
racrange,lordship-morhange,feudal,,94,,
achain,district-morhange,admin,,94,,
achain,lordship-morhange,feudal,,94,,
pevange,district-morhange,admin,,94,,
pevange,lordship-morhange,feudal,,94,,
riche,district-morhange,admin,,94,,
riche,lordship-morhange,feudal,,94,,
lidrequin,district-morhange,admin,,94,,
lidrequin,lordship-morhange,feudal,,94,,
lidrezing,district-morhange,admin,,94,,
lidrezing,lordship-morhange,feudal,,94,,
sotzeling,district-morhange,admin,,94,,
sotzeling,lordship-morhange,feudal,,94,,
zarbeling,district-morhange,admin,,94,,
zarbeling,lordship-morhange,feudal,,94,,
rodalbe,district-morhange,admin,,94,,
rodalbe,lordship-morhange,feudal,,94,,
destry,district-morhange,admin,,94,,
destry,lordship-morhange,feudal,,94,,
landroff,district-morhange,admin,,94,,
landroff,lordship-morhange,feudal,,94,,
viller-grostenquin,district-morhange,admin,,94,,
viller-grostenquin,lordship-morhange,feudal,,94,,
harprich,district-morhange,admin,,94,,
harprich,lordship-morhange,feudal,,94,,
faulquemont,district-faulquemont,admin,,94,,
faulquemont,lordship-faulquemont,feudal,,94,,
vahl-les-faulquemont,district-faulquemont,admin,,94,,
vahl-les-faulquemont,lordship-faulquemont,feudal,,94,,
adelange,district-faulquemont,admin,,94,,
adelange,lordship-faulquemont,feudal,,94,,
einchwiller,district-faulquemont,admin,,94,,
einchwiller,lordship-faulquemont,feudal,,94,,
tritteling,district-faulquemont,admin,,94,,
tritteling,lordship-faulquemont,feudal,,94,,
guenviller,district-faulquemont,admin,,94,,
guenviller,lordship-faulquemont,feudal,,94,,
morlange,district-faulquemont,admin,,94,,
morlange,lordship-faulquemont,feudal,,94,,
forbach,district-forbach,admin,,95,,
forbach,lordship-forbach,feudal,,95,,
petite-rosselle,district-forbach,admin,,95,,
petite-rosselle,lordship-forbach,feudal,,95,,
oeting,district-forbach,admin,,95,,
oeting,lordship-forbach,feudal,,95,,
spicheren,district-forbach,admin,,95,,
spicheren,lordship-forbach,feudal,,95,,
ruchlingen,district-forbach,admin,,95,,
ruchlingen,lordship-forbach,feudal,,95,,
alsting,district-forbach,admin,,95,,
alsting,lordship-forbach,feudal,,95,,
hesseling,district-forbach,admin,,95,,
hesseling,lordship-forbach,feudal,,95,,
zinzing,district-forbach,admin,,95,,
zinzing,lordship-forbach,feudal,,95,,
etzling,district-forbach,admin,,95,,
etzling,lordship-forbach,feudal,,95,,
dittclingen,district-forbach,admin,,95,,
dittclingen,lordship-forbach,feudal,,95,,
kerbach,district-forbach,admin,,95,,
kerbach,lordship-forbach,feudal,,95,,
cadenbronn,district-forbach,admin,,95,,
cadenbronn,lordship-forbach,feudal,,95,,
itnbiiujen,district-forbach,admin,,95,,
itnbiiujen,lordship-forbach,feudal,,95,,
behren,district-forbach,admin,,95,,
behren,lordship-forbach,feudal,,95,,
vaudemont,bailiwick-vaudemont,admin,,95,,
vaudemont,county-vaudemont,feudal,,95,,
vezelise,bailiwick-vaudemont,admin,,95,,
vezelise,county-vaudemont,feudal,,95,,
chaouilley,bailiwick-vaudemont,admin,,95,,
chaouilley,county-vaudemont,feudal,,95,,
eulmont-dommaric-eulmont,bailiwick-vaudemont,admin,,95,,
eulmont-dommaric-eulmont,county-vaudemont,feudal,,95,,
dommarie-eulmont,bailiwick-vaudemont,admin,,95,,
dommarie-eulmont,county-vaudemont,feudal,,95,,
praye,bailiwick-vaudemont,admin,,95,,
praye,county-vaudemont,feudal,,95,,
frenelle-la-grande,bailiwick-vaudemont,admin,,95,,
frenelle-la-grande,county-vaudemont,feudal,,95,,
battigny,bailiwick-vaudemont,admin,,95,,
battigny,county-vaudemont,feudal,,95,,
gelaucourt,bailiwick-vaudemont,admin,,95,,
gelaucourt,county-vaudemont,feudal,,95,,
diarville,bailiwick-vaudemont,admin,,95,,
diarville,county-vaudemont,feudal,,95,,
houdreville,bailiwick-vaudemont,admin,,95,,
houdreville,county-vaudemont,feudal,,95,,
hammeville,bailiwick-vaudemont,admin,,95,,
hammeville,county-vaudemont,feudal,,95,,
clerey-sur-brenon,bailiwick-vaudemont,admin,,95,,
clerey-sur-brenon,county-vaudemont,feudal,,95,,
they-sous-vaudemont,bailiwick-vaudemont,admin,,95,,
they-sous-vaudemont,county-vaudemont,feudal,,95,,
gugney,bailiwick-vaudemont,admin,,95,,
gugney,county-vaudemont,feudal,,95,,
forcelles-sous-gugney,bailiwick-vaudemont,admin,,95,,
forcelles-sous-gugney,county-vaudemont,feudal,,95,,
thorey-lyautey,bailiwick-vaudemont,admin,,96,,
thorey-lyautey,county-vaudemont,feudal,,96,,
favieres,bailiwick-vaudemont,admin,,96,,
favieres,county-vaudemont,feudal,,96,,
saulxerotte,bailiwick-vaudemont,admin,,96,,
saulxerotte,county-vaudemont,feudal,,96,,
vitrey,bailiwick-vaudemont,admin,,96,,
vitrey,county-vaudemont,feudal,,96,,
goviller,bailiwick-vaudemont,admin,,96,,
goviller,county-vaudemont,feudal,,96,,
dolcourt,bailiwick-vaudemont,admin,,96,,
dolcourt,county-vaudemont,feudal,,96,,
ogneville,bailiwick-vaudemont,admin,,96,,
ogneville,county-vaudemont,feudal,,96,,
parey-saint-cesaire,bailiwick-vaudemont,admin,part,96,,
parey-saint-cesaire,county-vaudemont,feudal,,96,,
puxe,bailiwick-vaudemont,admin,,96,,
puxe,county-vaudemont,feudal,,96,,
velle,bailiwick-vaudemont,admin,,96,,
velle,county-vaudemont,feudal,,96,,
souveraincourl,bailiwick-vaudemont,admin,,96,,
souveraincourl,county-vaudemont,feudal,,96,,
houdelmont,bailiwick-vaudemont,admin,,96,,
houdelmont,county-vaudemont,feudal,,96,,
frenelle-la-petite,bailiwick-vaudemont,admin,,96,,
frenelle-la-petite,county-vaudemont,feudal,,96,,
grimonviller,bailiwick-vaudemont,admin,,96,,
grimonviller,county-vaudemont,feudal,,96,,
bouzanville,bailiwick-vaudemont,admin,,96,,
bouzanville,county-vaudemont,feudal,,96,,
repel,bailiwick-vaudemont,admin,,96,,
repel,county-vaudemont,feudal,,96,,
sion,bailiwick-vaudemont,admin,,96,,
sion,county-vaudemont,feudal,,96,,
boulaincourt,bailiwick-vaudemont,admin,,96,,
boulaincourt,county-vaudemont,feudal,,96,,
vandeleville,bailiwick-vaudemont,admin,,96,,
vandeleville,county-vaudemont,feudal,,96,,
thelod,bailiwick-vaudemont,admin,,96,,
thelod,county-vaudemont,feudal,,96,,
autrcy,bailiwick-vaudemont,admin,,96,,
autrcy,county-vaudemont,feudal,,96,,
tantonville,bailiwick-vaudemont,admin,,96,,
tantonville,county-vaudemont,feudal,,96,,
etreval,bailiwick-vaudemont,admin,,96,,
etreval,county-vaudemont,feudal,,96,,
forcelles-saint-gorgon,bailiwick-vaudemont,admin,,96,,
forcelles-saint-gorgon,county-vaudemont,feudal,,96,,
vroncourt,bailiwick-vaudemont,admin,,96,,
vroncourt,county-vaudemont,feudal,,96,,
quevilloncourt,bailiwick-vaudemont,admin,,96,,
quevilloncourt,county-vaudemont,feudal,,96,,
omelmont,bailiwick-vaudemont,admin,,96,,
omelmont,county-vaudemont,feudal,,96,,
courcelles,bailiwick-vaudemont,admin,,96,,
courcelles,county-vaudemont,feudal,,96,,
pulney,bailiwick-vaudemont,admin,,96,,
pulney,county-vaudemont,feudal,,96,,
fecocourt,bailiwick-vaudemont,admin,,97,,
fecocourt,county-vaudemont,feudal,,97,,
saxon,bailiwick-vaudemont,admin,,97,,
saxon,county-vaudemont,feudal,,97,,
chef-haut,bailiwick-vaudemont,admin,,97,,
chef-haut,county-vaudemont,feudal,,97,,
aboncourt,bailiwick-vaudemont,admin,,97,,
aboncourt,county-vaudemont,feudal,,97,,
rouvres-en-xaintois,bailiwick-vaudemont,admin,,97,,
rouvres-en-xaintois,county-vaudemont,feudal,,97,,
blemerey,bailiwick-vaudemont,admin,,97,,
blemerey,county-vaudemont,feudal,,97,,
chatel-sur-moselle,bailiwick-chatel-sur-moselle,admin,,97,,
nomexy,bailiwick-chatel-sur-moselle,admin,,97,,
moriville,bailiwick-chatel-sur-moselle,admin,,97,,
haillainville,bailiwick-chatel-sur-moselle,admin,,97,,
rehaincourt,bailiwick-chatel-sur-moselle,admin,,97,,
clezentaine,bailiwick-chatel-sur-moselle,admin,,97,,
portieux-charmes,bailiwick-chatel-sur-moselle,admin,,97,,
hardancourt,bailiwick-chatel-sur-moselle,admin,,97,,
ortoncourt,bailiwick-chatel-sur-moselle,admin,,97,,
bouxurulles,bailiwick-chatel-sur-moselle,admin,,97,,
frizon,bailiwick-chatel-sur-moselle,admin,,97,,
passoncourt,bailiwick-chatel-sur-moselle,admin,,97,,
saint-remy-aux-bois,bailiwick-chatel-sur-moselle,admin,,97,,
damas-aux-bois,bailiwick-chatel-sur-moselle,admin,,97,,
langley,bailiwick-chatel-sur-moselle,admin,,97,,
saint-boingt,bailiwick-chatel-sur-moselle,admin,,97,,
montzey,bailiwick-chatel-sur-moselle,admin,,97,,
loromontzey,bailiwick-chatel-sur-moselle,admin,,97,,
les-verrieres-douzaines,bailiwick-chatel-sur-moselle,admin,,97,,
villacourt,bailiwick-chatel-sur-moselle,admin,,97,,
battexey,bailiwick-chatel-sur-moselle,admin,,97,,
saint-germain,bailiwick-chatel-sur-moselle,admin,,97,,
chamagne,bailiwick-chatel-sur-moselle,admin,,98,,
rozelieures,bailiwick-chatel-sur-moselle,admin,,98,,
belval,bailiwick-chatel-sur-moselle,admin,,98,,
aubiey,bailiwick-chatel-sur-moselle,admin,,98,,
hadigny-les-verrieres,bailiwick-chatel-sur-moselle,admin,,98,,
lebeuville,bailiwick-chatel-sur-moselle,admin,,98,,
marainville-sur-madon,bailiwick-chatel-sur-moselle,admin,,98,,
lorro,bailiwick-chatel-sur-moselle,admin,,98,,
bainville-aux-miroirs,district-bainville-aux-miroirs,admin,,98,,
chamagne,district-bainville-aux-miroirs,admin,part,98,,
villacourt,district-bainville-aux-miroirs,admin,part,98,,
lebeuville,district-bainville-aux-miroirs,admin,part,98,,
marainville-sur-madon,district-bainville-aux-miroirs,admin,,98,,
saint-germain,district-bainville-aux-miroirs,admin,,98,,
xaronval,provostship-tantimont,admin,,99,,
hergugney,provostship-tantimont,admin,,99,,
battexey,provostship-tantimont,admin,,99,,
avrainville,provostship-tantimont,admin,,99,,
epinal,bailiwick-epinal,admin,,99,,
golbey,bailiwick-epinal,admin,,99,,
chavelot,bailiwick-epinal,admin,,99,,
thaon-les-vosges,bailiwick-epinal,admin,,99,,
deyvillers,bailiwick-epinal,admin,,99,,
girmont,bailiwick-epinal,admin,,99,,
sercoeur,bailiwick-epinal,admin,,99,,
villoncourt,bailiwick-epinal,admin,,99,,
padoux,bailiwick-epinal,admin,,99,,
badmenil-aux-bois,bailiwick-epinal,admin,,99,,
dignonville,bailiwick-epinal,admin,,99,,
saint-genest,bailiwick-epinal,admin,,99,,
sainte-helene,bailiwick-epinal,admin,,99,,
vomecourl,bailiwick-epinal,admin,,99,,
bult,bailiwick-epinal,admin,,99,,
saint-gorgon,bailiwick-epinal,admin,,99,,
dogneville,bailiwick-epinal,admin,,99,,
vincey,bailiwick-epinal,admin,,99,,
la-baffe,bailiwick-epinal,admin,,99,,
moussoux,bailiwick-epinal,admin,,99,,
archettes,bailiwick-epinal,admin,,99,,
longchamp-epinal,bailiwick-epinal,admin,,100,,
jeuxey,bailiwick-epinal,admin,,100,,
domevre-sur-aviere,bailiwick-epinal,admin,,100,,
vaxoncourt,bailiwick-epinal,admin,,100,,
pallegney,bailiwick-epinal,admin,,100,,
zincourt,bailiwick-epinal,admin,,100,,
vaudeville-epinal,bailiwick-epinal,admin,,100,,
igncy,bailiwick-epinal,admin,,100,,
gigney,bailiwick-epinal,admin,,100,,
hattonchatel,bailiwick-hattonchatel,admin,,100,,
rouvrois-sur-meuse,bailiwick-hattonchatel,admin,,100,,
hattonville,bailiwick-hattonchatel,admin,,100,,
herbeuville,bailiwick-hattonchatel,admin,,100,,
deuxnouds-aux-bois,bailiwick-hattonchatel,admin,,100,,
vigneulles-les-hattonchatel,bailiwick-hattonchatel,admin,,100,,
woel,bailiwick-hattonchatel,admin,,100,,
sntrilte,bailiwick-hattonchatel,admin,,100,,
saulx-en-voevre,bailiwick-hattonchatel,admin,,100,,
saint-remy-la-calonne,bailiwick-hattonchatel,admin,,100,,
billy-sous-les-cotes,bailiwick-hattonchatel,admin,,100,,
seuzey,bailiwick-hattonchatel,admin,,101,,
lavigneville,bailiwick-hattonchatel,admin,,101,,
hannonville-sous-les-cotes,bailiwick-hattonchatel,admin,,101,,
lamorville,bailiwick-hattonchatel,admin,,101,,
chaillon,bailiwick-hattonchatel,admin,,101,,
bassaucourt,bailiwick-hattonchatel,admin,,101,,
vieville-sous-les-cotes,bailiwick-hattonchatel,admin,,101,,
bannoncourt,bailiwick-hattonchatel,admin,,101,,
dompcevrin,bailiwick-hattonchatel,admin,,101,,
spada,bailiwick-hattonchatel,admin,,101,,
varvinay,bailiwick-hattonchatel,admin,,101,,
maizey,bailiwick-hattonchatel,admin,,101,,
relincourt,bailiwick-hattonchatel,admin,,101,,
senonville,bailiwick-hattonchatel,admin,,101,,
savonnieres-en-voevre,bailiwick-hattonchatel,admin,,101,,
avillers-fresnes-cn-vocvrc,bailiwick-hattonchatel,admin,,101,,
saint-maurice-sous-les-cotes,bailiwick-hattonchatel,admin,,101,,
saint-benoit-en-woevre,bailiwick-hattonchatel,admin,,101,,
creue,bailiwick-hattonchatel,admin,,101,,
maizey,ban-maizey,admin,,101,,
spada,ban-maizey,admin,,101,,
relincourt,ban-maizey,admin,,101,,
senonville,ban-maizey,admin,,101,,
apremont-la-foret,bailiwick-apremont,admin,,101,,
tigeville,bailiwick-apremont,admin,,102,,
saint-agnant-sous-les-cotes,bailiwick-apremont,admin,,102,,
liouville,bailiwick-apremont,admin,,102,,
boncourt,bailiwick-apremont,admin,,102,,
mandre-ia-pclite,bailiwick-apremont,admin,,102,,
forbeauvoisin,bailiwick-apremont,admin,,102,,
euvezin,bailiwick-apremont,admin,,102,,
hamonville,bailiwick-apremont,admin,,102,,
jouy-sous-les-cotes,bailiwick-apremont,admin,,102,,
allamont,bailiwick-apremont,admin,,102,,
marbotte,bailiwick-apremont,admin,,102,,
affleville,bailiwick-apremont,admin,,102,,
aix,bailiwick-apremont,admin,,102,,
ancy-sur-moselle,bailiwick-apremont,admin,,102,,
andilly,bailiwick-apremont,admin,,102,,
anoux,bailiwick-apremont,admin,,102,,
arry,bailiwick-apremont,admin,,102,,
aulnois-sous-yerluzey,bailiwick-apremont,admin,,102,,
bouillonville,bailiwick-apremont,admin,,102,,
san-bouryon,bailiwick-apremont,admin,,102,,
sun-de-laistrc,bailiwick-apremont,admin,,102,,
san-de-la-seine,bailiwick-apremont,admin,,102,,
san-saini-symphorien,bailiwick-apremont,admin,,102,,
san-de-vezin,bailiwick-apremont,admin,,102,,
bayonville-sur-mad,bailiwick-apremont,admin,,102,,
bertrameix,bailiwick-apremont,admin,,102,,
blenod-les-pont-a-mousson,bailiwick-apremont,admin,,102,,
boinville-en-woevre,bailiwick-apremont,admin,,102,,
bovee-sur-barboure,bailiwick-apremont,admin,,102,,
boviolles,bailiwick-apremont,admin,,102,,
brieulles-sur-meuse,bailiwick-apremont,admin,,102,,
broussey-en-blois,bailiwick-apremont,admin,,103,,
bure,bailiwick-apremont,admin,,103,,
san-saint-pierre,bailiwick-apremont,admin,,103,,
san-de-chaste,bailiwick-apremont,admin,,103,,
chonville,bailiwick-apremont,admin,,103,,
charey,bailiwick-apremont,admin,,103,,
chazelles,bailiwick-apremont,admin,,103,,
cornieville,bailiwick-apremont,admin,,103,,
cuvry,bailiwick-apremont,admin,,103,,
dampvitoux,bailiwick-apremont,admin,,103,,
dieulouard,bailiwick-apremont,admin,,103,,
dommartin-la-montagne,bailiwick-apremont,admin,,103,,
deuxnouds-aux-bois,bailiwick-apremont,admin,,103,,
dain-en-saulnois,bailiwick-apremont,admin,,103,,
euville,bailiwick-apremont,admin,,103,,
ecrouves,bailiwick-apremont,admin,,103,,
essey-et-maizerais,bailiwick-apremont,admin,,103,,
urcourt,bailiwick-apremont,admin,,103,,
fremereville-sous-les-cotes,bailiwick-apremont,admin,,103,,
girauvoisin,bailiwick-apremont,admin,,103,,
gironville-sous-les-cotes,bailiwick-apremont,admin,,103,,
jezainville,bailiwick-apremont,admin,,103,,
grand-menil,bailiwick-apremont,admin,,103,,
jranduoyain-bailliage-d-apremont,bailiwick-apremont,admin,,103,,
grosrouvres,bailiwick-apremont,admin,,103,,
ihimbery,bailiwick-apremont,admin,,103,,
lamarche-en-voevre,bailiwick-apremont,admin,,103,,
longchamps-sur-aire,bailiwick-apremont,admin,,103,,
jouaville,bailiwick-apremont,admin,,103,,
jury,bailiwick-apremont,admin,,103,,
jussy,bailiwick-apremont,admin,,103,,
lahayville,bailiwick-apremont,admin,,103,,
lairey,bailiwick-apremont,admin,,104,,
saint-privat-la-montagne,bailiwick-apremont,admin,,104,,
landres,bailiwick-apremont,admin,,104,,
lixieres,bailiwick-apremont,admin,,104,,
lion-devant-dun,bailiwick-apremont,admin,,104,,
magny,bailiwick-apremont,admin,,104,,
mailly-sur-seille,bailiwick-apremont,admin,,104,,
manheulles,bailiwick-apremont,admin,,104,,
marre,bailiwick-apremont,admin,,104,,
marson-sur-barboure,bailiwick-apremont,admin,,104,,
maizery,bailiwick-apremont,admin,,104,,
les-monthairons,bailiwick-apremont,admin,,104,,
merancourt-ou-merancourt,bailiwick-apremont,admin,,104,,
murvaux,bailiwick-apremont,admin,,104,,
marvoisin,bailiwick-apremont,admin,,104,,
menil-la-tour,bailiwick-apremont,admin,,104,,
milly-sur-bradon,bailiwick-apremont,admin,,104,,
moncel-ies-marcheville,bailiwick-apremont,admin,,104,,
mont-devant-sassey,bailiwick-apremont,admin,,104,,
mousson,bailiwick-apremont,admin,,104,,
moulainville,bailiwick-apremont,admin,,104,,
moineville,bailiwick-apremont,admin,,104,,
murville,bailiwick-apremont,admin,,104,,
nancois-le-grand,bailiwick-apremont,admin,,104,,
neuvcville,bailiwick-apremont,admin,,104,,
ottange,bailiwick-apremont,admin,,104,,
pont-sur-meuse,bailiwick-apremont,admin,,104,,
parfondrupt,bailiwick-apremont,admin,,104,,
pannes,bailiwick-apremont,admin,,104,,
platenges,bailiwick-apremont,admin,,104,,
rambucourt,bailiwick-apremont,admin,,104,,
remelange,bailiwick-apremont,admin,,104,,
raulecourt,bailiwick-apremont,admin,,105,,
remoiville,bailiwick-apremont,admin,,105,,
rcssoneourt,bailiwick-apremont,admin,,105,,
richecourt,bailiwick-apremont,admin,,105,,
royaumeix,bailiwick-apremont,admin,,105,,
rozerieulles,bailiwick-apremont,admin,,105,,
saint-aubin-sur-aire,bailiwick-apremont,admin,,105,,
saint-baussant,bailiwick-apremont,admin,,105,,
saint-jure,bailiwick-apremont,admin,,105,,
saint-julien-les-gorze,bailiwick-apremont,admin,,105,,
sainte-marie-aux-chenes,bailiwick-apremont,admin,,105,,
saint-privat,bailiwick-apremont,admin,,105,,
sainte-ruffine,bailiwick-apremont,admin,,105,,
beaumont,bailiwick-apremont,admin,,105,,
sanzey,bailiwick-apremont,admin,,105,,
seicheprey,bailiwick-apremont,admin,,105,,
xivray-et-marvoisin,bailiwick-apremont,admin,,105,,
sponville,bailiwick-apremont,admin,,105,,
tannois,bailiwick-apremont,admin,,105,,
vacherauville,bailiwick-apremont,admin,,105,,
val-sainle-marie,bailiwick-apremont,admin,,105,,
valleroy,bailiwick-apremont,admin,,105,,
vaux,bailiwick-apremont,admin,,105,,
vigneulles-les-hattonchatel,bailiwick-apremont,admin,,105,,
vertuzey,bailiwick-apremont,admin,,105,,
ville-au-val,bailiwick-apremont,admin,,105,,
villers-le-prud-homme,bailiwick-apremont,admin,,105,,
xammes,bailiwick-apremont,admin,,105,,
xonville,bailiwick-apremont,admin,,105,,
blamont,district-blamont,admin,,105,,
blamont,county-blamont,feudal,,105,,
domevre-sur-vezouze,district-blamont,admin,part,106,,
domevre-sur-vezouze,county-blamont,feudal,,106,,
repaix,district-blamont,admin,,106,,
repaix,county-blamont,feudal,,106,,
fremonville,district-blamont,admin,,106,,
fremonville,county-blamont,feudal,,106,,
barbas,district-blamont,admin,,106,,
barbas,county-blamont,feudal,,106,,
autrepierre,district-blamont,admin,,106,,
autrepierre,county-blamont,feudal,,106,,
amenoncourt,district-blamont,admin,,106,,
amenoncourt,county-blamont,feudal,,106,,
reillon,district-blamont,admin,,106,,
reillon,county-blamont,feudal,,106,,
remoncourt-blamont,district-blamont,admin,,106,,
remoncourt-blamont,county-blamont,feudal,,106,,
igney,district-blamont,admin,,106,,
igney,county-blamont,feudal,,106,,
domjevin,district-blamont,admin,,106,,
domjevin,county-blamont,feudal,,106,,
blemerey-blamont,district-blamont,admin,,106,,
blemerey-blamont,county-blamont,feudal,,106,,
halloville,district-blamont,admin,,106,,
halloville,county-blamont,feudal,,106,,
gondrexon,district-blamont,admin,,106,,
gondrexon,county-blamont,feudal,,106,,
chazelles-sur-albe,district-blamont,admin,,106,,
chazelles-sur-albe,county-blamont,feudal,,106,,
leintrey,district-blamont,admin,,106,,
leintrey,county-blamont,feudal,,106,,
saint-sauveur,district-blamont,admin,,106,,
saint-sauveur,county-blamont,feudal,,106,,
ogeviller,district-blamont,admin,,106,,
ogeviller,county-blamont,feudal,,106,,
reclonville,district-blamont,admin,,106,,
reclonville,county-blamont,feudal,,106,,
embermenil,district-blamont,admin,,106,,
embermenil,county-blamont,feudal,,106,,
migneville,district-blamont,admin,,106,,
migneville,county-blamont,feudal,,106,,
saint-martin,district-blamont,admin,,106,,
saint-martin,county-blamont,feudal,,106,,
launoy-ou-lanoy,district-blamont,admin,,106,,
launoy-ou-lanoy,county-blamont,feudal,,106,,
herbeviller,district-blamont,admin,,106,,
herbeviller,county-blamont,feudal,,106,,
montreux,district-blamont,admin,,106,,
montreux,county-blamont,feudal,,106,,
nonhigny,district-blamont,admin,,106,,
nonhigny,county-blamont,feudal,,106,,
saint-maurice-aux-forges,district-blamont,admin,,106,,
saint-maurice-aux-forges,county-blamont,feudal,,106,,
sinzey,district-blamont,admin,,106,,
sinzey,county-blamont,feudal,,106,,
avricourt,district-blamont,admin,,107,,
avricourt,county-blamont,feudal,,107,,
frisonviller,district-blamont,admin,,107,,
frisonviller,county-blamont,feudal,,107,,
deneuvre,provostship-deneuvre,admin,,107,,
deneuvre,lordship-deneuvre,feudal,,107,,
laitre-dcneuvie,provostship-deneuvre,admin,,107,,
laitre-dcneuvie,lordship-deneuvre,feudal,,107,,
fontenoy-la-joute,provostship-deneuvre,admin,,107,,
fontenoy-la-joute,lordship-deneuvre,feudal,,107,,
azerailles,provostship-deneuvre,admin,part,107,,
azerailles,lordship-deneuvre,feudal,,107,,
menil-flin,provostship-deneuvre,admin,,107,,
menil-flin,lordship-deneuvre,feudal,,107,,
flin,provostship-deneuvre,admin,,107,,
flin,lordship-deneuvre,feudal,,107,,
gelacourt,provostship-deneuvre,admin,,107,,
gelacourt,lordship-deneuvre,feudal,,107,,
brouville,provostship-deneuvre,admin,,107,,
brouville,lordship-deneuvre,feudal,,107,,
brouvelotte,provostship-deneuvre,admin,,107,,
brouvelotte,lordship-deneuvre,feudal,,107,,
hadomey,provostship-deneuvre,admin,,107,,
hadomey,lordship-deneuvre,feudal,,107,,
reheray,provostship-deneuvre,admin,,107,,
reheray,lordship-deneuvre,feudal,,107,,
ban-de-la-riviere,provostship-deneuvre,admin,,107,,
ban-de-la-riviere,lordship-deneuvre,feudal,,107,,
destord,provostship-deneuvre,admin,,107,,
destord,lordship-deneuvre,feudal,,107,,
moniet,provostship-deneuvre,admin,,107,,
moniet,lordship-deneuvre,feudal,,107,,
sarrebourg,town-district-sarrebourg,admin,,107,,
renting,town-district-sarrebourg,admin,,107,,
prieure-de-hesse,town-district-sarrebourg,admin,,108,,
hesse,town-district-sarrebourg,admin,,108,,
gosselming,town-district-sarrebourg,admin,part,108,,
imling,town-district-sarrebourg,admin,,108,,
nitting,town-district-sarrebourg,admin,,108,,
niderviller,town-district-sarrebourg,admin,,108,,
bcliling,town-district-sarrebourg,admin,,108,,
heming,town-district-sarrebourg,admin,,108,,
saarec-e,district-sarreck,admin,,108,,
saarec-e,lordship-sarreck,feudal,,108,,
sarraltroff,district-sarreck,admin,,108,,
sarraltroff,lordship-sarreck,feudal,,108,,
hommarting,district-sarreck,admin,,108,,
hommarting,lordship-sarreck,feudal,,108,,
kerprich-aux-bois,district-sarreck,admin,,108,,
kerprich-aux-bois,lordship-sarreck,feudal,,108,,
dolving,district-sarreck,admin,,108,,
dolving,lordship-sarreck,feudal,,108,,
buhl,district-sarreck,admin,,108,,
buhl,lordship-sarreck,feudal,,108,,
gosselming,district-sarreck,admin,,108,,
gosselming,lordship-sarreck,feudal,,108,,
oberstinzel,district-sarreck,admin,,108,,
oberstinzel,lordship-sarreck,feudal,,108,,
nitting,district-sarreck,admin,,108,,
nitting,lordship-sarreck,feudal,,108,,
eich,district-sarreck,admin,,108,,
eich,lordship-sarreck,feudal,,108,,
saint-hippolyte,district-saint-hippolyte,admin,,108,,
villette-au-val-sainei-gregoire,district-soultzbach,admin,,108,,
soulzbach,district-soultzbach,admin,,108,,
zimmerbach,district-soultzbach,admin,,108,,
liepvre,val-liepvre,admin,,108,,
sainte-croix-aux-mines,val-liepvre,admin,,109,,
zugmantel,val-liepvre,admin,,109,,
echery,val-liepvre,admin,,109,,
sainte-marie-aux-mines,val-liepvre,admin,,109,,
le-grand-rombach,val-liepvre,admin,,109,,
pciil-kombach,val-liepvre,admin,,109,,
ailcmand-rombach,val-liepvre,admin,,109,,
la-vraie-cote,val-liepvre,admin,,109,,
chateau-du-spitzemberg,district-spitzemberg,admin,,109,,
chateau-du-spitzemberg,lordship-spitzemberg,feudal,,109,,
nayemont-lez-fosses,district-spitzemberg,admin,,109,,
nayemont-lez-fosses,lordship-spitzemberg,feudal,,109,,
la-fosse,district-spitzemberg,admin,,109,,
la-fosse,lordship-spitzemberg,feudal,,109,,
sarralbe,district-sarralbe,admin,,109,,
sarralbe,lordship-sarralbe,feudal,,109,,
rech-241,district-sarralbe,admin,,109,,
rech-241,lordship-sarralbe,feudal,,109,,
eich-sarralbe,district-sarralbe,admin,,109,,
eich-sarralbe,lordship-sarralbe,feudal,,109,,
saltzbronn,district-sarralbe,admin,,109,,
saltzbronn,lordship-sarralbe,feudal,,109,,
nidcck,district-sarralbe,admin,,109,,
nidcck,lordship-sarralbe,feudal,,109,,
bitche,district-bitche,admin,,109,,
bitche,lordship-bitche,feudal,,109,,
kaltenliausen,district-bitche,admin,,109,,
kaltenliausen,lordship-bitche,feudal,,109,,
rohr,mayoralty-schorbach,admin,,109,,
rohr,lordship-bitche,feudal,,109,,
schorbach,mayoralty-schorbach,admin,,110,,
schorbach,lordship-bitche,feudal,,110,,
lengelsheim,mayoralty-schorbach,admin,,110,,
lengelsheim,lordship-bitche,feudal,,110,,
hanviller-les-bitche,mayoralty-schorbach,admin,,110,,
hanviller-les-bitche,lordship-bitche,feudal,,110,,
reyerswiller,mayoralty-schorbach,admin,,110,,
reyerswiller,lordship-bitche,feudal,,110,,
bousseviller,mayoralty-bousseviller,admin,,110,,
bousseviller,lordship-bitche,feudal,,110,,
breidenbach,mayoralty-bousseviller,admin,,110,,
breidenbach,lordship-bitche,feudal,,110,,
obersteinbach,mayoralty-steimbach,admin,,110,,
obersteinbach,lordship-bitche,feudal,,110,,
walschbronn,mayoralty-walschbronn,admin,,110,,
walschbronn,lordship-bitche,feudal,,110,,
haspeilseheidt,mayoralty-walschbronn,admin,,110,,
haspeilseheidt,lordship-bitche,feudal,,110,,
waldhausen,mayoralty-walschbronn,admin,,110,,
waldhausen,lordship-bitche,feudal,,110,,
kroppen,mayoralty-walschbronn,admin,,110,,
kroppen,lordship-bitche,feudal,,110,,
trulben,mayoralty-walschbronn,admin,,110,,
trulben,lordship-bitche,feudal,,110,,
eppenbrunn,mayoralty-walschbronn,admin,,110,,
eppenbrunn,lordship-bitche,feudal,,110,,
hilst,mayoralty-walschbronn,admin,,110,,
hilst,lordship-bitche,feudal,,110,,
schweix,mayoralty-walschbronn,admin,,110,,
schweix,lordship-bitche,feudal,,110,,
liedcrscheidt,mayoralty-walschbronn,admin,,110,,
liedcrscheidt,lordship-bitche,feudal,,110,,
roppeviller,mayoralty-walschbronn,admin,,110,,
roppeviller,lordship-bitche,feudal,,110,,
rimling,provostship-rimling,admin,,110,,
rimling,lordship-bitche,feudal,,110,,
weiskirch,provostship-rimling,admin,,110,,
weiskirch,lordship-bitche,feudal,,110,,
volmunster,provostship-rimling,admin,,110,,
volmunster,lordship-bitche,feudal,,110,,
urbach,provostship-rimling,admin,,110,,
urbach,lordship-bitche,feudal,,110,,
epping,provostship-rimling,admin,,110,,
epping,lordship-bitche,feudal,,110,,
bcuwillcr,provostship-rimling,admin,,110,,
bcuwillcr,lordship-bitche,feudal,,110,,
hoelling,provostship-rimling,admin,,110,,
hoelling,lordship-bitche,feudal,,110,,
guising,provostship-rimling,admin,,110,,
guising,lordship-bitche,feudal,,110,,
petit-rederching,provostship-rimling,admin,,110,,
petit-rederching,lordship-bitche,feudal,,110,,
hottviller,provostship-rimling,admin,,111,,
hottviller,lordship-bitche,feudal,,111,,
erching,provostship-rimling,admin,,111,,
erching,lordship-bitche,feudal,,111,,
holbach,provostship-rimling,admin,,111,,
holbach,lordship-bitche,feudal,,111,,
olferding,provostship-rimling,admin,,111,,
olferding,lordship-bitche,feudal,,111,,
ormersviller,provostship-rimling,admin,,111,,
ormersviller,lordship-bitche,feudal,,111,,
bockweiler,provostship-rimling,admin,,111,,
bockweiler,lordship-bitche,feudal,,111,,
walsheim,provostship-rimling,admin,,111,,
walsheim,lordship-bitche,feudal,,111,,
lotthringen,provostship-rimling,admin,,111,,
lotthringen,lordship-bitche,feudal,,111,,
altheim,mayoralty-altheim,admin,,111,,
altheim,lordship-bitche,feudal,,111,,
bining-les-rohrbaeh,mayoralty-berungen,admin,,111,,
bining-les-rohrbaeh,lordship-bitche,feudal,,111,,
siersthal,mayoralty-berungen,admin,,111,,
siersthal,lordship-bitche,feudal,,111,,
lemberg,mayoralty-berungen,admin,,111,,
lemberg,lordship-bitche,feudal,,111,,
lambach,mayoralty-berungen,admin,,111,,
lambach,lordship-bitche,feudal,,111,,
enchenberg,mayoralty-berungen,admin,,111,,
enchenberg,lordship-bitche,feudal,,111,,
rohrbach,mayoralty-berungen,admin,,111,,
rohrbach,lordship-bitche,feudal,,111,,
grosrederching,mayoralty-berungen,admin,,111,,
grosrederching,lordship-bitche,feudal,,111,,
kalhausen,mayoralty-berungen,admin,,111,,
kalhausen,lordship-bitche,feudal,,111,,
achen,mayoralty-berungen,admin,,111,,
achen,lordship-bitche,feudal,,111,,
etting,mayoralty-berungen,admin,,111,,
etting,lordship-bitche,feudal,,111,,
rolbing,mayoralty-rolbing,admin,,111,,
rolbing,lordship-bitche,feudal,,111,,
schmalenthal-les-baerenthal,mayoralty-rolbing,admin,,111,,
schmalenthal-les-baerenthal,lordship-bitche,feudal,,111,,
mouterhouse,mayoralty-rolbing,admin,,111,,
mouterhouse,lordship-bitche,feudal,,111,,
hobc-wcyersberg,mayoralty-rolbing,admin,,111,,
hobc-wcyersberg,lordship-bitche,feudal,,111,,
gentersberg,mayoralty-rolbing,admin,,112,,
gentersberg,lordship-bitche,feudal,,112,,
waldeck,mayoralty-rolbing,admin,,112,,
waldeck,lordship-bitche,feudal,,112,,
eguelshardt,mayoralty-rolbing,admin,,112,,
eguelshardt,lordship-bitche,feudal,,112,,
hilsprich,mayoralty-hilsperg,admin,,112,,
hilsprich,lordship-bitche,feudal,,112,,
zcllen,mayoralty-hilsperg,admin,,112,,
zcllen,lordship-bitche,feudal,,112,,
petit-tenquin,mayoralty-hilsperg,admin,,112,,
petit-tenquin,lordship-bitche,feudal,,112,,
conthil,mayoralty-hilsperg,admin,,112,,
conthil,lordship-bitche,feudal,,112,,
obergailbach,mayoralty-hilsperg,admin,,112,,
obergailbach,lordship-bitche,feudal,,112,,
niedergailbach,mayoralty-hilsperg,admin,,112,,
niedergailbach,lordship-bitche,feudal,,112,,
sturzelbronn,mayoralty-hilsperg,admin,,112,,
sturzelbronn,lordship-bitche,feudal,,112,,
lemberg-pirmasens,mayoralty-hilsperg,admin,,112,,
lemberg-pirmasens,lordship-bitche,feudal,,112,,
vinningen,mayoralty-hilsperg,admin,,112,,
vinningen,lordship-bitche,feudal,,112,,
riedelberg,mayoralty-hilsperg,admin,,112,,
riedelberg,lordship-bitche,feudal,,112,,
winzeln,mayoralty-hilsperg,admin,,112,,
winzeln,lordship-bitche,feudal,,112,,
gersbach,mayoralty-hilsperg,admin,,112,,
gersbach,lordship-bitche,feudal,,112,,
erlenbrunn,mayoralty-hilsperg,admin,,112,,
erlenbrunn,lordship-bitche,feudal,,112,,
obersimten,mayoralty-hilsperg,admin,,112,,
obersimten,lordship-bitche,feudal,,112,,
pirmasens,mayoralty-hilsperg,admin,,112,,
pirmasens,lordship-bitche,feudal,,112,,
thalfroschen,mayoralty-hilsperg,admin,,112,,
thalfroschen,lordship-bitche,feudal,,112,,
et-ch,mayoralty-hilsperg,admin,,112,,
et-ch,lordship-bitche,feudal,,112,,
weuftrhaus,mayoralty-hilsperg,admin,,112,,
weuftrhaus,lordship-bitche,feudal,,112,,
eynothaws,mayoralty-hilsperg,admin,,112,,
eynothaws,lordship-bitche,feudal,,112,,
burgalben,mayoralty-hilsperg,admin,,112,,
burgalben,lordship-bitche,feudal,,112,,
donsieders,mayoralty-hilsperg,admin,,113,,
donsieders,lordship-bitche,feudal,,113,,
munchweilcr,mayoralty-hilsperg,admin,,113,,
munchweilcr,lordship-bitche,feudal,,113,,
dictersba-eh,mayoralty-hilsperg,admin,,113,,
dictersba-eh,lordship-bitche,feudal,,113,,
ransctiborn,mayoralty-hilsperg,admin,,113,,
ransctiborn,lordship-bitche,feudal,,113,,
stanuemiein,mayoralty-hilsperg,admin,,113,,
stanuemiein,lordship-bitche,feudal,,113,,
imshuchc-rtof,mayoralty-hilsperg,admin,,113,,
imshuchc-rtof,lordship-bitche,feudal,,113,,
weidesheim,mayoralty-hilsperg,admin,,113,,
weidesheim,lordship-bitche,feudal,,113,,
falkenstein-les-baerenthal,mayoralty-hilsperg,admin,,113,,
falkenstein-les-baerenthal,lordship-bitche,feudal,,113,,
althorn,mayoralty-hilsperg,admin,,113,,
althorn,lordship-bitche,feudal,,113,,
neuulhann,mayoralty-hilsperg,admin,,113,,
neuulhann,lordship-bitche,feudal,,113,,
loutzviller,mayoralty-hilsperg,admin,,113,,
loutzviller,lordship-bitche,feudal,,113,,
eschviller,mayoralty-hilsperg,admin,,113,,
eschviller,lordship-bitche,feudal,,113,,
schweyen,mayoralty-hilsperg,admin,,113,,
schweyen,lordship-bitche,feudal,,113,,
contwig,mayoralty-hilsperg,admin,part,113,,
contwig,lordship-bitche,feudal,,113,,
wiesviller,mayoralty-hilsperg,admin,,113,,
wiesviller,lordship-bitche,feudal,,113,,
woelfling,mayoralty-hilsperg,admin,,113,,
woelfling,lordship-bitche,feudal,,113,,
montbronn,mayoralty-hilsperg,admin,,113,,
montbronn,lordship-bitche,feudal,,113,,
phalsbourg,district-phalsbourg,admin,,113,,
phalsbourg,lordship-phalsbourg,feudal,,113,,
einarizhauscn,district-phalsbourg,admin,,113,,
einarizhauscn,lordship-phalsbourg,feudal,,113,,
lutzelbourg,district-phalsbourg,admin,,113,,
lutzelbourg,lordship-phalsbourg,feudal,,113,,
hultehouse,district-phalsbourg,admin,,113,,
hultehouse,lordship-phalsbourg,feudal,,113,,
hazelbourg,district-phalsbourg,admin,,114,,
hazelbourg,lordship-phalsbourg,feudal,,114,,
mittelbronn,district-phalsbourg,admin,,114,,
mittelbronn,lordship-phalsbourg,feudal,,114,,
vilsberg,district-phalsbourg,admin,,114,,
vilsberg,lordship-phalsbourg,feudal,,114,,
hombourg-haut,castellany-hombourg-et-saint-avold,admin,,114,,
hombourg-haut,lordship-hombourg-et-saint-avold,feudal,,114,,
saint-avold,castellany-hombourg-et-saint-avold,admin,,114,,
saint-avold,lordship-hombourg-et-saint-avold,feudal,,114,,
hombourg-bas,castellany-hombourg-et-saint-avold,admin,,114,,
hombourg-bas,lordship-hombourg-et-saint-avold,feudal,,114,,
macheren,castellany-hombourg-et-saint-avold,admin,,114,,
macheren,lordship-hombourg-et-saint-avold,feudal,,114,,
petil-ei-ci-willer,castellany-hombourg-et-saint-avold,admin,,114,,
petil-ei-ci-willer,lordship-hombourg-et-saint-avold,feudal,,114,,
guenviller,castellany-hombourg-et-saint-avold,admin,,114,,
guenviller,lordship-hombourg-et-saint-avold,feudal,,114,,
cocheren,castellany-hombourg-et-saint-avold,admin,,114,,
cocheren,lordship-hombourg-et-saint-avold,feudal,,114,,
emmersweiler,castellany-hombourg-et-saint-avold,admin,,114,,
emmersweiler,lordship-hombourg-et-saint-avold,feudal,,114,,
folckling,castellany-hombourg-et-saint-avold,admin,,114,,
folckling,lordship-hombourg-et-saint-avold,feudal,,114,,
vahl-ebersing,castellany-hombourg-et-saint-avold,admin,,114,,
vahl-ebersing,lordship-hombourg-et-saint-avold,feudal,,114,,
lixing-les-saint-avold,castellany-hombourg-et-saint-avold,admin,,114,,
lixing-les-saint-avold,lordship-hombourg-et-saint-avold,feudal,,114,,
farebersviller,castellany-hombourg-et-saint-avold,admin,,114,,
farebersviller,lordship-hombourg-et-saint-avold,feudal,,114,,
morsbach,castellany-hombourg-et-saint-avold,admin,,114,,
morsbach,lordship-hombourg-et-saint-avold,feudal,,114,,
bousse,castellany-hombourg-et-saint-avold,admin,,114,,
bousse,lordship-hombourg-et-saint-avold,feudal,,114,,
freybouse,castellany-hombourg-et-saint-avold,admin,,114,,
freybouse,lordship-hombourg-et-saint-avold,feudal,,114,,
seingbousse,castellany-hombourg-et-saint-avold,admin,,114,,
seingbousse,lordship-hombourg-et-saint-avold,feudal,,114,,
maxstadt,castellany-hombourg-et-saint-avold,admin,,114,,
maxstadt,lordship-hombourg-et-saint-avold,feudal,,114,,
hoste,castellany-hombourg-et-saint-avold,admin,,114,,
hoste,lordship-hombourg-et-saint-avold,feudal,,114,,
teting,castellany-hombourg-et-saint-avold,admin,,114,,
teting,lordship-hombourg-et-saint-avold,feudal,,114,,
metring,castellany-hombourg-et-saint-avold,admin,,114,,
metring,lordship-hombourg-et-saint-avold,feudal,,114,,
pontpierre,castellany-hombourg-et-saint-avold,admin,,114,,
pontpierre,lordship-hombourg-et-saint-avold,feudal,,114,,
haute-vigneulles,castellany-hombourg-et-saint-avold,admin,,114,,
haute-vigneulles,lordship-hombourg-et-saint-avold,feudal,,114,,
l-hopital,castellany-hombourg-et-saint-avold,admin,,114,,
l-hopital,lordship-hombourg-et-saint-avold,feudal,,114,,
dourd-hal,castellany-hombourg-et-saint-avold,admin,,115,,
dourd-hal,lordship-hombourg-et-saint-avold,feudal,,115,,
lachambre,castellany-hombourg-et-saint-avold,admin,,115,,
lachambre,lordship-hombourg-et-saint-avold,feudal,,115,,
teterchen,castellany-hombourg-et-saint-avold,admin,,115,,
teterchen,lordship-hombourg-et-saint-avold,feudal,,115,,
alfviller,castellany-hombourg-et-saint-avold,admin,,115,,
alfviller,lordship-hombourg-et-saint-avold,feudal,,115,,
guinglange,castellany-hombourg-et-saint-avold,admin,,115,,
guinglange,lordship-hombourg-et-saint-avold,feudal,,115,,
guessling,castellany-hombourg-et-saint-avold,admin,,115,,
guessling,temporality-abbey-saint-avold,feudal,,115,,
hemering,castellany-hombourg-et-saint-avold,admin,,115,,
hemering,temporality-abbey-saint-avold,feudal,,115,,
teting,temporality-abbey-saint-avold,feudal,,115,,
boustroff,castellany-hombourg-et-saint-avold,admin,,115,,
boustroff,temporality-abbey-saint-avold,feudal,,115,,
bisten-en-lorraine,castellany-hombourg-et-saint-avold,admin,,115,,
bisten-en-lorraine,temporality-abbey-saint-avold,feudal,,115,,
boucheporn,castellany-hombourg-et-saint-avold,admin,,115,,
boucheporn,temporality-abbey-saint-avold,feudal,,115,,
obervisse,castellany-hombourg-et-saint-avold,admin,,115,,
obervisse,temporality-abbey-saint-avold,feudal,,115,,
niedervisse,castellany-hombourg-et-saint-avold,admin,,115,,
niedervisse,temporality-abbey-saint-avold,feudal,,115,,
halling-les-boulay,castellany-hombourg-et-saint-avold,admin,,115,,
halling-les-boulay,temporality-abbey-saint-avold,feudal,,115,,
lelling,castellany-hombourg-et-saint-avold,admin,,115,,
lelling,temporality-abbey-saint-avold,feudal,,115,,
folschwiller,castellany-hombourg-et-saint-avold,admin,,115,,
folschwiller,temporality-abbey-saint-avold,feudal,,115,,
hinckange,castellany-hombourg-et-saint-avold,admin,,115,,
hinckange,temporality-abbey-saint-avold,feudal,,115,,
buding,castellany-hombourg-et-saint-avold,admin,,115,,
buding,temporality-abbey-saint-avold,feudal,,115,,
valmont,castellany-hombourg-et-saint-avold,admin,,115,,
valmont,lordship-hombourg-et-saint-avold,feudal,,115,,
folschwiller,lordship-hombourg-et-saint-avold,feudal,,115,,
laning,castellany-hombourg-et-saint-avold,admin,,115,,
laning,lordship-hombourg-et-saint-avold,feudal,,115,,
fremestroff,castellany-hombourg-et-saint-avold,admin,,115,,
fremestroff,lordship-hombourg-et-saint-avold,feudal,,115,,
marsal,town-district-marsal,admin,,115,,
juvelize,town-district-marsal,admin,,115,,
haraucourt-sur-seille,town-district-marsal,admin,,115,,
saint-medard,town-district-marsal,admin,,115,,
donnelay,town-district-marsal,admin,part,116,,
belmont-sur-buttant,ban-belmont,admin,,58,medium,"the unit's own seat: 'Ban de Belmont' (provostship of Bruyères), the Belmont near Bruyères"
bouxieres-aux-bois,ban-bouxieres,admin,,70,medium,"the unit's own seat: 'Ban de Bouxières' (provostship of Dompaire), where Bouxières-aux-Bois is listed"
grandvillers,ban-grandvillers-et-dompierre,admin,,58,high,the unit's own seat: 'Ban de Grandvillers et Dompierre'
dompierre,ban-grandvillers-et-dompierre,admin,,58,high,the unit's own seat: 'Ban de Grandvillers et Dompierre'
saint-die-des-vosges,ban-saint-die,admin,,46,high,the unit's own seat: 'Ban de Saint-Dié'
varsberg,lordship-varsberg,feudal,,84,high,the unit's own seat: 'Seigneurie de Varsberg'
sierck,sub-provostship-sierck,admin,,78,high,the unit's own seat: 'Sous-prévôté de Sierck'
