id,kind,name_fr,name_de,name_en,variants,place_type,lat,lon,wikidata_id,geonames_id,modern_country,index_kind,index_commune,index_canton,index_dept,lost,hierarchy,holder_id,counterpart_id,counterpart_basis,source_page,confidence,notes
bailiwick-allemagne,territory,Bailliage d'Allemagne,Amt (Bailliage) Allemagne,Bailiwick of Allemagne,,bailiwick,,,,,,,,,,,admin,,,,77,high,
bailiwick-apremont,territory,Bailliage d'Apremont,Amt (Bailliage) Apremont,Bailiwick of Apremont,Aspremont,bailiwick,,,,,,,,,,,admin,,,,101,high,
bailiwick-chatel-sur-moselle,territory,Bailliage de Châtel-sur-Moselle,Amt (Bailliage) Châtel-sur-Moselle,Bailiwick of Châtel-sur-Moselle,Chastel~sur-Moze',bailiwick,,,,,,,,,,,admin,,,,97,high,
bailiwick-epinal,territory,Bailliage d'Épinal,Amt (Bailliage) Épinal,Bailiwick of Épinal,Espinal,bailiwick,,,,,,,,,,,admin,,,,99,high,
bailiwick-hattonchatel,territory,Bailliage d'Hattonchâtel,Amt (Bailliage) Hattonchâtel,Bailiwick of Hattonchâtel,Hatonchastel,bailiwick,,,,,,,,,,,admin,,,,100,high,
bailiwick-nancy,territory,Bailliage de Nancy,Amt (Bailliage) Nancy,Bailiwick of Nancy,,bailiwick,,,,,,,,,,,admin,,,,34,high,
bailiwick-vaudemont,territory,Bailliage de Vaudémont,Amt (Bailliage) Vaudémont,Bailiwick of Vaudémont,,bailiwick,,,,,,,,,,,admin,,county-vaudemont,heading,95,high,
bailiwick-vosges,territory,Bailliage de Vosges,Amt (Bailliage) Vosges,Bailiwick of Vosges,,bailiwick,,,,,,,,,,,admin,,,,56,high,
ban-anould,territory,Ban d'Anould,Bann Anould,Ban of Anould,Anoul,ban,,,,,,,,,,,admin,,,,45,high,
ban-arches,territory,Ban d'Arches,Bann Arches,Ban of Arches,,ban,,,,,,,,,,,admin,,,,59,high,
ban-ban-le-duc,territory,Ban de Ban-le-Duc,Bann Ban-le-Duc,Ban of Ban-le-Duc,duc de Clcuvccy,ban,,,,,,,,,,,admin,,,,46,high,
ban-bayecourt,territory,Ban de Bayecourt,Bann Bayecourt,Ban of Bayecourt,,ban,,,,,,,,,,,admin,,,,58,high,
ban-bellefontaine,territory,Ban de Bellefontaine,Bann Bellefontaine,Ban of Bellefontaine,Bellefbntaiiic,ban,,,,,,,,,,,admin,,,,60,high,
ban-belmont,territory,Ban de Belmont,Bann Belmont,Ban of Belmont,Belmonl,ban,,,,,,,,,,,admin,,,,58,high,
ban-bouxieres,territory,Ban de Bouxières,Bann Bouxières,Ban of Bouxières,,ban,,,,,,,,,,,admin,,,,70,high,
ban-clefcy,territory,Ban de Clefcy,Bann Clefcy,Ban of Clefcy,Cleuveey,ban,,,,,,,,,,,admin,,,,47,high,
ban-escles,territory,Ban d'Escles,Bann Escles,Ban of Escles,,ban,,,,,,,,,,,admin,,,,69,high,
ban-etival,territory,Ban d'Étival,Bann Étival,Ban of Étival,Estival,ban,,,,,,,,,,,admin,,,,47,high,
ban-fraize,territory,Ban de Fraize,Bann Fraize,Ban of Fraize,i'_* Fressv,ban,,,,,,,,,,,admin,,,,51,high,
ban-girancourt,territory,Ban de Girancourt,Bann Girancourt,Ban of Girancourt,,ban,,,,,,,,,,,admin,,,,71,high,
ban-grandvillers-et-dompierre,territory,Ban de Grandvillers et Dompierre,Bann Grandvillers et Dompierre,Ban of Grandvillers et Dompierre,Grandviller et Dompierre,ban,,,,,,,,,,,admin,,,,58,high,
ban-harol,territory,Ban d'Harol,Bann Harol,Ban of Harol,,ban,,,,,,,,,,,admin,,,,69,high,
ban-longchamp,territory,Ban de Longchamp,Bann Longchamp,Ban of Longchamp,Lonchamp,ban,,,,,,,,,,,admin,,,,61,high,
ban-madonne,territory,Ban de Madonne,Bann Madonne,Ban of Madonne,,ban,,,,,,,,,,,admin,,,,70,high,
ban-maizey,territory,Ban de Maizey,Bann Maizey,Ban of Maizey,Maizcy,ban,,,,,,,,,,,admin,,,,101,high,
ban-molin,territory,Ban de Molin,Bann Molin,Ban of Molin,,ban,,,,,,,,,,,admin,,,,60,high,
ban-ramonchamp,territory,Ban de Ramonchamp,Bann Ramonchamp,Ban of Ramonchamp,tic Ramonch;tmp=,ban,,,,,,,,,,,admin,,,,62,high,
ban-sainct-pierre,territory,Ban de Sainct-Pierre,Bann Sainct-Pierre,Ban of Sainct-Pierre,,ban,,,,,,,,,,,admin,,,,53,high,
ban-saint-die,territory,Ban de Saint-Dié,Bann Saint-Dié,Ban of Saint-Dié,Sainct-Diey,ban,,,,,,,,,,,admin,,,,46,high,
ban-sardey,territory,Ban de Sardey,Bann Sardey,Ban of Sardey,Sardcy,ban,,,,,,,,,,,admin,,,,49,high,
ban-sept,territory,Ban de Sept,Bann Sept,Ban of Sept,,ban,,,,,,,,,,,admin,,,,49,high,
ban-taintrux,territory,Ban de Taintrux,Bann Taintrux,Ban of Taintrux,Tcintruz,ban,,,,,,,,,,,admin,,,,49,high,
ban-tendon,territory,Ban de Tendon,Bann Tendon,Ban of Tendon,,ban,,,,,,,,,,,admin,,,,60,high,
ban-uxegney,territory,Ban d'Uxegney,Bann Uxegney,Ban of Uxegney,,ban,,,,,,,,,,,admin,,,,69,high,
ban-vagney,territory,Ban de Vagney,Bann Vagney,Ban of Vagney,Vagny,ban,,,,,,,,,,,admin,,,,61,high,
ban-vaudicourt,territory,Ban de Vaudicourt,Bann Vaudicourt,Ban of Vaudicourt,Vaudieouri,ban,,,,,,,,,,,admin,,,,58,high,
castellany-conde-et-val-des-faulx,territory,Châtellenie de Condé et Val des Faulx,Kellerei Condé et Val des Faulx,Castellany of Condé et Val des Faulx,Coudé et Val des Faulx,castellany,,,,,,,,,,,admin,,,,53,high,
castellany-dieuze,territory,Châtellenie de Dieuze,Kellerei Dieuze,Castellany of Dieuze,,castellany,,,,,,,,,,,admin,,,,90,high,
castellany-hombourg-et-saint-avold,territory,Châtellenie d'Hombourg et Saint-Avold,Kellerei Hombourg et Saint-Avold,Castellany of Hombourg et Saint-Avold,,castellany,,,,,,,,,,,admin,,lordship-hombourg-et-saint-avold,heading,114,high,
castellany-marimont,territory,Châtellenie de Marimont,Kellerei Marimont,Castellany of Marimont,Morspcrg,castellany,,,,,,,,,,,admin,,,,91,high,
county-blamont,territory,Comté de Blâmont,Grafschaft Blâmont,County of Blâmont,,county,,,,,,,,,,,feudal,duchy-lorraine,district-blamont,alix_list,105,high,
county-chaligny,territory,Comté de Chaligny,Grafschaft Chaligny,County of Chaligny,Challigny,county,,,,,,,,,,,feudal,,,,40,high,
county-vaudemont,territory,Comté de Vaudémont,Grafschaft Vaudémont,County of Vaudémont,,county,,,,,,,,,,,feudal,duchy-lorraine,bailiwick-vaudemont,heading,95,high,
district-bainville-aux-miroirs,territory,Circonscription de Bainville-aux-Miroirs,Bezirk Bainville-aux-Miroirs,District of Bainville-aux-Miroirs,,district,,,,,,,,,,,admin,,,,98,high,
district-beaurains,territory,Circonscription de Beaurains,Bezirk Beaurains,District of Beaurains,Bcaurains,district,,,,,,,,,,,admin,,lordship-beaurains,slot,93,high,
district-bitche,territory,Circonscription de Bitche,Bezirk Bitche,District of Bitche,Biche,district,,,,,,,,,,,admin,,lordship-bitche,slot,109,high,
district-blamont,territory,Circonscription de Blâmont,Bezirk Blâmont,District of Blâmont,,district,,,,,,,,,,,admin,,county-blamont,alix_list,105,high,
district-faulquemont,territory,Circonscription de Faulquemont,Bezirk Faulquemont,District of Faulquemont,,district,,,,,,,,,,,admin,,lordship-faulquemont,slot,94,high,
district-forbach,territory,Circonscription de Forbach,Bezirk Forbach,District of Forbach,,district,,,,,,,,,,,admin,,lordship-forbach,slot,95,high,
district-merzig,territory,Circonscription de Merzig,Bezirk Merzig,District of Merzig,,district,,,,,,,,,,,admin,,,,86,high,
district-morhange,territory,Circonscription de Morhange,Bezirk Morhange,District of Morhange,Morhangcs,district,,,,,,,,,,,admin,,lordship-morhange,slot,94,high,
district-perl,territory,Circonscription de Perl,Bezirk Perl,District of Perl,,district,,,,,,,,,,,admin,,,,80,high,
district-phalsbourg,territory,Circonscription de Phalsbourg,Bezirk Phalsbourg,District of Phalsbourg,Pfahibourg,district,,,,,,,,,,,admin,,lordship-phalsbourg,slot,113,high,
district-puttelange,territory,Circonscription de Puttelange,Bezirk Puttelange,District of Puttelange,Puttclcngcs,district,,,,,,,,,,,admin,,lordship-puttelange,slot,92,high,
district-raon-l-etape,territory,Circonscription de Raon-l'Étape,Bezirk Raon-l'Étape,District of Raon-l'Étape,,district,,,,,,,,,,,admin,,,,46,high,
district-saargau,territory,Circonscription de Saargau,Bezirk Saargau,District of Saargau,,district,,,,,,,,,,,admin,,,,85,high,
district-saint-hippolyte,territory,Circonscription de Saint-Hippolyte,Bezirk Saint-Hippolyte,District of Saint-Hippolyte,,district,,,,,,,,,,,admin,,,,108,high,
district-sarralbe,territory,Circonscription de Sarralbe,Bezirk Sarralbe,District of Sarralbe,Aulbe,district,,,,,,,,,,,admin,,lordship-sarralbe,slot,109,high,
district-sarreck,territory,Circonscription de Sarreck,Bezirk Sarreck,District of Sarreck,Sarech,district,,,,,,,,,,,admin,,lordship-sarreck,slot,108,high,
district-soultzbach,territory,Circonscription de Soultzbach,Bezirk Soultzbach,District of Soultzbach,,district,,,,,,,,,,,admin,,,,108,high,
district-spitzemberg,territory,Circonscription de Spitzemberg,Bezirk Spitzemberg,District of Spitzemberg,,district,,,,,,,,,,,admin,,lordship-spitzemberg,slot,109,high,
duchy-lorraine,territory,Duché de Lorraine,Herzogtum Lothringen,Duchy of Lorraine,,duchy,,,,,,,,,,,admin,,,,34,high,
fief-keltern-ostern,territory,Fief de Keltern-Ostern,Lehen Keltern-Ostern,Fief of Keltern-Ostern,,fief,,,,,,,,,,,feudal,house-eberstein|house-oberstein,provostship-keltern-ostern,heading,89,high,
lordship-beaurains,territory,Terre et seigneurie de Beaurains,Herrschaft Beaurains,Lordship of Beaurains,Bcaurains,lordship,,,,,,,,,,,feudal,,district-beaurains,slot,93,high,
lordship-bitche,territory,Terre et seigneurie de Bitche,Herrschaft Bitche,Lordship of Bitche,Biche,lordship,,,,,,,,,,,feudal,duchy-lorraine,district-bitche,slot,109,high,
lordship-commercy,territory,Terre et seigneurie de Commercy,Herrschaft Commercy,Lordship of Commercy,,lordship,,,,,,,,,,,feudal,,,,40,high,
lordship-deneuvre,territory,Terre et seigneurie de Deneuvre,Herrschaft Deneuvre,Lordship of Deneuvre,,lordship,,,,,,,,,,,feudal,duchy-lorraine,provostship-deneuvre,heading,107,high,
lordship-faucompierre,territory,Terre et seigneurie de Faucompierre,Herrschaft Faucompierre,Lordship of Faucompierre,Faulcompicrrc,lordship,,,,,,,,,,,feudal,,,,59,high,
lordship-faulquemont,territory,Terre et seigneurie de Faulquemont,Herrschaft Faulquemont,Lordship of Faulquemont,,lordship,,,,,,,,,,,feudal,,district-faulquemont,slot,94,high,
lordship-fontenoy-le-chateau,territory,Terre et seigneurie de Fontenoy-le-Château,Herrschaft Fontenoy-le-Château,Lordship of Fontenoy-le-Château,Fonlenoy,lordship,,,,,,,,,,,feudal,,,,65,high,
lordship-forbach,territory,Terre et seigneurie de Forbach,Herrschaft Forbach,Lordship of Forbach,,lordship,,,,,,,,,,,feudal,,district-forbach,slot,95,high,
lordship-hey,territory,Terre et seigneurie d'Hey,Herrschaft Hey,Lordship of Hey,,lordship,,,,,,,,,,,feudal,,,,39,high,
lordship-hombourg-et-saint-avold,territory,Terre et seigneurie d'Hombourg et Saint-Avold,Herrschaft Hombourg et Saint-Avold,Lordship of Hombourg et Saint-Avold,,lordship,,,,,,,,,,,feudal,duchy-lorraine,castellany-hombourg-et-saint-avold,heading,114,high,
lordship-l-alleu,territory,Terre et seigneurie de l'Alleu,Herrschaft l'Alleu,Lordship of l'Alleu,l'Alloeud,lordship,,,,,,,,,,,feudal,,,,65,high,
lordship-l-avant-garde,territory,Terre et seigneurie de L'Avant-Garde,Herrschaft L'Avant-Garde,Lordship of L'Avant-Garde,L'avantgarde,lordship,,,,,,,,,,,feudal,,,,38,high,
lordship-le-chatelet,territory,Terre et seigneurie de Le Châtelet,Herrschaft Le Châtelet,Lordship of Le Châtelet,Chastelet,lordship,,,,,,,,,,,feudal,,,,39,high,
lordship-morhange,territory,Terre et seigneurie de Morhange,Herrschaft Morhange,Lordship of Morhange,Morhangcs,lordship,,,,,,,,,,,feudal,,district-morhange,slot,94,high,
lordship-phalsbourg,territory,Terre et seigneurie de Phalsbourg,Herrschaft Phalsbourg,Lordship of Phalsbourg,Pfahibourg,lordship,,,,,,,,,,,feudal,duchy-lorraine,district-phalsbourg,slot,113,high,
lordship-pierrefort,territory,Terre et seigneurie de Pierrefort,Herrschaft Pierrefort,Lordship of Pierrefort,,lordship,,,,,,,,,,,feudal,,,,39,high,
lordship-puttelange,territory,Terre et seigneurie de Puttelange,Herrschaft Puttelange,Lordship of Puttelange,Puttclcngcs,lordship,,,,,,,,,,,feudal,,district-puttelange,slot,92,high,
lordship-sarralbe,territory,Terre et seigneurie de Sarralbe,Herrschaft Sarralbe,Lordship of Sarralbe,Aulbe,lordship,,,,,,,,,,,feudal,,district-sarralbe,slot,109,high,
lordship-sarreck,territory,Terre et seigneurie de Sarreck,Herrschaft Sarreck,Lordship of Sarreck,Sarech,lordship,,,,,,,,,,,feudal,,district-sarreck,slot,108,high,
lordship-spitzemberg,territory,Terre et seigneurie de Spitzemberg,Herrschaft Spitzemberg,Lordship of Spitzemberg,,lordship,,,,,,,,,,,feudal,,district-spitzemberg,slot,109,high,
lordship-varsberg,territory,Terre et seigneurie de Varsberg,Herrschaft Varsberg,Lordship of Varsberg,Warssberg,lordship,,,,,,,,,,,feudal,,,,84,high,
lordship-warde-de-wisembach,territory,Terre et seigneurie de Warde de Wisembach,Herrschaft Warde de Wisembach,Lordship of Warde de Wisembach,,lordship,,,,,,,,,,,feudal,,,,45,high,
lordship-warde-du-saulcy,territory,Terre et seigneurie de Warde du Saulcy,Herrschaft Warde du Saulcy,Lordship of Warde du Saulcy,Wardc du Sauley,lordship,,,,,,,,,,,feudal,,,,46,high,
mayoralty-altheim,territory,Mairie d'Altheim,Meierei Altheim,Mayoralty of Altheim,Altbeim,mayoralty,,,,,,,,,,,admin,,,,111,high,
mayoralty-bertrimoutier,territory,Mairie de Bertrimoutier,Meierei Bertrimoutier,Mayoralty of Bertrimoutier,Beitrimonstier,mayoralty,,,,,,,,,,,admin,,,,48,high,
mayoralty-berungen,territory,Mairie de Berùngen,Meierei Berùngen,Mayoralty of Berùngen,,mayoralty,,,,,,,,,,,admin,,,,111,high,
mayoralty-bousseviller,territory,Mairie de Bousseviller,Meierei Bousseviller,Mayoralty of Bousseviller,Bussweiller,mayoralty,,,,,,,,,,,admin,,,,110,high,
mayoralty-hilsperg,territory,Mairie d'Hilsperg,Meierei Hilsperg,Mayoralty of Hilsperg,,mayoralty,,,,,,,,,,,admin,,,,112,high,
mayoralty-longchamp,territory,Mairie de Longchamp,Meierei Longchamp,Mayoralty of Longchamp,,mayoralty,,,,,,,,,,,admin,,,,64,high,
mayoralty-mandray,territory,Mairie de Mandray,Meierei Mandray,Mayoralty of Mandray,,mayoralty,,,,,,,,,,,admin,,,,48,high,
mayoralty-meurthe,territory,Mairie de Meurthe,Meierei Meurthe,Mayoralty of Meurthe,Meurthc,mayoralty,,,,,,,,,,,admin,,,,48,high,
mayoralty-rolbing,territory,Mairie de Rolbing,Meierei Rolbing,Mayoralty of Rolbing,Roïlingen,mayoralty,,,,,,,,,,,admin,,,,111,high,
mayoralty-sainte-marguerite,territory,Mairie de Sainte-Marguerite,Meierei Sainte-Marguerite,Mayoralty of Sainte-Marguerite,Sainctc-Margucree,mayoralty,,,,,,,,,,,admin,,,,47,high,
mayoralty-schorbach,territory,Mairie de Schorbach,Meierei Schorbach,Mayoralty of Schorbach,,mayoralty,,,,,,,,,,,admin,,,,109,high,
mayoralty-steimbach,territory,Mairie de Steimbach,Meierei Steimbach,Mayoralty of Steimbach,,mayoralty,,,,,,,,,,,admin,,,,110,high,
mayoralty-usuaires,territory,Mairie d'Usuaires,Meierei Usuaires,Mayoralty of Usuaires,Usuaircs,mayoralty,,,,,,,,,,,admin,,,,61,high,
mayoralty-walschbronn,territory,Mairie de Walschbronn,Meierei Walschbronn,Mayoralty of Walschbronn,Waldsborn,mayoralty,,,,,,,,,,,admin,,,,110,high,
office-boulay,territory,Office de Boulay,Amt Boulay,Office of Boulay,Boullay,office,,,,,,,,,,,admin,,,,82,high,
office-sarreguemines,territory,Office de Sarreguemines,Amt Sarreguemines,Office of Sarreguemines,Gucmunde,office,,,,,,,,,,,admin,,,,89,high,
office-schaumbourg,territory,Office de Schaumbourg,Amt Schaumbourg,Office of Schaumbourg,Seliawcmbourg,office,,,,,,,,,,,admin,,,,86,high,
office-siersberg,territory,Office de Siersberg,Amt Siersberg,Office of Siersberg,Sirsperg,office,,,,,,,,,,,admin,,,,84,high,
office-vaudrevange,territory,Office de Vaudrevange,Amt Vaudrevange,Office of Vaudrevange,Valderfanges,office,,,,,,,,,,,admin,,,,84,high,
provostship-amance,territory,Prévôté d'Amance,Propstei Amance,Provostship of Amance,Amanee,provostship,,,,,,,,,,,admin,,,,51,high,
provostship-arches,territory,Prévôté d'Arches,Propstei Arches,Provostship of Arches,,provostship,,,,,,,,,,,admin,,,,59,high,
provostship-azerailles,territory,Prévôté d'Azerailles,Propstei Azerailles,Provostship of Azerailles,,provostship,,,,,,,,,,,admin,,,,44,high,
provostship-bruyeres,territory,Prévôté de Bruyères,Propstei Bruyères,Provostship of Bruyères,,provostship,,,,,,,,,,,admin,,,,56,high,
provostship-charmes,territory,Prévôté de Charmes,Propstei Charmes,Provostship of Charmes,,provostship,,,,,,,,,,,admin,,,,65,high,
provostship-chatenois-et-neufchateau,territory,Prévôté de Châtenois et Neufchâteau,Propstei Châtenois et Neufchâteau,Provostship of Châtenois et Neufchâteau,Chaslenois et Neufchnsteau,provostship,,,,,,,,,,,admin,,,,74,high,
provostship-conde-sierck,territory,Prévôté de Condé (Sierck),Propstei Condé (Sierck),Provostship of Condé (Sierck),,provostship,,,,,,,,,,,admin,,,,80,high,
provostship-darney,territory,Prévôté de Darney,Propstei Darney,Provostship of Darney,,provostship,,,,,,,,,,,admin,,,,72,high,
provostship-deneuvre,territory,Prévôté de Deneuvre,Propstei Deneuvre,Provostship of Deneuvre,,provostship,,,,,,,,,,,admin,,lordship-deneuvre,heading,107,high,
provostship-dompaire-et-valfroicourt,territory,Prévôté de Dompaire et Valfroicourt,Propstei Dompaire et Valfroicourt,Provostship of Dompaire et Valfroicourt,Dompaire et Valfroeourt,provostship,,,,,,,,,,,admin,,,,68,high,
provostship-einville,territory,Prévôté d'Einville,Propstei Einville,Provostship of Einville,Einvilte,provostship,,,,,,,,,,,admin,,,,42,high,
provostship-gondreville,territory,Prévôté de Gondreville,Propstei Gondreville,Provostship of Gondreville,,provostship,,,,,,,,,,,admin,,,,54,high,
provostship-keltern-ostern,territory,Prévôté de Keltern-Ostern,Propstei Keltern-Ostern,Provostship of Keltern-Ostern,,provostship,,,,,,,,,,,admin,,fief-keltern-ostern,heading,89,high,
provostship-luneville,territory,Prévôté de Lunéville,Propstei Lunéville,Provostship of Lunéville,,provostship,,,,,,,,,,,admin,,,,43,high,
provostship-mirecourt-et-remoncourt,territory,Prévôté de Mirecourt et Remoncourt,Propstei Mirecourt et Remoncourt,Provostship of Mirecourt et Remoncourt,Mirccourt et Reuioneourt,provostship,,,,,,,,,,,admin,,,,66,high,
provostship-nancy,territory,Prévôté de Nancy,Propstei Nancy,Provostship of Nancy,,provostship,,,,,,,,,,,admin,,,,35,high,
provostship-preny,territory,Prévôté de Prény,Propstei Prény,Provostship of Prény,Preny,provostship,,,,,,,,,,,admin,,,,53,high,
provostship-rimling,territory,Prévôté de Rimling,Propstei Rimling,Provostship of Rimling,,provostship,,,,,,,,,,,admin,,,,110,high,
provostship-rosieres,territory,Prévôté de Rosières,Propstei Rosières,Provostship of Rosières,,provostship,,,,,,,,,,,admin,,,,40,high,
provostship-saint-die,territory,Prévôté de Saint-Dié,Propstei Saint-Dié,Provostship of Saint-Dié,Sainct-Diey,provostship,,,,,,,,,,,admin,,,,45,high,
provostship-sierck,territory,Prévôté de Sierck,Propstei Sierck,Provostship of Sierck,,provostship,,,,,,,,,,,admin,,,,77,high,
provostship-sierck-prevote-propre,territory,Prévôté de Sierck (prévôté propre),Propstei Sierck (prévôté propre),Provostship of Sierck (prévôté propre),,provostship,,,,,,,,,,,admin,,,,78,high,
provostship-tantimont,territory,Prévôté de Tantimont,Propstei Tantimont,Provostship of Tantimont,,provostship,,,,,,,,,,,admin,,,,99,high,
sub-provostship-sierck,territory,Sous-prévôté de Sierck,Unterpropstei Sierck,Sub-provostship of Sierck,,sub_provostship,,,,,,,,,,,admin,,,,78,high,
temporality-abbey-saint-avold,territory,Temporel de l'abbaye de Saint-Avold,Kirchengut der Abtei Saint-Avold,Lands of the abbey of Saint-Avold,,temporality,,,,,,,,,,,feudal,abbey-saint-avold,,,115,high,
town-district-marsal,territory,Ville de Marsal,Stadt mit Bann Marsal,Town and its district of Marsal,,town_district,,,,,,,,,,,admin,,,,115,high,
town-district-sarrebourg,territory,Ville de Sarrebourg,Stadt mit Bann Sarrebourg,Town and its district of Sarrebourg,,town_district,,,,,,,,,,,admin,,,,107,high,
val-ajol,territory,Val d'Ajol,Tal Ajol,Valley district of Ajol,Val-d'Ajol,val,,,,,,,,,,,admin,,,,63,high,
val-harol,territory,Val d'Harol,Tal Harol,Valley district of Harol,Val d'Arol,val,,,,,,,,,,,admin,,,,68,high,
val-liepvre,territory,Val de Liepvre,Tal Liepvre,Valley district of Liepvre,,val,,,,,,,,,,,admin,,,,108,high,
aboncourt,settlement,Aboncourt,,,Aboneourt,village,,,,,FR,,,Colombey,,,,,,,53,medium,
aboncourt-sur-sehie,settlement,Aboncourt-sur-SeHîe,,,Aboncourl,village,,,,,FR,,,Château-Salins,Meurthe,,,,,,52,medium,
abvefvenet-la-grande,settlement,Abvefvenet-la-Grande,,,,village,,,,,,,,,,,,,,,71,low,not found in the index
achain,settlement,Achain,,,Eschen,village,,,,,FR,,,Château-Salins,Meurthe,,,,,,94,medium,
achen,settlement,Achen,,,,village,,,,,FR,,,Rohrbach,,,,,,,111,high,
adelangc,settlement,Adelangc,,,Edlingen,village,,,,,FR,,,Faulqucmont,,,,,,,94,high,
adomenil,settlement,Adoménil,,,Adomesnil,farmstead,,,,,FR,ferme et chat.,Rehainviller,,,,,,,,44,high,
adompt,settlement,Adompt,,,Adon,hamlet,,,,,FR,"ham., lOuO",Gelvécourl,,,,,,,,71,high,
adoncourt,settlement,Adoncourt,,,Aboncourt,hamlet,,,,,FR,ham.,Dontmarlin-aux-Bois,,,,,,,,71,medium,
affieville,settlement,Affieville,,,Afflainville,village,,,,,FR,,,Conflans,Moselle,,,,,,102,medium,
affracourt,settlement,Affracourt,,,Offracourl,village,,,,,FR,,,Haroué,,,,,,,38,high,
agemont,settlement,Agémont,,,Ajoncourt,hamlet,,,,,FR,ham.,Dommartin-aux-Bois,,,,,,,,71,high,
agincourt,settlement,Agincourt,,,Agiencourt,village,,,,,FR,,,Nancy-Est,,,,,,,51,medium,
agneumenil,settlement,Agneuménil,,,Anneufmcsnii,hamlet,,,,,FR,ham.,Arches,,,,,,,,59,high,
aidolles,settlement,Aidolles',,,,village,,,,,,,,,,,,,,,58,low,not found in the index
ailcmand-rombach,settlement,Ailcmand-Rombach,,,L'Allemand-Rombach,village,,,,,FR,,,Sainte-Marie-aux-Mines,Haut-Rhin,,,,,,109,medium,
aillanvillc,settlement,Aillanvillc,,,Alainville|Allainville. ',village,,,,,FR,"113C, îitj",,Saint-Blin,Haute-Marne,,,,,,75,medium,
aingeray,settlement,Aingeray,,,Angery,village,,,,,FR,liCa,,Toul-Nord,,,,,,,55,high,
aisweilcr,settlement,Aisweilcr,,,Altzweiller,village,,,,,DE,,,Saint-Wendel,Pr.,,,,,,87,high,
aix,settlement,Aix,,,,village,,,,,,,,,,,,,,,102,low,not found in the index
ajoneourf,settlement,Ajoneourf,,,Ajoneourt,village,,,,,FR,,,Delme,Meurthe,,,,,,52,high,
alaincourl-la-cote,settlement,Alaincourl-la-Côte,,,Allincourt,village,,,,,FR,,,Delme,Meurthe,,,,,,52,medium,
albrich,settlement,Albrich,,,,village,,,,,,,,,,,,,,,53,low,not found in the index
alfviller,settlement,Alfviller,,,Allwciller,village,,,,,FR,,,Saint-Avold,,,,,,,115,high,
algoutle,settlement,Algoutle,,,Allegoutte et,hamlet,,,,,FR,ham.,Lavclinc,,,,,,,,46,medium,
allain-aux-boeufz,settlement,Allain-aux-Boeufz,,,,village,,,,,,,,,,,,,,,55,low,not found in the index
allamont,settlement,Allamont,,,,village,,,,,FR,,,Conflans,Moselle,,,,,,102,medium,
alsting,settlement,Alsting,,,Alstingen,village,,,,,FR,,,Forbach,,,,,,,95,high,
alt-et-neu-forweiler,settlement,Alt et Neu-Forweiler,,,Forweiller,village,,,,,FR,vil.,Berus,,,,,,,,93,high,
altheim,settlement,Altheim,,,,village,,,,,FR,,,Hornbach (Baw),,,,,,,111,high,
althorn,settlement,Althorn,,,Altltaun,village,,,,,FR,,,Bitche,,,,,,,113,high,
altrippc,settlement,Altrippc,,,Altrippen,village,,,,,FR,,,Grostenquin,,,,,,,92,medium,
alz-ing,settlement,Alz.ing,,,Ausclingcn,village,,,,,FR,,,Bouzonvillc,Moselle,,,,,,79,high,
amance,settlement,Amance,,,,town,,,,,FR,,,Nancy-Est,,,,,,,51,medium,
ambacourt,settlement,Ambacourt,,,Ambascourt|Embescourt,village,,,,,FR,,,Mireeourt,Vosges,,,,,,67,high,
amcrey,settlement,Amcrey,,,,hamlet,,,,,FR,ham.,Xerligny,,,,,,,,65,high,
ameleeourt,settlement,Ameléeourt,,,Amelecourt,village,,,,,FR,,,Château-Salins,Meurthe,,,,,,51,high,
amenoncourt,settlement,Amenoncourt,,,,village,,,,,FR,,,Blâmont,,,,,,,106,medium,
ancy-sur-moselle,settlement,Ancy-sur-Moselle,,,Ancy-sur-Mozelle,village,,,,,FR,,,Gorze,Moselle,,,,,,102,medium,
andillicr,settlement,Andillicr,,,,village,,,,,,,,,,,,,,,102,low,not found in the index
angviller,settlement,Angviller,,,Angweiller,village,,,,,FR,,,Fénétrange,Meurthe,,,,,,90,high,
annoult,settlement,Annoult,,,,village,,,,,,,,,,,,,,,102,low,not found in the index
anould,settlement,Anould,,,Anoul,village,,,,,FR,,,Fraize,,,,,,,45,high,
anozcl,settlement,Anozcl,,,Anouzcl,hamlet,,,,,FR,ham.,Sauicy,,,,,,,,50,high,
ansclnigen,settlement,Ansclnigen,,,,village,,,,,,,,,,,,,,,81,low,not found in the index
anthelupt,settlement,Anthelupt,,,Anlbelu,village,,,,,FR,,,Lunéville-Novd,,,,,,,37,medium,
anzeling,settlement,Anzeling,,,Anseldingen,village,,,,,FR,KVÔ,,Bouzonvillc,Moselle,,,,,,81,medium,
aouze,settlement,Aouze,,,,village,,,,,FR,,,Châteneis,,,,,,,75,high,
apach,settlement,Apach,,,Appach|Aspach,village,,,,,FR,,,Sicrek,Moselle,,,,,,78,medium,
apremonl,settlement,Apremonl,,,Aspremont,castle,,,,,FR,,,Saint-Mihiel,Meuse,,,,,,101,high,
arches,settlement,Arches,,,,town,,,,,FR,,,Epinal,,,,,,,59,medium,
archetles,settlement,Archetles,,,Archetlc|Arebelle,village,,,,,FR,,,Epinal,,,,,,,59,high,
arm-ucourt,settlement,Arm&ucourt,,,Armacourt,village,,,,,FR,,,Nomcny,Meurthe,,,,,,52,high,
arnaville,settlement,Arnaville,,,,village,,,,,FR,,,Thiaucourl,Meurthe,,,,,,53,high,
arracourt,settlement,Arracourt,,,,village,,,,,FR,,,Vie,Meurthe,,,,,,43,high,
arrayc-el-han,settlement,Arrayc-el-Han,,,Arrée,village,,,,,FR,,,Nomeny,Meurthe,,,,,,53,high,
arry,settlement,Arry,,,Arrce,village,,,,,FR,,,Gorze,Moselle,,,,,,102,high,
art-sur-meurlhe,settlement,Art-sur-Meurlhe,,,Arth-sur-Meurlhe,village,,,,,FR,,,Saint-Nicolas,,,,,,,36,high,
asscnoneourt,settlement,Asscnoneourt,,,Asscnoncourt,village,,,,,FR,,,R&hicourt-le-Chàteau,Meurthe,,,,,,90,high,
athienville,settlement,Athienville,,,,village,,,,,FR,,,Vie,Meurthe,,,,,,43,medium,
atligny,settlement,Atligny,,,Attigny,village,,,,,FR,,,Darney,,,,,,,72,high,
attigneville,settlement,Attignéville,,,Attignévillc,village,,,,,FR,,,Neufchâteau,Vosges,,,,,,39,high,
aubiey,settlement,Aubiey,,,Abiey,farmstead,,,,,FR,ferme (prieuré),Nomexy,,,,,,,,98,high,
aubripaire,settlement,Aubripaire,,,Aubripaire.!,hamlet,,,,,FR,ham.,Saulcy,,,,,,,,50,medium,
aucrsmacher,settlement,Aucrsmacher,,,Awerssmachci-,village,,,,,FR,vil.,Kleinblittersdorf,,,,,,,,89,medium,correction 6: Auersmarehcr → Aucrsmacher
aulnes-les-ham,settlement,Aulnes (les) ham,,,Les Aulnes,village,,,,,FR,,Fraizc,,,,,,,,51,high,
aulnois-sous-yerluzey,settlement,Aulnois-sous-Yerluzey,,,Aulnoy,village,,,,,FR,,,Commercy,,,,,,,102,high,
aumontzey,settlement,Aumontzey,,,Amonzey,village,,,,,FR,,,Coreieux,,,,,,,57,high,
aussen,settlement,Aussen,,,,village,,,,,DE,vil.,Beltingen,Saarlouis,Pr.,,,,,,87,medium,
autigny-la-tour,settlement,Autigny-la-Tour,,,Attigny la-Tour,village,,,,,FR,,,Cousscy,,,,,,,39,high,
autrcy,settlement,Autrcy,,,Aultrcy,village,,,,,FR,,,Yézelise,,,,,,,96,high,
autrepierrc,settlement,Autrepierrc,,,Aultrepierre,village,,,,,FR,,,Blàmonl,,,,,,,106,high,
autrewlle,settlement,Autrewlle,,,Autreville,village,,,,,FR,,,Pont-à-Mousson,Meurthe,,,,,,53,high,
autrey,settlement,Autrey,,,Aullrey-en-Vosges,village,,,,,FR,,,Rambervillers,Vosges,,,,,,130,high,
autrive,settlement,Autrive,,,Aulerive,hamlet,,,,,FR,ham.,Saini-Amé,,,,,,,,60,high,
auzainviiliers,settlement,Auzainviiliers,,,Auzainvillcr|Auzainville|Auzainviller,village,,,,,FR,,,Bulgnéville,,,,,,,75,high,
avant-garde,settlement,Avant-garde,,,L'avantgarde,castle,,,,,FR,écart (chat.),Pompcy,,,,,,,,38,high,
avillers,settlement,Avillers,,,Ahévillc|Aviller,village,,,,,FR,,,Charmes,,,,,,,68,medium,
avillers-fresnes-cn-vocvrc,settlement,Avillers,,,,village,,,,,FR,,,Fresnes-cn-Vocvrc,Meuse,,,,,,101,high,
avrainvillc,settlement,Avrainvillc,,,Avrainville,village,,,,,FR,,,Domèvrc-en-Ilayc,Meurthe,,,,,,39,medium,
avrainville,settlement,Avrainville,,,,village,,,,,FR,,,Charmes,,,,,,,99,medium,
avricourt,settlement,Avricourt,,,Averoneourt,village,,,,,FR,,,Réchicourl-le-Chàteau,Meurthe,,,,,,107,high,
aydoiles,settlement,Aydoiles,,,Aidolles,village,,,,,FR,,,Bruyères,,,,,,,56,high,
azelot,settlement,Azelot,,,,village,,,,,FR,,,Saint-Nicolas,,,,,,,37,high,
azerailles,settlement,Azerailles,,,,village,,,,,FR,,,Baccarat,Meurthe,,,,,,44,high,
ba-egncy,settlement,Ba/.egncy,,,Bazigny,village,,,,,FR,,,Dompairc,,,,,,,68,high,
badinenil,settlement,Badinénil,,,Bandemesnil,village,,,,,FR,,,Baccarat,Meurthe,,,,,,44,high,
badmenil-aux-bois,settlement,Badménil-aux-Bois,,,Bandesmcsnil,village,,,,,FR,,,Chute),,,,,,,99,high,
baffe,settlement,Baffe,,,La Baffe,village,,,,,FR,,,Epinal,,,,,,,99,high,
bagneux,settlement,Bagneux,,,Baigneux,village,,,,,FR,,,Colomhey,,,,,,,54,high,
baimois,settlement,Baimois,,,,village,,,,,,,,,,,,,,,74,low,not found in the index
bains,settlement,Bains,,,,village,,,,,FR,an*. Kpinal,,Bains,,,,,,,64,high,
bainviile,settlement,Bainviile,,,Bainville,village,,,,,FR,,,Dompairc,,,,,,,69,high,
bainville-aux-miroirs,settlement,Bainville-aux-Miroirs,,,Bainville|Bainville-aux-Mirouers,village,,,,,FR,,,Ilaroué,,,,,,,98,medium,
baldringen,settlement,Baldringen,,,Haltlcringen,hamlet,,,,,DE,ham.,Zerf,Saarburg,Pr.,,,,,,86,high,
ballering,settlement,Ballering,,,Balleringen,hamlet,,,,,FR,ham.,Holving,,,,,,,,92,high,
ballern,settlement,Ballern,,,Baldern,village,,,,,DE,vil.,Hilbringen,Merzig,Pr.,,,,,,85,high,
balleville,settlement,Balléville,,,,village,,,,,FR,,,Chùtenois,,,,,,,76,high,
bamont,settlement,Bamont,,,Baymont,hamlet,,,,,FR,ham.,Saulxures,,,,,,,,64,high,
ban-de-la-riviere,settlement,Ban de la Rivière,,,Le ban de la Rivière,village,,,,,FR,"nom donné à un territoire particulier, qui comprenait les villages d'HablainviHc, Burivillc, Réclonville, Vaxainville, Pettonville et Fréménil",,s de Bacearat et de Blâmont,,,,,,,107,high,
bannoncourt,settlement,Bannoncourt,,,,village,,,,,FR,,,Pierrefute,Meuse,,,,,,101,high,
bansch-orn,settlement,Bansch))orn,,,,village,,,,,,,,,,,,,,,115,low,not found in the index
bappel,settlement,Bappel,,,,village,,,,,,,,,,,,,,,66,low,not found in the index
barbas,settlement,Barbas,,,,village,,,,,FR,,,Blâmont,,,,,,,106,high,
barbay-scroux,settlement,Barbay-Scroux,,,Serou,village,,,,,FR,CGC,,Corcieux,,,,,,,59,high,
barbonvillc,settlement,Barbonvillc,,,Barbonvilie,village,,,,,FR,,,Rayon,,,,,,,41,high,
barville,settlement,Barville,,,Barvillc,village,,,,,FR,,,Nenfchâieau,,,,,,,76,high,
bary,settlement,Bary,,,Bury,village,,,,,FR,prévôté de Sicrek3,,,,true,,,,,81,medium,
basigny,settlement,Basigny,,,,village,,,,,,,,,,,,,,,72,low,not found in the index
bassaucourt,settlement,Bassaucourt,,,Barsaucourt,village,,,,,FR,,,Vigneulles,,,,,,,101,high,
bassing,settlement,Bassing,,,Bessingen,village,,,,,FR,,,Dieuze,,,,,,,90,high,
bathelemont-les-bauzemont,settlement,Bathelémont-lès-Bauzemont,,,Bathelémont,village,,,,,FR,,,Vie,Meurthe,,,,,,43,high,
batlexey,settlement,Batlexey,,,Batessey|Battcssey,village,,,,,FR,,,Charmes,,,,,,,97,medium,
batlielemont,settlement,Batlielémont,,,Barlhelémont,hamlet,,,,,FR,ham. et chat.,Saint-Médard,,,,,,,,91,medium,
battigny,settlement,Battigny,,,,village,,,,,FR,,,Colombcy,,,,,,,95,high,
baudricourt,settlement,Baudricourt,,,,village,,,,,FR,,,Mirceourt,Vosges,,,,,,68,high,
baumbidersstorfi,settlement,Baumbidersstorfi,,,,village,,,,,,,,,,,,,,,83,low,not found in the index
bauzcmont,settlement,Bauzcmont,,,Bauzemont,village,,,,,FR,,,Lunéville-Nord,,,,,,,43,high,
bayecourt,settlement,Bayecourt,,,Bayecourl,village,,,,,FR,,,Châtel,,,,,,,57,high,
bayon,settlement,Bayon,,,Baon,small_town,,,,,FR,,,Bayon,,,,,,,41,medium,
bayonville,settlement,Bayonville,,,,village,,,,,FR,,,Thiaucourt,Meurthe,,,,,,54,high,
bazoi-les-et-menil,settlement,Bazoî!les-et-Ménil,,,Bazaille|Bazailles|Bazoilles,village,,,,,FR,,,Ville),Bas-Rhin,,,,,,66,high,
bcaurains,settlement,Bcaurains,,,,village,,,,,,,,,,,,,,,129,low,not found in the index
bcliling,settlement,Bcliling,,,Putlingcn,deserted_village,,,,,FR,écart (vil. détr.),Bùhl,,,,,,,,108,high,
bcltsstroff,settlement,Bcltsstroff,,,,village,,,,,,,,,,,,,,,81,low,not found in the index
bcttegney,settlement,Bcttegney,,,Battigny|Bettigny,hamlet,,,,,FR,ham.,Damas-et-Bcttegney,,,,,,,,69,high,
bcttring,settlement,Bcttring,,,Bcrtrîngcn,hamlet,,,,,FR,ham.,Holving,,,,,,,,92,high,
bcuwillcr,settlement,Bcuwillcr,,,Bedweiller,village,,,,,FR,,,Rohrbach,,,,,,,110,high,
beaulieu,settlement,Beaulieu,,,Prieuré de Beaulicu,farmstead,,,,,FR,ferme (prieuré),Marainviller,,,,,,,,44,high,
beaupre,settlement,Beaupré,,,Bclpré,farmstead,,,,,FR,ferme (abbaye),Moncel-lès-Lunéville,,,,,,,,44,medium,
bebing,settlement,Bebing,,,Bubingen,village,,,,,FR,vil. délr.,Bousbach,,,,,,,,95,medium,added by correction 8
beckingen,settlement,Beckingen,,,Berkingen|Bickingen,village,,,,,DE,vil. (coinmanderie),Haustadt,Merzig,Pr.,,,,,,85,medium,
bedersdorf,settlement,Bedersdorf,,,Bederstorff,village,,,,,FR,vil.,iltersdorf,,,,,,,,93,high,
begnecourt,settlement,Begnécourt,,,Bignécourt,village,,,,,FR,,,Dompairc,,,,,,,71,high,
behren,settlement,Behren,,,Berren,village,,,,,FR,vil.,Kersbaeli,,,,,,,,95,medium,
belchamp,settlement,Belchamp,,,Beauchamps|Belchamps,hamlet,,,,,FR,ham. (abbaye),Mchoncourt,,,,,,,,44,high,
bellegoutte,settlement,Bellegoutte,,,Bullegoutte,village,,,,,FR,vil.,Corcieux,,,,,,,,57,high,
belleville,settlement,Belleville,,,Bellevil'e,village,,,,,FR,,,Pont-à-Mousson,Meurthe,,,,,,39,high,
belmont,settlement,Belmont,,,,village,,,,,FR,,,Brouvelieures,,,,,,,59,high,
belrepairc,settlement,Belrepairc,,,Belrepaire,hamlet,,,,,FR,ham.,Fraizc,,,,,,,,51,high,
belrupt,settlement,Belrupt,,,Belruz,hamlet,,,,,FR,ham. (verrerie),Hcnnezel,,,,,,,,73,high,
belrupt-darncy,settlement,Belrupt,,,Belruz,village,,,,,FR,,,Darncy,,,,,,,73,high,
beltnont-sur-vair,settlement,Beltnont-sur-Vair,,,Belmont,village,,,,,FR,,,Bulgnéville,,,,,,,75,medium,
belval,settlement,Belval,,,Belleval,hamlet,,,,,FR,ham. (prieuré),Porticux,,,,,,,,98,high,
benamenil,settlement,Bénaménil,,,Bénasmesnîl,village,,,,,FR,,,Lunéville-Sud-est,,,,,,,44,high,
benifosse,settlement,Bénîfosse,,,Benyfosse,hamlet,,,,,FR,ham.,Mandray,,,,,,,,48,medium,
benney,settlement,Benney,,,Bcnney,village,,,,,FR,,,Jlaroué,,,,,,,37,high,
berg,settlement,Berg,,,,village,,,,,,,,,,,,,,,81,low,not found in the index
bertrameix,settlement,Bertrameix,,,Bertrandmcy,village,,,,,FR,,,Audun-Ie-Roman,Moselle,,,,,,102,high,
bertrimoutier,settlement,Bertrimoutier,,,Bertrîmonstier,village,,,,,FR,,,Saint-Dié,Vosges,,,,,,48,medium,
berweiuer,settlement,BerweiUer,,,Berweiller,village,,,,,FR,,,Bouzonville,Moselle,,,,,,93,high,
besseringen,settlement,Besseringen,,,Besseringcn,village,,,,,DE,,,Merzig,Pr.,,,,,,85,high,
bethiiigcn,settlement,Bethiiigcn,,,Brcchlingen,village,,,,,DE,vil.,Orscholz,Saarburg,Pr.,,,,,,82,high,
betlange,settlement,Betlange,,,Bettingen,village,,,,,FR,,,Boulay,,,,,,,93,high,
bettegney-saint-brice,settlement,Bettegney-Saint-Brice,,,Battigny-Saincl-Brice|Battigny-Sainct-Briee,village,,,,,FR,,,Dompairc,,,,,,,66,high,
bettingen,settlement,Bettingen,,,Bcttingen|Beliingcn|Bettingcn|Brcttingen,village,,,,,DE,,,Saarlouis,Pr.,,,,,,82,low,correction 10: 1558 → 1457
bettoncourt,settlement,Bettoncourt,,,Bctoncourl|Bethoncourl,village,,,,,FR,,,Charmes,,,,,,,67,medium,
beulay,settlement,Beulay,,,Boulay.{ La mairie deLeaveline.i,village,,,,,FR,,,Saint-Dié,Vosges,,,,,,50,medium,
beurcn,settlement,Beurcn,,,Beuren,village,,,,,DE,vil.,Sinz,Saarburg,Pr.,,,,,,81,medium,
bibiche,settlement,Bibiche,,,Bincrssheim,village,,,,,FR,,,Bouzonville,Moselle,,,,,,80,high,
bibling,settlement,Bibling,,,Bublingen,village,,,,,FR,vil.,Merten,,,,,,,,94,high,
bideslroft,settlement,Bideslroft,,,BuderetortT,village,,,,,FR,,,Dieuze,,,,,,,91,medium,
biecourl,settlement,Biécourl,,,Biécourt,village,,,,,FR,,,Mirecourt,Vosges,,,,,,75,high,
bienville-la-petite,settlement,Bienville-la-Petite,,,Bienville-!a-Petite|Bienville-la-Petile,village,,,,,FR,,,Lunévillc-Nord,,,,,,,42,high,
biezen,settlement,Biezen,,,Bulzen,village,,,,,FR,vil.,Merzig,,,,,,,,85,medium,
bifontainc,settlement,Bifontainc,,,Byfontaine,village,,,,,FR,,,Brouvelieures,,,,,,,57,high,
biircn,settlement,Bîircn,,,Beurcn|Beuren,village,,,,,FR,vil.,Rehîingen,,,,,,,,84,high,
bining-les-rohrbaeh,settlement,Bining-lës-Rohrbaeh,,,Bc<;ingen,village,,,,,FR,,,Rohrbaeh,,,,,,,111,medium,
bioncourt,settlement,Bioncourt,,,Byoncourt,village,,,,,FR,,,Château-Salins,Meurthe,,,,,,52,high,
biringen,settlement,Biringen,,,Biringcn|fiiringen,village,,,,,FR,vil.,Oberesih,,,,,,,,78,high,
bising,settlement,Bising,,,Bursingen|Busingen,village,,,,,FR,vil.,Grindorff,Sierck,Moselle,,,,,,78,high,
bisping,settlement,Bisping,,,Bispenges,village,,,,,FR,,,l'énétrauge,Meurthe,,,,,,90,high,
bistcn,settlement,Bistcn,,,Biesten,village,,,,,DE,vil.,Ueberhern,Saarlouis,Pr.,,,,,,93,high,
bisten-im-loch,settlement,Bisten-im-Loch,,,Biestcin,village,,,,,FR,,,Boulay,,,,,,,115,high,
biuhe,settlement,Biuhe,,,Biche,castle,,,,,FR,,,Biuhe,,,,,,,109,high,
blainville-sur-reau,settlement,Blainville-sur-rEau,,,Blainville,village,,,,,FR,,,Rayon,,,,,,,41,high,
blanche-eglise,settlement,Blanche-Eglise,,,,village,,,,,FR,,,Dieuze,,,,,,,90,medium,
blanzey,settlement,Blanzey,,,,hamlet,,,,,FR,ham. (prieuré),Bouxières-aux-Chêncs,,,,,,,,52,high,
blemerey,settlement,Blémerey,,,Blamerey,village,,,,,FR,,,Mireeourt,Vosges,,,,,,72,high,
blemerey-blamont,settlement,Blémerey,,,Blcmerey,village,,,,,FR,,,Blàmont,,,,,,,106,high,
blenod-les-pont-a-mousson,settlement,Blénod-lès-Pont-à-Mousson,,,Blénod,village,,,,,FR,,,Pont-à-Mousson,Meurthe,,,,,,39,high,
bliescbersing,settlement,Bliescbersing,,,Eberssingen,village,,,,,FR,,,Sarregucmincs,Moselle,,,,,,90,medium,
bliesen,settlement,Bliesen,,,Blicssen,village,,,,,FR,vil.,Aîswciier,,,,,,,,87,high,
bocfjiiegney,settlement,Bocfjiiegney,,,Bocquegney,village,,,,,FR,,,Dompairc,,,,,,,70,high,
bockange,settlement,Bockange,,,Buchingen,village,,,,,FR,vil.,Piblange5,,,,,,,,79,high,
bockweilcr,settlement,Bôckweilcr,,,Boweillcr,village,,,,,DE,,,Hornbacli,Bav.,,,,,,111,medium,
boinvilie,settlement,Boinvilie,,,Bainville,village,,,,,FR,,,Etain,Meuse,,,,,,102,high,
boncourt,settlement,Boncourt,,,,village,,,,,FR,,,Conflans,Moselle,,,,,,102,medium,
boneourt,settlement,Boneourt,,,Boncourt,village,,,,,FR,,,Commercy,,,,,,,54,high,
bonfays,settlement,Bonfays,,,Bonfay,hamlet,,,,,FR,ham. (abbaye),Legéville-et-Bonfays,,,,,,,,70,medium,
bonfays-legeville-et-bonfays,settlement,Bonfays,,,Bonfay,hamlet,,,,,FR,ham. (abbaye),Legéville-et-Bonfays,,,,,,,,130,high,
bonipaire,settlement,Bonipaire,,,Bonypaire,village,,,,,FR,,,Saint-Dié,Vosges,,,,,,45,high,
bonneval,settlement,Bonneval,,,,farmstead,,,,,FR,ferme (prieuré),Hénaménil,,,,,,,,43,high,
bonviller,settlement,Bonviller,,,,village,,,,,FR,,,Lunéville-Nord,,,,,,,42,high,
bonvillet,settlement,Bonvillet,,,Bonviller,village,,,,,FR,,,Darney,,,,,,,72,high,
borville,settlement,Borville,,,,village,,,,,FR,,,Bayon,,,,,,,41,high,
bosserville,settlement,Bosserville,,,,hamlet,,,,,FR,ham. et chartreuse,Art-sur-Meurthe,,,,,,,,37,high,
boucliatel,settlement,Boucliatel,,,Boncbastcl,village,,,,,FR,haut.,Val-d'Ajol,,,,,,,,63,high,
bouillonville,settlement,Bouillonville,,,,village,,,,,FR,,,Thiaucourt,Meurthe,,,,,,102,high,
boulaincourt,settlement,Boulaincourt,,,Boulaineouri|Boullaincourt,priory,,,,,FR,,,Mirecourt,Vosges,,,,,,96,high,
boulay,settlement,Boulay,,,Bolchcn|Boullay,village,,,,,FR,an*. Metz,,Boulay,,,,,,,82,medium,
boulier,settlement,Boulier,,,Le Boulier|Le Roullier,village,,,,,FR,,,,,true,,,,,57,high,
bouras,settlement,Bouras,,,La Goutte de Bouray,hamlet,,,,,FR,ham.,Ban-de-Sapt,Senoncs,,,,,,,49,medium,
bourgesch,settlement,Bourgesch,,,Burg-Esch,farmstead,,,,,FR,"chat, et ferme",Schwerdorfï,,,,,,,,81,medium,
bousse,settlement,Bousse,,,Buss,village,,,,,FR,,,Mctzerwïssc,,,,,,,114,high,
bousseviller,settlement,Bousseviller,,,Bussweiller,village,,,,,FR,,,Volmunster,,,,,,,110,high,
boustroff,settlement,Boustroff,,,Bausstorff,village,,,,,FR,,,Grosicnrjuin,,,,,,,115,high,
bouvroy,settlement,Bouvroy,,,Rouveroy,village,,,,,FR,ancienne grange,Celles,,,,,,,,62,high,
bouxieres-aux-bois,settlement,Bouxières-aux-Bois,,,Bouxiéres,village,,,,,FR,,,Dompairc,,,,,,,68,high,
bouxieres-aux-chcnes,settlement,Bouxières-aux-Chcnes,,,Grand-Bouxières,village,,,,,FR,,,Nancy-Est,,,,,,,51,high,
bouxieres-aux-dames,settlement,Bouxières-aux-Dames,,,Bouxières|Bouxières',abbey,,,,,FR,,,Nancy-Est,,,,,,,37,medium,
bouxurulles,settlement,Bouxurulles,,,Bouxereulles,village,,,,,FR,,,Charmes,,,,,,,97,medium,
bouzanville,settlement,Bouzanville,,,Bouzainville|Bouzainvîlle,village,,,,,FR,,,Haroué,,,,,,,96,high,
bouzemont,settlement,Bouzemont,,,Bouzemofif,small_town,,,,,FR,,,Dompaire,,,,,,,68,high,
bouzey,settlement,Bouzey,,,,hamlet,,,,,FR,ham.,Sanehey,,,,,,,,77,high,
bouzonville,settlement,Bouzonville,,,Bouzonvillc|Houionville,village,,,,,FR,,,Bouzonville,Moselle,,,,,,94,medium,
bovee,settlement,Bovée,,,Bonnée,village,,,,,FR,,,Void,,,,,,,102,high,
boviolles,settlement,Boviolles,,,Bonnieulles,village,,,,,FR,,,Void,,,,,,,102,high,
braconeelle,settlement,Braconeelle,,,Breeoneel,hamlet,,,,,FR,ham.,Anould,,,,,,,,45,high,
bralleville,settlement,Bralleville,,,Bralleviilc|Brallevîlle,village,,,,,FR,,,Haroué,,,,,,,65,high,
brancourt,settlement,Brancourt,,,,village,,,,,FR,,,Coussey,,,,,,,76,high,
brecoocel,settlement,Brecoocel,,,,village,,,,,,,,,,,,,,,46,low,not found in the index
breehaincouri,settlement,Breehaincourî,,,Brechaincourt,hamlet,,,,,FR,ham.,Gircourl,,,,,,,,77,high,
brehaviller,settlement,Bréhaviller,,,Brcbanviller,village,,,,,FR,l'un des hameaux formant la,Syndical-de-Satnt-Amé,Remiremonl,Vosges,,,,,,64,medium,
breidenbach,settlement,Breidenbach,,,Breytembach,village,,,,,FR,,,Volmunster,,,,,,,110,high,
bremoncourl,settlement,Brémoncourl,,,Bremoncourt,village,,,,,FR,,,Bayon,,,,,,,41,high,
brieulles-sur-meusc,settlement,Brieulles-sur-Meusc,,,Brieulles,village,,,,,FR,,,Dun,Meuse,,,,,,102,high,
brin,settlement,Brin,,,,village,,,,,FR,,,Nomeny,Meurthe,,,,,,52,medium,
brisevcrre,settlement,Brisevcrre,,,Briseverre,hamlet,,,,,FR,ham. (verrerie),Hennezel,,,,,,,,72,high,
brouaumont,settlement,Brouaumont,,,Brouramont,hamlet,,,,,FR,ham.,la Houssière,,,,,,,,57,high,
broucey,settlement,Broucey,,,,village,,,,,,,,,,,,,,,103,low,not found in the index
brouvelicures-ch-l-de-canton,settlement,Brouvelicures.ch.-l. de canton,,,Brouvelicures|Brouvelieures,village,,,,,FR,,,,,,,,,,58,high,
brouvelotte,settlement,Brouvelotte,,,,deserted_village,,,,,FR,"vil. détruit, près de",,Brouville,,,,,,,107,high,
brouvilie,settlement,Brouvilie,,,Brouville,village,,,,,FR,,,Baccarat,Meurthe,,,,,,107,high,
bruch,settlement,Bruch,,,,village,,,,,,,,,,,,,,,78,low,not found in the index
brulangc,settlement,Brulangc,,,Brulanges,village,,,,,FR,,,Grostenquin,,,,,,,53,medium,
bruyeres,settlement,Bruyères,,,,small_town,,,,,FR,,,Bruyères,,,,,,,56,high,
bt-ihl,settlement,Bt'ihl,,,Buhel,village,,,,,FR,,,Sarrebourg,,,,,,,108,high,
bubingen,settlement,Bùbingen,,,Bingen,hamlet,,,,,FR,ham.,Nennig,,,,,,,,81,medium,
budange,settlement,Budange,,,Budingen,village,,,,,FR,,,Metzerwisse,,,,,,,81,medium,
buding,settlement,Buding,,,Budingen,village,,,,,FR,,,Metzerwisse,,,,,,,115,high,
budingen,settlement,Budingen,,,Budingcn,village,,,,,FR,vil.,Hilbringen,,,,,,,,86,high,
bulgneville,settlement,Bulgnéville,,,Bullegnéville|Bullegnévîlle,small_town,,,,,FR,,,Bulgnéville,,,,,,,74,high,
bulligny,settlement,Bulligny,,,,village,,,,,FR,,,Toul-Sud,,,,,,,56,high,
bult,settlement,Bult,,,Bul,village,,,,,FR,,,Bruyères,,,,,,,99,high,
bure,settlement,Bure,,,Brues,village,,,,,FR,,,Montiers-sur-Saulx,Meuse,,,,,,103,high,
bures,settlement,Bures,,,,village,,,,,FR,,,Vie,Meurthe,,,,,,43,high,
burgalben,settlement,Burgalben,,,Burg-Alben,village,,,,,DE,,,Waldfîschbach,Bav.,,,,,,112,high,
burthecourt-aux-chenes,settlement,Burthecourt-aux-Chènes,,,Burthecourt,village,,,,,FR,,,Saint-Nicolas,,,,,,,37,medium,
buschdorf,settlement,Bûschdorf,,,Bisscrstorff,village,,,,,DE,vil.,Orseholz,Saarburg,Pr.,,,,,,86,high,
bussang,settlement,Bussang,,,Busans,village,,,,,FR,,,Ramonchatnp,,,,,,,62,high,
buweiler,settlement,Buweiler,,,BubweiUer|Budweillcr,village,,,,,DE,vil.,Otzenhausen,Trêves landfr.,Pr.,,,,,,87,medium,
buz,settlement,Buz,,,,village,,,,,,,,,,,,,,,64,low,not found in the index
buzy,settlement,Buzy,,,,village,,,,,FR,,,Etain,Meuse,,,,,,54,high,
c-vrjus,settlement,C'vrjus,,,,village,,,,,,,,,,,,,,,65,low,not found in the index
cadenbronn,settlement,Cadenbronn,,,Kordenburn,village,,,,,FR,"vil., • 1755",Noussewiller-lès-Pulteîange,,,,,,,,95,medium,
cappel,settlement,Cappel,,,Kappeln,village,,,,,FR,,,Sainl-Avold,,,,,,,93,high,
capucins-de-nancy,settlement,Capucins de Nancy,,,,village,,,,,,,,,,,,,,,133,low,not found in the index
caste,settlement,Caste!,,,Kastcl|Kastel,village,,,,,DE,vil.,Otzenhausen,Trêves landfr.,Pr.,,,,,,86,low,
ceinlrey,settlement,Ceinlrey,,,Ccinlrey,village,,,,,FR,,,Haroué,,,,,,,37,high,
celles,settlement,Celles,,,Selle,village,,,,,FR,,,Raon-1'Elape,,,,,,,62,high,
cens-la-vhle,settlement,Cens-la-VHle,,,Enssens-la-Ville,hamlet,,,,,FR,ham.,Sapois,,,,,,,,61,high,
cercueil,settlement,Cercueil,,,Cercueur,village,,,,,FR,,,Saint-Nicolas,,,,,,,52,high,
cerlilleux,settlement,Cerlilleux,,,Sertilleux,village,,,,,FR,,,Neufchàteau,Vosges,,,,,,77,medium,
ceume,settlement,Ceume,,,Chonne,village,,,,,FR,,,Boulay,,,,,,,82,medium,
chaillon,settlement,Chaillon,,,Cliaîllon,village,,,,,FR,,,Vigneuiles,,,,,,,101,high,
chaine-goutte,settlement,Chaîne-Goutte,,,Clairegoulte,farmstead,,,,,FR,censé,Pouxeux,,,,,,,,60,high,
chalgoulte,settlement,Chalgoulte,,,Challegoutte,village,,,,,FR,"haïr., com. dV.nould",,,,true,,,,,45,medium,
chaligny,settlement,Chaligny,,,Challigny,village,,,,,FR,,,Nancy-Nord,,,,,,,40,high,
chamagne,settlement,Chamagne,,,,village,,,,,FR,,,Charmes-sur-Moseile,,,,,,,42,high,
chamblcy,settlement,Chamblcy,,,Chamblé,village,,,,,FR,,,Gorze,Moselle,,,,,,54,medium,
chambrc-de-moulin,settlement,Chambrc-de-Moulin,,,La Chambre de Molin,village,,,,,FR,section de 3a,Sainl-Naboid,,,,,,,,60,high,
champ-ic-duc,settlement,Champ-Ic-Duc,,,Le Champ-Ie-Duc,village,,,,,FR,,,Bruyères,,,,,,,56,high,
champdray,settlement,Champdray,,,,village,,,,,FR,,,Corcieux,,,,,,,57,high,
champenoux,settlement,Champenoux,,,Cham|>enoult,village,,,,,FR,,,Nancy-Est,,,,,,,52,high,
champigneulles,settlement,Champigneulles,,,Gbampîgneulles,village,,,,,FR,,,Nancy-Est,,,,,,,36,high,
chanleheux,settlement,Chanleheux,,,Chanteheu,village,,,,,FR,,,Lunéville-Sud-cst,,,,,,,44,high,
chanur-l,settlement,ChanuR'l,,,,village,,,,,,,,,,,,,,,54,low,not found in the index
chaouilley,settlement,Chaouilley,,,Chaoulley,village,,,,,FR,,,Vtzelise,,,,,,,95,high,
chapelle,settlement,Chapelle,,,La Cbappelle,village,,,,,FR,,,Corcieux,,,,,,,57,high,
charcy,settlement,Charcy,,,Charrcy,village,,,,,FR,,,Thiaucourl,Meurthe,,,,,,103,high,
charmes-sur-moselle,settlement,Charmes-sur-Moselle,,,Carmes|Charmes,town,,,,,FR,,,Charmes-sur-Moselle,,,,,,,65,medium,
charmois,settlement,Charmois,,,,village,,,,,FR,,,Bayon,,,,,,,41,high,
charmois-dcvant-bruyeres,settlement,Charmois-dcvant-Bruyéres,,,Charmois,village,,,,,FR,,,Bruyères,,,,,,,57,high,
charmois-soub-dompaire,settlement,Charmois.Soub Dompaire,,,,village,,,,,,,,,,,,,,,73,low,not found in the index
charniois-rorgueilicux,settlement,Charniois-rOrgueilIcux,,,Charmois|Le Charmois-dcvant-Bains,village,,,,,FR,,,Xertigny1,,,,,,,65,medium,
chastenoy,settlement,Chastenoy,,,,village,,,,,,,,,,,,,,,132,low,not found in the index
chatas,settlement,Chatas,,,Cbattay,village,,,,,FR,,,Senones,,,,,,,49,high,
chatcau-sur-pcrlc,settlement,Chàtcau-sur-Pcrlc,,,Chasteau-sur-Pcrlc,village,,,,,FR,écart (chat.),DoceHes,,,,,,,,59,high,
chateau-rouge,settlement,Chàteau-Rouge,,,Rodendorff,village,,,,,FR,,,BouzonviHc,,,,,,,93,medium,
chateau-salins,settlement,Château-Salins,,,Chasteau-Sallin|Chasteau-Sallîn,small_town,,,,,FR,,,Château-Salins,Meurthe,,,,,,51,high,
chateau-voue,settlement,Chàteau-Voué,,,Chasteau-houel,village,,,,,FR,,,Château-Salins,Meurthe,,,,,,91,high,
chatel-sur-mosclle,settlement,Châtel-sur-Mosclle,,,Chastel,town,,,,,FR,,,Châtel-sur-Mosclle,,,,,,,97,medium,
chatenois,settlement,Châtenois,,,Chaslenois|Chastenoy,town,,,,,FR,,,Châtenois,,,,,,,74,high,
chatimont,settlement,Chatimont,,,Chattimont,hamlet,,,,,FR,ham.,Uxcgney,,,,,,,,69,high,
chauffecourt,settlement,Chauffecourt,,,Chauvecourt,village,,,,,FR,,,Mireeourl,Vosges,,,,,,67,high,
chaumouzcy,settlement,Chaumouzcy,,,Chamoysy|Chanioysy|Cliamoysy-la-Villc,abbey,,,,,FR,,,Epinal,,,,,,,70,medium,
chavclot,settlement,Chavclot,,,Chavelot,village,,,,,FR,,,Chàtcl,,,,,,,99,high,
chavigny,settlement,Chavigny,,,,village,,,,,FR,,,Nancy-Ouest,,,,,,,40,medium,
chazclles,settlement,Chazclles,,,Chazcllcs,village,,,,,FR,,,Metz,,,,,,,103,high,
chazclles-blamont,settlement,Chazclles,,,Chazelles,village,,,,,FR,,,Blâmont,,,,,,,106,high,
chef-haut,settlement,Chef-Haut,,,Chevau|Chevaux,village,,,,,FR,,,Mirecourt,Vosges,,,,,,76,high,
chemery,settlement,Chémery,,,Clemey|Schombcrg,village,,,,,FR,,,Bouzonville*,Moselle,,,,,,79,medium,
chenilmont,settlement,Chenilmont,,,Chcnymont,farmstead,,,,,FR,ferme,Dompaire,,,,,,,,69,high,
chenimenil,settlement,Cheniménil,,,Chenusmesnil,village,,,,,FR,,,Bruyères,,,,,,,59,high,
cheuvry,settlement,Cheuvry,,,Chawry,hamlet,,,,,FR,ham.,Taintrux,,,,,,,,49,medium,
chiconrt,settlement,Chiconrt,,,Chiecourt,village,,,,,FR,,,Dclmc,Meurthe,,,,,,53,high,
chonville,settlement,Chonville,,,Chonvillc,village,,,,,FR,,,Commercy,,,,,,,40,high,
circourt,settlement,Circourt,,,Girecourt|Sirecourt,village,,,,,FR,,,Dompaire5,,,,,,,70,high,
circourt-neufchuteau,settlement,Circourt,,,Sirecourt,village,,,,,FR,,,Neufchûteau,,,,,,,77,high,
clairey,settlement,Clairey,,,Clérey,hamlet,,,,,FR,ham. (verrerie),Hennezeî,,,,,,,,73,high,
clairgoutte,settlement,Clairgoutte,,,Clairegoultc,hamlet,,,,,FR,ham.,Fraize,,,,,,,,51,high,
clairlicu,settlement,Clairlicu,,,Clerlieu,farmstead,,,,,FR,ferme (abbaye),Villers-lès-Nancy,,,,,,,,37,high,
claudon,settlement,Claudon,,,Cbastillon,village,,,,,FR,,,Monthureux-sur-Saône (verrerie),,,,,,,72,medium,
clayeurcs,settlement,Clayeurcs,,,,village,,,,,FR,,,Bayon,,,,,,,41,high,
clefcy,settlement,Clefcy',,,Gleuvccy,village,,,,,FR,,,Fraize,,,,,,,46,high,
clemcry,settlement,Clémcry,,,Clémery,village,,,,,FR,,,Nomeny,Meurthe,,,,,,52,high,
clerey,settlement,Clérey,,,Clercy,village,,,,,FR,,,Vézelise,,,,,,,95,high,
cleuveey,settlement,Cleuveey,,,,village,,,,,,,,,,,,,,,47,low,not found in the index
clezentaine,settlement,Clézentaine,,,Clezcntaines,small_town,,,,,FR,,,Ramberviilers,Vosges,,,,,,97,medium,
clingouite,settlement,Clingouite,,,Clingoulte,hamlet,,,,,FR,ham.,Sauîcy,,,,,,,,50,medium,
cocheren,settlement,Cocheren,,,Rochern,village,,,,,FR,,,Forbach,,,,,,,114,high,
coinches,settlement,Coinches,,,Coinehe,village,,,,,FR,,,Saint-Dié,Vosges,,,,,,49,high,
coinchimont,settlement,Coinchimont,,,Coinebymont,hamlet,,,,,FR,ham.,Laveline,,,,,,,,50,high,
coiombcy-ics-belles,settlement,Coîombcy-Ics-Belles,,,Colombier,village,,,,,FR,,,Coîombcy-Ics-Belles,,,,,,,55,high,
coiviller,settlement,Coiviller,,,Coyviller,village,,,,,FR,,,Saint-Nicolas,,,,,,,41,high,
colligny,settlement,Colligny,,,ColUgny,village,,,,,FR,,,Pangc,,,,,,,52,high,
colmen,settlement,Colmen,,,Colman,village,,,,,FR,,,Bouzonvillc,Moselle,,,,,,78,high,
colroy-la-grandc,settlement,Colroy-la-Grandc,,,Colroy,village,,,,,FR,,,Saalcs,Vosges,,,,,,50,high,
combrimont,settlement,Combrimont,,,Combrymont,hamlet,,,,,FR,ham.,Bonipaire,,,,,,,,45,high,
combriniom,settlement,Combriniom,,,,village,,,,,,,,,,,,,,,51,low,not found in the index
commcrcy,settlement,Commcrcy,,,Commercy,town,,,,,FR,ch.-I. d'arr,,,Meuse,,,,,,40,medium,
conde,settlement,Condé,,,Conchen,village,,,,,FR,,,Boulay,,,,,,,80,high,
cone,settlement,Cône,,,Cosne,hamlet,,,,,FR,ham.,Uriménil,,,,,,,,69,high,
conlrexard,settlement,Çonlrexard,,,Contrexart,hamlet,,,,,FR,ham.,Basie-sur-le-Rupt,Remiremont,Vosges,,,,,,61,high,
conthil,settlement,Conthil,,,Conthill,village,,,,,FR,,,Château-Salins*,Meurthe,,,,,,112,high,
contliiij,settlement,Contliiîj,,,,village,,,,,,,,,,,,,,,113,low,not found in the index
contramoulin,settlement,Contramoulin,,,Contramolin,hamlet,,,,,FR,ham.,Saint-Léonard,,,,,,,,48,high,
contrexeville,settlement,Contrexéville,,,,village,,,,,FR,,,Vittel,,,,,,,74,medium,
corcieux,settlement,Corcieux,,,Coursieux,village,,,,,FR,,,Corcieux,,,,,,,56,high,
cornieviile,settlement,Corniéviile,,,Cornienvillc,village,,,,,FR,,,Commercy,,,,,,,103,high,
cornimont,settlement,Cornimont,,,Cornymont,village,,,,,FR,,,Saulxures,Vosges,,,,,,64,high,
costenbach,settlement,Costenbach,,,Kostembach|Kostenbach,village,,,,,DE,vil.,Olzenhausen,Trêves landfr.,Pr.,,,,,,86,high,
courbcssaux,settlement,Courbcssaux,,,Courbessault,village,,,,,FR,,,Lunéville-Nord,,,,,,,51,high,
courcelles,settlement,Courcelles,,,Courceilcs,village,,,,,FR,,,Colombey,,,,,,,96,high,
courcelles-sous-chatenois,settlement,Courcelles-sous-Châtenois,,,Courcelles,village,,,,,FR,,,Châtenois,,,,,,,76,high,
courrupt,settlement,Courrupt,,,Colruz,hamlet,,,,,FR,ham.,Yal-d'Ajol,,,,,,,,63,high,
coussey,settlement,Coussey,,,Gouxey,village,,,,,FR,,,Coussey,,,,,,,39,high,
crantenoy,settlement,Crantenoy,,,,village,,,,,FR,,,Haroué,,,,,,,37,high,
crcue,settlement,Crcue,,,Creuue,village,,,,,FR,,,Vigneulles,,,,,,,101,high,
cremanviller,settlement,Crémanviller,,,Cremanviller|Cremonvillcr,village,,,,,FR,section de la,Vagney,,,,,,,,61,high,
crepey,settlement,Crépey,,,Crepey,village,,,,,FR,,,Colombey,,,,,,,55,high,
crevechamps,settlement,Crévéchamps,,,Grevecbamps,village,,,,,FR,,,Haroué,,,,,,,37,high,
crevic,settlement,Crévic,,,Crevic,village,,,,,FR,,,Lunéville-Nord,,,,,,,37,medium,
crezillcs,settlement,Crézillcs,,,Crezilles,village,,,,,FR,,,Toul-Sud,,,,,,,55,high,
crion,settlement,Crion,,,Cryon,village,,,,,FR,,,Lunéville-Sud-est,,,,,,,42,high,
culling,settlement,Culling,,,Kutlingen|Kuttingen,village,,,,,FR,,,Dieuze,,,,,,,90,medium,
cuslines,settlement,Cuslines,,,Condé,village,,,,,FR,,,Nancy-Est,,,,,,,53,high,
cuvry,settlement,Cuvry,,,Cuvery,village,,,,,FR,,,Verny,Moselle,,,,,,54,high,
dain,settlement,Dain,,,Dun au Saulnoir,village,,,,,FR,,,Pange,,,,,,,103,high,
dalcm,settlement,Dalcm,,,Dalheim,village,,,,,FR,,,Bouzonville,Moselle,,,,,,83,medium,
dalstein,settlement,Dalstein,,,,village,,,,,FR,,,Bouzonville,Moselle,,,,,,79,medium,
damas-aux-bois,settlement,Damas-aux-Bois,,,Dommart-aux-Bois|Dommart-aux-Boispour le tiers et les deux tiers à Chaslcl,village,,,,,FR,,,Chàtel,,,,,,,40,medium,
damelcvieres,settlement,Damelcvières,,,Damelevièrcs,village,,,,,FR,,,Bayon,,,,,,,41,high,
dames-prescheresses-de-nancy,settlement,Dames Prescheresses de Nancy,,,,village,,,,,,,,,,,,,,,131,low,not found in the index
dampvitoux,settlement,Dampvitoux,,,Danvilou,village,,,,,FR,,,Gorze,Moselle,,,,,,103,high,
dandirant,settlement,Dandirant,,,Dandiranti,village,,,,,FR,run donné autrefois à plusieurs granges éparses sur le territoire du Val-d'Ajol,,,,true,,,,,63,high,
darmont,settlement,Darmont,,,,village,,,,,FR,,,Etain (Mcase),,,,,,,54,medium,
darncy,settlement,Darncy,,,Darnev|Darney,town,,,,,FR,,,Darncy,,,,,,,72,medium,
darncy-aux-chenes,settlement,Darncy-aux-Chénes,,,Darney-aux-Chcsnes,village,,,,,FR,,,Châtenois,,,,,,,77,high,
darnieulics,settlement,Darnieulics,,,Darnîeulles,village,,,,,FR,,,Epînal,,,,,,,71,medium,
dcveline,settlement,Dcveline,,,Dcuveline,hamlet,,,,,FR,ham.,Anould,,,,,,,,45,high,
de-la-syc,settlement,De la Syc,,,,village,,,,,,,,,,,,,,,73,low,not found in the index
deinvillers,settlement,Deinvillers,,,Dynviller,village,,,,,FR,,,Rambcrvillcrs,Vosges,,,,,,41,high,
demange-champ,settlement,Démange-Champ,,,Demenge-Champs,hamlet,,,,,FR,ham.,Xanionlarupt5706,,,,,,,,60,high,
demrupl,settlement,Demrupl,,,Demeruz,hamlet,,,,,FR,ham.,Ménil,,,,,,,,65,high,
deneuvre,settlement,Deneuvre,,,Dcneuvre,village,,,,,FR,,,rie Baccarat,Meurthe,,,,,,107,medium,
denipairc,settlement,Denipairc,,,Denypaire,village,,,,,FR,,,Senoncs,,,,,,,48,medium,
derbamont,settlement,Derbamont,,,Hermamont,village,,,,,FR,,,Dompaire,,,,,,,70,high,
dersdorf,settlement,Dersdorf,,,Ders&toiff|Derstorff,village,,,,,FR,vil.,Eppelborn,,,,,,,,87,high,
destord,settlement,Destord,,,Destort,village,,,,,FR,,,Bruyères,,,,,,,58,medium,
destry,settlement,Destry,,,Deistrich,village,,,,,FR,,,Grostenquin,,,,,,,94,high,
deuxnouds-aux-bois,settlement,Deuxnouds-aux-Bois,,,Deuxnowes|Donnenoul,village,,,,,FR,,,Yigneulles',,,,,,,100,high,
deycimont,settlement,Deycimont,,,Dccymont|Decvmont,village,,,,,FR,,,Bruyères,,,,,,,56,medium,
deyfosse,settlement,Deyfosse,,,Daycfôssc,hamlet,,,,,FR,ham.,Elival,,,,,,,,47,medium,
deyvillers,settlement,Deyvillers,,,Deyviiter|Deyvillcr,village,,,,,FR,,,Epina),,,,,,,99,high,
diarvillc,settlement,Diarvillc,,,Dyarville,village,,,,,FR,,,Haroué,,,,,,,95,high,
dictersba-eh,settlement,Dictersba.eh,,,Dieterssbaeh,grange,,,,,FR,gagnage de la seigneurie de Bilche3,,,,true,,,,,113,high,
diding,settlement,Diding,,,Dudingcn|Dudingen,village,,,,,FR,,,Bouzonville,Moselle,,,,,,80,medium,
diebling,settlement,Diebling,,,Dublingcn|Dublingen,village,,,,,FR,,,Forbach,,,,,,,90,high,
diederfing,settlement,Diederfing,,,Dieicrfingen,village,,,,,FR,vil.,llolving,,,,,,,,92,high,
dieulouard,settlement,Dieulouard,,,Dieuleward,village,,,,,FR,,,Ponl-à-Mousson,Meurthe,,,,,,103,high,
dieuze,settlement,Dieuze,,,Dicuie|Metz,village,,,,,FR,,,,,,,,,,90,medium,correction 21: arr. Vie → air. Château-Salins
diffembach-les-puttclange,settlement,Diffembach-lès-Puttclange,,,DiefTembach,hamlet,,,,,FR,ham.,Puttelange,,,,,,,,92,medium,
diffembaeh-les-hellimer,settlement,Diffembaeh-lès-Hellimer,,,Dieffenbach|DîelTenbach,village,,,,,FR,,,Grostenquin,,,,,,,92,high,
differten,settlement,Differten,,,Dieffcrlcn,village,,,,,DE,,,Saarlouis,Pr.,,,,,,82,high,
dignonville,settlement,Dignonville,,,,village,,,,,FR,,,Epinal,,,,,,,99,high,
dillingcn,settlement,Dillingcn,,,Dullingen,village,,,,,FR,vil.,Fraulautern,,,,,,,,85,high,
dittclingen,settlement,Dittclingen,,,Dutlingen,deserted_village,,,,,FR,vil. détruit du comté de Forbach ; emplacement inconnu (Th.),,,,true,,,,,95,medium,
docclles,settlement,Docclles,,,Docelles,village,,,,,FR,,,Bruyères,,,,,,,57,high,
dognevillc,settlement,Dognévillc,,,Dongneville,village,,,,,FR,,,Epinal,,,,,,,99,high,
dolaincourt,settlement,Dolaincourt,,,Dollaincourt,village,,,,,FR,,,Châtenois,,,,,,,76,high,
dolcourt,settlement,Dolcourt,,,Dollecourl,village,,,,,FR,,,Colombey,,,,,,,96,high,
dolving,settlement,Dolving,,,Dolffuigcn,village,,,,,FR,,,Fénétrange,Meurthe,,,,,,108,high,
dombasie-cn-xaintois,settlement,DombasIe-cn-Xaîntois,,,Dombasle-en-Sainctois,village,,,,,FR,,,,,true,,,,,67,medium,
dombasle,settlement,Dombasle,,,Dombaslc,village,,,,,FR,,,Saint-Nicolas,,,,,,,36,high,
dombasle-devanl-darney,settlement,Dombasle-devanl-Darney,,,Dombasle,village,,,,,FR,,,,,true,,,,,73,high,
dombrol-sur-vair,settlement,Dombrol-sur-Vair,,,Dombroi|Dombrot,village,,,,,FR,,,Bulgnéville,,,,,,,74,high,
domevrc-sous-montfort,settlement,Domévrc-sous-Montfort,,,Domèvre,village,,,,,FR,,,Viltel,,,,,,,68,medium,
domevrc-sur-aviere,settlement,Domévrc-sur-Avière,,,Domepvrc-sur-Aviôre,village,,,,,FR,,,Epinal,,,,,,,100,high,
domevre,settlement,Domèvre,,,Domepvre,village,,,,,FR,"vil. ;W ruil, près d'",,Haraucourt,,,,,,,41,high,
domevre-sur-durbion,settlement,Domèvre-sur Durbion,,,Domepvre|Domepvre-sur-Durbion,village,,,,,FR,,,Châtel,,,,,,,57,high,
domevre-sur-vezouse,settlement,Domèvre-sur Vezouse,,,Domepvre,village,,,,,FR,,,Blâmont,,,,,,,44,medium,
domfaing,settlement,Domfaing,,,Donfain,village,,,,,FR,,,Brouvelicurcs,,,,,,,58,high,
dominait-devant-dompaire,settlement,Dominait devant Dompaire,,,,village,,,,,,,,,,,,,,,72,low,not found in the index
domjevin,settlement,Domjevin,,,Dongevin|Doragevin,village,,,,,FR,,,Blâmont,,,,,,,44,high,
domjulien,settlement,Domjulien,,,Dombasle|Donjulicn|Donjulien,small_town,,,,,FR,,,Viltel,,,,,,,67,medium,
dommanin-sur-vrainc,settlement,Dommanin-sur-Vrainc,,,Dommartin,village,,,,,FR,,,Châtenois,,,,,,,76,high,
dommarie-eulmont,settlement,Dommarie-Eulmont,,,Dommaric,village,,,,,FR,,,Vézclise,,,,,,,95,high,
dommarlin-aux-bois,settlement,Dommarlin-aux-Bois,,,Dommartin-aux-Bois,village,,,,,FR,,,Epinal,,,,,,,71,high,
dommarlin-lcs-ville,settlement,Dommarlin-lcs-Ville,,,Dommartin,hamlet,,,,,FR,ham.,Ville-sur—lllon,,,,,,,,69,high,
dommartemont,settlement,Dommartemont,,,Dommarlemonl,village,,,,,FR,,,Nancy-Est,,,,,,,37,medium,
dommartin,settlement,Dommartin,,,Doinmartiu,village,,,,,FR,,,Remiremont,Vosges,,,,,,63,high,
dommartin-la-montagne,settlement,Dommartin-la-Montagne,,,Dommartin,village,,,,,FR,,,Fresnes-en-Woëvre,Meuse,,,,,,103,medium,
dommartin-les-vallois,settlement,Dommartin-lès-Vallois,,,Dompmartin enssens Vallois,village,,,,,FR,,,Darney,,,,,,,72,high,
dommartin-sous-amance,settlement,Dommartin-sous-Amance,,,Dommartin,village,,,,,FR,,,Nancy -Est,,,,,,,52,high,
domnom,settlement,Domnom,,,Domcnheim,village,,,,,FR,,,Dicuze,,,,,,,91,high,
dompairc,settlement,Dompairc,,,Dompaire,town,,,,,FR,,,Dompairc,,,,,,,68,medium,
dompccvrin,settlement,Dompccvrin,,,Donseverin,village,,,,,FR,,,Pierrcfille,Meuse,,,,,,101,high,
dompierre,settlement,Dompierre,,,,village,,,,,FR,,,Bruyères,,,,,,,56,high,
domptail-en-1-air,settlement,Domptail-en-1'Air,,,Domtaille,village,,,,,FR,,,Bayon,,,,,,,41,high,
domvallicr,settlement,Domvallicr,,,Dompvallier,village,,,,,FR,,,Mirecourt,Vosges,,,,,,68,high,
donnelay,settlement,Donnelay,,,,village,,,,,FR,,,Vie,Meurthe,,,,,,116,high,
donsicders,settlement,Donsicders,,,DhOiïsiUfïS,village,,,,,DE,,,Pirmasens,Bav.,,,,,,113,medium,
dounoux,settlement,Dounoux,,,Donnon,village,,,,,FR,,,Xertigny,,,,,,,63,high,
dourd-hal,settlement,Dourd'hal,,,Dnrehdalheun|Durehdalhaim,village,,,,,FR,,,Saint-Avold,,,,,,,83,medium,
dreisbach,settlement,Dreisbach,,,Drcyssbaeh,village,,,,,FR,vil,Melllach,,,,,,,,85,high,
drogny,settlement,Drogny,,,Drachcnach|Drachenach,hamlet,,,,,FR,ham.,Piblangc,,,,,,,,80,medium,
droiteval,settlement,Droiteval,,,Droicteval|Droitteval,hamlet,,,,,FR,ham. (prieuré),Claudon,,,,,,,,73,high,
drouville,settlement,Drouville,,,,village,,,,,FR,,,Lunéville-Nord,,,,,,,43,high,
duren,settlement,Dùren,,,,village,,,,,FR,vil.,itlersdorf,,,,,,,,83,medium,
eberswillcr,settlement,Eberswillcr,,,Ebcrsweillcr|Eberssweiller,village,,,,,FR,,,Bouzonville,Moselle,,,,,,81,medium,
eblange,settlement,Eblange,,,Oblingcn,village,,,,,FR,,,Boulay,,,,,,,83,medium,
ecrouves-et-grand-menil,settlement,Ecrouves-et-Grand-Ménil,,,Escrouve,village,,,,,FR,,,Toul-Nord,,,,,,,103,high,
ecuelle,settlement,Ecuelle,,,Cuelle,hamlet,,,,,FR,ham.,Bouxières-aux-Chèncs,,,,,,,,51,high,
edelnigen,settlement,Edelnigen,,,,village,,,,,,,,,,,,,,,81,low,not found in the index
edling,settlement,Edling,,,Edelingcn,village,,,,,FR,vil.,Anzeling,,,,,,,,93,high,
eguelshardt,settlement,Eguelshardt,,,Kgclsshardl,village,,,,,FR,,,Bitchc,,,,,,,112,high,
eich,settlement,Eich,,,Eieh,hamlet,,,,,FR,ham.,Réding,Sarrebourg,,,,,,,108,high,
eimersdorf,settlement,Eimersdorf,,,Eymerstorlï,village,,,,,FR,vil.,Rehlingcn (?),,,,,,,,82,high,correction 23: 1422 → 1559
einarizhauscn,settlement,Einarizhauscn,,,Einartzhauscn,village,,,,,FR,"bourg et chat, sur l'emplacement desquels a été construite la ville de Phalsbourg",,,,true,,,,,113,medium,
einchwiller,settlement,Einchwiller,,,Enssweillcr,village,,,,,FR,,,Grostenquin,,,,,,,94,high,correction 24: Enclrwillcr → Einchwiller
einvaux,settlement,Einvaux,,,Einvau,village,,,,,FR,,,Bayon,,,,,,,40,high,
einvillc,settlement,Einvillc,,,,town,,,,,FR,,,Lunévillc-Nord,,,,,,,42,high,
eisweiler,settlement,Eisweiler,,,Einveiller|Einweiller|Enweillcr,village,,,,,FR,vil.,Oberkirchen,,,,,,,,87,high,restored by correction 25
eloycs,settlement,Eloycs,,,Les Royes,village,,,,,FR,,,Remircmont,Vosges,,,,,,59,high,
elwiller,settlement,Elwiller,,,Elweiller,hamlet,,,,,FR,ham.,Loupershausen,,,,,,,,93,high,
elwingen,settlement,Elwingen,,,,village,,,,,,,,,,,,,,,83,low,not found in the index
embermcnii,settlement,Embermcnii,,,Embcrmcsnil,village,,,,,FR,,,Blâmont,,,,,,,106,high,
emmcrsweiler,settlement,Emmcrsweiler,,,EmerssweiUer,village,,,,,DE,vil.,Lurhveiler,Saarbrûcken,Pr.,,,,,,114,high,
enchcnbcrg,settlement,Enchcnbcrg,,,Echembcrg,village,,,,,FR,,,Rohrbach,,,,,,,111,high,
ensdorf,settlement,Ensdorf,,,EnstorfT,village,,,,,FR,vil.,Lisdorf,,,,,,,,84,medium,
enssens-la-ville,settlement,Enssens-la-Ville,,,,village,,,,,FR,prévôté de Dompaire,,,,true,,,,,69,high,
entre-deux-eaux,settlement,Entre-deux-Eaux,,,Entre deux eaux,village,,,,,FR,,,Fraize,,,,,,,48,medium,
epange-3,settlement,Epange [3],,,Eppingen,farmstead,,,,,FR,ferme,Charleviile,Vigy,Moselle,,,,,,81,medium,
epinal,settlement,Epinal,,,Espinal,town,,,,,FR,,,Epinal,,,,,,,99,medium,
eppellborn,settlement,Eppellborn,,,Huppelborn,village,,,,,DE,,,Ottweilcr,Pr.,,,,,,89,high,
eppenbrunn,settlement,Eppenbrunn,,,Eppenborn,village,,,,,DE,,,Pirmasens,Bav.,,,,,,110,high,
epping,settlement,Epping,,,Eppingen,village,,,,,FR,,,Volmunster,,,,,,,110,high,
erbringcn,settlement,Erbringcn,,,Erbringen,village,,,,,DE,vil.,Haustadt,Merzig,Pr.,,,,,,84,high,
erching,settlement,Erching,,,Orcînngen,village,,,,,FR,,,Volmunster,,,,,,,111,high,
erlenbrunn,settlement,Erlenbrunn,,,Erlemborn,village,,,,,DE,,,Pirmasens,Bav.,,,,,,112,high,
eschery-la-haulte,settlement,Eschery la Haulte,,,,castle,,,,,,,,,,,,,,,109,low,not found in the index
escles,settlement,Escles,,,,village,,,,,FR,,,Darney,,,,,,,69,high,
eslcy,settlement,Eslcy,,,Esley,village,,,,,FR,,,Darney,,,,,,,74,high,
essegncy,settlement,Essegncy,,,Enccgney,village,,,,,FR,,,Charmes,,,,,,,66,high,
essey-et-maizerais,settlement,Essey-et-Maizerais,,,Esscy-en-Voivre,village,,,,,FR,,,Thiaucourt,Meurthe,,,,,,103,high,
essey-ies-isancy,settlement,Essey-Iés-ISancy,,,Essey,village,,,,,FR,,,Nancy-Est,,,,,,,37,high,
essey-la-cotc-anton-de-gerbeviller,settlement,Essey-la-CôtC; <„anton de Gerbéviller,,,Essey,village,,,,,FR,,,,,true,,,,,41,high,
estrennes,settlement,Estrennes,,,Eslrenncs,village,,,,,FR,,,Viltel,,,,,,,67,high,
et-ch,settlement,Et/ch,,,Eych,village,,,,,FR,fief de la seigneurie de Bitehe1,,,,true,,,,,112,high,correction 26: Eich → Et/ch
etanchc,settlement,Etanchc,,,L'Estanche,village,,,,,FR,,,fteufchàteau,,,,,,,131,high,
etat,settlement,Etat,,,Lestât,hamlet,,,,,FR,ham.,Ramonchamp,,,,,,,,62,high,
etival,settlement,Etival,,,Estival,abbey,,,,,FR,,,Raon-1'Elapc,,,,,,,47,medium,
etreval,settlement,Etreval,,,Estreval,village,,,,,FR,,,Vézclisc,,,,,,,96,high,
etting,settlement,Etting,,,Euingen|Hcllingen,village,,,,,FR,,,Rohrbach,,,,,,,110,low,
etzcling,settlement,Etzcling,,,Etzlingen,village,,,,,FR,vil.,Kerbach,,,,,,,,95,medium,
eulmont,settlement,Eulmont,,,Eumont,village,,,,,FR,,,Nancy-Est,,,,,,,37,medium,
eulmont-dommaric-eulmont,settlement,Eulmont,,,Eumont,hamlet,,,,,FR,ham.,Dommaric-Eulmont,,,,,,,,95,high,
euvczin,settlement,Euvczin,,,Euvezin,village,,,,,FR,,,Thiaucourt,Meurthe,,,,,,102,high,
euville,settlement,Euville,,,Einvillc,village,,,,,FR,,,Commcrcy,,,,,,,103,high,
evaux-ct-menil,settlement,Evaux-ct-Ménil,,,Le Val,village,,,,,FR,,,Charmes,,,,,,,66,medium,
evendorff,settlement,Evendorff,,,Eftendorff|Efîendorlï,village,,,,,FR,,,Sierck,Moselle,,,,,,78,high,
eychen,settlement,Eychen,,,,village,,,,,,,,,,,,,,,109,low,not found in the index
eymngcn,settlement,Eymngcn,,,Eyningcn,village,,,,,FR,fief de la seigneurie de Bitchc,,,,true,,,,,112,high,
eynothaws,settlement,Eynothaws,,,,village,,,,,FR,fiefde la seigneurie de Bitehe,,,,true,,,,,112,high,
faings-polots-les-ham,settlement,Faings-Polots (les)» ham,,,Les Fains-Polalz,village,,,,,FR,,Val-d'Ajol,,,,,,,,63,high,
fait,settlement,Fait,,,,village,,,,,,,,,,,,,,,84,low,not found in the index
falkeinstein,settlement,Falkeinstein,,,Falkcnsiein,village,,,,,FR,"chat, ruiné",Baerenthal,Bitehe (Th.),,,,,,,113,high,
fareberswiller,settlement,Faréberswiller,,,Vor Eberssweiller,village,,,,,FR,,,Sair.l-Avold,,,,,,,114,high,
farschwiller,settlement,Farschwiller,,,Farssweiller,village,,,,,FR,,,Forbach,,,,,,,93,high,
faucompicrre,settlement,Faucompicrre,,,Faulcompicrrc,castle,,,,,FR,,,Rcmiremont,Vosges,,,,,,59,high,
fauconcourt,settlement,Fauconcourt,,,Faukoncourt,village,,,,,FR,,,Rambcrvillers,Vosges,,,,,,42,high,
faulquemont,settlement,Faulquemont,,,Faulqucmonl|La ville de Faulquemont,village,,,,,FR,,,Faulquemont,,,,,,,94,medium,
faulx,settlement,Faulx',,,Faulx Sainct Estienne|Faulx-Sainct-Pierre,village,,,,,FR,,,Nomeny,Meurthe,,,,,,53,medium,
favieres,settlement,Favières,,,Fabvières,village,,,,,FR,,,Colombey,,,,,,,96,high,
faycmont,settlement,Faycmont,,,FrayemonU,hamlet,,,,,FR,ham.,Ban-de-Sapt,Senoncs,,,,,,,49,medium,
faymont,settlement,Faymont,,,Fraymont,hamlet,,,,,FR,ham.,Val-d'Ajol,,,,,,,,63,high,
fcchingcn,settlement,Fcchingcn,,,Fechingen,village,,,,,DE,vil.,Bischmisheim,Saarbrûcken,Pr.,,,,,,90,high,
fcrdrupt,settlement,Fcrdrupt,,,Fcrdruz,village,,,,,FR,,,Rcmiremont,Vosges,,,,,,62,high,
fcrricres,settlement,Fcrricres,,,Ferrières,village,,,,,FR,,,Saint-Nicolas,,,,,,,41,high,
fecocourt,settlement,Fécocourt,,,Fecocourt,village,,,,,FR,,,Colombey,,,,,,,97,high,
felsberg,settlement,Felsberg,,,Fressberg,village,,,,,FR,vil.,Wallerfangen,,,,,,,,84,high,
ferange,settlement,Férange,,,Feringen,village,,,,,FR,,,Bouzonville,Moselle,,,,,,79,high,
fey-cn-haye,settlement,Fey-cn-Haye,,,Fay|Le Fay,village,,,,,FR,,,Thiaucourt,Meurthe,,,,,,39,high,
fiavigny-sur-moselle,settlement,Fiavigny-sur-Moselle,,,Flavigny,village,,,,,FR,,,Saint-Nicolas,,,,,,,37,medium,
fickingen,settlement,Fickingen,,,Fuckingen,village,,,,,DE,vil.,Haus'adt,Merzig,Pr.,,,,,,85,high,
fiircy,settlement,Fiircy,,,Fleurey,village,,,,,FR,,,Thiaucourt,Meurthe,,,,,,39,high,
filstroft,settlement,FilstrofT,,,Felstorff|Felstrofî,village,,,,,FR,,,Bouzonville,Moselle,,,,,,80,high,
fimenil,settlement,Fiménil,,,Fymesnil,village,,,,,FR,,,Bruyères,,,,,,,58,high,
fioremont,settlement,Fiorémont,,,Florémont,village,,,,,FR,,,Charmes,,,,,,,65,high,
fircebymont,settlement,fircebymont,,,,village,,,,,,,,,,,,,,,47,low,not found in the index
fitten,settlement,Fitten,,,Fuchten,village,,,,,FR,vil.,Hilbringcn,,,,,,,,85,high,
fjeville,settlement,FJéville,,,Fléville,village,,,,,FR,,,Saint-Nicolas,,,,,,,37,high,
flasgarten,settlement,Flasgarten,,,Hassgarten,mill,,,,,FR,moulin,Gucnkirchen,Boulay,,,,,,,82,medium,
flaslroii,settlement,Flaslroiï,,,Flachstorff,village,,,,,FR,,,Sierck,Moselle,,,,,,79,high,
flatten,settlement,Flatten,,,,hamlet,,,,,FR,ham.,Launstroiï,,,,,,,,78,high,
fliessborn,settlement,Fliessborn,,,,village,,,,,FR,prévôté de Sierck,,,,true,,,,,81,medium,
flin,settlement,Flin,,,,village,,,,,FR,,,Gerbéviller,,,,,,,44,high,
folckling,settlement,Folckling,,,Folcklingen,village,,,,,FR,,,Forbach,,,,,,,114,high,
folpcrswillcr,settlement,Folpcrswillcr,,,FolpersMciller,village,,,,,FR,,,Sarregucmines,Moselle,,,,,,89,high,
folschwiller,settlement,Folschwiller,,,Folschweiller|Folsschweiller,village,,,,,FR,,,Saint-Avold,,,,,,,115,high,
fomercy,settlement,Fomercy,,,Fomcrey,village,,,,,FR,,,Epinal,,,,,,,70,high,
fonienoy-sur-moselle,settlement,Fonienoy-sur-Moselle,,,Fontenoy,village,,,,,FR,,,Toul-Nord,,,,,,,55,high,
fontaine,settlement,Fontaine,,,,hamlet,,,,,FR,ham.,Vagney,,,,,,,,64,high,
fontcnoy-en-vosges,settlement,Fontcnoy-en-Vosges,,,,village,,,,,,,,,,,,,,,128,low,not found in the index
fontcnoy-ia-joute,settlement,Fontcnoy-Ia-Joute,,,Fontenoy,village,,,,,FR,,,Baccarat,Meurthe,,,,,,107,high,
fontenay,settlement,Fontenay,,,Fonlenay,village,,,,,FR,,,Bruyères,,,,,,,56,medium,
fontenoy-la-ville,settlement,Fontenoy-la-Ville,,,Fonlenoy,village,,,,,FR,section de la,Fontenoy-le-Châlcau,,,,,,,,65,medium,
forbach,settlement,Forbach,,,La ville de Forbach|Rorbach,village,,,,,FR,,,Forbach,,,,,,,91,medium,
forbeauvoisin,settlement,Forbeauvoisin,,,Fort-bel-voisin,deserted_village,,,,,FR,"vil. détruit, près de",,Mandre-la-Petitc1,,,,,,,102,high,
forcelles-saint-gorgon,settlement,Forcelles-Saint-Gorgon,,,Forcelles-Sainct-Gergonne,village,,,,,FR,,,,,true,,,,,96,high,
forcelles-sous-gugney,settlement,Forcelles-sous-Gugney,,,ForccHes-soub-Gugney,village,,,,,FR,,,,,true,,,,,95,high,
foresterie-la-du-ban-de-moulin,settlement,Foresterie (la) du ban de Moulin,,,La Forrestcrie,village,,,,,FR,lieu composé de quelques habitants et des granges dites les Foresteries et des Franches gens* (B.),,,,true,,,,,60,high,
forrcsteric-du-ban-de-longchamps,settlement,Forrcsteric du ban de Longchamps,,,,village,,,,,,,,,,,,,,,65,low,not found in the index
fosse-la-ham,settlement,Fosse (la) ham,,,La Fosse,village,,,,,FR,,Etival,,,,,,,,47,medium,
fouchifol,settlement,Fouchîfol,,,Fouchifol|Fourchifol,hamlet,,,,,FR,ham.,Entrc-dcux-Eaux,,,,,,,,48,medium,
foucquerey,settlement,Foucquerey,,,,village,,,,,,,,,,,,,,,43,low,not found in the index
fougerollcs,settlement,Fougerollcs,,,Fougerolles,village,,,,,FR,,,Saini-Loup,Haute-Saône,,,,,,65,high,
fraimbois,settlement,Fraimbois,,,,village,,,,,FR,,,Gerbéviller,,,,,,,42,high,
fraiteux,settlement,Fraiteux,,,Le Fratteux,hamlet,,,,,FR,ham.,Ban-de-Sapt,Scnones,,,,,,,49,medium,
franconville,settlement,Franconville,,,,village,,,,,FR,,,Gerbéviller,,,,,,,41,high,
franould,settlement,Franould,,,Franoull|Franoult,hamlet,,,,,FR,ham.,Dommartin,,,,,,,,61,high,
frapelle,settlement,Frapelle,,,Frappelle,village,,,,,FR,,,Saint-Dié,Vosges,,,,,,48,medium,
fraulaulcrn,settlement,Fraulaulcrn,,,Frauw-Laulhern|Lautherii,village,,,,,DE,,,Saarlouis,Pr.,,,,,,84,medium,
frcnelle-la-petile,settlement,Frcnelle-la-Petile,,,Fraisne-la-Pclite,village,,,,,FR,,,Mirecourt,Vosges,,,,,,96,high,
freching,settlement,Freching,,,Frichingen,hamlet,,,,,FR,ham.,Kerling-ïès-Sierck,,,,,,,,78,high,
freinestroff,settlement,Fréinestroff,,,Fremerstroff,village,,,,,FR,,,Grostenquin,,,,,,,115,high,
freisen,settlement,Freisen,,,Freysen,village,,,,,DE,vil.,Berschweilcr,Saint-Wendel,Pr.,,,,,,89,high,
freislroff,settlement,Freislroff,,,Frayslroff|Fraystorff|Freistorff,abbey,,,,,FR,,,Bouzonville,Moselle,,,,,,80,medium,
fremereville,settlement,Frémeréville,,,Frémcrévillc,village,,,,,FR,,,Commercy,,,,,,,103,high,
fremifontaine,settlement,Frémifontaine,,,Fremyfontainc|Fremyfontaine,village,,,,,FR,,,Brouvelieurcs,,,,,,,58,medium,
fremmesdr-v-m-de-rehlingen,settlement,Fremmesdr' v:-»m. de Rehlingen,,,Frymestroû*,village,,,,,FR,,,,,true,,,,,79,high,
fremonvillc,settlement,Frémonvillc,,,Frémonville,village,,,,,FR,,,Blâmont,,,,,,,106,high,
frenelic-la-grande,settlement,FrenelIc-la-Grande,,,Fresnel-la-Grande,village,,,,,FR,,,Mirccourt,Vosges,,,,,,95,high,
frenois,settlement,Frenois,,,Frenoy,village,,,,,FR,,,Darney,,,,,,,70,high,
fresnes-en-saintois,settlement,Fresnes-en-Saintois,,,Fraisnes,village,,,,,FR,,,Château-Salins,Meurthe,,,,,,52,high,
fresse,settlement,Fresse,,,,village,,,,,FR,,,Ramonehamp,,,,,,,65,medium,
freybouse,settlement,Freybouse,,,Freybuss,village,,,,,FR,,,Grostenquin,,,,,,,114,medium,
frisonviller,settlement,Frisonviller,,,Frizonvillcr,deserted_village,,,,,FR,anc. métairie à l'abbaye de Haute-Seille (vil. détr.),Domjevin,,,,,,,,107,medium,
frizon,settlement,Frizon,,,Frizon-la-Bassc,village,,,,,FR,,,Châle),,,,,,,98,high,
frizon-la-basse,settlement,Frizon-la-Basse,,,,village,,,,,,,,,,,,,,,97,low,not found in the index
frizon-la-llaultc,settlement,Frizon-la-llaultc,,,,village,,,,,,,,,,,,,,,97,low,not found in the index
frouard,settlement,Frouard,,,Frouarl,small_town,,,,,FR,,,Nancy-Nord,,,,,,,36,high,
froville,settlement,Froville,,,Rovillc,village,,,,,FR,,,Bayon,,,,,,,37,medium,
frowart,settlement,Frowart,,,,village,,,,,,,,,,,,,,,128,low,not found in the index
fruzc,settlement,Fruzc,,,Fruze,village,,,,,FR,,,Cousscy,,,,,,,39,high,
fursehweiler,settlement,Fursehweiler,,,Frudcsswciller,village,,,,,FR,vil.,Oberkirchen,,,,,,,,89,high,restored by correction 27
furwciler,settlement,Fùrwciler,,,Furweiller,village,,,,,FR,vil.,Obcresch,,,,,,,,79,medium,
gclvecourt-ct-adompt,settlement,Gclvécourt-ct-Adompt,,,Gellenecourt,village,,,,,FR,,,Dompaire*,,,,,,,71,high,
gcrardmer,settlement,Gcrardmer,,,Giradraer,village,,,,,FR,,,Gcrardmer,,,,,,,61,high,
gcrmonville,settlement,Gcrmonville,,,Germonvillc,village,,,,,FR,,,Haroue,,,,,,,66,high,
gehweiler,settlement,Gehweiler,,,Gedessweiller|GodessweiUer,village,,,,,FR,vil.,Oberkircnen* (?),,,,,,,,87,high,
geincnaincourt,settlement,Geincnaincourt,,,,village,,,,,,,,,,,,,,,75,low,not found in the index
gelaucourt,settlement,Gélaucourt,,,Gellocourt,village,,,,,FR,,,Colombey,,,,,,,95,high,
gellenoncourt,settlement,Gellenoncourt,,,,village,,,,,FR,,,Saint-Nicolas,,,,,,,43,medium,
gelucourt,settlement,Gelucourt,,,Gclloucourl|Gellacourt|Gellaucourt|Gelloucourt|Geloucourt,village,,,,,FR,,,Dieuze,,,,,,,45,medium,
geminfaing,settlement,Geminfaing,,,Gerfvainfain|Germainfain,hamlet,,,,,FR,ham.,Ban-de~Sapt,Senones,,,,,,,49,medium,
gemonviue,settlement,GémonviUe,,,Gémonville,village,,,,,FR,,,Colombey,,,,,,,77,high,
gerarcourt,settlement,Gérarcourt,,,Giradcourt,hamlet,,,,,FR,ham.,Ville-en-Vermois,,,,,,,,36,high,
gerbamonl,settlement,Gerbamonl,,,Gerbaumonl,village,,,,,FR,,,Saulxures,Vosges,,,,,,61,medium,
gerbecourt,settlement,Gerbécourt,,,,village,,,,,FR,,,Château-Salins,Meurthe,,,,,,52,high,
gerbecourt-ct-iiaplemont,settlement,Gerbécourt-ct-Iîaplemont,,,Gerbercourt,village,,,,,FR,,,Haroué,,,,,,,38,high,
gerbepal,settlement,Gerbépal,,,Gerbepauli,village,,,,,FR,,,Coreieux,,,,,,,58,high,
gerbeviller,settlement,Gerbéviller,,,Gcrbéviller|Prieuré de Gcrbéviller|Prieuré de Gerbéviller,village,,,,,FR,,,Gerbéviller,,,,,,,41,medium,
gerbonvaux,settlement,Gerbonvaux,,,Gcrbonval|Gerbonvaul,farmstead,,,,,FR,ferme.,Martigny-lez-Gerbonvaui,,,,,,,,75,high,
geromenil,settlement,Géroménil,,,Gcromesnil|Giromcsnil,hamlet,,,,,FR,ham.,Hadol,,,,,,,,59,high,
gersbach,settlement,Gersbach,,,Gcrsspach,village,,,,,FR,,,Pirmasens (Bav.)f,,,,,,,112,high,
gersweiler,settlement,Gcrsweiller,,,,village,,,,,,,,,,,,,,,90,medium,set in rules.yaml (entry_places)
gezoneourt,settlement,Gezoneourt,,,Gisoncourl,village,,,,,FR,,,Domêvre,Meurthe,,,,,,39,high,
giafcnthal,settlement,Giafcnthal,,,Gravemhal|Grevenlhal,hamlet,,,,,DE,ham. (prieuré),Bliesholchen,Blieskaslel,Bav.,,,,,,90,high,
gigney,settlement,Gigney,,,,village,,,,,FR,,,Châtel,,,,,,,70,high,
ginfosse,settlement,Ginfosse,,,Gehinfosse,hamlet,,,,,FR,ham.,Raves,,,,,,,,51,high,
girancourt,settlement,Girancourt,,,,village,,,,,FR,,,Epinal,,,,,,,71,high,
girauvoisin,settlement,Girauvoisin,,,Girardvoisin,village,,,,,FR,,,Commercy,,,,,,,103,high,
girecourt,settlement,Girecourt,,,,village,,,,,FR,,,Bruyères,,,,,,,57,medium,
girecourt-lez-yieville,settlement,Girecourt-lez-Yiéville,,,Girecourt,village,,,,,FR,,,Charmes,,,,,,,67,high,
giriviller,settlement,Giriviller,,,GirivilLr,village,,,,,FR,,,Gerbéviller,,,,,,,42,high,
girmont,settlement,Girmont,,,,village,,,,,FR,,,Châtel,,,,,,,99,high,
girompairc,settlement,Girompairc,,,Girompaire,hamlet,,,,,FR,ham.,Saint-Léonard,,,,,,,,48,high,
gironcourt,settlement,Gironcourt,,,,village,,,,,FR,,,Cbâtenois,,,,,,,76,high,
gironville,settlement,Gîronville,,,Gironville,village,,,,,FR,,,Commercy,,,,,,,103,medium,
girovillcrs-sous-llontfort,settlement,Girovillcrs-sous-llontfort,,,Gironviller,village,,,,,FR,,,Yittel,,,,,,,67,high,
glerlieu,settlement,Glerlieu,,,,village,,,,,,,,,,,,,,,130,low,not found in the index
gloi-ville,settlement,Gloi»ville,,,,village,,,,,,,,,,,,,,,45,low,not found in the index
glonville,settlement,Glonvîlle,,,Glonville,village,,,,,FR,,,Baccarat,Meurthe,,,,,,44,high,
godchurc,settlement,Godchurc,,,Gadcrscheuren,farmstead,,,,,FR,ferme,Villers-Belinach,,,,,,,,81,high,
goin,settlement,Goin,,,Going,village,,,,,FR,,,Vcrny,Moselle,,,,,,52,high,
golbcy,settlement,Golbcy,,,Gollebey,village,,,,,FR,,,Epinal,,,,,,,99,high,
goldlktch,settlement,GoldlKtch,,,Golbacli,village,,,,,FR,vil.,Bcttingen,,,,,,,,87,medium,
golman,settlement,Golman,,,,village,,,,,,,,,,,,,,,81,low,not found in the index
gommelangc,settlement,Gommelangc,,,Gclmingcn,village,,,,,FR,,,Boulay,,,,,,,79,high,
gondrcville,settlement,Gondrcville,,,Gondreville,town,,,,,FR,,,«le Toul-Nord,,,,,,,54,high,
gondrcxon,settlement,Gondrcxon,,,Gondrexon,village,,,,,FR,,,Blâmont,,,,,,,106,high,
gongelfang,settlement,Gongelfang,,,Golstingen,village,,,,,FR,,,Sierck,Moselle,,,,,,79,high,
gonvaux,settlement,Gonvaux,,,Gonbaulx,farmstead,,,,,FR,ferme,Mont Icz-Neufchàteau,,,,,,,,75,medium,
gorhey,settlement,Gorhey,,,Goherey,village,,,,,FR,,,Dompaire,,,,,,,69,high,
gosselming,settlement,Gosselming,,,Goselmingen|Gossclmingen,village,,,,,FR,,,Fénêtrange,Meurthe,,,,,,108,high,
gouecoun,settlement,Gouécoun,,,Gohccourt,village,,,,,FR,,,Coussey,,,,,,,76,high,
govillcr,settlement,Govillcr,,,Goviller,village,,,,,FR,,,Vézelise,,,,,,,96,high,
grand-menil,settlement,Grand-Ménil,,,Grandmesnil,hamlet,,,,,FR,ham.,Ecrouves,,,,,,,,103,high,
grand-yezin,settlement,Grand-Yezin,,,Grandvezain,hamlet,,,,,FR,ham.,Crêvic,,,,,,,,37,high,
grandrupt,settlement,Grandrupt,,,Grand-Ruz,village,,,,,FR,,,Senones,,,,,,,51,medium,
grandvillcrs,settlement,Grandvillcrs,,,Grandviller,village,,,,,FR,,,Bruyères,,,,,,,56,high,
granges,settlement,Granges,,,,village,,,,,FR,,,Corcieux,,,,,,,57,high,
gremifontaine,settlement,Grémifontaine,,,Gremefontaine,hamlet,,,,,FR,ham.,la Chapclle-aux-Bois,,,,,,,,65,high,
grening,settlement,Grening,,,Grumingcn,village,,,,,FR,,,Grostenquin,,,,,,,91,medium,
gresaubach,settlement,Gresaubach,,,Grifïhambach,village,,,,,FR,vil.,Bellingen,,,,,,,,87,high,
griesborn,settlement,Griesborn,,,Griessborn,village,,,,,FR,vil.,Fraulautern,,,,,,,,84,high,
griigelhorn,settlement,Griigelhorn,,,Krulborn,village,,,,,FR,v.i.,Oberkirchen,,,,,,,,89,high,added by correction 31
grimonviller,settlement,Grimonviller,,,Gremonviller,village,,,,,FR,,,Colombey,,,,,,,96,high,
grindorflf,settlement,Grindorflf,,,Brondorff,village,,,,,FR,,,Sicrck,Moselle,,,,,,78,high,
gripport,settlement,Gripport,,,,village,,,,,FR,,,Haroué,,,,,,,66,high,
griscourt,settlement,Griscourt,,,Grisecourt,village,,,,,FR,,,Domèvre,Meurthe,,,,,,39,medium,
gronig,settlement,Gronig,,,Gronich,village,,,,,FR,vil.,Alswciler,,,,,,,,87,high,correction 30: + 1488
gros-kedercbing,settlement,Gros-Kédercbing,,,Rîderchingcn,village,,,,,FR,,,Rohrbaeh,,,,,,,111,high,
grosbliederstroff,settlement,Grosbliederstroff,,,Grossblidcrsslorfï,village,,,,,FR,,,Sarrcguemines,Moselle,,,,,,89,high,
grosrouvre,settlement,Grosrouvre,,,,village,,,,,FR,,,Domèvre,Meurthe,,,,,,103,high,
gross-hemmersdorf,settlement,Gross-Hemmersdorf,,,Hyrmestroff,village,,,,,FR,vil.,Oberesch*,,,,,,,,82,medium,
grundwiller,settlement,Grundwiller,,,Grundiweiller,village,,,,,FR,,,Sarreguemincs,Moselle,,,,,,93,high,
gucndersberg,settlement,Gucndersberg,,,Gcfilcrssberg,farmstead,,,,,FR,ferme,llanwiller,,,,,,,,112,high,
guebcnbausen,settlement,Guebcnbausen,,,Gebenhausscn,village,,,,,FR,,,Sarregucmines,Moselle,,,,,,93,medium,
guebestroff,settlement,Guébestroff,,,Gebersdorff,village,,,,,FR,,,Dieuze,,,,,,,90,high,
gueblange,settlement,Guéblange,,,Gueblanges,village,,,,,FR,,,Dieuze,,,,,,,91,high,
guemviller,settlement,Guemviller,,,Gengweiller|Gunweiller,village,,,,,FR,,,Saint-Avold,,,,,,,94,high,
guenestrolt,settlement,GuénestrolT,,,Gunersstorff,village,,,,,FR,,,Dieuze,,,,,,,92,high,
guerlefang,settlement,Guerlefang,,,Gerolfingen,village,,,,,FR,vil.,Obcreseh,,,,,,,,80,high,
guermange,settlement,Guermange,,,Guermanges,village,,,,,FR,,,Réchicourt-le-Château,Meurthe,,,,,,91,high,
guerstling,settlement,Guerstling,,,Gersslingen|Gursingen,village,,,,,FR,,,Bouzonville,Moselle,,,,,,81,high,
guerting,settlement,Guerting,,,Gertingen,village,,,,,FR,,,Boulay,,,,,,,84,medium,
guessling,settlement,Guessling,,,Geysslingen,village,,,,,FR,,,Grostenquin,,,,,,,115,high,
gugneccurl,settlement,Gugnéccurl,,,Gugnecourt,village,,,,,FR,,,Bruyères,,,,,,,57,high,
gugney,settlement,Gugney,,,,village,,,,,FR,,,Yézelise,,,,,,,95,high,
gugney-aux-aulx,settlement,Gugney-aux-Aulx,,,Gugncy-aux-Aulx|Gugncy-aux-Aulz,village,,,,,FR,,,Dompaire,,,,,,,66,high,
guidersweiler,settlement,Guidersweiler,,,Guderssweiller|GudersweiUcr,village,,,,,FR,vil.,Alswciler,,,,,,,,89,high,
guinglange,settlement,Guinglange,,,Genglingen,village,,,,,FR,,,Faulquemont,,,,,,,115,high,
guinzeling,settlement,Guinzeling,,,Ginsslingen,village,,,,,FR,,,Albeslroff,Meurthe,,,,,,91,high,
guirlange,settlement,Guirlange,,,Gcrlingen|Gerlingcn,village,,,,,FR,vil.,Bettange,,,,,,,,80,high,
guising,settlement,Guising,,,Gissingen,hamlet,,,,,FR,ham.,Bettwiller,,,,,,,,110,high,
guisingen,settlement,Guisingen,,,Gessingen,village,,,,,FR,vil.,Ihn,,,,,,,,85,high,
gumenil,settlement,Guménil,,,Gimesnil,hamlet,,,,,FR,ham.,fladol,,,,,,,,59,high,
habaurupt,settlement,Habaurupt,,,Halaruz,hamlet,,,,,FR,ham.,Plainfaing,,,,,,,,51,high,
hadol,settlement,Hadol,,,Hadon,village,,,,,FR,,,Xertigny,,,,,,,59,high,
hadomey,settlement,Hadomey,,,Halomey,hamlet,,,,,FR,ham.,Rèhéray,,,,,,,,107,medium,
hagecourt,settlement,Hagécourt,,,Hagiecourt,village,,,,,FR,,,Dompaire,,,,,,,68,high,
hageville,settlement,Hagéville,,,Hageville,village,,,,,FR,,,Gorze,Moselle,,,,,,54,high,
hagneville,settlement,Hagnéville,,,Hignéville,village,,,,,FR,,,Bulgnèville,,,,,,,75,high,
hahnweiler,settlement,Hahnweiler',,,Henweiilcr|Honweiller,village,,,,,DE,vil.,Berscbweiler,Saint-Wendel,Pr.,,,,,,87,high,
haigneville,settlement,Haigneville,,,,village,,,,,FR,,,Bayon,,,,,,,41,high,
hailigny-lcz-verrieres,settlement,Hailigny-lcz-Verrières,,,Hadigny,village,,,,,FR,,,Châtel,,,,,,,98,medium,
haillainville,settlement,Haillainville,,,Hatllainville,village,,,,,FR,,,Châtel,,,,,,,97,high,
hainvau,settlement,Hainvau,,,,village,,,,,,,,,,,,,,,37,low,not found in the index
hallieure,settlement,Hallieure,,,,village,,,,,,,,,,,,,,,47,low,not found in the index
halloville,settlement,Halloville,,,,village,,,,,FR,,,Blàmont,,,,,,,106,high,
halslroff,settlement,Halslroff,,,Habtorff|Halstorff,village,,,,,FR,vil.,GrindorfJT,,,,,,,,78,high,
ham-sous-varsberg,settlement,Ham-sous-Varsberg,,,Hamcn,village,,,,,FR,,,Boulay,,,,,,,84,medium,
hamanges,settlement,Hamanges,,,,village,,,,,FR,prévôté d'Amance1,,,,true,,,,,53,high,
hamauxard,settlement,Hamauxard,,,Hamauxart,hamlet,,,,,FR,ham.,Va'.-d'Ajol,,,,,,,,63,high,
hameure,settlement,HaMeure,,,Halbeure,village,,,,,FR,mairies de Sainte-Marguerite et de Mandray prévôté de Saint-Dié,,,,true,,,,,48,medium,
hammeville,settlement,Hammeville,,,Hamcvillc,village,,,,,FR,,,Yézelise,,,,,,,95,high,
hamonvillc,settlement,Hamonvillc,,,Hamonville,village,,,,,FR,,,Domèvre,Meurthe,,,,,,102,medium,
hampont,settlement,Hampont,,,Hampopr,village,,,,,FR,,,Château-Salins,Meurthe,,,,,,91,high,
hannonville-sous-les-cotes,settlement,Hannonville-sous-les-Côtes,,,Hanonville,village,,,,,FR,,,Fresnes-en-Woè - vrc,Meuse,,,,,,101,high,
hanwiller,settlement,Hanwiller,,,Hauweillcr,village,,,,,FR,,,Bitcbc,,,,,,,110,high,
haplemont,settlement,Haplemont,,,Happlemont,hamlet,,,,,FR,ham.,Gerbécourl,,,,,,,,38,high,
happoncourt,settlement,Happoncourt,,,Haponcourt,hamlet,,,,,FR,ham.,Moncel,Coussey,,,,,,,76,high,
har-arien,settlement,Har^arien,,,Hargarden,hamlet,,,,,FR,ham.,Laumesfeld,,,,,,,,79,high,
haraucourt,settlement,Haraucourt,,,Harraucourt,castle,,,,,FR,,,Saint-Nicolas,,,,,,,43,high,
haraucourt-sur-seille,settlement,Haraucourt-sur-Seille,,,Harracourt,village,,,,,FR,,,Château-Salins,Meurthe,,,,,,115,medium,
harchechamp,settlement,Harchéchamp,,,Harchéchamps,village,,,,,FR,,,Ncufchâteau,Vosges,,,,,,39,high,
hardancourt,settlement,Hardancourt,,,,village,,,,,FR,,,Rambervillers,Vosges,,,,,,97,high,
hardemont,settlement,Hardémont,,,Gardelmont,hamlet,,,,,FR,ham.,la Chapelle-aux-Bois,,,,,,,,65,high,
hareville-sous-monlforl,settlement,Haréville-sous-Monlforl,,,Harévillc,village,,,,,FR,,,Vittcl,,,,,,,68,high,
hargarien-aux-mines,settlement,Hargarien-aux-Mines,,,Hargarten,village,,,,,FR,,,Bouzonville,Moselle,,,,,,82,high,
hargarten,settlement,Hargarten,,,Hargarden,village,,,,,DE,vi!.,Haustadt,Merzig,Pr.,,,,,,84,high,
harlingen,settlement,Harlingen,,,Harlingcn,village,,,,,FR,vil.,Merzig,,,,,,,,86,high,
harol,settlement,Harol,,,,village,,,,,FR,,,Dompaire,,,,,,,69,high,
haroue,settlement,Haroué,,,Haroucl,village,,,,,FR,,,Haroué,,,,,,,38,high,
harprich,settlement,Harprich,,,Herbrich,village,,,,,FR,,,Grostenquin,,,,,,,94,high,
hasenholh,settlement,Hasenholh,,,Hasenholb,village,,,,,FR,prévôté de Sierck,,,,true,,,,,81,high,
haspeilseheidt,settlement,Haspeilseheidt,,,Huspclschîd:,village,,,,,FR,,,Bitche,,,,,,,110,high,
hattonchatcl,settlement,Hattonchâtcl,,,Hatonchastcl|Hatonchastel,town,,,,,FR,,,Yigneulles,,,,,,,100,high,
hattonville,settlement,Hattonville,,,Hatonville,village,,,,,FR,,,Vigiieulles,,,,,,,100,high,
haucourt,settlement,Haucourt,,,,village,,,,,FR,,,Spincourt,Meuse,,,,,,54,high,
haudonville,settlement,Haudonville,,,Hatonville|Haùonvitter,village,,,,,FR,,,Gcrbévjller,,,,,,,44,medium,
haupersweiler,settlement,Haupersweiler,,,Huprcchtzweiller,village,,,,,FR,vil.,Oberkirchen,,,,,,,,89,high,added by correction 33
haussonville,settlement,Haussonville,,,Hatissonvillc,castle,,,,,FR,,,Bayon,,,,,,,42,high,
haute-seille,settlement,Haute-Seille,,,Haullc-Scille,hamlet,,,,,FR,ham. (abb.),Cirey,Lorquin,Meurthe,,,,,,130,medium,
hazelbourg,settlement,Hazelbourg,,,Haselbourg,village,,,,,FR,,,Phalsbourg,,,,,,,114,high,
hechlingen,settlement,Hechlingen,,,,village,,,,,,,,,,,,,,,81,low,not found in the index
heckcnransbach,settlement,Heckcnransbach,,,Rausspach,hamlet,,,,,FR,ham.,Ernesiwiller,,,,,,,,90,high,added by correction 33
heckling,settlement,Heckling,,,Zurachtcn,village,,,,,FR,,,Bouzonville,Moselle,,,,,,88,medium,
heiiselhofen,settlement,Heiiselhofen,,,Haînuclhoven,village,,,,,FR,,,,,true,,,,,87,medium,
heillecourt,settlement,Heillecourt,,,Haillecourt,village,,,,,FR,,,Nancy-Ouest,,,,,,,36,high,
heining,settlement,Heining,,,Huningen,village,,,,,FR,,,Bouzonville,Moselle,,,,,,93,high,
hellendorii,settlement,Hellendoriï,,,Hellendorff,hamlet,,,,,DE,ham.,Orscholz,Saarburg,Pr.,,,,,,78,high,
hellimer,settlement,Hellimer,,,Heylingenncr|Himradt,village,,,,,FR,,,Grostenquin,,,,,,,92,medium,
hemcring,settlement,Hémcring,,,Hemeringcn,village,,,,,FR,,,Grostenquin,,,,,,,115,high,
heming,settlement,Héming,,,Ilcrmingen,village,,,,,FR,,,Lorquin,Meurthe,,,,,,108,high,
hemtzelbovcn,settlement,Hemtzelbovcn,,,,village,,,,,,,,,,,,,,,88,low,not found in the index
henamenil,settlement,Hénaménil,,,Hénamesnil,village,,,,,FR,,,Lunéville-Sud-est,,,,,,,42,high,
hennecourt,settlement,Hennecourt,,,Henneeourt,village,,,,,FR,,,Dompaire,,,,,,,70,high,
hennezel,settlement,Hennezel,,,,hamlet,,,,,FR,ham.,Tendon,,,,,,,,60,high,
hennezel-darney,settlement,Hennezel,,,La verrière Hennez^l,village,,,,,FR,,,Darney,,,,,,,72,medium,
henrieel,settlement,Henrieel,,,La verrièreHenricé,hamlet,,,,,FR,ham. (verrerie),Claudon,,,,,,,,73,high,
herbaupaire,settlement,Herbaupaire,,,Herbeaupairc|Herbeaupaire,hamlet,,,,,FR,ham.,Lusse,,,,,,,,49,medium,
herbaville,settlement,Herbaville,,,Herbauville,village,,,,,FR,liam.,Saint-Michel,,,,,,,,47,high,
herbemoui,settlement,Herbemoui,,,Herbclmont,village,,,,,FR,bain.,Saint-Remimont,,,,,,,,38,high,
herbeuville,settlement,Herbeuville,,,Herbevifle,village,,,,,FR,,,Fresnes-cn-Voevre,Meuse,,,,,,100,high,
herbeviller,settlement,Herbéviller,,,Herbiviller,village,,,,,FR,,,Blâinont,,,,,,,106,high,
herchweiler,settlement,Herchweiler,,,Herchweiller,village,,,,,FR,vil.,Oberkirchen,,,,,,,,89,high,
hergugncy,settlement,Hergugncy,,,Hergugney,village,,,,,FR,,,Charmes,,,,,,,99,high,
herimenil,settlement,Hériménil,,,Harymesnil|Haryroesnil,village,,,,,FR,,,Gerbéviller,,,,,,,44,high,
herival,settlement,Hérival,,,Dérivai,hamlet,,,,,FR,ham. (prieuré) réuni à la,Val-d'Ajol,,,,,,,,62,high,
herpctmont,settlement,Herpctmont,,,Hapelmont,village,,,,,FR,,,Corcieux,,,,,,,57,high,
hervafaing,settlement,Hervafaing,,,Hcrwanfrain,hamlet,,,,,FR,ham.,Ban-sur-Meurthe,Fiaize,,,,,,,46,high,
hesseling,settlement,Hesseling,,,Hesslingen,village,,,,,FR,"église, presbytère et écoles",Alsting,,,,,,,,95,high,correction 34: Hcssling → Hesseling
hestroff,settlement,Hestroff,,,Hcrstoriï|Helstorff,village,,,,,FR,,,Bouzonville,Moselle,,,,,,79,high,
hilbringen,settlement,Hilbringen,,,,village,,,,,DE,,,Merzig,Pr.,,,,,,85,high,
hilst,settlement,Hilst,,,Hilscht,village,,,,,DE,,,Pirmasens,Bav.,,,,,,110,high,
hin-in,settlement,Hin/in?,,,Huntzingen,village,,,,,FR,bain.,llolving,,,,,,,,92,high,
hinckange,settlement,Hinckange,,,Hemcuingen,village,,,,,FR,,,Boulay,,,,,,,115,high,
hincourt,settlement,Hincourt,,,Hautourl,farmstead,,,,,FR,ferme,Athicnvillc,,,,,,,,43,high,
hobc-wcyersberg,settlement,Hobc-Wcyersberg,,,Hochwcygerssburg,village,,,,,FR,"montagne (chat, ruiné), entre Balrcnthal et Eguelshardt",,,,true,,,,,111,high,
hobling,settlement,Hobling,,,Hoblingen,village,,,,,FR,vi!.,Chémery,,,,,,,,79,high,
hobslelen-ou-gbsteten,settlement,Hobslelen ou Gbsteten,,,Hoffcstetten,village,,,,,FR,"vil., mairie, 3 lieues au nordest de Schambourg; enclavé dans les terres étrangères (D., 1.111, p, 512)",,,,true,,,,,89,high,
hoeliing,settlement,Hoeliing,,,Ohéville,village,,,,,FR,"lu»m., 2166, 11oèville",Bettwiller,Lunéville-Nord,,,,,,,52,medium,
hoimnarting,settlement,Hoimnarting,,,Hommertingen,village,,,,,FR,,,Sarrebourg,,,,,,,108,high,
holbach-les-lemberg,settlement,Holbach-lès-Lemberg,,,Holbach,village,,,,,FR,liam.,Sierstbal,,,,,,,,111,high,
holling,settlement,Holling,,,Hollingcn|Hollingen,village,,,,,FR,,,Boulay,,,,,,,82,high,
holving,settlement,Holving,,,Holbingen,village,,,,,FR,,,Sarralbe,,,,,,,92,high,
holzweiler,settlement,Hôlzweiler,,,Hultzvcillcr,village,,,,,FR,vil.,Fraulautern,,,,,,,,84,high,
hombourg,settlement,Hombourg,,,,town,,,,,,,,,,,,,,,114,low,not found in the index
hombourg-auiidcr-kandcl,settlement,Hombourg auiïdcr Kandcl,,,,village,,,,,,,,,,,,,,,81,low,not found in the index
hombourg-bas,settlement,Hombourg-Bas,,,Hombourg,village,,,,,FR,,,Saint-Avold,,,,,,,114,high,
hombourg-ilatit,settlement,Hombourg-Ilatit,,,Hombourg,village,,,,,FR,,,Saint-Avold,,,,,,,129,high,
honvillc,settlement,Honvillc,,,HonviUe,hamlet,,,,,FR,ham.,Lavelinc,,,,,,,,50,high,
host,settlement,Host,,,Hoost,village,,,,,FR,,,Saint-Avold,,,,,,,114,high,
hotiwiller,settlement,Hotiwiller,,,Hoddweiller,village,,,,,FR,,,Volmunster,,,,,,,111,high,
houdelmont,settlement,Houdelmont,,,,village,,,,,FR,,,Vézclise,,,,,,,36,high,
houdemont,settlement,Houdemont,,,,village,,,,,FR,H,,Nancy-Ouest,,,,,,,36,high,
houdreville,settlement,Houdreville,,,Hôudreville,village,,,,,FR,,,Vézelise,,,,,,,95,high,
houdricbalel,settlement,Houdricbalel,,,Houdrichapelle,glassworks,,,,,FR,"anc. verrerie, prés d'",,Hennezel,,,,,,,73,high,
houecourt,settlement,Houécourt,,,,village,,,,,FR,,,Châtenois,,,,,,,76,high,
houeville,settlement,Houèville,,,Houéville,village,,,,,FR,,,Neufchâtcau,Vosges,,,,,,76,high,
hudivillcr,settlement,Hudivillcr,,,Hudiviller,village,,,,,FR,,,Lunéville-Nord,,,,,,,37,high,
humbertois,settlement,Humbertois,,,Humbatemps,hamlet,,,,,FR,ham.,Saint-Laurent,,,,,,,,69,high,
hundling,settlement,Hundling,,,Hundlingen,village,,,,,FR,,,Sarreguemines,Moselle,,,,,,93,high,
hurbache,settlement,Hurbache,,,Hurbaclic,village,,,,,FR,,,Senones,,,,,,,50,high,
hutte,settlement,Hutte,,,La Hutte,hamlet,,,,,FR,ham.,Xamontarupl,,,,,,,,60,high,
hymerstroff,settlement,Hymerstroff,,,,village,,,,,,,,,,,,,,,79,low,not found in the index
hymont,settlement,Hymont,,,,village,,,,,FR,,,Mirecourt,Vosges,,,,,,67,high,
hynicsstorff,settlement,Hynicsstorff,,,,village,,,,,,,,,,,,,,,85,low,not found in the index
hyrelbach,settlement,Hyrelbach,,,,village,,,,,,,,,,,,,,,92,low,not found in the index
idontctair,settlement,idontctair,,,Le Moncel.j,village,,,,,FR,"et reportez l'art, après celui de Montauville",,,,true,,,,,50,medium,"correction 44: Monelair → idontctair, et reportez l'art, après celui de Montauville"
igncy,settlement,Igncy,,,Igney,village,,,,,FR,,,Châtel,,,,,,,100,high,
igney,settlement,Igney,,,,village,,,,,FR,,,Récbtcotirt-le-Châtcau,Meurthe,,,,,,106,high,
ihiitenhauscn,settlement,Ihïitenhauscn,,,Hiltenhaussen,village,,,,,FR,,,Phalsbourg,,,,,,,113,medium,
ihimbery,settlement,Ihimbery,,,Hamberg,village,,,,,FR,fief du bailliage d'Aprcmont,,,,true,,,,,103,high,
ihn,settlement,Ihn,,,Inné,village,,,,,DE,,,Saarlouis,Pr.,,,,,,93,medium,
iiachem,settlement,Iîachem,,,Bachcn,village,,,,,DE,vil.,Losheîm,Merzig,Pr.,,,,,,86,high,
ilcyligcnner,settlement,Ilcyligcnner,,,,village,,,,,,,,,,,,,,,92,low,not found in the index
immclingen-chasteau-et-village,settlement,Immclingen. chasteau et village,,,,village,,,,,,,,,,,,,,,108,low,not found in the index
immweiler1-cetion-du-vil-d-oherthu,settlement,Immweiler1. «cetion du vil. d'Oherthu!,,,Imweillcr,village,,,,,FR,,Alswciler,,,,,,,,87,high,
imshuchc-rtof,settlement,Imshuchc?rtof,,,Imssbacli,village,,,,,FR,'erme,Trulben {?),,,,,,,,113,medium,
ingliug,settlement,Ingliug,,,Englingcn,village,,,,,FR,ft.,Chémcry*,,,,,,,,79,high,
insming,settlement,Insming,,,Amanges,village,,,,,FR,,,Albestroiï,Meurthe,,,,,,91,high,
ising,settlement,Ising',,,Lugsingen,hamlet,,,,,FR,ham.,Fberswiller,,,,,,,,82,high,
ittersdorf,settlement,Ittersdorf,,,WiderstorlT,village,,,,,DE,,,Saarlouis,Pr.,,,,,,93,high,
itue-devant-dompaire,settlement,Itue-devant-Dompaire,,,La Rue devant Dompaire,village,,,,,FR,prévôtédeDompaire,,,,true,,,,,71,medium,
itzbach,settlement,Itzbach,,,,village,,,,,FR,vil.,Rehlingen,,,,,,,,84,high,
jaileray,settlement,Jaileray,,,LeJallercl,hamlet,,,,,FR,ham.,Bellefontaine,,,,,,,,60,high,
jallaucourt,settlement,Jallaucourt,,,Jallacourt,village,,,,,FR,,,Delme,Meurthe,,,,,,53,high,
jarmenil,settlement,Jarménil,,,Jeharmcsnii,village,,,,,FR,,,Remirentont,,,,,,,63,high,
jarville,settlement,Jarville,,,Jarvillc,village,,,,,FR,,,Nancy-Ouest,,,,,,,36,medium,
jaulny,settlement,Jaulny,,,,village,,,,,FR,,,Thiaucourt,Meurthe,,,,,,54,high,
jcvoncourt,settlement,Jcvoncourt,,,Juvoncourt|Xironcourt et Juvoncourt,village,,,,,FR,,,Haroué,,,,,,,38,medium,
jesonville,settlement,Jésonville,,,Gesonville,village,,,,,FR,,,Darney,,,,,,,72,high,
jeuxey,settlement,Jeuxey,,,,village,,,,,FR,,,Epinal,,,,,,,100,high,
jezainville,settlement,Jezainville,,,Gisainville,village,,,,,FR,,,Pont-â-Mousson,Meurthe,,,,,,39,high,
joiivct,settlement,Joiivct,,,Vihuviller,village,,,,,FR,,,Lunéville-Sud-est,,,,,,,44,high,
joncy,settlement,Joncy,,,Joxey|Juxey,village,,,,,FR,,,Dompaire,,,,,,,69,high,
jouaville,settlement,Jouaville,,,Houaville,village,,,,,FR,,,Briey,Moselle,,,,,,103,medium,
jouy-sous-lcs-cotes,settlement,Jouy-sous-lcs-Côtes,,,Joycy|Joyey,village,,,,,FR,,,Commercy,,,,,,,102,high,
jranduoyain-bailliage-d-apremont,settlement,"(jranduoyain*, bailliage d'Apremont",,,Grandvoysin,village,,,,,FR,,,,,true,,,,,103,medium,
jubainville,settlement,Jubainville,,,,village,,,,,FR,,,Coussey,,,,,,,55,high,
jury,settlement,Jury,,,Jaircy,village,,,,,FR,,,Yerny,Moselle,,,,,,103,high,
jussampt,settlement,Jussampt,,,Jussaruz,village,,,,,FR,,,Corcieux,,,,,,,57,high,
jussy,settlement,Jussy,,,Juxey,village,,,,,FR,,,Gorze,Moselle,,,,,,103,high,
juvaincourt,settlement,Juvaincourt,,,Jevaincourt,village,,,,,FR,,,Mirecourt,Vosges,,,,,,68,high,
juvelise,settlement,Juvelise,,,Gevelize,village,,,,,FR,,,Yic,Meurthe,,,,,,115,high,
kalembourg,settlement,Kalembourg,,,Kalemburg,village,,,,,FR,vil.,Laumesfeld,,,,,,,,80,high,
kalhausen,settlement,Kalhausen,,,Kallcnhaussen,village,,,,,FR,,,Rohrbacli,,,,,,,111,high,
kallzweiller,settlement,Kallzweiller,,,Katzweiller,village,,,,,FR,vil.,Monlcnach,,,,,,,,78,high,
kaltenliausen,settlement,Kaltenliausen,,,Kaltenhaussen,castle,,,,,FR,vil. absorbé par la ville de Bitche (Th.),,,,true,,,,,109,high,
kassheim,settlement,Kassheim,,,,village,,,,,FR,office de Schambourg,,,,true,,,,,87,high,
kcuchingen,settlement,Kcuchingen,,,Kuchingen,village,,,,,FR,vil.,Mettlach,,,,,,,,85,high,
kedangc,settlement,Kédangc,,,Kedingcn,village,,,,,FR,,,Mctzerwissc,,,,,,,79,high,
kelternostern,settlement,Kelternostern,,,,village,,,,,,,,,,,,,,,88,low,not found in the index
kemplich,settlement,Kemplich,,,Hempuchcl,village,,,,,FR,,,Metzerwissc,,,,,,,79,medium,
kerbaeb,settlement,Kerbaeb,,,Kirbach,village,,,,,FR,,,Forbaeb,,,,,,,95,medium,
kerling-les-sierek,settlement,Kerling-lès-Sierek,,,Kerlingcn,village,,,,,FR,,,Sicrck,Moselle,,,,,,78,high,
kerlingcn,settlement,Kerlingcn,,,Eidlingcn,village,,,,,FR,"vil., comme de Ibn",,,,true,,,,,93,high,
kerlingen,settlement,Kerlingen,,,,village,,,,,,,,,,,,,,,93,low,not found in the index
kerperieh-ilemmersdorf,settlement,Kerperieh-ilemmersdorf,,,Hvmerrslorlï|Kirburg,village,,,,,FR,vil.,Obcresch,,,,,,,,84,medium,restored by correction 38
kerprich-aux-bois,settlement,Kerprich-aux-Bois,,,Kiperg,village,,,,,FR,,,Sarrebourg,,,,,,,108,medium,
kerprich-les-dieuze,settlement,Kerprich-lès-Dieuze,,,Kirberg,village,,,,,FR,,,Dieuze,,,,,,,90,high,
kilzing,settlement,Kilzing,,,Kutssingcn,hamlet,,,,,FR,ham.,Merschweillcr,,,,,,,,81,high,
kirf,settlement,Kirf,,,Kirff,village,,,,,DE,vil.,Meurig,Saarburg,Pr.,,,,,,82,medium,
kirsclinaumen,settlement,Kirsclinaumen,,,Kirchnomcn,village,,,,,FR,,,Sierck,Moselle,,,,,,78,high,
kirseh-les-sicrek,settlement,Kirseh-lês-Sicrek,,,Kirch,village,,,,,FR,,,Sierck,Moselle,,,,,,78,high,
klang-vil,settlement,Klang. vil,,,Klingen,village,,,,,FR,,Kemplich,,,,,,,,79,high,
kleinblittcrsdorf,settlement,Kleinblittcrsdorf,,,KleinblidesstorfT,village,,,,,DE,,,Saarbrûckcn,Pr.,,,,,,89,high,
kolchen,settlement,Kolchen,,,Kolchcn,village,,,,,FR,office de Siersberg3,,,,true,,,,,84,high,
kontz-basse,settlement,Kontz-Basse,,,Nidercontz,village,,,,,FR,,,Cattenom,Moselle,,,,,,79,high,
kontz-llauic,settlement,Kontz-llauic,,,Obercontz,village,,,,,FR,,,Cattenom,Moselle,,,,,,81,medium,
krispeig,settlement,Krispeig,,,,village,,,,,,,,,,,,,,,85,low,not found in the index
kroppen,settlement,Kroppen,,,Greppen,village,,,,,DE,,,Pirmasens,Bav.,,,,,,110,high,
l-estanges,settlement,L'Estanges,,,,abbey,,,,,,,,,,,,,,,75,low,not found in the index
l-hopital,settlement,L'hôpital,,,Zumspiul,village,,,,,FR,,,Saint-Avold,,,,,,,114,medium,
la-banvoye,settlement,La Banvoye,,,La Banvoyc,hamlet,,,,,FR,ham.,Vai-d'Ajoî,,,,,,,,63,medium,
la-bassc-mandray,settlement,La Bassc-Mandray,,,La Basse-Mandray,hamlet,,,,,FR,ham.,Mandray,,,,,,,,48,high,
la-battelieule,settlement,La Battelieule,,,La Bastelieule,hamlet,,,,,FR,ham.,Val-d'Ajol,,,,,,,,63,high,
la-bourgonce,settlement,La Bourgonce,,,La Bourgoncc,village,,,,,FR,,,Saint-Dié,Vosges,,,,,,47,medium,
la-bresse,settlement,La Bresse,,,,village,,,,,FR,,,Saulxures,Vosges,,,,,,61,high,
la-cachee-rue,settlement,La Cachée Rue,,,,village,,,,,,,,,,,,,,,48,low,not found in the index
la-caefiee-sue,settlement,La Caefièe-Sue,,,La Cachée Rue,village,,,,,FR,"mairies de Sainte-Marguerite et de Mandray, prévôté de Saint-Dié",,,,true,,,,,47,high,
la-chapelle,settlement,La Chapelle,,,,hamlet,,,,,FR,ham.,Moyenmoulier,,,,,,,,48,medium,
la-chapelle-aux-bois,settlement,La Chapelle-aux-Boîs,,,La Chappcllc,village,,,,,FR,,,Xertigny,,,,,,,65,high,
la-combclle,settlement,La Combclle,,,CombclgouUe,hamlet,,,,,FR,ham.,Val-d'Ajol,,,,,,,,63,high,
la-coslelle,settlement,La Coslelle,,,La Costelle,farmstead,,,,,FR,censé,Mandray,,,,,,,,51,high,
la-cote,settlement,La Côte,,,La Coste,hamlet,,,,,FR,ham.,Longchamp,,,,,,,,64,high,
la-cote-passavant,settlement,La Côte,,,La Cosle Sainct-Antoine,hamlet,,,,,FR,ham.,Passavant*,,,,,,,,74,medium,
la-courlille,settlement,La Courlille,,,La Courtillc,village,,,,,FR,prévôté de Châtenois,,,,true,,,,,74,high,
la-croix,settlement,La Croix,,,,hamlet,,,,,FR,ham.,Val-d'Ajol,,,,,,,,63,high,
la-croix-aux-mines,settlement,La Croix-aux-Mines,,,La Croix,village,,,,,FR,,,Fraize,,,,,,,45,medium,
la-dcrmanville,settlement,La Dcrmanville,,,La Dcrmanvillc,village,,,,,FR,section du village de Rupt,,,,true,,,,,62,high,
la-fontcnelle,settlement,La Fontcnelle,,,La Fonteneïle,hamlet,,,,,FR,ham.,Ban-de-Sapt,Senones,,,,,,,49,medium,
la-forei,settlement,La Forêi,,,LaForrcst,hamlet,,,,,FR,ham.,la Chapclle-aux-Bois,,,,,,,,65,high,
la-foresterie-du-ban-de-vagncy,settlement,La Foresterie du ban de Vagncy,,,La Forrcsleric,village,,,,,FR,"nom d'une anciennne seigneurie, dont les sujets, répandus en différents endroits du ban, étaient appelés Forestiers de Vagncy3",,,,true,,,,,64,high,
la-fosse,settlement,La Fosse,,,,village,,,,,,,,,,,,,,,109,low,not found in the index
la-franouze,settlement,La Franouze,,,La Franouzc,village,,,,,FR,"communauté considérable du, donll'église paroissiale était au Clerjus (D.)",,Fonlenoy,,,,,,,65,high,
la-frison,settlement,La Frison,,,,hamlet,,,,,FR,ham. {verrerie),Hcnnezcl,,,,,,,,73,high,
la-grande-catherine,settlement,La Grande-Catherine,,,,hamlet,,,,,FR,ham. (verrerie),Claudon,,,,,,,,73,high,
la-grande-fosse,settlement,La Grande-Fosse,,,,village,,,,,FR,,,Saales,Vosges,,,,,,47,medium,
la-grande-mairie,settlement,La Grande Mairie,,,,village,,,,,,,,,,,,,,,61,low,not found in the index
la-hardallc,settlement,La Hardallc,,,La Bardai,hamlet,,,,,FR,ham.,Anould,,,,,,,,45,high,
la-haulte-rue-de-destort,settlement,La haulte rue de Destort,,,,village,,,,,,,,,,,,,,,107,low,not found in the index
la-haute-mandray,settlement,La Haute-Mandray,,,La Haulte-Mandray,hamlet,,,,,FR,ham,Mandray,,,,,,,,48,high,
la-houssiere,settlement,La Houssière,,,La Koussière,village,,,,,FR,,,Coreiettx,,,,,,,58,high,
la-louvicrc,settlement,La Louvicrc,,,La Rouvière,farmstead,,,,,FR,ferme,Hurbache,,,,,,,,50,high,
la-malgrange,settlement,La Malgrange,,,,hamlet,,,,,FR,ham.,Jarville,,,,,,,,36,medium,
la-mi-mandray,settlement,La Mi-Mandray,,,L'Kmmy-Mandray,hamlet,,,,,FR,ham.,Manuray,,,,,,,,48,medium,
la-mouline,settlement,La Mouline,,,La Moline,hamlet,,,,,FR,ham.,Ramonchamp,,,,,,,,62,high,
la-ncufville,settlement,La Ncufville,,,,village,,,,,,,,,,,,,,,56,low,not found in the index
la-neuvevihc-souis-montfort,settlement,La NeuveviHc-souis-Montfort,,,La Ncuftïlîe-soubz-Montfort|LaNeufville,village,,,,,FR,,,Vittel,,,,,,,66,medium,
la-neuveville-sous-ch5tenois,settlement,La Neuveville-sous-Ch5tenois,,,La Neuville,village,,,,,FR,,,Châtenois,,,,,,,75,high,
la-nol,settlement,La Nol,,,Nol,hamlet,,,,,FR,ham,Saint-Amé,,,,,,,,61,high,
la-nolle,settlement,La Nolle,,,La Nol,village,,,,,FR,vil.,Corcicux,,,,,,,,57,medium,
la-pariee,settlement,La Pariée,,,La Pargée,hamlet,,,,,FR,ham.,Lusse,,,,,,,,50,high,
la-payne,settlement,La Payne,,,,village,,,,,,,,,,,,,,,49,low,not found in the index
la-pecherie,settlement,La Pêcherie,,,LaPoucherée,hamlet,,,,,FR,ham.,Sainl-Dié,,,,,,,,47,high,
la-pelliere,settlement,La Pellière,,,Les Piiiiers,hamlet,,,,,FR,ham.,Clefcy,,,,,,,,47,high,
la-pille,settlement,La Pille,,,,village,,,,,FR,bam.,VioméniL 108'»,,,,,,,,73,medium,
la-poirie,settlement,La Poirie,,,La Poiric,farmstead,,,,,FR,censé,Tendon,,,,,,,,60,medium,
la-poirie-238,settlement,La Poirie,,,,village,,,,,FR,"ou les Arrentés de la Poirie, au ban de Vagney, nom donné autrefois à des habitations situées « sur les villages » de Tendon et de Longchamp (8.). différentesdes autres localités du même nom",,,,true,,,,,64,medium,
la-poirie-dommarlin,settlement,La Poirie,,,La Poitie|La Poyrie,hamlet,,,,,FR,ham.,Dommarlin,,,,,,,,62,high,
la-poirie-saulxures,settlement,La Poirie,,,Poirie de Saulxures,hamlet,,,,,FR,"ham., mêmecanton",Saulxures,,Vosges,,,,,,61,high,
la-poyrie,settlement,La Poyrie,,,,village,,,,,,,,,,,,,,,61,low,not found in the index
la-prclle,settlement,La Prclle,,,Breirc|Bresle,village,,,,,FR,bam.,Yagney*,,,,,,,,61,high,
la-roche,settlement,La Roche,,,La Boche,village,,,,,FR,section de la,Rupt,,,,,,,,62,high,
la-rouchierre,settlement,La Rouchierre,,,,village,,,,,,,,,,,,,,,73,low,not found in the index
la-rue-sous-llarol,settlement,La Rue-sous-llarol,,,La Rue,hamlet,,,,,FR,ham.,Haro),,,,,,,,70,high,
la-salle,settlement,La Salle,,,,village,,,,,FR,,,Saint-Dié,Vosges,,,,,,47,high,
la-sybille,settlement,La Sybille,,,,hamlet,,,,,FR,ham. (verrerie),Claudon,,,,,,,,73,high,
la-terre-faulquei,settlement,La Terre Faulquei,,,La Terre Faulquel,village,,,,,FR,"mairie de Sainte-Marguerite, prévoie de Saint-Dié",,,,true,,,,,47,high,
la-trouchc,settlement,La Trouchc,,,La Treize|La Treuxe,hamlet,,,,,FR,ham.,Laveline*,,,,,,,,45,high,
la-trouche,settlement,La Trouche,,,La Trouehe,hamlet,,,,,FR,ham.,Raon-rEtape,,,,,,,,46,high,
la-verpelliere,settlement,La Verpellière,,,La Vapillière|Verpillière|Verpillière.\,hamlet,,,,,FR,ham.,Laveline,,,,,,,,45,high,
la-ville-de-bcaurains,settlement,La ville de Bcaurains,,,,village,,,,,,,,,,,,,,,93,low,not found in the index
la-ville-de-raon,settlement,La ville de Raon,,,,village,,,,,,,,,,,,,,,46,low,not found in the index
la-ville-dudict-sainct-dicy,settlement,La ville dudict Sainct Dicy,,,,village,,,,,,,,,,,,,,,46,low,not found in the index
la-voivre,settlement,La Voivre,,,La Voyvre,village,,,,,FR,,,Sainl-Dié,Vosges,,,,,,50,high,
la-voivrelle,settlement,La Voïvrelle,,,La Voyvressc,hamlet,,,,,FR,ham.,Remomeix',,,,,,,,47,high,
la-vraie-cote,settlement,La Vraie-Côte,,,Ranaycoste,hamlet,,,,,FR,ham.,Sainte-Croix-aux-Mines,,,,,,,,109,high,
lachambrc,settlement,Lachambrc,,,La Chambre,village,,,,,FR,,,Saint-Avold,,,,,,,115,high,
lacroix,settlement,Lacroix,,,La Croix,village,,,,,FR,vil.,Saint-François,Bouzonville,Moselle,,,,,,80,high,
lagney,settlement,Lagney,,,Lagny,village,,,,,FR,,,Toul-Nord,,,,,,,55,high,
lahayville,settlement,Lahayville,,,Lahéville,village,,,,,FR,,,Saint-Mihiel,Meuse,,,,,,103,high,
lailre-sous-amance,settlement,Lailre-sous-Amance,,,Laisire|Laislre-soub-Amanee,town,,,,,FR,,,Nancy-Est,,,,,,,51,high,
lairey,settlement,Lairey,,,,village,,,,,FR,fief du bailliage d'Apremoni1,,,,true,,,,,104,medium,
laitre,settlement,Laitre,,,Laistre,hamlet,,,,,FR,ham.,Ban-de-Sapt,Senones,,,,,,,49,high,
laitre-dcneuvie,settlement,Laitre,,,Laislre,hamlet,,,,,FR,ham.,Dcneuvie,,,,,,,,107,high,
laitre-val-d-ajol,settlement,Laitre,,,Laislre,hamlet,,,,,FR,ham.,Val-d'Ajol,,,,,,,,63,high,
lamarche-en-voevre,settlement,Lamarche-en-Voëvre,,,Has,village,,,,,FR,,,Yigneulles,,,,,,,103,high,
lamath,settlement,Lamath,,,La May,village,,,,,FR,,,Gcrbéviller,,,,,,,42,medium,
lambaeh,settlement,Lambaeh,,,Limbach,village,,,,,FR,,,Rohrbach,,,,,,,111,high,
lamenil,settlement,Laménil,,,Allaniesnil,hamlet,,,,,FR,ham.,Arches,,,,,,,,59,high,
lamerey,settlement,Lamerey,,,,hamlet,,,,,FR,ham.,Madonne-et-Lamerey,,,,,,,,69,high,
lamorville,settlement,Lamorville,,,Morville,village,,,,,FR,,,Yigneulles,,,,,,,101,high,
landaville,settlement,Landaville,,,,village,,,,,FR,,,Ncufchàtcau,Vosges,,,,,,76,medium,
landecourt,settlement,Landécourt,,,Landécouri|Prieuré de Landécourt,village,,,,,FR,,,Bayon,,,,,,,41,medium,
landrefang,settlement,Landrefang,,,Laudcrfingen,village,,,,,FR,,,Faulquemont,,,,,,,83,medium,
landres,settlement,Landres,,,,village,,,,,FR,,,Audun-Ie-Rbman,Moselle,,,,,,104,high,
landroff,settlement,Landroff,,,Lendorff,village,,,,,FR,,,Grostenquin,,,,,,,94,high,
laneiivelotie,settlement,Laneiivelotie,,,Neufloue,village,,,,,FR,,,Nancy-Est,,,,,,,52,medium,
laneuvcville-aux-bois,settlement,Laneuvcville-aux-Bois',,,La Neuville-aux-Bois,village,,,,,FR,,,Lunévillc-Sud-esi,,,,,,,44,high,
laneuvevillc-devant-naney,settlement,Laneuvevillc-devant-Naney,,,La Neufville,village,,,,,FR,,,Saint-Nicolas,,,,,,,36,high,
laneuveville-devam-bayon,settlement,Laneuveville-devam-Bayon,,,La Neufviile-lès-Bayon,village,,,,,FR,,,Haroué,,,,,,,38,high,
lanfroicourt,settlement,Lanfroicourt,,,Lanfroieourt,village,,,,,FR,,,Nomeny,Meurthe,,,,,,53,high,
langley,settlement,Langley,,,,village,,,,,FR,,,Charmes,,,,,,,97,high,
laning,settlement,Laning,,,Landingen,village,,,,,FR,,,Grostenquin,,,,,,,115,medium,
lapraye,settlement,Lapraye,,,La Pré,hamlet,,,,,FR,ham.,Laveline,,,,,,,,46,high,
larriere,settlement,Larrière,,,Larriére,hamlet,,,,,FR,ham.,Yal-d'Ajol,,,,,,,,63,high,
laumesfeld,settlement,Laumesfeld,,,Limersfcldl|Lumersfeldl,village,,,,,FR,,,Sierck,Moselle,,,,,,79,high,
launois,settlement,Launois,,,La Volnoy,hamlet,,,,,FR,ham.,Ban-de-Sapt,Senones,,,,,,,49,high,
launoy-ou-lanoy,settlement,Launoy ou Lanoy,,,Lanoy,deserted_village,,,,,FR,"vil. et chat, détruits, près d'",,Herbeviller,,,,,,,106,high,
launstroft,settlement,LaunstrofT,,,Lonstorfî,village,,,,,FR,,,Sierck,Moselle,,,,,,79,high,
laval,settlement,Laval,,,Le Vaul,hamlet,,,,,FR,ham.,Chaligny,,,,,,,,40,high,
laval-bruyeres,settlement,Laval,,,,village,,,,,FR,,,Bruyères,,,,,,,57,high,
lavcline-du-iloux,settlement,Lavcline-du-Iloux,,,Leavelinc de Houx|Leavéline,village,,,,,FR,,,Bruyères,,,,,,,57,high,
laveline,settlement,Laveline,,,Leaveline,village,,,,,FR,,,Saint-Dié,Vosges,,,,,,50,high,
lavieville,settlement,Laviéville,,,La Viefville,hamlet,,,,,FR,ham.,Dompaire,,,,,,,,71,high,
lavigneville,settlement,Lavignéville,,,Lavigneville,village,,,,,FR,,,Vigneulles,,,,,,,101,high,
laxou,settlement,Laxou,,,Laixou,village,,,,,FR,,,Nancy-Nord,,,,,,,36,high,
lay-saint-cristophe,settlement,Lay-Saint-Cristophe,,,Lay,village,,,,,FR,,,Nancy-Est,,,,,,,37,medium,
laycgotttlc,settlement,Laycgotttlc,,,Layegoutte,village,,,,,FR,liant.,Bonipaire,,,,,,,,45,medium,
lcgeville-cl-bonfays,settlement,Lcgéville-cl-Bonfays,,,Ligeville,village,,,,,FR,,,Dompaire,,,,,,,71,high,
lcintrey,settlement,Lcintrey,,,Lcntrey,village,,,,,FR,,,Blâmont,,,,,,,106,high,
lcnoncourt,settlement,Lcnoncourt,,,Lenoncourt,village,,,,,FR,,,Saint-Nicolas,,,,,,,38,high,
lcrnainvillc,settlement,Lcrnainvillc,,,Lcmainville,village,,,,,FR,,,Haroué,,,,,,,38,medium,
lcrouville,settlement,Lcrouville,,,Rcloville,village,,,,,FR,,,Commercy,,,,,,,40,high,
lcssol,settlement,Lcssol,,,,village,,,,,,,,,,,,,,,64,low,not found in the index
le-ban-d-aray,settlement,Le ban d'Aray,,,,village,,,,,,,,,,,,,,,48,low,not found in the index
le-boulay,settlement,Le Boulay,,,Le Boullay,village,,,,,FR,,,Bruyères,,,,,,,59,high,
le-chanois,settlement,Le Chanois,,,Le Chesnois,hamlet,,,,,FR,ham.,Syndicat-de-Saint-Amé,Rciniremont,,,,,,,64,high,
le-chatelet,settlement,Le Chàtelet,,,Le Chastelet,village,,,,,FR,us.,Barville,,,,,,,,39,high,
le-chene,settlement,Le Chêne,,,Le Chesne,village,,,,,FR,section de la,Rupt,,,,,,,,62,high,
le-chesnois-de-saulcy,settlement,Le Chesnois de Saulcy,,,,village,,,,,,,,,,,,,,,48,low,not found in the index
le-chipai,settlement,Le Chipai,,,,hamlet,,,,,FR,ham.,la Croix-aux-Mînes,,,,,,,,45,high,
le-fain-messire-thiery,settlement,Le Fain Messire Thiéry,,,,village,,,,,,,,,,,,,,,47,low,not found in the index
le-franc-chazcau,settlement,Le Franc-Chazcau,,,Les Francs-Cbasaulx,village,,,,,FR,"maison située à Vagncy, qui était le siège de la justice de celte seigneurie2",,,,true,,,,,64,high,
le-grammont,settlement,Le Grammont,,,Grandmont,farmstead,,,,,FR,censé (verrerie),Vioménil,,,,,,,,73,high,
le-grand-rombach,settlement,Le Grand-Rombach,,,,hamlet,,,,,FR,ham.,Sainte-Croix-aux-Miix»,,,,,,,,109,high,
le-hario,settlement,Le Hario,,,Le Haryol,village,,,,,FR,granges éparses au Val-d*Ajol (D.),,,,true,,,,,63,high,
le-hubert,settlement,Le Hubert,,,Du Hubert,hamlet,,,,,FR,ham. (verrerie),Claudon,,,,,,,,73,high,
le-kouaux,settlement,Le Kouaux,,,Rouau,village,,,,,FR,hani.,Ban-de Sapt,Senones,,,,,,,49,high,
le-mazcville,settlement,Le Mazcville,,,Mauzeville,hamlet,,,,,FR,ham.,Fraize,,,,,,,,51,high,
le-menil,settlement,Le Ménil,,,Le Mesnil|Pageolle,hamlet,,,,,FR,ham.,Elival,,,,,,,,47,medium,
le-menil-229,settlement,Le Ménil,,,Le Mesnil,village,,,,,FR,ancienne grange du ban de Longchamp (B.),,,,true,,,,,65,high,
le-menil-bellefontainc,settlement,Le Ménil,,,Le Mesnil,hamlet,,,,,FR,ham.,Bellefontainc,,,,,,,,65,high,
le-menil-harol,settlement,Le Ménil,,,Le Mcsnil|Le Mesnil,hamlet,,,,,FR,ham.,Harol,,,,,,,,70,high,
le-menil-ramonchamp,settlement,Le Ménil,,,Le Mesnil,village,,,,,FR,,,Ramonchamp,,,,,,,60,high,
le-monccl,settlement,Le Monccl,,,MonceL,hamlet,,,,,FR,ham.,Sattlcy,,,,,,,,48,high,
le-moncel,settlement,Le Moncel,,,Le Monccl,hamlet,,,,,FR,ham.,Yal-d'Ajol,,,,,,,,63,medium,
le-pairc-el-grandrupt,settlement,Le Pairc-el-Grandrupt,,,Le Paire de Grand-Ruz,village,,,,,FR,,,Sainl-Dié,Vosges,,,,,,51,high,
le-paire,settlement,Le Paire,,,,village,,,,,FR,bam.,Anould,,,,,,,,45,high,
le-paire-moyenmoulier,settlement,Le Paire,,,La Paire,hamlet,,,,,FR,ham.,Moyenmoulier,,,,,,,,48,medium,
le-payre,settlement,Le Payre,,,,village,,,,,,,,,,,,,,,49,low,not found in the index
le-pont-de-pierre,settlement,Le Pont-de-Pierre,,,Steinbiderstorff,hamlet,,,,,FR,ham.,Bellefontaine,,,,,,,,60,medium,
le-pont-jeanson,settlement,Le Pont-Jeanson,,,Le Pont-Janson,hamlet,,,,,FR,ham.,Bellefontaine,,,,,,,,60,high,
le-repas,settlement,Le Repas,,,Repas,village,,,,,FR,bam.,Wisembach,,,,,,,,45,high,
le-routier,settlement,Le Routier,,,Le Roullicr de Dounoux,hamlet,,,,,FR,ham.,iladol,,,,,,,,60,high,
le-saint-mont,settlement,Le Saint-Mont,,,Le Sainct--Mont|Le Sainct-Mont,priory,,,,,FR,"ane. prieuré, près de",,Remiremont,,,,,,,62,high,
le-saulrupt,settlement,Le Saulrupt,,,Le Saulruz,village,,,,,FR,écart (chat.),Nancy,,,,,,,,36,high,
le-sautelz,settlement,Le Sautelz,,,Le Sautel,farmstead,,,,,FR,censé,fladol,,,,,,,,60,high,
le-souche,settlement,Le Souche,,,La Souche,hamlet,,,,,FR,ham.,Anould,,,,,,,,45,high,
le-souche-clefcy,settlement,Le Souche,,,Souche,hamlet,,,,,FR,ham.,Clefcy,,,,,,,,47,high,
le-torchon,settlement,Le Torchon,,,Torchon,hamlet,,,,,FR,ham. (verrerie),Hennezel,,,,,,,,72,medium,
le-val-devant-dompaire,settlement,Le Val-devant-Dompaire,,,Le Vaul-devant-Dompaire,village,,,,,FR,prévôtéde Dompaire,,,,true,,,,,68,high,
le-valtin,settlement,Le Valtin,,,Le Vcltin,village,,,,,FR,,,Fraize,,,,,,,51,high,
le-vie,settlement,Le Vie,,,La Vy,hamlet,,,,,FR,ham.,Ban-sur-Meurihe,Fraize,,,,,,,45,medium,
le-viller,settlement,Le Viller,,,,hamlet,,,,,FR,ham.,Sainl-Dié,,,,,,,,46,medium,
le-vivier,settlement,Le Vivier,,,,hamlet,,,,,FR,ham.,Elival,,,,,,,,47,high,
le-void-de-girancourl,settlement,Le Void-de-Girancourl,,,Le Void,hamlet,,,,,FR,ham.,Girancourt,,,,,,,,71,high,
lebcuville,settlement,Lebcuville,,,Eiweiller|La Beufvillc|Lcbeufville,village,,,,,FR,,,Haroué,,,,,,,88,medium,
leidingcn,settlement,Leidingcn,,,Leidingen|Leydingen,village,,,,,FR,"vil., com. dTltersdorf",,,,true,,,,,93,high,
lejols,settlement,Lejols,,,Lesiol,hamlet,,,,,FR,ham.,Gerbamont,,,,,,,,61,high,
lelling,settlement,Lelling,,,Lellingen,village,,,,,FR,,,Grostenquin,,,,,,,115,high,
lemberg,settlement,Lemberg,,,Lohemberg,village,,,,,FR,,,Bitche,,,,,,,111,high,
lemberg-pirmasens,settlement,Lemberg,,,Lcmberg,village,,,,,DE,,,Pirmasens*,Bav.,,,,,,112,high,
lemcstroff,settlement,Lemcstroff,,,Lemcrslroff|Lemerstroiï,village,,,,,FR,,,Metzerwisse,,,,,,,78,high,
lengelsbcim,settlement,Lengelsbcim,,,Lcngissheim,village,,,,,FR,,,Volmunster,,,,,,,110,high,correction 40: 2145 → 2144
lening,settlement,Léning,,,Leyningcn,village,,,,,FR,,,Albestroff,Meurthe,,,,,,92,high,
leomont,settlement,Léomont,,,Léomonl,farmstead,,,,,FR,ferme (prieuré),Yitrimont,,,,,,,,43,medium,
lepangc,settlement,Lépangc,,,Lespahge|Lespange,village,,,,,FR,section de la,Rupt,,,,,,,,62,high,
lepangcs,settlement,Lépangcs,,,Lespange,village,,,,,FR,,,Bruyères,,,,,,,58,high,
leppenoux,settlement,Leppenoux,,,De Lespcnoux,hamlet,,,,,FR,ham. (verrerie),Claudon,,,,,,,,73,high,
lerrain,settlement,Lerrain,,,Larrin,village,,,,,FR,,,Darney,,,,,,,69,high,
les-ableuveneltes,settlement,Les Ableuveneltes,,,Abvcfvenet-la-Pelite,village,,,,,FR,"t, km de Dompaire",,,,true,,,,,70,high,
les-ainias,settlement,Les Ainias,,,Les Amyas,hamlet,,,,,FR,ham.,Saulxures,,,,,,,,64,high,
les-amyas,settlement,Les Amyas,,,,village,,,,,,,,,,,,,,,61,low,not found in the index
les-champs,settlement,Les Champs,,,,hamlet,,,,,FR,ham,Val-d'Ajol,,,,,,,,63,high,
les-champs-de-laxci,settlement,Les Champs-de-Laxci,,,Champ de Laxey,hamlet,,,,,FR,ham.,Champdray,,,,,,,,57,high,
les-chenes,settlement,Les Chênes,,,Les Chcsncs,hamlet,,,,,FR,ham.,Val-d'AjoI,,,,,,,,63,high,
les-cotes,settlement,Les Côtes,,,La Costc,hamlet,,,,,FR,ham,Yal-d'Ajol,,,,,,,,63,high,
les-cours,settlement,Les Cours,,,Le Cours,hamlet,,,,,FR,ham.,Saulcy,,,,,,,,50,high,
les-cours-corcieux,settlement,Les Cours,,,Les Courtz,village,,,,,FR,vil.,Corcieux,,,,,,,,57,high,
les-etangs,settlement,Les Etangs,,,Tenchen,castle,,,,,FR,,,Vigy,Moselle,,,,,,83,medium,
les-forges,settlement,Les Forges,,,,village,,,,,FR,,,Epinal,,,,,,,69,high,
les-fouies,settlement,Les Fouies,,,Les Fouis|Les Foulz,farmstead,,,,,FR,censé,Granges,,,,,,,,49,low,
les-gouttes,settlement,Les Gouttes,,,,hamlet,,,,,FR,ham,Anould,,,,,,,,45,high,
les-granges,settlement,Les Granges,,,,farmstead,,,,,FR,fermes,Saint-Baslemont,,,,,,,,74,high,
les-granges-de-plombieres,settlement,Les Granges-de-Plombières,,,Granges,village,,,,,FR,,,Plombières,,,,,,,65,high,
les-graviers,settlement,Les Graviers,,,,hamlet,,,,,FR,ham.,Saulxures,,,,,,,,61,high,
les-monlhairons,settlement,Les Monlhairons,,,Mechairon,village,,,,,FR,,,Souilly,Meuse,,,,,,104,high,
les-monnclotz,settlement,Les Monnclotz,,,Les Monnclolz,village,,,,,FR,ban de Tendon,,,,true,,,,,60,high,
les-neuves-granges,settlement,Les Neuves-Granges,,,Les Granges,hamlet,,,,,FR,ham.,Saint-Laurent,,,,,,,,69,high,
les-poullieres,settlement,Les Poullières,,,Lcspouillière|Lespouillière,village,,,,,FR,,,Brouvelieures,,,,,,,57,high,
les-trois-bans,settlement,Les Trois-Bans,,,Des Trois-Bans,hamlet,,,,,FR,ham. (verrerie),Claudon,,,,,,,,73,high,
les-vallois,settlement,Les Vallois,,,VaUois,village,,,,,FR,,,Darney,,,,,,,72,high,
les-verrieres-d-onzaines,settlement,Les Verrières-d'Onzaines,,,Verrières d'Onzaines,village,,,,,FR,vil.,Hadigny,,,,,,,,97,high,
lesseux,settlement,Lesseux,,,Lusseux,village,,,,,FR,,,Saint-Dié,Vosges,,,,,,49,medium,
letrayc,settlement,Létrayc,,,Lcslraye,hamlet,,,,,FR,ham.,Ramonchamp,,,,,,,,62,high,
lette,settlement,Lette,,,L'Estat,hamlet,,,,,FR,ham.,Loncbamp,,,,,,,,64,high,
leucken,settlement,Leucken,,,,village,,,,,,,,,,,,,,,79,low,not found in the index
leuvdine,settlement,Leuvdine,,,,village,,,,,,,,,,,,,,,46,low,not found in the index
levai,settlement,Levai,,,Leyval,hamlet,,,,,FR,ham.,Val-d'Ajol,,,,,,,,63,high,
leyr,settlement,Leyr,,,Laves,village,,,,,FR,,,Nomeny,Meurthe,,,,,,52,high,
lezcy,settlement,Lezcy,,,Lczey,village,,,,,FR,,,Vie,Meurthe,,,,,,43,high,
libdos,settlement,Libdos,,,,village,,,,,,,,,,,,,,,133,low,not found in the index
lidrcquin,settlement,Lidrcquin,,,Linderchin,village,,,,,FR,,,Château-Salins,Meurthe,,,,,,94,high,
lidrczing,settlement,Lidrczing,,,Liedersingen,village,,,,,FR,,,Dieuze,,,,,,,94,high,
liebauxard,settlement,Liébauxard,,,Lîcbauxart,hamlet,,,,,FR,ham.,Rupt,,,,,,,,62,high,
liedcrscheidt,settlement,Liedcrscheidt,,,Ludenschidt,village,,,,,FR,,,Bitche,,,,,,,110,high,
liepvrc,settlement,Lièpvrc,,,Liepvre,small_town,,,,,FR,,,Sainte-Maric-aux-Mines,Haut-Rhin,,,,,,108,high,
liesstcrthah-office-de-schambourg,settlement,Liesstcrthah office de Schambourg',,,Lîessterthal,village,,,,,FR,,,,,true,,,,,89,high,
ligneville,settlement,Lignéville,,,Ligniville,village,,,,,FR,,,Vittel,,,,,,,67,high,
limbacb,settlement,Limbacb,,,Limbach|l.imbach,village,,,,,FR,vil.,Beltingcn,,,,,,,,86,high,
limey,settlement,Limey,,,,village,,,,,FR,,,Thiaucourt,Meurthe,,,,,,39,high,
linden,settlement,Linden,,,Zurlinden,village,,,,,FR,section du vil. d'Oberthal,Alsweilcr,,,,,,,,87,high,restored by correction 41
lindrc-hautc,settlement,Lindrc-Hautc,,,HauUc-Lîndrc,village,,,,,FR,,,Dieuze,,,,,,,90,high,
lindre-bassc,settlement,Lindre-Bassc,,,Basse-Lindrc,village,,,,,FR,,,Dieuze,,,,,,,90,high,
lindschcid,settlement,Lindschcid,,,Lindtschidi|Lindtschidt,village,,,,,FR,vil.,Tholcy,,,,,,,,86,medium,
liouville,settlement,Liouville,,,LyoviHe|Lyoville,village,,,,,FR,,,Sainl-Mihiel,Meuse,,,,,,102,high,
lisdorf,settlement,Lisdorf,,,Licsstorff,village,,,,,DE,,,Saarlouis,Pr.,,,,,,84,medium,
lixieres,settlement,Lixières,,,,hamlet,,,,,FR,ham.,Fléville,Conflans !Moselle),,,,,,,104,high,
lixing-lcs-laning,settlement,Lixing-lcs-Laning,,,Luxingeo,village,,,,,FR,,,Groslcnquin,,,,,,,114,high,restored by correction 41
longchamp,settlement,Longchamp,,,Lonchamps,village,,,,,FR,seefïon de la,Rupl,,,,,,,,61,high,
longchamp-chatcnois,settlement,Longchamp,,,Lonchamps|Longchamps,village,,,,,FR,,,Châtcnois,,,,,,,75,medium,
longchamp-epinal,settlement,Longchamp,,,Lonchamp,village,,,,,FR,,,Epinal,,,,,,,100,high,
longcroyc,settlement,Longcroyc,,,Les Longues-Royes,village,,,,,FR,liam.,Haro),,,,,,,,69,high,
longeville-les-saint-avold,settlement,Longeville-lès-Saint-Avold,,,Longeville|Sainct-Martin les Glandières,village,,,,,FR,,,Faulqucmont,,,,,,,83,medium,
longor,settlement,Longor,,,Longeau,mill,,,,,FR,moulin (vil. délr.),Pagny-sur-Mcusc,,,,,,,,40,high,
longuet,settlement,Longuet,,,,village,,,,,FR,section de la,Saint-Nabord,,,,,,,,64,high,
lorey,settlement,Lorey,,,Lorey-lcz-Bayon,village,,,,,FR,,,Bayon,,,,,,,40,high,
lorro,settlement,Lorro,,,,village,,,,,,,,,,,,,,,98,low,not found in the index
lostrofjf,settlement,LostrofJf,,,Alstorff-lez-Leyningcn|Lostroff,village,,,,,FR,,,Albestroff,Meurthe,,,,,,92,medium,
lotthringen,settlement,Lotthringen,,,Lothringen,deserted_village,,,,,FR,"chat, détruit, près de",,Rimling,,,,,,,111,high,
loucbamp,settlement,Loucbamp,,,Honchamps,village,,,,,FR,,,Pierrefillc,Meuse,,,,,,103,high,
loudrcfing,settlement,Loudrcfing,,,Luderfingen,village,,,,,FR,,,Albestrofl,Meurthe,,,,,,90,high,
louircmange,settlement,Louircmange,,,Lanlhrum,village,,,,,FR,,,Boulay,,,,,,,83,medium,
loulzwiller,settlement,Loulzwiller,,,Undtsweiiler,village,,,,,FR,,,Volmunsler,,,,,,,113,high,added by correction 42
loupershausen,settlement,Loupershausen,,,Luppertzhausscn,village,,,,,FR,,,Sarregucmines,Moselle,,,,,,93,high,
lubccourt,settlement,Lubccourt,,,Lebécourt,village,,,,,FR,,,Château-Salins,Meurthe,,,,,,52,high,
lubine,settlement,Lubine,,,,village,,,,,FR,,,Saaîes,Vosges,,,,,,45,high,
luccy,settlement,Luccy,,,Lucy,village,,,,,FR,,,Toul-Nord,,,,,,,55,high,
lucy,settlement,Lucy,,,,village,,,,,FR,,,Deîme,Meurthe,,,,,,52,high,
ludres,settlement,Ludres,,,,village,,,,,FR,,,.Nancy-Ouest,,,,,,,36,high,
lunevihc,settlement,LunévîHc,,,Luneville|Lunéville|Sainct-Georges lez Lunéville,town,,,,,FR,,,LunévîHc,Meurthe,,,,,,43,medium,
lupcouri,settlement,Lupcouri,,,Loupcourt,village,,,,,FR,,,Saint-Nicolas,,,,,,,36,high,
lusse,settlement,Lusse,,,,village,,,,,FR,,,Saaîes,Vosges,,,,,,49,medium,
lutzelbourg,settlement,Lutzelbourg,,,Lutzclbourg,village,,,,,FR,,,Phalsbourg,,,,,,,113,high,
lymingcn,settlement,Lymingcn,,,,village,,,,,FR,office de Boulay,,,,true,,,,,83,medium,
lyon,settlement,Lyon,,,,village,,,,,,,,,,,,,,,104,low,not found in the index
m-ny,settlement,M»?ny,,,,village,,,,,,,,,,,,,,,104,low,not found in the index
macheren,settlement,Macheren,,,Mâchera,village,,,,,FR,,,Saint-Avold,,,,,,,114,high,
macker,settlement,Macker,,,Machern,village,,,,,FR,vil.,Helslroff,,,,,,,,82,medium,
madegney,settlement,Madegney,,,Madigny,village,,,,,FR,,,Dompaire,,,,,,,68,high,
magnien-s,settlement,Magnién's,,,Magnières|Nagniércs,small_town,,,,,FR,,,Gcrbévilicr,,,,,,,42,high,
maidiures,settlement,Maidiures,,,Madières,village,,,,,FR,Il ï,,Pont-à-Mousson,Meurthe,,,,,,39,medium,
mailing,settlement,Mailing,,,Mellick,village,,,,,FR,,,Metzenvisse,,,,,,,78,medium,
mailing-boulay,settlement,Mailing,,,HaUingen,village,,,,,FR,,,Boulay,,,,,,,115,high,
mailly,settlement,Mailly,,,,village,,,,,FR,,,Nomcny,Meurthe,,,,,,104,high,
maison,settlement,Maison,,,Marson,village,,,,,FR,,,Void,,,,,,,104,high,
maisons-de-raon-ce,settlement,Maisons-de-Raon. ce,,,Raon,village,,,,,FR,,Bellcfontainc,,,,,,,,60,high,
maixe,settlement,Maixe,,,Marches,village,,,,,FR,,,dcLunéville-Nonl,,,,,,,43,medium,
maizcy,settlement,Maîzcy,,,Maizcy,village,,,,,FR,,,Saint-Mihicl,Meuse,,,,,,101,high,
maizery,settlement,Maizery,,,,village,,,,,FR,,,Pange,,,,,,,104,high,
malaumont,settlement,Malaumont,,,Malomont,village,,,,,FR,,,Conimercy,,,,,,,40,medium,
malleloy,settlement,Malleloy,,,Malleloy et,village,,,,,FR,,,Nomeny,Meurthe,,,,,,53,high,
mallonvtlle,settlement,Mallonvtlle,,,,village,,,,,,,,,,,,,,,55,low,not found in the index
maltaincourt,settlement,Maltaincourt,,,,village,,,,,FR,,,Mirecourt,Vosges,,,,,,67,high,
malzeville,settlement,Malzéville,,,Maïzévilïe,village,,,,,FR,,,Nancy-Esl,,,,,,,36,high,
mamey,settlement,Mamey,,,Mammcy|Mammey,village,,,,,FR,,,Domèvre,Meurthe,,,,,,39,high,
mandray,settlement,Mandray,,,,village,,,,,FR,,,Fraize,,,,,,,48,medium,
mandre-ia-pclite,settlement,Mandre-Ia-Pclite,,,Mandres-la-Pclite|Mandres-la-Petite,hamlet,,,,,FR,ham.,Boncourt,Commercy,,,,,,,102,high,
mandres-sur-vair,settlement,Mandres-sur-Vair,,,Mandrcs-sur-Veire|Mandres,village,,,,,FR,,,Bulgnéville,,,,,,,75,high,
mangonville,settlement,Mangonville,,,Mangonvillc,village,,,,,FR,,,Haroué,,,,,,,37,high,
manheullcs,settlement,Manheullcs,,,Mahuere,village,,,,,FR,,,Fresnes-en-Voëvre,Meuse,,,,,,104,high,
mannccourl,settlement,Mannccourl,,,Manneeourt,hamlet,,,,,FR,ham.,Chàlenois,,,,,,,,74,high,
manoncourt-en-vcrmois,settlement,Manoncourt-en-Vcrmois,,,Manoncourt,village,,,,,FR,,,Saint-Nicolas,,,,,,,36,high,
manoncourt-en-voivrc,settlement,Manoncourt-en-Voivrc,,,Manoneourt,village,,,,,FR,,,Domèvre,Meurthe,,,,,,55,high,
manonviller,settlement,Manonviller,,,Prieuré de Manonviller,village,,,,,FR,,,Lunévillc-Sud-est,,,,,,,44,high,
marainville,settlement,Marainville,,,,village,,,,,FR,,,Charmes,,,,,,,98,medium,
marainviller,settlement,Marainviller,,,,village,,,,,FR,,,Lunévillc-Sud-est,,,,,,,44,high,
marangc-zondrangc,settlement,Marangc-Zondrangc,,,Meringen,village,,,,,FR,,,Faulquemont,,,,,,,83,high,
marbache,settlement,Marbache,,,Marbacbc,village,,,,,FR,,,Nancy-Nord,,,,,,,38,high,
marbottc,settlement,Marbottc,,,Marbotie,village,,,,,FR,,,Saint-Mihicl,Meuse,,,,,,102,high,
mardigny,settlement,Mardigny,,,Redigny,village,,,,,FR,vil.,Lorry-devant-le-Ponl,Pange,,,,,,,53,high,
mariemont,settlement,Mariémont,,,Macymont,hamlet,,,,,FR,ham,s Arrcniès-dc-Corcieux,Corcieux,,,,,,,56,high,
marienfloss,settlement,Marienfloss,,,,village,,,,,,,,,,,,,,,130,low,not found in the index
marimont,settlement,Marimont,,,Morsperg,village,,,,,FR,,,Albeslroff,Meurthe,,,,,,91,high,
maron,settlement,Maron,,,,village,,,,,FR,,,Nancy-Nord,,,,,,,38,high,
maroncourt,settlement,Maroncourt,,,Moyroncourt,village,,,,,FR,,,Dompaire,,,,,,,69,medium,
marpingen,settlement,Marpingen,,,Merpingen,village,,,,,FR,vil.,Alsweiler,,,,,,,,87,medium,
marre,settlement,Marre,,,Mare,village,,,,,FR,,,Void,,,,,,,104,high,
mars-la-tour,settlement,Mars-la-Tour,,,Mars-la-Tonr,village,,,,,FR,,,Gorze,Moselle,,,,,,54,high,
marsal,settlement,Marsal,,,Harsal,town,,,,,FR,,,Vie,Meurthe,,,,,,115,high,
marthcmoni,settlement,Marthcmoni,,,Marthemont,village,,,,,FR,,,Vézelise,,,,,,,55,high,
martigny-lez-gerbonvaux,settlement,Martigny-lez-Gerbonvaux,,,Martigny,village,,,,,FR,,,Coussey,,,,,,,76,high,
martincourt,settlement,Martincourt,,,,village,,,,,FR,,,Domèvre,Meurthe,,,,,,39,high,
martinvelle,settlement,Martinvelle,,,,village,,,,,FR,,,Monlhureux-sur-Saône,,,,,,,74,high,
marvoisin,settlement,Marvoisin,,,Mervisin,village,,,,,FR,vil. réuni à la,Xivray,,,,,,,,104,high,
marzclay,settlement,Marzclay,,,Mazcllav,hamlet,,,,,FR,ham.,Saint-Dié,,,,,,,,46,high,
mattexey,settlement,Mattexey,,,Maltcxcy,village,,,,,FR,,,Gcrbévillcr,,,,,,,42,high,
maulveiller,settlement,Maulveiller,,,,village,,,,,,,,,,,,,,,83,low,not found in the index
maxeville,settlement,Maxéville,,,Marchainvillc,village,,,,,FR,,,Nancy-Nord,,,,,,,36,high,
maxey-sur-meuse,settlement,Maxey-sur-Meuse,,,Maxey-soubz-Brexey,village,,,,,FR,,,Coussey,,,,,,,76,high,
maxonchamp,settlement,Maxonchamp,,,Maxonchamps,village,,,,,FR,section de la,Rupt,,,,,,,,64,high,
maxstadt,settlement,Maxstadt,,,Magstatl,village,,,,,FR,,,Grostenquin,,,,,,,114,high,
mazelay,settlement,Mazelay,,,Mazelet,village,,,,,FR,,,Châtel,,,,,,,71,high,
mazerulcs,settlement,Mazerulcs,,,Mazereulles,village,,,,,FR,,,Château-Salins,Meurthe,,,,,,52,high,
mazirot,settlement,Mazirot,,,,village,,,,,FR,,,Mirecourt,Vosges,,,,,,67,high,
mcchcrn,settlement,Mcchcrn,,,Morchern,village,,,,,FR,vil.,Hilbringen,,,,,,,,79,high,
mclzcresche,settlement,Mclzcresche,,,Metzer-Esch,village,,,,,FR,,,Mclzcrwisse,,,,,,,81,high,
mcnningen,settlement,Mcnningen,,,Memmingcn,village,,,,,FR,vil.,Merzig,,,,,,,,86,medium,
mcrtcn,settlement,Mcrtcn,,,Morten,village,,,,,FR,,,Bouzonville,Moselle,,,,,,94,high,
mctrich,settlement,Mctrich,,,Metterich,village,,,,,FR,,,Mclzcrwisse,,,,,,,79,medium,
megange,settlement,Mégange,,,Mehingen,village,,,,,FR,,,Boulay,,,,,,,80,high,
mehachamp,settlement,Méhachamp,,,Mehachamps,hamlet,,,,,FR,ham.,Saint-Etienne,,,,,,,,61,high,
mehingen,settlement,Mehingen,,,,village,,,,,,,,,,,,,,,82,low,not found in the index
mehoncourt,settlement,Méhoncourt,,,Mêhoncourt,village,,,,,FR,,,Bayon,,,,,,,41,high,
meillach,settlement,Meillach,,,Mettloch,village,,,,,DE,,,Merzig,Pr.,,,,,,85,medium,
meizing,settlement,Meizing,,,Mutzingcn,village,,,,,FR,,,Forbach,,,,,,,92,high,
meligny-ie-giand,settlement,Méligny-Ie-Giand,,,Melligny-le-Grand,village,,,,,FR,,,Void,,,,,,,40,medium,
meligny-ie-petit,settlement,Méligny-Ie-Petit,,,Melligny-le-Pelit,village,,,,,FR,,,Void,,,,,,,40,high,
melomenil,settlement,Méloménil,,,Malomesnil,hamlet,,,,,FR,ham.,Uzemain,,,,,,,,71,high,
memenil,settlement,Mémenil,,,Memesnil|Mesmesnil,village,,,,,FR,,,Bruyères,,,,,,,56,high,
menemel,settlement,Menemel,,,Menemcl,village,,,,,FR,"ban de Fraize, prévôté de Saint-Dié",,,,true,,,,,51,high,
meni-la-tour,settlement,Méni!-la-Tour,,,Mcsnil-Iez-Toul,village,,,,,FR,,,Toul-Nord,,,,,,,104,high,
menil,settlement,Ménil,,,Mesnil,village,,,,,FR,faubourg de Lunévilie (vil.),,,,true,,,,,43,medium,
menil-balleville,settlement,Ménil,,,Mesuil-sur-Vcirc,hamlet,,,,,FR,ham.,Balléville,,,,,,,,77,medium,
menil-en-xainlois,settlement,Ménil-en-Xaînlois,,,Le Mesnil-cn-Sainctois,village,,,,,FR,,,Mirecourt,Vosges,,,,,,75,high,
menil-evaux-ct-menil,settlement,Ménil,,,Le Mcsnil,hamlet,,,,,FR,ham.,Evaux-ct-Ménil,,,,,,,,66,high,
menil-flin,settlement,Ménil-Flin,,,Mairie du Mesnil et Flin,hamlet,,,,,FR,ham.,Flin,,,,,,,,107,high,
menil-girecourt-lez-vieville,settlement,Ménil,,,Le Mesnil,hamlet,,,,,FR,ham.,Girecourt-lez-Viéville,,,,,,,,67,high,
mensberg,settlement,Mensberg,,,Mentzberg,castle,,,,,FR,,Manderen,Sierck,Moselle,,,,,,82,high,
menskirch,settlement,Menskirch,,,Mensskirch,village,,,,,FR,vil.,Dalstein,,,,,,,,81,high,
merancourt-ou-merancourt,settlement,Merancourt ou Merancourt,,,Mcraucourt,village,,,,,FR,fief du bailliage d'Apremont,,,,true,,,,,104,high,
merchingen,settlement,Merchingen,,,Morchingcn|Morehingen,village,,,,,DE,vil.,Haustadl,Merzig,Pr.,,,,,,85,medium,
mercille,settlement,Mercille,,,&.cxille,hamlet,,,,,FR,ham.,Val-d'Ajol,,,,,,,,63,high,
merevilic,settlement,Mérévilîc,,,Mérévilie,village,,,,,FR,,,Nancy-Ouest,,,,,,,38,high,
merlusses,settlement,Merlusses,,,La Murlusse,hamlet,,,,,FR,ham.,Lusse,,,,,,,,49,medium,
merschweiller,settlement,Merschweiller,,,Esehweiller|Mersweillcr,village,,,,,FR,,,Sierck,Moselle,,,,,,78,low,
merzig,settlement,Merzig,,,Mertzig,village,,,,,DE,,,Merzig,Pr.,,,,,,86,high,
messcin,settlement,Messcin,,,Messien,village,,,,,FR,,,Nancy-Ouest,,,,,,,38,high,
metring,settlement,Métring,,,Mettringen,hamlet,,,,,FR,ham.,Téting,,,,,,,,114,high,"correction 43: canton de Faulquemonl → ham., com. de Téting"
metz,settlement,Metz,,,Saincte-Maric es Metz,village,,,,,FR,"2358, 24 lu",,Metz,,,,,,,131,medium,
mexel,settlement,Mexel',,,Marxcy,deserted_village,,,,,FR,éc. (vil. détr.),Haussonville,,,,,,,,42,high,
mignevillc,settlement,Mignévillc,,,Méginéville,village,,,,,FR,,,Baccarat,Meurthe,,,,,,106,high,
millery,settlement,Millery,,,Millery et,village,,,,,FR,,,Pont-à-Mousson,Meurthe,,,,,,53,high,
milly,settlement,Milly,,,,village,,,,,FR,,,Dun,Meuse,,,,,,104,high,
mirecourt,settlement,Mirecourt,,,Mirccour:,town,,,,,FR,,,Mirecourt,Vosges,,,,,,66,medium,
mitiel-bollenbacli,settlement,Mitiel-Bollenbacli,,,Mittclwrillembach,village,,,,,DE,vil,Sien,Saint-Wendel,Pr.,,,,,,89,high,
mitlelbronn,settlement,Mitlelbronn,,,Mitteîborn,village,,,,,FR,,,Phaîsbourg,,,,,,,114,high,
mnilleronfaing,settlement,Mnilleronfaing,,,Milleronfain,village,,,,,FR,liant.,Bellcfontainc,,,,,,,,60,high,
moincvillc,settlement,Moincvillc,,,Moynevillc,village,,,,,FR,,,Briey,Moselle,,,,,,104,high,
moivron,settlement,Moivron,,,Moyveron,village,,,,,FR,,,Nomcny,Meurthe,,,,,,52,high,
momborn,settlement,Momborn,,,,village,,,,,,,,,,,,,,,113,low,not found in the index
moncel-ies-marcheville,settlement,Moncel-îès-Marchéville,,,Monceï,village,,,,,FR,,,Fresncs-en-Voëvre,Meuse,,,,,,104,medium,
moncel-les-luneville,settlement,Moncel-lès-Lunéville,,,Moncel,village,,,,,FR,,,Lunévillc-Sud-csl,,,,,,,43,high,
monclair-ou-monteclair,settlement,Monclair ou Monteclair,,,Monder,castle,,,,,FR,"forteresse ruinée, près de",,Mettlach*,,,,,,,82,medium,
moncourt,settlement,Moncourt,,,,village,,,,,FR,,,Ncufchàleau,Vosges,,,,,,75,high,
mondorf,settlement,Mondorf,,,Mondorff|Mondoriï,village,,,,,FR,vil.,Hilbt-ingcn,,,,,,,,86,high,
moniet,settlement,Moniet,,,Le Moynicr soub Deneuvre|Le prieuré du Moynier,hamlet,,,,,FR,ham.y,range,,,,,,,,107,medium,correction 45: canton de Pangc → ham.y com. de range
monihureux-sur-saone,settlement,Monihureux-sur-Saône,,,Monstcreul-sur-Saône|Monstereul-sur-Saône,castle,,,,,FR,,,Monihureux-sur-Saône,,,,,,,74,high,
monneren,settlement,Monneren',,,Mondlcr|Mondler,village,,,,,FR,,,Metzerwisse,,,,,,,78,high,
mont,settlement,Mont,,,,village,,,,,FR,,,Gerbéviller,,,,,,,44,high,
mont-devant-sassey,settlement,Mont-devant-Sassey,,,Mons,village,,,,,FR,,,Dun,Meuse,,,,,,104,high,
mont-le-vignoble,settlement,Mont-le-Vignoble,,,Mont-le-Vincux,village,,,,,FR,,,Toul-Sud,,,,,,,55,high,
mont-pange,settlement,Mont,,,,village,,,,,FR,,,Pange,,,,,,,52,high,
montauville,settlement,Montauville,,,Monlauville,village,,,,,FR,,,Pont-à-Mousson,Meurthe,,,,,,39,medium,
montenach,settlement,Montenach,,,Monlenach,village,,,,,FR,,,Sierck,Moselle,,,,,,78,medium,
montenoy,settlement,Montenoy,,,Montcnoy,village,,,,,FR,,,Nomeny,Meurthe,,,,,,53,high,
montmotler,settlement,Montmotler,,,Montmonslier,village,,,,,FR,,,Bains,,,,,,,65,high,
montreux,settlement,Montreux,,,Monteruel,village,,,,,FR,,,Blâmont,,,,,,,106,high,
montzey,settlement,Montzey,,,Monzcy|Monzey,hamlet,,,,,FR,ham.,Loro-Montzey,,,,,,,,40,high,
moranviller,settlement,Moranviller,,,Morainviller,deserted_village,,,,,FR,"vil. détruit, près de",,Rémenoville*,,,,,,,42,high,
morclrnaison,settlement,Morclrnaison,,,Moremaison,village,,,,,FR,,,Çhàtcnois,,,,,,,76,medium,
morhangc,settlement,Morhangc,,,La ville de Morhangcs|Morhanges,village,,,,,FR,,,Grostenquin,,,,,,,94,medium,
moriville,settlement,Moriville,,,Moreville,village,,,,,FR,,,Châle),,,,,,,97,high,
moriviller,settlement,Moriviller,,,,village,,,,,FR,,,Gerliéviller,,,,,,,41,high,
morlagnc,settlement,Morlagnc,,,Morlane|Mortane,village,,,,,FR,,,Brouvclieurcs,,,,,,,58,high,
morlangc,settlement,Morlangc,,,Norlangen,village,,,,,FR,vil.,Bionville,Boulay,,,,,,,94,high,
morsbach,settlement,Morsbach,,,Mor*Uch,village,,,,,FR,,,Forbach,,,,,,,114,high,
mortagnc,settlement,Mortagnc,,,Mortane,hamlet,,,,,FR,ham.,Mont,Cerbéviller,,,,,,,44,high,
morvilie-sur-scille,settlement,Morvilie-sur-Scille,,,Morville,village,,,,,FR,,,Pont-à-Mousson,Meurthe,,,,,,52,high,
moulainville,settlement,Moulainville,,,Mouliainville,village,,,,,FR,,,Llain,Meuse,,,,,,104,high,
moulin,settlement,Moulin,,,Molin,village,,,,,FR,section de la,Snînl-Nabord,,,,,,,,60,high,
moulins,settlement,Moulins,,,Molin,hamlet,,,,,FR,ham.,Bouxièrcs-aux-Chcnes,,,,,,,,51,high,
mousson,settlement,Mousson,,,,village,,,,,FR,,,i'onl-à-Mousson,Meurthe,,,,,,104,high,
moussoux,settlement,Moussoux,,,Moussou,hamlet,,,,,FR,ham.,la Baffe,,,,,,,,63,medium,
mouterhatisen,settlement,Mouterhatisen,,,PJolerhausen,village,,,,,FR,,,Bitche,,,,,,,111,high,
moycmont,settlement,Moycmont,,,Moyenmont,village,,,,,FR,,,Ramberviiiers,Vosges,,,,,,41,high,
moyenmnulicr,settlement,Moyenmnulicr,,,Moycnmonstler|Moycnmouslier,abbey,,,,,FR,,,Senones,,,,,,,48,medium,
moyenpal,settlement,Moyenpal,,,Moyenpault,hamlet,,,,,FR,ham.,Xerligny,,,,,,,,63,high,
muiieeourt,settlement,Muiîeeourt,,,Madrecourl,village,,,,,FR,,,Vinci,,,,,,,69,high,
mulcey,settlement,Mulcey,,,Mellecey,village,,,,,FR,,,Dieuze,,,,,,,90,high,
munchweilcr,settlement,Mùnchweilcr,,,Muridweiller,village,,,,,DE,,,Pirmasens,Bav.,,,,,,113,high,
murvaux,settlement,Murvaux,,,Mervaulx,village,,,,,FR,,,Dun,Meuse,,,,,,104,high,
murville,settlement,Murville,,,Murvîlle,village,,,,,FR,,,Audun-le-Roman,Moselle,,,,,,104,high,
naglaincourt,settlement,Naglaincourt,,,Naglancourt,hamlet,,,,,FR,ham.,Dompaire,,,,,,,,69,high,
naimont,settlement,Naimont,,,Naymont|Neumont,hamlet,,,,,FR,ham.,Uzemain,,,,,,,,70,high,
nalbach,settlement,Nalbach,,,Le Val de Nolbach,village,,,,,DE,,,Saarlouis,Pr.,,,,,,84,high,
namborn,settlement,Namborn,,,Nauborn,village,,,,,FR,vil.,Oberkirchcn,,,,,,,,89,high,
nancois-le-grand,settlement,Nançois-le-Grand,,,Mançoy,village,,,,,FR,,,Commercy,,,,,,,104,medium,
nancy,settlement,Nancy,,,Jésuites de Nancy|Minimes de Nancy,town,,,,,FR,,,Nancy,,,,,,,35,high,
nayemont,settlement,Nayemont,,,Nahuemonl,hamlet,,,,,FR,ham.,Ban-dc-Sapt,Senones,,,,,,,49,high,
nayemont-lez-fosses,settlement,Nayemont-lez-Fosses,,,Nabuentonl|Naymont,village,,,,,FR,,,Saint-Dié,Vosges,,,,,,51,high,
nctivillcr-sur-mosdlc,settlement,Nctivillcr-sur-Mosdlc,,,Neufviller|Prieuré de Neufviller,village,,,,,FR,,,Haroué,,,,,,,38,high,
nculgrange,settlement,Nculgrange,,,Neuscheurcn,village,,,,,FR,,,Sarrcgtiemines,,,,,,,90,medium,
ncuvevimc-lez-raon,settlement,NcuveviMc-lez-Raon,,,La Neuville,village,,,,,FR,,,Raon-1'Etape,,,,,,,46,high,
ncuvilier-sur-favc,settlement,NcuvilIer-sur-Favc,,,Neufviller,village,,,,,FR,,,Sainl-Dié,Vosges,,,,,,47,medium,
ncyvillers,settlement,Ncyvillers,,,Nailleviller,hamlet,,,,,FR,ham.,Saint-Amé,,,,,,,,61,high,
nebing,settlement,Nébing,,,Nebingen,village,,,,,FR,,,Albeslroiï,Meurthe,,,,,,92,high,
neipel,settlement,Neipel,,,Nippel,village,,,,,FR,vil.,Tholey,,,,,,,,87,high,
nelling,settlement,Nelling,,,Nollingcn,village,,,,,FR,,,Sarralbe,,,,,,,91,high,
neudlangc,settlement,Neudlangc,,,Nodlingen,farmstead,,,,,FR,ferme,Aboncourt,Metzerwisse,,,,,,,81,high,
neufchaleau,settlement,Neufchàleau,,,Neufchasleau|Neufchasteau|Saincte-Claire,town,,,,,FR,,,Neufchàleau,Vosges,,,,,,74,medium,
neune,settlement,Neune,,,,hamlet,,,,,FR,ham-,Vicmillc,,,,,,,,56,high,
neunkirch,settlement,Neunkirch,,,Neunieh|Neunkirchen,village,,,,,FR,,,Sarregucmines,Moselle,,,,,,81,medium,
neunkirchen,settlement,Neunkirchen,,,,village,,,,,FR,,,Bouzonville,Moselle,,,,,,82,medium,
neunkirchen-oilwciler,settlement,Neunkirchen,,,,village,,,,,DE,,,Oilwciler',Pr.,,,,,,89,high,
neuulhann,settlement,Neuulhann,,,Neunthann,grange,,,,,FR,gagnage de la seigneurie de Bilche,,,,true,,,,,113,high,
neuvcville,settlement,Neuvcville,,,Neufvîlle-lez-Grand-Fontaine,hamlet,,,,,FR,ham.,Valleroy,,,,,,,,104,high,
neuves-maisons,settlement,Neuves-Maisons,,,Les Neuves-Maisons,village,,,,,FR,,,Nancy-Ouest,,,,,,,40,high,
nicdaltdok,settlement,NicdaltdoK,,,Altroff|AÏlorfi,village,,,,,FR,viL,Oberesch,,,,,,,,78,medium,
nicdcrgailbach,settlement,Nicdcrgailbach,,,Ntdergailbach,village,,,,,DE,,,Hornbach,Bav.,,,,,,112,high,
nidcck,settlement,Nîdcck,,,Nideckh,deserted_village,,,,,FR,"vil. de la terre de Sarralbe, détruit au xvn' siècle (emplacement inconnu)",,,,true,,,,,109,high,
nidcrwisse,settlement,Nidcrwisse,,,Niderwevssen,village,,,,,FR,,,Boulay,,,,,,,115,high,
niderhcim,settlement,Niderhcim,,,,village,,,,,,,,,,,,,,,83,low,not found in the index
niderwciller,settlement,Niderwciller,,,,village,,,,,,,,,,,,,,,108,low,not found in the index
niederhofen,settlement,Niederhofen,,,Nidcrhoveii|Niderhoven,village,,,,,FR,vil.,Tholey,,,,,,,,87,high,
niedersimtenou-obersimlen,settlement,Niedersimtenou Obersimlen,,,Symptcn,village,,,,,DE,,,Pirmasens,Bav.,,,,,,112,medium,
nillel,settlement,Nillel,,,Nittc),village,,,,,DE,,,Saarburg,Pr.,,,,,,85,high,
nitling,settlement,Nitling,,,Ncdingen|Nottiugen,village,,,,,FR,,,Lorquin,Meurthe,,,,,,108,high,
nittel,settlement,Nittel,,,,village,,,,,,,,,,,,,,,84,medium,set in rules.yaml (entry_places)
nobaimont,settlement,Nobaimont,,,Nobclmont,hamlet,,,,,FR,ham.,Charmois-l'Orgueilleux,,,,,,,,70,high,
nohn,settlement,Nohn,,,Nonne,village,,,,,DE,vil.,Orscholz,Saarburg,Pr.,,,,,,85,high,
noiregoutlc,settlement,Noiregoutlc,,,Noiregoutte,hamlet,,,,,FR,ham.,Plainfaing,,,,,,,,51,high,
nomexy,settlement,Nomexy,,,Nomcxey|Nommexy,village,,,,,FR,,,Chàlcl,,,,,,,97,high,
noncourt,settlement,Noncourt,,,,village,,,,,FR,,,Neufchâteau,Vosges,,,,,,75,medium,
nonhigny,settlement,Nonhigny,,,Nonhcgny,village,,,,,FR,,,Blàmont,,,,,,,106,high,
nonpalelisc,settlement,Nonpalelisc,,,,village,,,,,,,,,,,,,,,47,low,not found in the index
nonviile,settlement,Nonviile,,,Nonvillc|Nonville,village,,,,,FR,,,Monthureux-sur-Saône,,,,,,,73,high,
nonzeville,settlement,Nonzeville,,,Mozeville|Nonzcville|Nonziville,village,,,,,FR,,,Bruyères,,,,,,,57,medium,
norbepaire,settlement,Norbépaire,,,Noncpaire.I Le ban de llurbache.!,deserted_village,,,,,FR,"vil. détruit, près de",,Wisembach,,,,,,,50,medium,
norihen,settlement,Norihen,,,Morthen|Northen,hamlet,,,,,FR,ham.,Condé,,,,,,,,80,high,
norroy-sur-vair,settlement,Norroy-sur-Vair,,,Nourroy,village,,,,,FR,,,Bulgnévillc,,,,,,,54,low,
noussewiller-les-putlelange,settlement,Noussewiller lès-Putlelange,,,Nussweiller,village,,,,,FR,,,Forbach,,,,,,,92,high,
obeistiinbach,settlement,Obeistiinbach,,,11 n'en dépend que le seul village dudict Steimbach,village,,,,,FR,,,Bouxwiller,Bas-Rhin,,,,,,110,medium,
ober-esch-ou-oberesch,settlement,Ober-Esch ou Oberesch,,,Oberesch,village,,,,,DE,,,Saarlouis,Pr.,,,,,,78,high,
ober-leuken-ou-oberlcuken,settlement,Ober-Leuken ou Oberlcuken,,,Luckcn,village,,,,,FR,vil.,Perl,,,,,,,,80,medium,
oberdorff,settlement,Oberdorff,,,,village,,,,,FR,,,Bouzonville,Moselle,,,,,,93,high,
oberfuuen,settlement,OberfuUen,,,,village,,,,,,,,,,,,,,,115,low,not found in the index
obergailbach,settlement,Obergailbach,,,,village,,,,,FR,,,Volmunstcr,,,,,,,112,high,
oberkirchen,settlement,Oberkirchen,,,Kctternostern,village,,,,,FR,,,,,true,,,,,89,medium,
obernaumen,settlement,Obernaumen,,,Obrcnomen,hamlet,,,,,FR,ham.,Kirschnaumen,Sierck,Moselle,,,,,,78,high,
oberstensel,settlement,Oberstensel,,,,village,,,,,,,,,,,,,,,108,low,not found in the index
oberwisse,settlement,Oberwisse,,,Obersweyssen,village,,,,,FR,,,Boulay,,,,,,,115,high,
ocft,settlement,Ocft,,,Esft,village,,,,,DE,vil.,Orscholz,Saarburg,Pr.,,,,,,78,high,
ochey,settlement,Ochey,,,Ochiet,village,,,,,FR,,,Toul-Sud,,,,,,,55,high,
odenhoven,settlement,Odenhoven,,,,hamlet,,,,,FR,ham.,Oberdorff,,,,,,,,93,high,
oeiicville,settlement,OEIIcville,,,Oilleville,village,,,,,FR,,,Mirecourt,Vosges,,,,,,68,medium,
oeting,settlement,OEting,,,Oltingen,village,,,,,FR,,,Forbacli,,,,,,,95,high,
offroieourl,settlement,Offroieourl,,,Offraucourt,village,,,,,FR,,,Villel,,,,,,,67,high,
ogeviller,settlement,Ogéviller,,,Ogieviller|Ogiéviller,small_town,,,,,FR,,,Blàmont,,,,,,,106,high,
ognevillc,settlement,Ognévillc,,,Ongnèville,village,,,,,FR,,,Vézclise,,,,,,,96,high,
ohcrperi,settlement,Ohcrperî,,,Obcrperl,village,,,,,FR,vil.,Perl,,,,,,,,80,high,
olberding,settlement,Olberding,,,Abbcrlingen,farmstead,,,,,FR,ferme et chap.,Grosrcderching,,,,,,,,111,high,
olichamp,settlement,Olichamp,,,Olychamps,village,,,,,FR,bam.,Saint-Nabord,,,,,,,,60,high,
olichamp-val-d-ajol,settlement,Olichamp,,,Olycliamps,village,,,,,FR,bam.,Val-d'Ajol,,,,,,,,63,high,
ollainville,settlement,Ollainville,,,Dollainville,village,,,,,FR,,,Châlenois,,,,,,,75,high,
omelmont,settlement,Omelmont,,,,village,,,,,FR,,,Vézclise,,,,,,,96,high,
oncourl,settlement,Oncourl,,,Oncourt,village,,,,,FR,,,Cbàiel,,,,,,,70,high,
onnerswiller,settlement,Onnerswiller,,,Ornesweiller,village,,,,,FR,,,Volmunster,,,,,,,111,high,
orioncourt,settlement,Orioncourt,,,Ortoncourl,village,,,,,FR,,,Rambervillers,Vosges,,,,,,97,high,
ormes,settlement,Ormes,,,,small_town,,,,,,,,,,,,,,,38,low,not found in the index
osenbaeh,settlement,Osenbaeh,,,Osiembach|Ostcmbach,village,,,,,FR,section du vil. fi'Oberlha!,AIsweiler,,,,,,,,87,high,
ottange,settlement,Ottange,,,Ottanges,village,,,,,FR,,,Cattenom,Moselle,,,,,,104,high,
ottonville,settlement,Ottonville,,,Ottcndorff,village,,,,,FR,,,Boulay,,,,,,,82,medium,
ouderen,settlement,Ouderen,,,Udern,village,,,,,FR,,,Metzcrwisse,,,,,,,79,high,
oulrancourt,settlement,Oulrancourt,,,Oultrancourt,village,,,,,FR,,,Buignéville,,,,,,,40,medium,
oulrclean,settlement,Oulrclean,,,Outreleau,village,,,,,FR,ban d'Arches,,,,true,,,,,60,high,
outrcmonl,settlement,Outrcmonl,,,Oullrcmont,village,,,,,FR,bam.,Val-d'Ajol,,,,,,,,63,high,
outremont,settlement,Outremont,,,Ouliremont|Oultrcmont,farmstead,,,,,FR,ferme (prieuré),Lesse,Delmc,Meurthe,,,,,,52,high,
pachlen,settlement,Pachlen,,,Pachtcn,village,,,,,FR,vil.,Fraulautern,,,,,,,,85,medium,
padoux,settlement,Padoux,,,Pandoux,village,,,,,FR,,,Bruyères,,,,,,,99,high,
pagny-sur-moselle,settlement,Pagny-sur-Moselle,,,Pargny,village,,,,,FR,,,"Pont-â-Mousson(Mcuriheï, 529",,,,,,,54,medium,
pallegncy,settlement,Pallegncy,,,Palligny,village,,,,,FR,,,Cbàtel,,,,,,,100,high,
pange,settlement,Pange,,,Panges,village,,,,,FR,cb.-l. de canton,,,,,,,,,52,high,
pannes,settlement,Pannes,,,,village,,,,,FR,,,Tbiaucourt,Meurthe,,,,,,104,high,
parey-saint-cesaire,settlement,Parey-Saint-Césaire,,,Parey-Sainct-Coesar|Parey-Sainet-César,village,,,,,FR,,,Vézclise,,,,,,,36,medium,
parey-sous-monlfort,settlement,Parey-sous-Monlfort,,,Parey-soubz-Monlfort,village,,,,,FR,,,Buignéville,,,,,,,67,high,
parfondrupt,settlement,Parfondrupt,,,Parfonruz|Profondruz,village,,,,,FR,,,Etuin,Meuse,,,,,,54,high,
parroy,settlement,Parroy,,,Parroyc|Parroye,village,,,,,FR,,,Lunévillc-Sud-cst,,,,,,,42,high,
passavant,settlement,Passavant,,,Chasteaù de Passavant,village,,,,,FR,,,Jusscy,Haute-Saône,,,,,,74,high,
passoncourl,settlement,Passoncourl,,,Passoncourt,village,,,,,FR,bam.,Reiiaincourt,,,,,,,,97,high,
pciil-kombach,settlement,Pciil-Kombach,,,Le Petit-Rombach,village,,,,,FR,bam.,Sainte-Croix-aux-Alines,,,,,,,,109,high,
pecaviller,settlement,Pecaviller,,,Peccaviller|Peecaviller,hamlet,,,,,FR,ham.,Syndicat-de-Saint-Amé!,Kemiremont,,,,,,,61,high,
pelil-bcderchimj,settlement,Pelil-Bcderchimj,,,Riderchingcn,village,,,,,FR,,,Robrbacb,,,,,,,110,high,
pelite-rosselle,settlement,Pelite-Rosselle,,,Klain-Rosseln,village,,,,,FR,,,Forbach,,,,,,,95,high,
perl-ou-niederperl,settlement,Perl ou Niederperl,,,Niderpcrl et,village,,,,,DE,,,Saarburg,Pr.,,,,,,80,high,
petil-tenquin,settlement,Petil-Tenquin,,,Teutschen-la-Petite,village,,,,,FR,,,Grostenquin,,,,,,,112,medium,
petite-fosse-la,settlement,Petite-Fosse ;la),,,La Petite-Fosse,village,,,,,FR,,,Saalcs,Vosges,,,,,,49,high,
pevange,settlement,Pévange,,,Pebingen,village,,,,,FR,,,Château-Salins,Meurthe,,,,,,94,high,
pfeningen,settlement,Pfeningen,,,,village,,,,,,,,,,,,,,,83,low,not found in the index
phalstourg-eh-l-de-canton,settlement,Phalstourg. eh.-l. de canton,,,Pfallzbourg|Pfoltzbourg,town,,,,,FR,,,,,,,,,,113,high,
piblange,settlement,Piblange,,,Bublingen|Publingcn,village,,,,,FR,,,Boulay,,,,,,,80,high,
picrrevillc,settlement,Picrrevillc,,,Pierreville,village,,,,,FR,,,Vézclise,,,,,,,36,high,
pierreficte,settlement,Pierreficte,,,,village,,,,,,,,,,,,,,,71,low,not found in the index
pierrefort,settlement,Pierrefort,,,,castle,,,,,FR,chat.,Blarli.ncourt,,,,,,,,39,high,
pierreponl,settlement,Pierreponl,,,Picrrepont,village,,,,,FR,,,Bruyères,,,,,,,57,high,
pirmascns,settlement,Pirmascns,,,Pfumersens,village,,,,,FR,"cb.-l. de canton (Bav.ï, 2210",,,,true,,,,,112,high,correction 52: 2210 → 2209
pixerecourl,settlement,Pixerécourl,,,Pisserécourt,village,,,,,FR,,,Nancy-Est,,,,,,,38,medium,
plainfaing,settlement,Plaînfaing,,,Plainfain,village,,,,,FR,,,Fraize,,,,,,,51,high,
planois,settlement,Planois,,,Planoy,hamlet,,,,,FR,ham.,Basse-sur-ie-Rupt,SaniMires,Vosges,,,,,,61,high,
platenges,settlement,Platenges,,,,village,,,,,FR,fief du bailliage d*Apromont,,,,true,,,,,104,high,
plombieres,settlement,Plombières,,,,priory,,,,,FR,,,Plombières,,,,,,,60,high,
pomern,settlement,Pomern,,,,village,,,,,FR,prévôté de Sierek,,,,true,,,,,82,medium,
pompey,settlement,Pompey,,,Pompé,village,,,,,FR,,,Nancy-Nord,,,,,,,38,high,
pompierre,settlement,Pompierre,,,Pontpicrrc,village,,,,,FR,,,Netifehàieau,,,,,,,40,high,
ponl-tei-bonfays,settlement,Ponl-tei-Bonfays,,,Pont-lez-Bonfay,village,,,,,FR,,,Darney,,,,,,,69,high,
pont,settlement,Pont,,,,village,,,,,FR,bam.,Dominartin (ftemiremont),,,,,,,,62,high,
pont-saint-vincent,settlement,Pont-Saint-Vincent,,,Le Pont Sainct-Vincent|\JC Pont-Sainct-Vincent,small_town,,,,,FR,,,Nancy-Ouest,,,,,,,40,high,
pont-sur-hadon,settlement,Pont-sur-Hadon,,,Pont-sur-Mauldoi:,village,,,,,FR,,,Charmes,,,,,,,68,medium,
pont-sur-meuse,settlement,Pont-sur-Meuse,,,Ponl-lez-Mescrignes|Pont-sur-Meuze,village,,,,,FR,,,Comroercy1,,,,,,,104,high,
pontigny,settlement,Pontigny,,,Nidbrucken,village,,,,,FR,vil.,Condé,,,,,,,,83,medium,
portieux,settlement,Portieux,,,Poriepsicux,farmstead,,,,,FR,ferme (jumenlerie),Rosièrcs-aux-Salines,,,,,,,,40,high,
portieux-charmes,settlement,Portieux,,,Portesseux,village,,,,,FR,,,Charmes,,,,,,,97,high,
pournoy-la-chelive,settlement,Pournoy-la-Chélive,,,Prenoy ou Pounoy-la-Chétifve,village,,,,,FR,,,Verny,Moselle,,,,,,54,high,
poussay,settlement,Poussay,,,Poursas,abbey,,,,,FR,,,Blirecourt,,,,,,,67,high,
pouxeux,settlement,Pouxeux,,,Pouxcy,village,,,,,FR,,,Remiremont,Vosges,,,,,,60,medium,
praye,settlement,Praye,,,Prée-soub-Sion,village,,,,,FR,,,Vézelise,,,,,,,95,medium,
pre-derriere,settlement,Pré-Derrière,,,Le Prey,hamlet,,,,,FR,ham.,Ménil (Ramonchamp),,,,,,,,65,high,
preny,settlement,Prény,,,Preny,town,,,,,FR,,,Pont-à Mousson,Meurthe,,,,,,53,high,
prey,settlement,Prey,,,,village,,,,,FR,,,Bruyères,,,,,,,57,high,
prieure-de-liesse,settlement,Prieuré de liesse,,,,abbey,,,,,,,,,,,,,,,108,low,not found in the index
provencheres,settlement,Provenchères,,,Provenchiéres|Provenctuï'rcs,village,,,,,FR,,,Saales,Vosges,,,,,,49,high,
pubas,settlement,Pubas,,,Pubais,hamlet,,,,,FR,ham.,Basse-sur-le-Rupt,Saulxures,Vosges,,,,,,61,high,
pulligny,settlement,Pulligny,,,Puîligny,village,,,,,FR,,,Vézclise,,,,,,,38,high,
pulligny-chateau-salins,settlement,Pulligny,,,Putligny,village,,,,,FR,,,Château-Salins,Meurthe,,,,,,52,high,
pulney,settlement,Pulney,,,Pugney,village,,,,,FR,,,Colombey,,,,,,,96,medium,
pulnoy,settlement,Pulnoy,,,Pullenoy,village,,,,,FR,,,Nancy-Est,,,,,,,36,high,
pultelange-les-sarralbe,settlement,Pultelange-lès-Sarralbe,,,La ville de Puttelenges|Puttelanges,village,,,,,FR,,,Sarralbe,,,,,,,92,high,
putlegney,settlement,Putlegney,,,Putligny,village,,,,,FR,liam.,ilarol,,,,,,,,70,high,
puxe,settlement,Puxe,,,Puis,village,,,,,FR,l'un des bam. formant la,Laloeuf,Vézelise,,,,,,,96,high,
puzieux,settlement,Puzieux,,,Puzieu,village,,,,,FR,,,Blirecourt,,,,,,,67,high,
quebrux,settlement,Québrux,,,Quebrui|Quebruz,village,,,,,FR,bain.,Laveline,,,,,,,,46,high,
quessonviller,settlement,Quessonviller,,,Quessonville,village,,,,,FR,anciennes granges,Celles,,,,,,,,62,medium,
quevilloncourt,settlement,Quevilloncourt,,,Queveiiloncourt,village,,,,,FR,,,Vézelise,,,,,,,96,high,
r-benville,settlement,R.'benville,,,Rebeufville,village,,,,,FR,,,Neufchâteau,Vosges,,,,,,77,high,
racecourl,settlement,Racécourl,,,Baeecourt,village,,,,,FR,,,Dompaire,,,,,,,69,high,
racrange,settlement,Racrange,,,Reckrangcs|Reckranges,village,,,,,FR,,,Grostenquin,,,,,,,92,medium,
rainbucouri,settlement,Rainbucouri,,,Rambuescouri,village,,,,,FR,,,Sainl-Mihiel,Meuse,,,,,,104,high,
rainville,settlement,Rainville,,,,village,,,,,FR,,,Chàrcnois,,,,,,,75,high,
ramecourt,settlement,Ramecourt,,,Bamecourt|Bomecourt|Remecourt,village,,,,,FR,,,Mirecourt,Vosges,,,,,,67,high,
ramonchamp,settlement,Ramonchamp,,,Ramonchamps,village,,,,,FR,,,Ramonchamp,,,,,,,62,medium,
rancourt,settlement,Rancourt,,,Raucourt,village,,,,,FR,,,Vittel,,,,,,,69,high,
ranfaing,settlement,Ranfaing,,,Ranfain,village,,,,,FR,bam.,Sainl-Nabord,,,,,,,,60,high,
ransctiborn,settlement,Ransctiborn,,,Ranschborn,village,,,,,FR,gagnagcde la seigneurie de Bitche,,,,true,,,,,113,high,
rantmelfangen,settlement,Rantmelfangen,,,Remclfangen,village,,,,,FR,vil.,ibn,,,,,,,,84,high,
raon-aux-bois,settlement,Raon-aux-Bois,,,Baon-aux-Bois|Raon,village,,,,,FR,,,Remircmont,Vosges,,,,,,63,high,
raon-l-eiape,settlement,Raon-l'Eiape,,,Raon,town,,,,,FR,,,Raon-l'Eiape,,,,,,,46,high,
rappweiler,settlement,Rappweiler,,,Rappwciller,village,,,,,FR,vil.,Weiskirchen,Merlig,,,,,,,89,high,
raulccourt,settlement,Raulccourt,,,Raulecourt,village,,,,,FR,,,Saint-llihicl,Meuse,,,,,,105,high,
raumont,settlement,Raumont,,,Ramont,hamlet,,,,,FR,ham.,Lnvcline,,,,,,,,50,high,
raves,settlement,Raves,,,,village,,,,,FR,,,Sainl-Dié,Vosges,,,,,,50,high,
raville,settlement,Raville,,,,village,,,,,FR,,,Luné\ille-Nord,,,,,,,43,high,
razey,settlement,Razey,,,,hamlet,,,,,FR,ham.,Xerligny,,,,,,,,65,high,
rclmont,settlement,Rclmont,,,Belmont,village,,,,,FR,,,Monthureux-sur-Saône,,,,,,,74,high,
rcssoneourt,settlement,Rcssoneourt,,,Ressoncourt,hamlet,,,,,FR,ham.,Rambucourt,,,,,,,,105,high,
reblangollc,settlement,Reblangollc,,,Reblangotle,hamlet,,,,,FR,ham.,Charmois-rOrgueilleux,,,,,,,,70,high,
rech,settlement,Rech,,,Hech,village,,,,,FR,vil.,lltlbringen,,,,,,,,86,high,
rech-241,settlement,Rech,,,Zumrcch,hamlet,,,,,FR,"ham., com., de Sarralbe",,,,true,,,,,109,high,
reclonville,settlement,Reclonville,,,ReelonviHc,village,,,,,FR,,,B.'àmont,,,,,,,106,high,
regneville,settlement,Regnéville,,,Rcgniévclle,village,,,,,FR,,,Monihurcux-sur-Saône,,,,,,,74,high,
regney,settlement,Regney,,,Bugny,village,,,,,FR,,,Dompaire,,,,,,,68,high,
regnievillc,settlement,Regniévillc,,,Regniéville,village,,,,,FR,,,Thiaucourt,Meurthe,,,,,,39,high,
rehaincourt,settlement,Rehaincourt,,,,village,,,,,FR,,,Chàtel,,,,,,,97,high,
rehainviller,settlement,Rehainviller,,,Rebainviller,village,,,,,FR,,,Gerbévillcr,,,,,,,43,high,
rehaupal,settlement,Rehaupal,,,Rehaupault,village,,,,,FR,,,Corcieux,,,,,,,57,high,
reheray,settlement,Réhéray,,,Reherey,village,,,,,FR,,,Baccarat,Meurthe,,,,,,107,high,
reherrey,settlement,Reherrey,,,Beherey,village,,,,,FR,bam-,Dommarlin,,,,,,,,62,high,
rehlingen,settlement,Rehlingen,,,Rellingcn|Rellingen,village,,,,,DE,,,Saarlouis,Pr.,,,,,,84,high,
reillon,settlement,Reillon,,,,village,,,,,FR,,,Blâmont,,,,,,,106,high,
reimsbach,settlement,Reimsbach,,,Rcmsbach|Remssbach,village,,,,,DE,vil.,Haustadt,Merzig,Pr.,,,,,,84,high,
reitseheid,settlement,Reitseheid,,,Raudtsehidt,village,,,,,FR,vil.,Oberkirchen,,,,,,,,89,high,added by correction 56
relanges,settlement,Relanges,,,Belanges|Relange,priory,,,,,FR,,,Darney,,,,,,,73,high,
relhei,settlement,Relhei,,,Battel|Raltel-lez-Sirques,village,,,,,FR,,,Sierck,Moselle,,,,,,78,medium,
relincourt,settlement,Relincourt,,,,village,,,,,FR,bam.,Spada,,,,,,,,101,medium,
remanvillcrs,settlement,Remanvillcrs,,,Remanviller,hamlet,,,,,FR,ham.,Ferdrupt,,,,,,,,62,high,
rembaville,settlement,Rembaville,,,Rambcville,village,,,,,FR,vil.,Corcieux,,,,,,,,59,high,
remclfang,settlement,Rémclfang,,,Bumelfingen,village,,,,,FR,,,Bouzonviiie,,,,,,,83,high,
remcring,settlement,Rémcring,,,Rymeringen,village,,,,,FR,,,Sarralbe,,,,,,,93,high,
remelange,settlement,Rémelange,,,Ramelenges,hamlet,,,,,FR,ham.,Fameck,Thionville,Moselle,,,,,,104,high,
remelfing,settlement,Rémelfing,,,Rumelfingen,village,,,,,FR,,,Sarreguemines,Moselle,,,,,,90,high,
remeling,settlement,Rémeling,,,Bumelingcu,village,,,,,FR,,,Sicrck,Moselle,,,,,,78,high,
rememont,settlement,Remémont,,,Remymont,village,,,,,FR,"bam., eora. d'Entre-deux-Eaux",,,,true,,,,,48,high,
remenauville,settlement,Réménauville',,,Rcménoville,village,,,,,FR,,,Th'iaucourt,Meurthe,,,,,,39,high,
remenoville,settlement,Rémenoville,,,Remcnoville,village,,,,,FR,,,Gerbéviller,,,,,,,42,high,
remering,settlement,Rémering,,,Rimeringen,village,,,,,FR,,,Bouzonviiie,,,,,,,93,high,
remicourt,settlement,Remicourt,,,Remycourt,hamlet,,,,,FR,ham.,Villers-lès-Nancy,,,,,,,,36,high,
remicourt-mirecourt,settlement,Remicourt,,,Romccourt,village,,,,,FR,,,Mirecourt,Vosges,,,,,,68,high,
remiremont,settlement,Remiremont,,,Remyrcmont|Remyremont,town,,,,,FR,,,Remiremont,Vosges,,,,,,62,high,
remois,settlement,Remois,,,Ramois,village,,,,,FR,,,Chàtenois,,,,,,,76,high,
remoiville,settlement,Remoiville,,,Renionville,village,,,,,FR,,,Montmédy*,Meuse,,,,,,105,high,
remomeix,settlement,Remomeix,,,Romomey,village,,,,,FR,,,Sainl-Dié,Vosges,,,,,,47,high,
remoncourt,settlement,Remoncourt,,,Rcmoncourt-,village,,,,,FR,,,Vittel,,,,,,,66,high,
remoncourt-blamont,settlement,Remoncourt,,,,village,,,,,FR,,,Blàmont,,,,,,,106,high,
removille,settlement,Removille,,,,village,,,,,FR,,,Chàtenois,,,,,,,76,high,
renauvoid,settlement,Renauvoid,,,Begnauldvoid|Renaudvoid,village,,,,,FR,,,£pinal,,,,,,,70,high,
rennegoutte,settlement,Rennegoutte,,,Rcnnegoutte,village,,,,,FR,vil.,Coreieux,,,,,,,,56,high,
repaix,settlement,Repaix,,,Repas,village,,,,,FR,,,Blàmont,,,,,,,106,high,
repel,settlement,Repel,,,Reppel,village,,,,,FR,,,Mirecourl,Vosges,,,,,,96,high,
reyerswiller,settlement,Reyerswiller,,,Reygcrssweiller,village,,,,,FR,,,Biiehe,,,,,,,110,high,correction 57: 2147 → 2146
ricbeling-ou-richling,settlement,Ricbeling ou Richling,,,Reicldingen,village,,,,,FR,,,Sarralbe,,,,,,,92,high,
richardmenil,settlement,Richardménil,,,Ricbardmesnil,village,,,,,FR,,,Saint-Nicolas,,,,,,,36,high,
riche,settlement,Riche,,,Reich,village,,,,,FR,,,Château-Salins,Meurthe,,,,,,94,high,
richecourt,settlement,Rîchecourt,,,Rigccoiirt,village,,,,,FR,,,Sainl-Mihlel,Meuse,,,,,,105,high,
riedelberg,settlement,Riedelberg,,,Ridelburg,village,,,,,DE,,,Horabach,Bav.,,,,,,112,high,
rilly-sous-les-cotes,settlement,Rilly-sous-les-Côtes,,,Billy,village,,,,,FR,,,Vigneulles,,,,,,,100,high,
rimling,settlement,Rimling,,,Bumelingen,village,,,,,FR,,,Volmunster,,,,,,,110,high,
rinting,settlement,Rinting,,,Couvent des soeurs de Rentingen|Rentingen lez Sarbourg,farmstead,,,,,FR,ferme (couvent),Bébing,Sarrebourg,,,,,,,107,medium,
ripplingen,settlement,Ripplingen,,,Kupplingen,village,,,,,FR,vil.,Hilbringen,,,,,,,,86,high,
ritzing,settlement,Ritzing,,,Rutzingen,village,,,,,FR,,,Sierck,Moselle,,,,,,81,high,
rlamont,settlement,Rlàmont,,,Blamont,town,,,,,FR,,,Rlàmont,,,,,,,105,medium,
robache,settlement,Robache,,,Robaehc,hamlet,,,,,FR,ham.,Sainl-Dié,,,,,,,,47,high,
robecourt,settlement,Robécourt,,,,village,,,,,FR,,,Lamarche,Vosges,,,,,,133,high,
rochesson,settlement,Rochesson,,,Rougesson,village,,,,,FR,,,Saulxtires,Vosges,,,,,,61,high,
rodalbe,settlement,Rodalbe,,,Rodalben,village,,,,,FR,,,Albesiroff,Meurthe,,,,,,94,high,
rode,settlement,Rode,,,,hamlet,,,,,FR,ham.,Morhangc,,,,,,,,92,high,added by correction 60
rodelach,settlement,Rodelach,,,Rodlach,village,,,,,FR,vil.,Bibiche,,,,,,,,80,high,
roden,settlement,Roden,,,,village,,,,,FR,vil.,Fraulautern,,,,,,,,84,high,
rohr,settlement,Rohr,,,For,hamlet,,,,,FR,ham. absorbé par ?a villede Bitche (Th.),,,,true,,,,,109,high,
rohrbaeh,settlement,Rohrbaeh,,,Rorbach,village,,,,,FR,,,Rohrbaeh,,,,,,,111,high,
rolbing,settlement,Rolbing,,,Roïlingen,village,,,,,FR,,,Volmunster,,,,,,,111,high,
rollamville,settlement,Rollamville,,,RollainvUle,village,,,,,FR,,,Neufchàteau,Vosges,,,,,,75,high,
romain,settlement,Romain,,,,village,,,,,FR,,,Bayon,,,,,,,42,high,
romont,settlement,Romont,,,,village,,,,,FR,,,Rambervitlers,Vosges,,,,,,42,high,
roncourt,settlement,Roncourt,,,,village,,,,,FR,,,Buignéville,,,,,,,77,high,
roppwiller,settlement,Roppwiller,,,Roppweiller,village,,,,,FR,,,Bitche,,,,,,,110,high,
rosbruch,settlement,Rosbruch,,,Bossbruckcn,village,,,,,FR,,,Forbach,,,,,,,82,high,
rosiere-i-la-ou-larosiere,settlement,Rosière i la] ou Larosière,,,La Rosière,hamlet,,,,,FR,ham.,la Chapelle,,,,,,,,57,high,
rosieres-en-haye,settlement,Rosiéres-en-Haye,,,Rosières-cn-Ilcy,village,,,,,FR,,,Domévre,Meurthe,,,,,,39,high,
rouceux,settlement,Rouceux,,,Rcceu,village,,,,,FR,,,Neufchàteau,Vosges,,,,,,75,high,
rougeville,settlement,Rougevîlle,,,RougiviUe,hamlet,,,,,FR,ham.,Tainlrux,,,,,,,,49,high,
rouhling,settlement,Rouhling,,,Rollingen,village,,,,,FR,,,Sarreguemines,Moselle,,,,,,90,high,added by correction 63
roupeldauge,settlement,Roupeldauge,,,Rupplingcn,village,,,,,FR,,,Boulay,,,,,,,82,high,
rouveroye,settlement,Rouveroye,,,Rouvcrois|Rouveroy,farmstead,,,,,FR,censé,Saitil-Nabord,,,,,,,,60,low,
rouvres-cn-xaintois,settlement,Rouvres-cn-Xaintois,,,Rouvrc-en-Sainclois|Rouvre-en-Sainctois,village,,,,,FR,,,Mirceourt,Vosges,,,,,,75,high,
rouvres-la-chetive,settlement,Rouvres-la-Chétive,,,Rouve-la-Clicslifve,village,,,,,FR,,,Chàienois,,,,,,,40,high,
rouvrois-sur-mcuse,settlement,Rouvrois-sur-Mcuse,,,Rouveroy,village,,,,,FR,,,Satul-Mihiel,,,,,,,128,high,
royaumeix,settlement,Royaumeix,,,Renonamcy,village,,,,,FR,,,"Domévre (Meurlhe}, 2028",,,,,,,105,high,
rozelieures,settlement,Rozelieures,,,Rnzelcures|Rozcreulles,village,,,,,FR,,,Ba>on,,,,,,,42,high,
rozerietilles,settlement,Rozérietilles,,,Rozereulles,village,,,,,FR,,,île Gorze,Moselle,,,,,,105,high,
rozeroile,settlement,Rozeroile,,,Rozcrotte,village,,,,,FR,,,Vittel,,,,,,,68,medium,
rrantiguy,settlement,Rrantiguy,,,Branligny,village,,,,,FR,,,Charmes,,,,,,,66,high,
rualmont,settlement,Rualmont,,,ftaalmont,village,,,,,FR,"ban de Clefcy, prévôté de Sainl-Dié",,,,true,,,,,46,high,
ruchlingen,settlement,Ruchlingen,,,Roehlingen,deserted_village,,,,,FR,"vil. détruit, prés de",,Spickeren,,,,,,,95,high,
rudling,settlement,Rudling,,,Rodingcn,hamlet,,,,,FR,ham,Sierck (*),,,,,,,,82,medium,
ruelle,settlement,Ruelle,,,La Ruelle,village,,,,,FR,"mairie de Meurlhe, prévôtédeSaint-Dié",,,,true,,,,,48,high,
rugney,settlement,Rugney,,,Rugny,village,,,,,FR,canlton de Charmes,,,,true,,,,,65,high,
rupt,settlement,Rupt,,,Buz,village,,,,,FR,,,Ramonchamp,,,,,,,61,medium,
rupt-les-moivron,settlement,Rupt-lés-Moivron,,,Ruz-lez-Mouveron,hamlet,,,,,FR,"ham., coin, die Vallers-lés-Moivron",,,,true,,,,,53,high,
rusieres-aux-saiines,settlement,Rûsîéres-aux-Saiines,,,Rosières|Roziêres,town,,,,,FR,,,Saint-Nicolas,,,,,,,40,high,
rustroff,settlement,Rustroff,,,Rustorff|Rustorff lez Sirques,village,,,,,FR,,,Sierck,Moselle,,,,,,78,medium,correction 64: 1554 → 1254
ruxurieux,settlement,Ruxurieux,,,Rexuricux,village,,,,,FR,vil.,Cûrcieux,,,,,,,,59,medium,
ryol,settlement,Ryol,,,,village,,,,,,,,,,,,,,,82,low,not found in the index
saarec-e,settlement,Saarec! e,,,Sarech,mill,,,,,FR,moulin et chat.,Oberstinzel,,,,,,,,108,high,
saarwellingen,settlement,Saarwellingen,,,Sahrwellingen,village,,,,,DE,,,Saarlouis,Pr.,,,,,,84,high,
sachemont,settlement,Sachemont,,,Scichemonf|Seichemont,hamlet,,,,,FR,ham.,Clefcy,,,,,,,,46,high,
sadey,settlement,Sadey,,,Sardey,hamlet,,,,,FR,ham.,la Croix-aux-Mines,,,,,,,,46,high,
saffais,settlement,Saffais,,,,village,,,,,FR,,,Saint-Nicolas,,,,,,,42,high,
safframenil,settlement,Safframénil,,,Saiïremesnil,hamlet,,,,,FR,ham.,IVîménil,,,,,,,,69,high,
sainct-george,settlement,Sainct-George,,,,village,,,,,,,,,,,,,,,129,low,not found in the index
sainct-michel,settlement,Sainct-Michel,,,,village,,,,,,,,,,,,,,,129,low,not found in the index
sainct-pierre-es-metz,settlement,Sainct-Pierre es Metz,,,,village,,,,,,,,,,,,,,,131,low,not found in the index
saini-maurice-sous-les-cotes,settlement,Saini-Maurice-sous-les-Côtes,,,Sainct-Maurice,village,,,,,FR,,,Vigneulles,,,,,,,101,high,
sainl-mard,settlement,Sainl-Mard,,,Sainct-Mars,village,,,,,FR,,,Bayon,,,,,,,42,high,
sainl-prancher,settlement,Sainl-Prancher,,,Sainct-Pranchier,village,,,,,FR,,,Mirecourt,Vosges,,,,,,75,high,
sainl-prayel,settlement,Sainl-Prayel,,,Sainct-Prayer,hamlet,,,,,FR,ham.,Moyenmoulier,,,,,,,,48,high,
saint-agnant,settlement,Saint-Agnant,,,Sainct-Aignan,village,,,,,FR,,,Saint-Mihiel,Meuse,,,,,,102,high,
saint-ame,settlement,Saint-Amé,,,Sainct-Amct|Sainct-Avei,village,,,,,FR,,,Remiremont,Vosges,,,,,,61,high,
saint-aubin,settlement,Saint-Aubin,,,Sainct-Aulbin,village,,,,,FR,,,Commercy,,,,,,,40,medium,
saint-avold,settlement,Saint-Avold,,,L'abbaye dudict Sainct-Avol|La ville de Sainct-Avol ou Sataet-Nabor|Sainct-Avol,abbey,,,,,FR,,,Saint-Avold,,,,,,,114,medium,
saint-basiemonl,settlement,Saint-Basiemonl,,,Sainct-Baslemont,village,,,,,FR,,,Darney,,,,,,,74,high,
saint-baussant,settlement,Saint-Baussant,,,Sainct-Baussonne,village,,,,,FR,,,Thiaueourt,Meurthe,,,,,,105,high,
saint-benoit,settlement,Saint-Benoit,,,Sainci-Benoisten Woyvre|Sainct-Benoist,abbey,,,,,FR,,,Vigneulles,,,,,,,101,high,
saint-biaise,settlement,Saint-Biaise,,,Sainct-Biaise,hamlet,,,,,FR,ham.,Moyenmoutier,,,,,,,,48,high,
saint-boiug,settlement,Saint-Boiug,,,Sainct-Boin,village,,,,,FR,,,Bayon,,,,,,,97,high,
saint-die,settlement,Saint-Dié,,,Sainct-Dicy|Sainct-Diey,town,,,,,FR,,,Saint-Dié,Vosges,,,,,,45,high,
saint-don,settlement,Saint-Don,,,Sainct-Don,priory,,,,,FR,"anc. prieuré, près de",,Dombasle,,,,,,,37,medium,
saint-elophe,settlement,Saint-Elophe,,,Sainct-Alophe,village,,,,,FR,,,Coussey,,,,,,,76,high,
saint-epvre,settlement,Saint-Epvre,,,Abbaye de Sainct-Epvre-lez-Toul|Sainct-Epvrc,village,,,,,FR,faubourg de Toul (vil. el abbaye),,,,true,,,,,55,high,
saint-etienne,settlement,Saint-Etienne,,,Sainct-Esliennc|Sainct-Eslienne,village,,,,,FR,,,Remiremont,Vosges,,,,,,61,high,
saint-firmin,settlement,Saint-Firmin,,,Sainct-Finnin|Sainct-Firmin,village,,,,,FR,,,Haroué,,,,,,,66,high,
saint-genest,settlement,Saint-Genest,,,Sainct-Genois,village,,,,,FR,,,Rambervillers,Vosges,,,,,,99,medium,
saint-germain,settlement,Saint-Germain,,,Sainct-Gcraiain|Sainct-Gcrmain|Sainct-Germain|Sainct-Gerroain,village,,,,,FR,,,Bayon,,,,,,,97,high,
saint-gorgon,settlement,Saint-Gorgon,,,Sainct-Gcrgonnc,village,,,,,FR,,,Rambervillers,Vosges,,,,,,99,medium,
saint-hippolyte,settlement,Saint-Hippolyte,,,Sainct-Hippolyte|Sainct-Ilippolite,town,,,,,FR,,,Schlesiadt,Bas-Rhin,,,,,,108,high,
saint-jcan-les-buzy,settlement,Saint-Jcan-lès-Buzy,,,Sainct-Jean,village,,,,,FR,,,Elaîn,Meuse,,,,,,54,high,
saint-jean,settlement,Saint-Jean,,,Sainct-Jean-du-Vicl-Aislrede Nancy,hamlet,,,,,FR,ham. (commanderie),Nancy,,,,,,,,133,medium,
saint-jean-d-ormont,settlement,Saint-Jean-d'Ormont,,,Sainct-Jean d'Ormont.j,village,,,,,FR,,,Senones,,,,,,,50,high,
saint-jean-du-marehe,settlement,Saint-Jean-du-Marehé,,,Sainct-Jean-du-Marché,village,,,,,FR,,,Bruyères,,,,,,,59,high,
saint-jean-pierrefort,settlement,Saint-Jean-Pierrefort,,,Le Petit Sainct-Jean,hamlet,,,,,FR,ham.,Marlincourt,,,,,,,,39,high,
saint-jean-rohrbach,settlement,Saint-Jean-Rohrbach,,,Sainct-Jean de Rorbach,village,,,,,FR,,,Sarralbe,,,,,,,91,high,
saint-julien,settlement,Saint-Julien,,,Sainct-Julian,village,,,,,FR,,,Commercy,,,,,,,105,high,
saint-jure,settlement,Saïnt-Jure,,,Sainct-Jourc,village,,,,,FR,,,Verny,Moselle,,,,,,105,high,
saint-laurent,settlement,Saint-Laurent,,,Sainct-Laurent,village,,,,,FR,,,Epinal,,,,,,,69,high,
saint-leonard,settlement,Saint-Léonard,,,Saiiïct-Lconard.;|Sainct-Léonard,village,,,,,FR,,,Fraize,,,,,,,48,high,
saint-martin,settlement,Saint-Martin,,,Sainct-Martin|Sainct-iMartin',village,,,,,FR,,,Blâmont,,,,,,,106,medium,
saint-maurice,settlement,Saint-Maurice,,,Sainct-Maurice,village,,,,,FR,,,Rambervillers,Vosges,,,,,,42,high,
saint-maurice-baccarat,settlement,Saint-Maurice,,,Sainct-Maurice,village,,,,,FR,,,Baccarat,Meurthe,,,,,,106,high,
saint-maurice-ramonchamp,settlement,Saint-Maurice,,,Sainct-Mauiïcc|Sainct-Maurise,village,,,,,FR,,,Ramonchamp,,,,,,,62,high,
saint-max,settlement,Saint-Max,,,Sainct-Marc,village,,,,,FR,,,Nancy-Est,,,,,,,38,high,
saint-medard,settlement,Saint-Médard,,,Sainct-Médard,village,,,,,FR,,,Dieuze,,,,,,,115,high,
saint-menge,settlement,Saint-Menge,,,Sainct-Mange,village,,,,,FR,,,Mirecourt,Vosges,,,,,,76,high,
saint-nabord,settlement,Saint-Nabord,,,Sainct-Nabvoir,village,,,,,FR,,,Remiremont,Vosges,,,,,,64,high,
saint-nicolas,settlement,Saint-Nicolas,,,Sainct-Nicolas|Sainct-iNicolas|Sainot-Nieolys,small_town,,,,,FR,,,Saint-Nicolas,,,,,,,36,medium,
saint-paul,settlement,Saint-Paul,,,Sainct-Paul,village,,,,,FR,,,Chàienois,,,,,,,75,high,
saint-pierremont,settlement,Saint-Pierremont,,,Sainct-Pierrcmont,village,,,,,FR,,,Rambervillers (Vosges;. 191,,,,,,,42,medium,
saint-prival-ia-montagne,settlement,Saint-Prival-Ia-Montagne,,,La Montagne,village,,,,,FR,,,Rriey,Moselle,,,,,,104,high,
saint-privat,settlement,Saint-Privat,,,Sainct-Privé,village,,,,,FR,"vil., 3e",Montigny-îès-Metz,Metz,,,,,,,105,high,
saint-rcmy,settlement,Saint-Rcmy,,,Sainct-Remy,village,,,,,FR,,,"Fresnes-en-Voëvre(Meusei, 1892",,,,,,,100,medium,
saint-remimont,settlement,Saint-Remimont,,,Sainct-Rcmymonl,village,,,,,FR,,,Haroué,,,,,,,38,high,
saint-remimont-buigneville,settlement,Saint-Remimont,,,Sainct-Remvmonl|Sainct-Remymont,village,,,,,FR,,,Buignéville,,,,,,,75,medium,
saint-remy,settlement,Saint-Remy,,,Sainct-Remy,village,,,,,FR,,,Raon-1'Elape,,,,,,,47,medium,
saint-remy-aux-bois,settlement,Saint-Remy-aux-Bois,,,Saiiicl-Remy-aux-Bois|Sainct-Remy-aux-Bois pour la moitié,village,,,,,FR,,,Bayon,,,,,,,41,high,
saint-sauveur,settlement,Saint-Sauveur,,,Sainct-Sauvcur|Sainct-Sauveur,abbey,,,,,FR,,,Lorquin,Meurthe,,,,,,106,medium,
saint-vallier,settlement,Saint-Vallier,,,Sainct-Vallier,village,,,,,FR,,,Dompaire,,,,,,,71,medium,
saintc-marie-aux-mines,settlement,Saintc-Marie-aux-Mines,,,Saincte-Maric|Saincte-Marie,small_town,,,,,FR,,,Saintc-Marie-aux-Mines,Haut-Rhin,,,,,,109,high,
sainte-croix-aux-mines,settlement,Sainte-Croix-aux-Mines,,,Sainctc-Croix et Zuckmantel,castle,,,,,FR,,,Saintc-Marie-aux-Mines,Haut-Rhin,,,,,,109,high,
sainte-genevieve,settlement,Sainte-Geneviève,,,Saincte-Genefviefve,village,,,,,FR,,,Ponl-â-Mousson,Meurthe,,,,,,39,high,
sainte-helene,settlement,Sainte-Hélène,,,Sainctc-Hélène,village,,,,,FR,,,Bruyères,,,,,,,99,high,
sainte-marguerite,settlement,Sainte-Marguerite,,,Saincte-Margueréc|Saincte-Marguerée,village,,,,,FR,,,Saint-Dié,Vosges,,,,,,45,medium,
sainte-marie,settlement,Sainte-Marie,,,Saincte-Marie,deserted_village,,,,,FR,"vil. détruit, près de",,Barbonville',,,,,,,42,medium,
sainte-marie-au-bois,settlement,Sainte-Marie-au-Bois,,,Saincie-Marie-aux-Bois|Sainclc-Maric-aux-Bois,farmstead,,,,,FR,ferme (abbaye),Vilcey-sur-Trcy,,,,,,,,54,high,
sainte-marie-aux-chenes,settlement,Sainte-Marie-aux-Chènes,,,Saincte-Maric,village,,,,,FR,,,Briey,Moselle,,,,,,105,high,
sainte-ruffine,settlement,Sainte-Ruffine,,,Sainctc-Raphine,village,,,,,FR,,,Gorzc,Moselle,,,,,,105,high,
saizerais,settlement,Saizerais,,,Saizcrcy-Saincl-Amaml|Saizerey-Sainet-Gcorge,village,,,,,FR,,,Domévre,Meurthe,,,,,,38,high,
salivai,settlement,Salivai,,,,village,,,,,FR,,,Château-Salins,Meurthe,,,,,,130,high,
salonne,settlement,Salonne,,,Salone,small_town,,,,,FR,,,Château-Salins,Meurthe,,,,,,51,high,
saltzbronn,settlement,Saltzbronn,,,Saltzborn. saline et village,hamlet,,,,,FR,ham. et saline,Snrralbe,,,,,,,,109,high,
sam-bey,settlement,Sam-bey,,,Seuxey,village,,,,,FR,,,Epinal,,,,,,,69,high,
sambach,settlement,Sambach,,,,village,,,,,,,,,,,,,,,87,low,not found in the index
san-bouryon,settlement,San Bouryon,,,Ban Bourgon,village,,,,,FR,lîef du bailliage d'Apremont,,,,true,,,,,102,high,
san-de-chaste,settlement,San de Chaste!,,,Ban de Chastel,village,,,,,FR,fief du bailliage d'Apreinont,,,,true,,,,,103,high,
san-de-la-seine,settlement,San de la Seine,,,Ban de la Royne,village,,,,,FR,fief du bailliage d'Apremont,,,,true,,,,,102,high,
san-de-vezin,settlement,San de Vezin,,,Ban de Vezin,village,,,,,FR,fief du bailliage d'Apremont,,,,true,,,,,102,high,
san-saini-symphorien,settlement,San Sainî-Symphorien,,,Ban Sainct-Symphorien,village,,,,,FR,fief du bailliage d'Apremont,,,,true,,,,,102,medium,
san-saint-pierre,settlement,San Saint-Pierre,,,Ban Sainct-Pierre,village,,,,,FR,fief du bailliage d'Apremont,,,,true,,,,,103,high,
sanbucfnionl,settlement,Sanbucfnionl,,,,village,,,,,,,,,,,,,,,105,low,not found in the index
sandaucourt,settlement,Sandaucourt,,,Sandaucburt,small_town,,,,,FR,,,Buignéville,,,,,,,76,high,
sanzey,settlement,Sanzey,,,Sanzcv|Sanzcy,village,,,,,FR,,,Toul-Nord,,,,,,,54,high,
sapais,settlement,Sapais,,,Sapois,village,,,,,FR,,,Saulxures,Vosges,,,,,,64,high,
sarrallk,settlement,SarrallK?,,,Aulbe,town,,,,,FR,,,SarrallK?,,,,,,,109,medium,
sarraltroff,settlement,Sarraltroff,,,Allroff,village,,,,,FR,,,Fénéirange,Meurthe,,,,,,108,high,
sarrebourg,settlement,Sarrebourg,,,Sarbourg,town,,,,,FR,,,Sarrebourg,,,,,,,107,medium,
sarreguemines,settlement,Sarreguemines,,,Guemunde,village,,,,,FR,,,Sarreguemines,Moselle,,,,,,89,high,
sarreinsming,settlement,Sarreinsming,,,Sar-Enssingcn,village,,,,,FR,ean on de Sarreguemines,,,,true,,,,,90,high,
sartes,settlement,Sartes,,,,village,,,,,FR,,,Neufehâteau,Vosges,,,,,,40,high,
sauceray,settlement,Sauceray,,,Saulxeray,hamlet,,,,,FR,ham.,Sain'-Mtchel,,,,,,,,47,medium,
sauley,settlement,Sauley,,,Saulcy,village,,,,,FR,,,Sainl-Dié,Vosges,,,,,,48,medium,
sauli,settlement,Sauli,,,Saulx,village,,,,,FR,section de la,Rupt,,,,,,,,62,high,
saulx-en-voevre,settlement,Saulx-en-Voévre,,,Sault,village,,,,,FR,,,"Fresnes-en-Voèvre(Meuse;, 1891",,,,,,,100,high,
saulxerotte,settlement,Saulxerotte,,,,village,,,,,FR,,,Colombey,,,,,,,96,high,
saulxures-les-nancy,settlement,Saulxures-lès-Nancy,,,Saulxures,village,,,,,FR,,,Nancy-Est,,,,,,,38,high,
saulxures-les-vannes,settlement,Saulxures-lès-Vannes,,,Saulxures,village,,,,,FR,,,Colombey,,,,,,,55,high,
saulxures-lez-bulgneville,settlement,Saulxures-lez-Bulgnéville,,,Saulxures,village,,,,,FR,,,,,true,,,,,75,high,
savigny,settlement,Savigny,,,,village,,,,,FR,,,Charmes,,,,,,,66,high,
savonnieres-en-voevre,settlement,Savonnières-en-Voévre,,,Savonnières,village,,,,,FR,,,Vigneulles,,,,,,,101,high,
saxon,settlement,Saxon,,,,village,,,,,FR,,,Vézelise,,,,,,,97,high,
scbweyen,settlement,Scbweyen,,,Schweygen,hamlet,,,,,FR,ham.,I.outzwiller,Volmunster,,,,,,,113,medium,
scharhmorther,settlement,Scharhmorther,,,Schartzmorther,village,,,,,FR,prévôté de Sierck,,,,true,,,,,81,high,
schaumberg,settlement,Schaumberg,,,Scliawembourg,farmstead,,,,,FR,ferme (chat.),Tholey,,,,,,,,86,high,
schcuren,settlement,Schcuren,,,,village,,,,,,,,,,,,,,,81,low,not found in the index
schellembach,settlement,Schellembach,,,Schellembach. î »,village,,,,,FR,officede Schambourg,,,,true,,,,,87,high,
scheuem,settlement,Scheuem,,,Sclicurcn,village,,,,,FR,v:'.,Tholey,,,,,,,,87,high,
schmalenthal,settlement,Schmalenthal,,,Schraalemhal,deserted_village,,,,,FR,ham. détruit,Baerenlhal,Bitche (Th.),,,,,,,111,high,
schweii,settlement,Schweii,,,Schweigs,village,,,,,DE,,,Pirmasens,Bav.,,,,,,110,high,
schwemmlingen,settlement,Schwemmlingen,,,Sehcinliiigen,village,,,,,FR,vil.,Hilbringen,,,,,,,,86,high,
schwerdorff,settlement,Schwerdorff,,,Schwcrdorfr,village,,,,,FR,,,Bouzonviiie,,,,,,,81,high,
searapt,settlement,Searapt,,,Scaruz,hamlet,,,,,FR,ham.,Fraize,,,,,,,,48,high,
sechamps,settlement,Séchamps,,,,village,,,,,FR,,,Nancy-Est,,,,,,,38,high,
secitteldingcn,settlement,Secitteldingcn,,,Beehteldingen,village,,,,,FR,de l'office de Schambourg1,,,,true,,,,,87,high,
sehndorf,settlement,Sehndorf,,,Syndorfi,village,,,,,FR,vil.,Perl,,,,,,,,80,high,
sehorbach,settlement,Sehorbach,,,Schorbach,village,,,,,FR,,,Bitehe,,,,,,,110,high,
seicheprey,settlement,Seicheprey,,,Séchcprcy,village,,,,,FR,,,Thiaucouri,Meurthe,,,,,,105,high,
seilbach,settlement,Seilbach,,,,village,,,,,FR,office de Sehambourg',,,,true,,,,,89,high,
seingbousse,settlement,Seingbousse,,,Senghiuss,village,,,,,FR,,,Saint-Avold,,,,,,,114,high,
selaineourt,settlement,Selaineourt,,,,village,,,,,FR,,,Colombey,,,,,,,55,high,
senade,settlement,Senade,,,Scnavdes,hamlet,,,,,FR,ham.,Hadol,,,,,,,,59,high,
senenne,settlement,Senenne,,,Senennes,hamlet,,,,,FR,ham. (verrerie),Claudon,,,,,,,,73,high,
senones,settlement,Senones,,,Senonne,village,,,,,FR,,,Senones,,,,,,,130,high,
senonges,settlement,Senonges,,,,village,,,,,FR,,,Darney,,,,,,,72,high,
senonville,settlement,Senonville,,,,village,,,,,FR,,,Vigneullcs,,,,,,,101,high,
seranville,settlement,Séranville,,,Serainvillc,village,,,,,FR,,,Gerbéviller,,,,,,,42,high,
sereoeur,settlement,Sereoeur,,,Sercueur,village,,,,,FR,,,Chàtel,,,,,,,99,high,
serres,settlement,Serres,,,Minimes de Serres,village,,,,,FR,,,Lunéville-Nord,,,,,,,44,high,
seux,settlement,Seux,,,Seuch,hamlet,,,,,FR,ham.,Saint-Etienne,,,,,,,,60,high,
seuzey,settlement,Seuzey,,,Seuzy,village,,,,,FR,,,Vigneulles,,,,,,,101,high,
sexey-aux-forges,settlement,Sexey-aux-Forges,,,,village,,,,,FR,,,Toul-Nord,,,,,,,55,high,
sexey-les-bois,settlement,Sexey-les-Bois,,,Sexey-lez-Bois,village,,,,,FR,,,Toul-Nord,,,,,,,56,high,
sierck,settlement,Sierck,,,Sirques,village,,,,,FR,,,Sierck,Moselle,,,,,,78,high,
siersberg,settlement,Siersberg,,,Sirsperg,village,,,,,FR,"chat.', entre les villages de Siersdorf ei de Reblingen",,,,true,,,,,84,high,
siersdorf,settlement,Siersdorf,,,Sirssdorf,village,,,,,FR,vil.,Reblingen,,,,,,,,84,high,
siersihal,settlement,Siersihal,,,Sigersslall,village,,,,,FR,,,Rohrbach,,,,,,,111,high,
silvingen,settlement,Silvingen,,,Sylmingou,village,,,,,FR,vil.,Hilbringen,,,,,,,,86,high,
sinzey,settlement,Sinzey,,,Arenzey,deserted_village,,,,,FR,"vil. détruit, entre Repaix et Igney",,,,true,,,,,106,high,
sion,settlement,Sion,,,Nostre-Dame de Syon,village,,,,,FR,"écart, église et couvent",Saxon,,,,,,,,96,medium,
sionviller,settlement,Sionviller-,,,Séonviller,village,,,,,FR,,,Lunéville-Sud-est,,,,,,,42,high,
sivery,settlement,Sivery,,,,village,,,,,,,,,,,,,,,105,low,not found in the index
sleysspaeh,settlement,Sleysspaeh,,,Bleysspach,village,,,,,FR,cliûtcllcnic de SchambourgS 154!),,,,true,,,,,89,high,
sntrilte,settlement,Sntrilte,,,Broviile,hamlet,,,,,FR,"ham., communauté de Woél (D.)",,,,true,,,,,100,high,
soeourt,settlement,Soeourt,,,Socourt,village,,,,,FR,,,Charmes,,,,,,,66,high,
somir-erviller,settlement,Somir.erviller,,,Sommerviller,village,,,,,FR,,,Lunéville-Nord,,,,,,,37,high,
sommerecoun,settlement,Sommerécoun,,,Somcréeourt,village,,,,,FR,,,Bourmont,Haute-Marne,,,,,,77,high,
sorneville,settlement,Sornéville,,,Sorneville,village,,,,,FR,,,Château-Salins,Meurthe,,,,,,52,high,
sotzeiing,settlement,Sotzeiing,,,Sollzlingen|Solzlinguen,village,,,,,FR,,,Chàleau-Saiins,,,,,,,91,high,
sotzweiler,settlement,Sotzweiler,,,Suhzwciller|Sutzwciller|outzweillcr.Kxweiller,village,,,,,FR,vil.,Tholey,,,,,,,,87,high,
soulosse,settlement,Soulosse,,,,village,,,,,FR,,,Cousscy,,,,,,,76,high,
soulzbach,settlement,Soulzbach,,,Sultzbach,castle,,,,,FR,,,Munster,Haut-Rhin,,,,,,108,high,
souveraincourl,settlement,Souveraincourl,,,,hamlet,,,,,FR,l'un des ham. formant la,Laloeuf,Vézelise,,,,,,,96,high,
spada,settlement,Spada,,,Gerbeuville,village,,,,,FR,,,Saint-Mihicl,Meuse,,,,,,101,high,
spadangea,settlement,Spadangea,,,Spadanges,village,,,,,FR,"ban d'Anould, prévôté de Saint-Dié",,,,true,,,,,45,high,
spickeren-ou-speichercn,settlement,Spickeren ou Speichercn,,,Speieher,village,,,,,FR,,,Forbach,,,,,,,95,high,
spilzemberg,settlement,Spilzemberg,,,Spitzemberg,deserted_village,,,,,FR,"chat, détruit, près de",,la Petiie-Fosse,,,,,,,109,medium,
sponville,settlement,Sponville,,,,village,,,,,FR,,,Gorze,Moselle,,,,,,105,high,
srcul-le-y-prevote-de-chutcnois,settlement,Srcul {le)y prévôté de Chûtcnois,,,LeBreul,village,,,,,FR,,,,,true,,,,,74,medium,
stanuemiein,settlement,Stanuemiein,,,Stanwenstein,grange,,,,,FR,gagnagedela seigneurie deBîtche,,,,true,,,,,113,high,
steinbacb,settlement,Steinbacb,,,Nidersleimbach|Obersleimbach|Steimbach,village,,,,,FR,vil.,Eppelborn*,,,,,,,,86,high,
stoneourt,settlement,Stoneourt,,,Stoncourt,hamlet,,,,,FR,"ham., près de",,Villers-Stoncourl,,,,,,,53,high,
sturzelbronn,settlement,Sturzelbronn,,,Siurzelborn|Sturtzelborn,abbey,,,,,FR,,,Bitche,,,,,,,112,medium,
suiiit-gangolph,settlement,Suiiit-Gangolph',,,Suinct-Gangolphe,village,,,,,FR,église et presbytère,Besseringen,,,,,,,,85,high,
sun-de-laistrc,settlement,Sun de Laistrc,,,Ban de Laistre,village,,,,,FR,fief du bailliage d'Apremont,,,,true,,,,,102,high,
sur-la-cote,settlement,Sur-la-Côte,,,La Coste,farmstead,,,,,FR,ferme,Corcieux,,,,,,,,57,high,
taintrux,settlement,Taintrux,,,Teintruz,village,,,,,FR,,,Saint-Dié,Vosges,,,,,,49,high,
tannoy,settlement,Tannoy,,,,village,,,,,FR,,,Ligny,Meuse,,,,,,105,high,
tanton-lle,settlement,Tanton »lle,,,Tantonvillc,village,,,,,FR,,,Haroué,,,,,,,96,high,
tarquimpol,settlement,Tarquimpol,,,Techemphul,village,,,,,FR,,,Dieuze,,,,,,,90,high,
tatignecourl,settlement,Tatignécourl,,,Talignecourt|Tattignécourt,hamlet,,,,,FR,ham.,Veloite,,,,,,,,69,medium,
teling,settlement,Téling,,,Tetliogeo|Tettingen,village,,,,,FR,,,Faulqucmonl,,,,,,,114,high,
tendon,settlement,Tendon,,,,village,,,,,FR,,,Remiremont,Vosges,,,,,,60,high,
tenteling,settlement,Tenteling,,,Tentlingen,village,,,,,FR,,,Forbach,,,,,,,90,high,
teterchen,settlement,Téterchen,,,Tctterchen|Tetlerchen|Tetterchen|Tetterchen lez Boulay,village,,,,,FR,,,Boulay',,,,,,,82,medium,
teutschen,settlement,Teutschen,,,,village,,,,,,,,,,,,,,,92,low,not found in the index
thalecksweiler,settlement,Thalecksweiler,,,Exweiller,village,,,,,FR,"vil., 1498, 1513, ôii",Eppelborn,,,,,,,,87,medium,
thalfroschen,settlement,Thalfrôschen,,,Froschcn,village,,,,,DE,,,Pirmasens,Bav.,,,,,,112,high,
thanville,settlement,Thanvillé,,,Tanviller,village,,,,,FR,,,Ville,Bas-Rhin,,,,,,50,high,
thaon,settlement,Thaon,,,,village,,,,,FR,,,Châtel,,,,,,,99,high,
theding,settlement,Théding,,,Tedingen,village,,,,,FR,,,Forbach,,,,,,,82,high,
thelcy,settlement,Thelcy,,,Theley,village,,,,,FR,vil.,Tholey,,,,,,,,86,medium,
thelod,settlement,Thelod,,,Thclod,village,,,,,FR,,,Vézelise,,,,,,,96,high,
thev-soub-vaudemont,settlement,Thev-soub-Vaudémont,,,,village,,,,,,,,,,,,,,,95,low,not found in the index
they,settlement,They,,,They-soub-Vaudémont,village,,,,,FR,,,Vézelise,,,,,,,97,medium,
they-sous-monifort,settlement,They-sous-Monifort,,,They-soub-Montfort,village,,,,,FR,,,Vittel,,,,,,,67,high,
thicourt,settlement,Thicourt,,,Thiecourt|Thieeourt,village,,,,,FR,,,Faulquemont,,,,,,,52,high,
thiebaumenil,settlement,Thiébauménil,,,Thiébaumesnil,village,,,,,FR,,,Lunéville-Sud-est,,,,,,,44,high,
thielouze,settlement,Thiélouze,,,Thilouze,hamlet,,,,,FR,ham.,Uzemain,,,,,,,,71,high,
thietry,settlement,Thiétry,,,La Grosse verrière Tiédry,hamlet,,,,,FR,ham.,Hennezel,,,,,,,,72,medium,
thimonville,settlement,Thimonville,,,Tbimonville,village,,,,,FR,,,Pange,,,,,,,53,high,
thin-ville,settlement,Thin'ville,,,Thiriville,hamlet,,,,,FR,ham.,Vienville,,,,,,,,56,high,
thiraucourl,settlement,Thiraucourl,,,Tliiroeourt,village,,,,,FR,,,Mirecourt,Vosges,,,,,,68,high,
thisserandie,settlement,Thisserandie,,,La Thisserandie,village,,,,,FR,"ban d'ElivaP, prévôté de Saint-Dié",,,,true,,,,,47,medium,
tholcy,settlement,Tholcy,,,Tboley|Tholey,village,,,,,DE,,,Oltweîler,Pr.,,,,,,86,high,
tholoy,settlement,Tholoy,,,Toullot,hamlet,,,,,FR,ham. (verrerie),Vioménil,,,,,,,,73,high,
thomas,settlement,Thomas,,,Sainct-Vaubert,hamlet,,,,,FR,ham. (verrerie),Claudon,,,,,,,,73,high,
thonville,settlement,Thonville,,,Trouville,village,,,,,FR,,,Faulquemont,,,,,,,53,high,
thorey,settlement,Thorey,,,Tourcy,village,,,,,FR,,,Vézelise,,,,,,,96,medium,
thuilley-aux-groseillcs,settlement,Thuilley-aux-Groseillcs,,,Thuilly,village,,,,,FR,,,Colombey,,,,,,,55,high,
thunimonl-ham,settlement,Thunimonl. ham,,,Tunymont,village,,,,,FR,,Harsault,Bains,,,,,,,70,high,
tigeville,settlement,Tigéville,,,Thigeville,village,,,,,FR,nom donné autrefois au village construit au pied du château d'Aprcmont,,,,true,,,,,102,high,
tilleux,settlement,Tilleux,,,,village,,,,,FR,,,Ncufehâtcau,Vosges,,,,,,77,high,
timstorff,settlement,Timstorff,,,,village,,,,,,,,,,,,,,,81,low,not found in the index
titling,settlement,Titling,,,Tultingen,hamlet,,,,,FR,ham.,Holling,,,,,,,,83,medium,
tolainviltc,settlement,Tolainviltc,,,Toutainville,village,,,,,FR,,,Mirecourt,Vosges,,,,,,75,high,
tomblaine,settlement,Tomblaine,,,Tomblainc,village,,,,,FR,,,Nancy-Ouest,,,,,,,38,high,
tonnoy,settlement,Tonnoy,,,Tonnov,village,,,,,FR,,,Saint-Nicolas,,,,,,,42,high,
torcheville,settlement,Torcheville,,,Dorssweiller,village,,,,,FR,,,Albestroff,Meurthe,,,,,,91,high,
toul,settlement,Toul,,,,village,,,,,FR,,,Toul,Meurthe,,,,,,129,high,
tremonzey,settlement,Trémonzey,,,Tremonxey,village,,,,,FR,,,Bains,,,,,,,65,high,
tritteling,settlement,Tritteling,,,Druttlingen,village,,,,,FR,,,Faulquemont,,,,,,,94,high,
trois-maisons,settlement,Trois-Maisons,,,,hamlet,,,,,FR,ham.,Lusse,,,,,,,,50,high,
tromborn,settlement,Tromborn,,,Dreyborn,village,,,,,FR,,,Bouzonviiie,,,,,,,93,high,
trougcmont,settlement,Trougcmont,,,Trugemont,hamlet,,,,,FR,ham.,Basse-sur-le-Rupt,Saulxures,Vosges,,,,,,61,high,
trulben,settlement,Trulben,,,Drulben,village,,,,,DE,,,Pirmasens,Bav.,,,,,,110,high,
tunting,settlement,Tùnting,,,Tintingen,village,,,,,FR,vil.,Mandercn,Sierck,Moselle,,,,,,79,medium,
ubexy,settlement,Ubexy,,,L'bcxey,village,,,,,FR,,,Charmes,,,,,,,66,high,
udensirck,settlement,Udensirck,,,,village,,,,,,,,,,,,,,,78,low,not found in the index
urbach,settlement,Urbach,,,,village,,,,,FR,vil.,Epping,,,,,,,,110,medium,
urcourt,settlement,Urcourt,,,Enrecourt,hamlet,,,,,FR,ham.,Bruville,Conflans,Moselle,,,,,,103,high,
urimenil,settlement,Uriménil,,,CJrymcsnil,village,,,,,FR,,,Xertigny,,,,,,,63,high,
uunskirich,settlement,Uunskirich,,,Hunkirchen,village,,,,,FR,,,Albcstroff,Meurthe,,,,,,92,high,
uxegney,settlement,Uxegney,,,Uxegoey,village,,,,,FR,,,Epinal,,,,,,,69,high,
uzemain,settlement,Uzemain',,,Uzeiïiain|Uzemain,village,,,,,FR,,,Xertigny,,,,,,,63,high,
v-le,settlement,V le,,,"Vellc. """,hamlet,,,,,FR,"l'un des ham. formant la, 1765. elle-sur-Moselle",Laloeuf,Bayon,,,,,,,42,high,
vacherauville,settlement,Vacherauville,,,Vacheronvillc,village,,,,,FR,,,Cbarny,Meuse,,,,,,105,medium,
vagney,settlement,Vagney,,,Vagny,village,,,,,FR,,,Saulxures,Vosges,,,,,,61,high,
vahl,settlement,Vahl,,,Walen,village,,,,,FR,,,Albestroff,Meurthe,,,,,,91,high,
vahl-ebersing,settlement,Vahl-Ebersing,,,Eberiingea,village,,,,,FR,,,Grostenquin,,,,,,,114,high,
vahl-les-faulquemont,settlement,Vahl-lès-Faulquemont,,,Wallen,village,,,,,FR,,,Faulquemont,,,,,,,94,medium,
val-sainle-marie,settlement,Val-Sainle-Marie,,,Val Saîncte-Marie,village,,,,,FR,seigneurie a Ville-au-Val,,Ponl-à-Mousson,Meurthe,,,,,,105,high,
valaincourt,settlement,Valaincourt,,,,hamlet,,,,,FR,ham.,Chàtenois,,,,,,,,74,high,
valdcrfanges,settlement,Valdcrfanges,,,,village,,,,,,,,,,,,,,,129,low,not found in the index
valdweistroff,settlement,Valdweistroff,,,Wistorff,village,,,,,FR,,,Sierck,Moselle,,,,,,78,medium,
valfroieourt,settlement,Valfroieourt,,,Valfroicourt,village,,,,,FR,,,Villel,,,,,,,70,high,
valhey,settlement,Valhey,,,Vaîhey,village,,,,,FR,,,Lunéville-Nord,,,,,,,43,high,
vallerange,settlement,Vallerange,,,Walleranges,village,,,,,FR,,,Grostenquin,,,,,,,91,high,
valleroy,settlement,Valleroy,,,Vallerov-îez-Briev,village,,,,,FR,,,Briey,Moselle,,,,,,105,high,
valleroy-aux-saules,settlement,Valleroy-aux-Saules,,,Valleroy-aux-Saulxes,village,,,,,FR,,,Mirecourt,Vosges,,,,,,71,high,
valleroy-le-sec,settlement,Valleroy-le-Sec,,,Valleroy,village,,,,,FR,,,Villel,,,,,,,68,medium,
vallois,settlement,Vallois,,,Valois,village,,,,,FR,,,Gerbéviller,,,,,,,42,high,
valmont,settlement,Valmont,,,Walmen,village,,,,,FR,,,Saint-Avold,,,,,,,115,high,
valmunster,settlement,Valmunster,,,Walmunster,village,,,,,FR,,,Boulay,,,,,,,83,high,
vandelainville,settlement,Vandelainville,,,VetidiiTCs,village,,,,,FR,,,Thiaucourt,Meurthe,,,,,,53,medium,
vandeleville,settlement,Vandeléville,,,Vandelainvillc|Vandelainville,abbey,,,,,FR,,,Colombey,,,,,,,96,high,
vandieres,settlement,Vandières,,,Vendières,village,,,,,FR,,,Pont-à-Mousson,Meurthe,,,,,,54,high,
vandoeuvre,settlement,Vandoeuvre,,,Vendeuvre,abbey,,,,,FR,,,Nancy-Ouest,,,,,,,36,high,
vanemont,settlement,Vanémont,,,Vannemom,hamlet,,,,,FR,ham.,Saint-Léonard,,,,,,,,48,medium,
vanifosse,settlement,Vanifosse,,,,village,,,,,FR,bam.,Paire-et-Grandrupt,,,,,,,,47,medium,
vannecourt,settlement,Vannecourt,,,Vanneeourt,village,,,,,FR,,,Château-Salins,Meurthe,,,,,,52,high,
vannes-le-chatel,settlement,Vannes-le-Châtel,,,Vannes,village,,,,,FR,,,Colombey,,,,,,,55,high,
varangeville,settlement,Varangéville,,,Varcngéville|Varengeville|Warengcville,village,,,,,FR,,,Saint-Nicolas,,,,,,,36,medium,
varize,settlement,Varize,,,Warize,village,,,,,FR,,,Boulay,,,,,,,83,high,
varmonzey,settlement,Varmonzey,,,Varmenzey,village,,,,,FR,,,Charmes,,,,,,,71,medium,
varsberg,settlement,Varsberg,,,Warsberg,village,,,,,FR,,,Boulay,,,,,,,83,medium,
varvinay,settlement,Varvinay,,,,village,,,,,FR,,,Vigneulles,,,,,,,101,high,
vathimont,settlement,Vathimont,,,Vaultbimont,village,,,,,FR,,,Faulquemont,,,,,,,53,high,
vaubexy,settlement,Vaubexy,,,Vaubexey,village,,,,,FR,,,Dompaire,,,,,,,71,medium,
vaucheres,settlement,Vauchères,,,Venchières,hamlet,,,,,FR,"ham., com. dWnould",,,,true,,,,,45,high,
vaucremont,settlement,Vaucremont,,,Vairemont,village,,,,,FR,vil.,Bazoncourt,Pange,,,,,,,53,high,
vaudemont,settlement,Vaudémont,,,,town,,,,,FR,,,Vézelise,,,,,,,95,medium,
vaudeville,settlement,Vaudeville,,,,village,,,,,FR,,,Haroué,,,,,,,38,high,
vaudeville-epinal,settlement,Vaudeville,,,Vaudainville,village,,,,,FR,,,Epinal,,,,,,,100,high,
vaudigny,settlement,Vaudigny,,,,village,,,,,FR,,,Haroué,,,,,,,38,high,
vaux,settlement,Vaux,,,Vaul. ',village,,,,,FR,,,Gorze,Moselle,,,,,,105,high,
vaux-ia-petite,settlement,Vaux-Ia-Petite,,,Vaulx-la-Petile,village,,,,,FR,,,Void,,,,,,,40,medium,
vaux-la-grande,settlement,Vaux-la-Grande,,,Vaulx-la-Grande,village,,,,,FR,,,Void,,,,,,,40,medium,
vaxoncourt,settlement,Vaxoncourt,,,,village,,,,,FR,,,Chàlel,,,,,,,100,high,
vaxy,settlement,Vaxy,,,Vaxey,village,,,,,FR,,,Château-Salins,Meurthe,,,,,,52,high,
vclle,settlement,Vclle,,,,village,,,,,,,,,,,,,,,96,low,not found in the index
vcnlron,settlement,Vcnlron,,,Vcntron,village,,,,,FR,,,Saulxures,Vosges,,,,,,64,medium,
veckring,settlement,Veckring,,,Wcrbcringen,village,,,,,FR,vil.,Budiing,Metzerwisse,,,,,,,78,high,
vecoux,settlement,Vecoux,,,Vescoux,hamlet,,,,,FR,ham.,Dommarlin,,,,,,,,62,medium,
velaine-en-haye,settlement,Velaine-en-Haye,,,Velaine-lez-Bois,village,,,,,FR,,,Nancy-Nord,,,,,,,55,high,
velolie-et-tatignecourt,settlement,Velolie-et-Tatignécourt,,,Villotte,village,,,,,FR,,,Dompaire,,,,,,,68,medium,
velving,settlement,Velving,,,Weyllingen,hamlet,,,,,FR,ham.,Valmunster,,,,,,,,93,high,
vennezey,settlement,Vennezey,,,Venaisey|Venaizey,village,,,,,FR,,,Gerbéviller,,,,,,,41,high,
verconroye,settlement,Verconroye,,,Le Vcrd-Corrois,farmstead,,,,,FR,censé,Saint-Nabord,,,,,,,,60,high,
verdenal,settlement,Verdenal,,,Vardenay,village,,,,,FR,,,Blàmont,,,,,,,44,high,
verdun,settlement,Verdun,,,,village,,,,,FR,,,Verdun,Meuse,,,,,,129,high,
vergaville,settlement,Vergaville,,,Vargaville,village,,,,,FR,,,Dieuze,,,,,,,129,high,
verluzey,settlement,Verluzey,,,Vertuzey,village,,,,,FR,,,Commercy,,,,,,,105,high,
vervezelle,settlement,Vervezelle,,,La Vervezellc,village,,,,,FR,,,Brouvelieures,,,,,,,59,high,
vetupaire,settlement,Vetupaire,,,Velupaire,hamlet,,,,,FR,ham.,Laveline,,,,,,,,50,high,
vezelise,settlement,Vézelise,,,,town,,,,,FR,,,Vézelise,,,,,,,95,medium,
vezeval,settlement,Vézeval,,,Vezeval,hamlet,,,,,FR,"ane. ham., communauté de Raon-l'Etape (D.)",,,,true,,,,,46,medium,
vichibure,settlement,Vichibure,,,,village,,,,,FR,"vil., côm. de Corcïeux",,,,true,,,,,57,high,
vienvilte,settlement,Vienvilte,,,Vielville,village,,,,,FR,,,Corcicux,,,,,,,57,high,
vieville,settlement,Viéville,,,Viefvilie|Viefville,hamlet,,,,,FR,ham.,Girecourl-lez-Viévillc,,,,,,,,66,medium,
vieville-en-haye,settlement,Viéville-en-Haye,,,Viefville,village,,,,,FR,,,Thiaucourt,Meurthe,,,,,,54,medium,
vieville-sous-lcs-coles,settlement,Viéville-sous-lcs-Côles,,,Viefville,village,,,,,FR,,,Vignculles,,,,,,,101,high,
vigneules,settlement,Vigneules,,,Vigneullcs,village,,,,,FR,,,Bayon,,,,,,,42,high,
vigneulies-les-hatloncliatcl-ch-l-de-canton,settlement,VigneulIes-lès-Hatloncliâtcl. ch.-l. de canton,,,Vigneulles,village,,,,,FR,,,,,,,,,,100,high,
vigneulles-haute,settlement,Vigneulles-Haute,,,OberfûUeo,village,,,,,FR,,,Faulquemont,,,,,,,114,medium,
vignot,settlement,Vignot,,,Vignol,small_town,,,,,FR,,,Commercy,,,,,,,40,medium,
villacourf,settlement,Villacourf,,,Vclacourt|Velacourt,village,,,,,FR,,,Bayon,,,,,,,97,medium,
villard,settlement,Villard,,,Villars-aux-Cloycs,hamlet,,,,,FR,ham.,Circourt,,,,,,,,77,high,
villc-en-vcrmois,settlement,Villc-en-Vcrmoîs,,,Villc-en-Vcrmois,village,,,,,FR,,,Saint-Nicolas,,,,,,,36,high,
villcrs-cn-haye,settlement,Villcrs-cn-Haye,,,Villcy-en-Hey,village,,,,,FR,,,Domévre,Meurthe,,,,,,39,high,
villcrs-stoncourt,settlement,Villcrs-Stoncourt,,,ViUer et,village,,,,,FR,vil.,Chanville,Pange,,,,,,,53,high,
ville-au-val,settlement,Ville-au-Val,,,Ville prcz Mousson,village,,,,,FR,,,Pont-à-Mousson,Meurthe,,,,,,105,medium,
ville-sur-illon,settlement,Ville-sur-Illon,,,Villc-sur-lllon|Ville-sur-Hlon,small_town,,,,,FR,,,Dompaire,,,,,,,71,medium,
ville-sur-madon,settlement,Ville-sur-Madon,,,,hamlet,,,,,FR,ham.,Ormes,,,,,,,,38,high,
villecey-sur-mad,settlement,Villecey-sur-Mad,,,Villecey-sur-Maz,village,,,,,FR,,,Gorze,Moselle,,,,,,54,high,
villeeel-sur-trin,settlement,Villeeel-sur-Trin,,,,village,,,,,,,,,,,,,,,54,low,not found in the index
villel,settlement,Villel,,,Vilcl|Vilel,small_town,,,,,FR,,,Villel,,,,,,,67,medium,
viller,settlement,Viller,,,,village,,,,,FR,faubourg de Lunéville (vit.),,,,true,,,,,43,high,
viller-asscnoncourt,settlement,Viller,,,WUler,farmstead,,,,,FR,ferme (cense-fief),Asscnoncourt,,,,,,,,91,high,
viller-grostenquin,settlement,Viller,,,Weiller,village,,,,,FR,,,Grostenquin,,,,,,,94,high,
villers,settlement,Villers,,,Viller,village,,,,,FR,,,Mirecourt,Vosges,,,,,,67,high,
villers-beltnach,settlement,Villers-Beltnach,,,Viller-Bctnach|Viller-Betinach,abbey,,,,,FR,,,Vigy,Moselle,,,,,,80,medium,
villers-ies-moivron,settlement,Villers-Iès-Moivron,,,Villicr-lez-Mouveron,village,,,,,FR,,,Nomeny,Meurthe,,,,,,51,high,
villers-le-prud-homme,settlement,Villers-le-Prud'homme,,,Viller,village,,,,,FR,éc. et chap.,Ville-au-Val,,,,,,,,105,high,
villers-les-nancy,settlement,Villers-lès-Nancy,,,Viller,village,,,,,FR,,,Nancy-Nord,,,,,,,36,high,
villers-sous-preny,settlement,Villers-sous-Prény,,,Viller-soubz-Preny,village,,,,,FR,,,Ponl-à-Mousson,Meurthe,,,,,,54,high,
villette-au-val-sainei-gregoire,settlement,Villette au val Sainei-Grégoire,,,Villetlc au val Sainct-Grégoire. que souloient tenir en fieù du duché de Lorraine les seigneur de Hasstatt,village,,,,,FR,,,,,true,,,,,108,medium,
villey-le-sec,settlement,Villey-le-Sec,,,Viller-ie-See|Viller-le-Sec,village,,,,,FR,,,Toul-Sud,,,,,,,55,high,
villey-saint-etiennc,settlement,Villey-Saint-Etiennc,,,Viller-Sainct-Esticnne,village,,,,,FR,,,Domévre,Meurthe,,,,,,55,high,
villing,settlement,Villing,,,Wellingen|Wuirfingen,farmstead,,,,,FR,ferme,Denting,àvjulay,,,,,,,83,medium,
villing-bouzonviiie,settlement,Villing,,,Willingen,village,,,,,FR,,,Bouzonviiie,,,,,,,93,high,
villoncourt,settlement,Villoncourt,,,ViUoncourt|Villoncourl|Villoneourt,village,,,,,FR,,,Chàtel,,,,,,,57,medium,
vilsberg,settlement,Vilsberg,,,Wilssberg,village,,,,,FR,,,Phalsbourg,,,,,,,114,medium,
vimeni,settlement,Viméni),,,Vymesnil,village,,,,,FR,,,Bruyères,,,,,,,56,high,
vincey,settlement,Vincey,,,Vencey|Vinccy au ban des Chesnes,village,,,,,FR,,,Charmes,,,,,,,66,medium,
vintrange,settlement,Vintrange,,,Wittringen,hamlet,,,,,FR,ham.,Berig,Grosienquin,,,,,,,91,high,
viocourt,settlement,Viocourt,,,Vioeourt|Vyocourl|Vyocourt,village,,,,,FR,,,Châtenois,,,,,,,75,medium,
viomenil,settlement,Vioménil,,,Vyomesnil,village,,,,,FR,,,Bains,,,,,,,69,high,
virecourt,settlement,Virecourt,,,Virecourt lez Bayon,village,,,,,FR,,,Bayon,,,,,,,41,high,
virming,settlement,Virming,,,Wirmanges,village,,,,,FR,,,Albeslron°,Meurthe,,,,,,92,high,
viterne,settlement,Viterne,,,,village,,,,,FR,,,Vézelise,,,,,,,55,medium,
vitiersbourg,settlement,Vitiersbourg,,,Witterssbourg,village,,,,,FR,,,Albeslroff,Meurthe,,,,,,91,high,
vitrey,settlement,Vitrey,,,,village,,,,,FR,,,Vézelise,,,,,,,96,high,
vitrimont,settlement,Vitrimont,,,Vitrymont,village,,,,,FR,,,Lunéville-Nord,,,,,,,43,high,
viviers-le-gras,settlement,Viviers-le-Gras,,,Vivier-lc-Gras,village,,,,,FR,,,Monthureux-sur-Saone,,,,,,,74,high,
viviers-lez-offroicourt,settlement,Viviers-lez-Offroicourt,,,Vivier,village,,,,,FR,,,Viltel,,,,,,,67,high,
vixard,settlement,Vixard,,,Vielxart,hamlet,,,,,FR,ham.,Vagney,,,,,,,,61,high,
voelfling,settlement,Voelfling,,,Wolflingen,village,,,,,FR,,,Bouzonviiie,,,,,,,93,high,
void,settlement,Void,,,Voed,village,,,,,FR,,,Void,,,,,,,55,high,
void-d-escles,settlement,Void-d'Escles,,,LeVoid,hamlet,,,,,FR,ham.,Escles,,,,,,,,69,medium,
void-de-belmont,settlement,Void-de-Belmont,,,Le Void de Bclmont,hamlet,,,,,FR,ham.,Belmonl (Brouvelieures),,,,,,,,59,high,
voinemont,settlement,Voinémont,,,Vannemont,village,,,,,FR,,,Haroué,,,,,,,38,high,
volfflingcn-etweissweiiler,settlement,Volfflingcn etWeissweiîler,,,,village,,,,,,,,,,,,,,,113,low,not found in the index
volmerange,settlement,Volmerange,,,Wolmcringen,village,,,,,FR,,,Boulay,,,,,,,82,medium,
volmunster,settlement,Volmunster,,,Wolmunsler,village,,,,,FR,,,Volmunster,,,,,,,110,high,
vomecourl,settlement,Vomécourl,,,Vomécourt,village,,,,,FR,,,Charmes,,,,,,,68,high,
vouxey,settlement,Vouxey,,,,village,,,,,FR,,,Chàlenois,,,,,,,75,high,
vraichamp,settlement,Vraichamp,,,Vraicbamps,village,,,,,FR,papeterie,Docelles,,,,,,,,57,high,
vroncourl,settlement,Vroncourl,,,Veroncourl,village,,,,,FR,,,Vézelise,,,,,,,96,high,
vroville,settlement,Vroville,,,,village,,,,,FR,,,Mirecourt,Vosges,,,,,,67,high,
vuisse,settlement,Vuisse,,,Wiss,village,,,,,FR,,,Château-Salins,Meurthe,,,,,,91,high,
vvallerfangen,settlement,VVallerfangen,,,La ville de Valderfanges pour tout domaine,village,,,,,DE,,,Saarlouis,Pr.,,,,,,84,high,
vymesnil,settlement,Vymesnil,,,,village,,,,,,,,,,,,,,,58,low,not found in the index
wach-llaussen,settlement,Wach-llaussen,,,,village,,,,,,,,,,,,,,,88,low,not found in the index
wadrill,settlement,Wadrill,,,,village,,,,,DE,vil.,Badern,Merzig,Pr.,,,,,,89,high,
waldeck,settlement,Waldeck,,,Hilsperg|Waldecli,hamlet,,,,,FR,ham.,Eguelshardt,,,,,,,,112,medium,
waldhausen,settlement,Waldhausen,,,Wollhaussen,village,,,,,FR,,,Volmunster2,,,,,,,110,high,
waldtvtiss,settlement,Waldtvtiss,,,,village,,,,,,,,,,,,,,,81,low,not found in the index
walschbronn,settlement,Walschbronn,,,Waldsborn,castle,,,,,FR,,,Volmunster,,,,,,,110,high,
walsheim,settlement,Walsheim,,,"""Walsimcr",village,,,,,DE,,,Hornbach,Bav.,,,,,,111,high,
wargaviue,settlement,WargaviUe,,,,village,,,,,,,,,,,,,,,92,low,not found in the index
wchingen,settlement,Wchingen,,,,village,,,,,DE,vil.,OrschoIz,Saarburg,Pr.,,,,,,86,high,
wciblingen,settlement,Wciblingen,,,,village,,,,,,,,,,,,,,,83,low,not found in the index
wciler,settlement,Wciler,,,Weiller,village,,,,,FR,vil.,Hilbringen,,,,,,,,86,high,
wclmeringen,settlement,Wclmeringen,,,,village,,,,,,,,,,,,,,,83,low,not found in the index
weibelsskirchen,settlement,Weibelsskirchen,,,,village,,,,,,,,,,,,,,,82,low,not found in the index
weidcsheim,settlement,Weidcsheim,,,Wedcsht?iro,farmstead,,,,,FR,chài.. ferme et moulin,Kathausen,,,,,,,,113,high,
weilen,settlement,Weilen,,,Witten,village,,,,,DE,vil.,Orscholz,Saarburg,Pr.,,,,,,78,high,
weiskirch,settlement,Weiskirch,,,Weisskrich,village,,,,,FR,,,Volmunster,,,,,,,110,medium,
wellingen,settlement,Wellingen,,,Wcillingcn,village,,,,,FR,vil.,Uiibringen,,,,,,,,86,high,
weuftrhaus,settlement,WeUftrhaus,,,Weyllerhaws,village,,,,,FR,fief de la seigneurie de Bilche% 221 il,,,,true,,,,,112,high,
wicsbach,settlement,Wicsbach,,,Wissbach,village,,,,,DE,vil.,Oirmingcn,Ottweiler,Pr.,,,,,,87,medium,
wies,settlement,Wies,,,Wiss,village,,,,,FR,liant.,Nennig,,,,,,,,82,medium,
wiilervule,settlement,WiilervUle,,,Willerville,village,,,,,FR,"ban d'Etival, prévôté de Saint—Dié",,,,true,,,,,47,high,
winterbach,settlement,Winterbach,,,Wirtcrbach|Wittcrbach|Wulembach,village,,,,,FR,vil.,Alswciler,,,,,,,,87,high,
winzeln,settlement,Winzeln,,,Welzelm,village,,,,,DE,,,Pirmasens,Bav.,,,,,,112,high,
wisembach,settlement,Wisembach,,,Wysembaeh,village,,,,,FR,,,Saint-Dié,Vosges,,,,,,45,high,
witring,settlement,Witring,,,Witlringcn,village,,,,,FR,,,Sarreguemines,Moselle,,,,,,90,medium,
wochern,settlement,Wochern,,,Wuchern|Wuclicni,village,,,,,FR,vil.,Perl,,,,,,,,79,high,
woel,settlement,Woël,,,Voél,village,,,,,FR,,,Fresncs-en-Woèvre,Meuse,,,,,,100,high,
xainfaing,settlement,Xainfaing,,,Xintain,village,,,,,FR,bam.,Tainlrux,,,,,,,,49,high,
xammes,settlement,Xammes,,,Xcsmes,village,,,,,FR,,,Thiaucourt,Meurthe,,,,,,105,high,
xamontarupt,settlement,Xamontarupt,,,Chamonlaruz,village,,,,,FR,,,Bruyères,,,,,,,60,high,
xaronval,settlement,Xaronval,,,,village,,,,,FR,,,Charmes,,,,,,,99,high,
xennois,settlement,Xennoîs,,,Senevois,hamlet,,,,,FR,ham.,Sainl-Elienne,,,,,,,,60,high,
xermamenil,settlement,Xermaménil,,,Xermamesnil,village,,,,,FR,,,Gerbéviller,,,,,,,44,high,
xertigny,settlement,Xertigny,,,Xartigny,village,,,,,FR,"eh-—1- de can'.on, an*. Epin;d",,,,true,,,,,65,high,
xirocourt,settlement,Xirocourt,,,,village,,,,,FR,8*. 898,,"d""Iïaroué",,,,,,,38,medium,
xonville,settlement,Xonville,,,,village,,,,,FR,,,Gorze (Mo;elle),,,,,,,105,medium,
xouaruz,settlement,Xouaruz,,,,village,,,,,,,,,,,,,,,62,low,not found in the index
xoulce,settlement,Xoulce,,,Xousses,hamlet,,,,,FR,ham.,Cornimont,,,,,,,,64,high,
xousse,settlement,Xousse,,,Xousscs|Xousses,village,,,,,FR,,,Blàmont,,,,,,,43,low,
xugney,settlement,Xugney,,,Xugney lez Charmes,farmstead,,,,,FR,censé (commanderie),Rugney,,,,,,,,66,high,
yvoux,settlement,Yvoux,,,Ivou,hamlet,,,,,FR,ham.,la Chapelle,,,,,,,,57,high,
zainvillcr,settlement,Zainvillcr,,,Jainviller,village,,,,,FR,section de la,Vagney,,,,,,,,61,high,
zarbeling,settlement,Zarbeling,,,Serbelingen,village,,,,,FR,,,Dieuze,,,,,,,94,high,
zcllen,settlement,Zcllen,,,Zell,farmstead,,,,,FR,ferme (prieure),Petit-Tenquin1,,,,,,,,112,high,
zeurange,settlement,Zeurange',,,Zuringen|Zuzingen,village,,,,,FR,vil.,Grindorff,,,,,,,,79,high,
zincourt,settlement,Zincourt,,,Zineourt,village,,,,,FR,,,Châtel,,,,,,,100,high,
zintsingen,settlement,Zintsingen,,,,village,,,,,,,,,,,,,,,95,low,not found in the index
zommange,settlement,Zommange,,,Semangcs,village,,,,,FR,,,Dieuze,,,,,,,90,high,
zondrangc,settlement,Zondrangc,,,Gondcringen,hamlet,,,,,FR,ham.,Marange,,,,,,,,83,medium,
zuracliten,settlement,Zuracliten,,,,village,,,,,,,,,,,,,,,86,low,not found in the index
zymerbach,settlement,Zymerbach,,,,village,,,,,,,,,,,,,,,108,low,not found in the index
