{"type":"FeatureCollection","features":[{"type":"Feature","properties":{"id":"abaucourt","also":[]},"geometry":{"type":"Polygon","coordinates":[[[6.29877,48.92344],[6.30045,48.878],[6.23575,48.86094],[6.22519,48.86138],[6.22231,48.89155],[6.29877,48.92344]]]}},{"type":"Feature","properties":{"id":"aboncourt","also":[]},"geometry":{"type":"Polygon","coordinates":[[[5.99202,48.36835],[5.99087,48.35601],[5.96419,48.35071],[5.94964,48.35541],[5.96801,48.38402],[5.99202,48.36835]]]}},{"type":"Feature","properties":{"id":"aboncourt-sur-seille","also":[]},"geometry":{"type":"Polygon","coordinates":[[[6.33938,48.84933],[6.37604,48.81574],[6.34961,48.80433],[6.32126,48.82153],[6.32128,48.83347],[6.33938,48.84933]]]}},{"type":"Feature","properties":{"id":"achain","also":[]},"geometry":{"type":"Polygon","coordinates":[[[6.59789,48.92972],[6.60528,48.91081],[6.59508,48.89208],[6.5884,48.88755],[6.54803,48.9109],[6.54936,48.92465],[6.59789,48.92972]]]}},{"type":"Feature","properties":{"id":"achen","also":[]},"geometry":{"type":"Polygon","coordinates":[[[7.18699,49.06461],[7.21865,49.04473],[7.21622,49.03263],[7.15804,49.03975],[7.17348,49.06174],[7.18699,49.06461]]]}},{"type":"Feature","properties":{"id":"adelange","also":[]},"geometry":{"type":"Polygon","coordinates":[[[6.59629,49.02176],[6.62898,49.01303],[6.59729,48.98633],[6.59391,48.98635],[6.58544,48.99498],[6.57596,49.009],[6.58116,49.01941],[6.59629,49.02176]]]}},{"type":"Feature","properties":{"id":"adomenil","also":[]},"geometry":{"type":"Polygon","coordinates":[[[6.46455,48.58688],[6.48068,48.57588],[6.4812,48.57081],[6.45594,48.5577],[6.43358,48.57768],[6.46455,48.58688]]]}},{"type":"Feature","properties":{"id":"adompt","also":[]},"geometry":{"type":"Polygon","coordinates":[[[6.16413,48.20396],[6.16929,48.18907],[6.16838,48.18813],[6.15491,48.19418],[6.1518,48.19897],[6.16413,48.20396]]]}},{"type":"Feature","properties":{"id":"adoncourt","also":[]},"geometry":{"type":"Polygon","coordinates":[[[6.24853,48.18383],[6.31223,48.18701],[6.31153,48.18129],[6.2903,48.16473],[6.24793,48.1774],[6.24853,48.18383]]]}},{"type":"Feature","properties":{"id":"affleville","also":[]},"geometry":{"type":"Polygon","coordinates":[[[5.77904,49.29768],[5.81073,49.28656],[5.7956,49.2587],[5.68093,49.26935],[5.68105,49.27344],[5.75876,49.29964],[5.77904,49.29768]]]}},{"type":"Feature","properties":{"id":"affracourt","also":[]},"geometry":{"type":"Polygon","coordinates":[[[6.18561,48.45967],[6.18368,48.44924],[6.17809,48.44619],[6.14322,48.44505],[6.158,48.47135],[6.15943,48.4717],[6.18561,48.45967]]]}},{"type":"Feature","properties":{"id":"agemont","also":[]},"geometry":{"type":"Polygon","coordinates":[[[6.33815,48.1409],[6.339,48.13703],[6.29375,48.11488],[6.27362,48.12257],[6.27648,48.14405],[6.29476,48.1505],[6.33815,48.1409]]]}},{"type":"Feature","properties":{"id":"agincourt","also":[]},"geometry":{"type":"Polygon","coordinates":[[[6.23869,48.74424],[6.25581,48.7274],[6.24122,48.71651],[6.23553,48.71789],[6.2099,48.731],[6.21538,48.73674],[6.23869,48.74424]]]}},{"type":"Feature","properties":{"id":"agneumenil","also":[]},"geometry":{"type":"Polygon","coordinates":[[[6.51276,48.10628],[6.54631,48.112],[6.5625,48.08018],[6.55278,48.07516],[6.51854,48.07977],[6.51276,48.10628]]]}},{"type":"Feature","properties":{"id":"aillianville","also":[]},"geometry":{"type":"Polygon","coordinates":[[[5.52692,48.29926],[5.51341,48.29371],[5.49855,48.29003],[5.4829,48.28835],[5.46706,48.28874],[5.45165,48.29119],[5.43724,48.29559],[5.42441,48.30178],[5.41363,48.30953],[5.40532,48.31853],[5.3998,48.32844],[5.39729,48.33889],[5.39788,48.34946],[5.40156,48.35975],[5.40817,48.36938],[5.41748,48.37795],[5.42912,48.38516],[5.44265,48.39071],[5.45754,48.3944],[5.47322,48.39609],[5.48909,48.39569],[5.50454,48.39325],[5.51896,48.38884],[5.53181,48.38263],[5.54259,48.37488],[5.55088,48.36586],[5.55637,48.35594],[5.55885,48.3455],[5.55823,48.33492],[5.55452,48.32463],[5.54788,48.31502],[5.53856,48.30645],[5.52692,48.29926]]]}},{"type":"Feature","properties":{"id":"aingeray","also":[]},"geometry":{"type":"Polygon","coordinates":[[[6.01908,48.76596],[6.02325,48.76446],[6.03566,48.73561],[5.99866,48.72324],[5.97208,48.75777],[5.98156,48.76568],[6.01908,48.76596]]]}},{"type":"Feature","properties":{"id":"aix","also":[]},"geometry":{"type":"Polygon","coordinates":[[[5.67723,49.25387],[5.68093,49.26935],[5.7956,49.2587],[5.79691,49.21178],[5.77688,49.20475],[5.74527,49.2096],[5.70726,49.2242],[5.68029,49.23897],[5.67723,49.25387]]]}},{"type":"Feature","properties":{"id":"ajoncourt","also":[]},"geometry":{"type":"Polygon","coordinates":[[[6.30045,48.878],[6.34082,48.86089],[6.33946,48.85154],[6.26523,48.83806],[6.23575,48.86094],[6.30045,48.878]]]}},{"type":"Feature","properties":{"id":"alaincourt-la-cote","also":[]},"geometry":{"type":"Polygon","coordinates":[[[6.31488,48.94934],[6.41641,48.90615],[6.4232,48.89738],[6.42275,48.89274],[6.41062,48.88407],[6.34082,48.86089],[6.30045,48.878],[6.29877,48.92344],[6.30564,48.94683],[6.31488,48.94934]]]}},{"type":"Feature","properties":{"id":"allamont","also":[]},"geometry":{"type":"Polygon","coordinates":[[[5.82966,49.12371],[5.82561,49.11475],[5.7648,49.07806],[5.71603,49.08613],[5.68416,49.11337],[5.7802,49.15545],[5.82966,49.12371]]]}},{"type":"Feature","properties":{"id":"alsting","also":[]},"geometry":{"type":"Polygon","coordinates":[[[7.00188,49.20621],[7.01406,49.20606],[7.01745,49.19236],[6.98545,49.16853],[6.98052,49.17406],[6.98002,49.18357],[7.00188,49.20621]]]}},{"type":"Feature","properties":{"id":"altheim","also":[]},"geometry":{"type":"Polygon","coordinates":[[[7.35141,49.21973],[7.36977,49.21083],[7.35042,49.16348],[7.33792,49.14839],[7.32181,49.14237],[7.28897,49.14123],[7.28288,49.14334],[7.27609,49.15602],[7.35141,49.21973]]]}},{"type":"Feature","properties":{"id":"althorn","also":[]},"geometry":{"type":"Polygon","coordinates":[[[7.43342,48.98902],[7.46845,48.93732],[7.46094,48.92887],[7.45037,48.9209],[7.43765,48.91445],[7.42328,48.90975],[7.40779,48.90698],[7.39178,48.90626],[7.37587,48.90762],[7.36067,48.91099],[7.3425,48.91839],[7.32785,48.92864],[7.31772,48.94104],[7.31352,48.95124],[7.31248,48.96247],[7.34117,48.97546],[7.43342,48.98902]]]}},{"type":"Feature","properties":{"id":"altrippe","also":[]},"geometry":{"type":"Polygon","coordinates":[[[6.82847,49.05248],[6.85382,49.04483],[6.85071,49.02316],[6.82292,49.01292],[6.80842,49.01085],[6.7962,49.02907],[6.82847,49.05248]]]}},{"type":"Feature","properties":{"id":"altviller","also":[]},"geometry":{"type":"Polygon","coordinates":[[[6.72253,49.08635],[6.7568,49.06647],[6.72655,49.05467],[6.70519,49.06178],[6.70656,49.06783],[6.72253,49.08635]]]}},{"type":"Feature","properties":{"id":"alzing","also":[]},"geometry":{"type":"Polygon","coordinates":[[[6.55749,49.29462],[6.56631,49.29695],[6.5753,49.2925],[6.57567,49.28036],[6.57234,49.2695],[6.55423,49.25766],[6.53842,49.26128],[6.5313,49.27669],[6.55749,49.29462]]]}},{"type":"Feature","properties":{"id":"amance","also":[]},"geometry":{"type":"Polygon","coordinates":[[[6.27598,48.76591],[6.3122,48.77319],[6.3199,48.76296],[6.31204,48.74207],[6.26133,48.75437],[6.26493,48.76062],[6.27598,48.76591]]]}},{"type":"Feature","properties":{"id":"ambacourt","also":[]},"geometry":{"type":"Polygon","coordinates":[[[6.13503,48.36939],[6.14957,48.35784],[6.15259,48.34157],[6.12968,48.33475],[6.12157,48.33712],[6.11233,48.34963],[6.11463,48.35612],[6.13503,48.36939]]]}},{"type":"Feature","properties":{"id":"amcrey","also":[]},"geometry":{"type":"Polygon","coordinates":[[[6.3745,48.02048],[6.33935,48.05435],[6.39046,48.05984],[6.3745,48.02048]]]}},{"type":"Feature","properties":{"id":"amelecourt","also":[]},"geometry":{"type":"Polygon","coordinates":[[[6.50396,48.84649],[6.51401,48.83177],[6.49612,48.8282],[6.46931,48.83914],[6.47063,48.86106],[6.50396,48.84649]]]}},{"type":"Feature","properties":{"id":"amenoncourt","also":[]},"geometry":{"type":"Polygon","coordinates":[[[6.76978,48.64859],[6.79647,48.6397],[6.80559,48.62326],[6.78237,48.61551],[6.76392,48.6225],[6.76038,48.64172],[6.76978,48.64859]]]}},{"type":"Feature","properties":{"id":"ancy-sur-moselle","also":[]},"geometry":{"type":"Polygon","coordinates":[[[6.0633,49.06843],[6.07464,49.04635],[6.02972,49.04486],[6.02577,49.07837],[6.02795,49.07995],[6.0633,49.06843]]]}},{"type":"Feature","properties":{"id":"angviller","also":[]},"geometry":{"type":"Polygon","coordinates":[[[6.93293,48.83506],[6.85419,48.79456],[6.84055,48.81251],[6.84305,48.82422],[6.8593,48.83438],[6.93293,48.83506]]]}},{"type":"Feature","properties":{"id":"anould","also":[]},"geometry":{"type":"Polygon","coordinates":[[[6.92071,48.18115],[6.95725,48.19047],[6.97041,48.18669],[6.9494,48.16313],[6.92582,48.17014],[6.92071,48.18115]]]}},{"type":"Feature","properties":{"id":"anoux","also":[]},"geometry":{"type":"Polygon","coordinates":[[[5.90534,49.32361],[5.91516,49.31985],[5.93457,49.30771],[5.94513,49.29544],[5.95047,49.2818],[5.94952,49.2651],[5.88726,49.23688],[5.81943,49.28804],[5.85502,49.30895],[5.90534,49.32361]]]}},{"type":"Feature","properties":{"id":"anozcl","also":[]},"geometry":{"type":"Polygon","coordinates":[[[6.9464,48.26341],[6.96049,48.25449],[6.9422,48.22978],[6.9133,48.2276],[6.92838,48.26531],[6.9464,48.26341]]]}},{"type":"Feature","properties":{"id":"anthelupt","also":[]},"geometry":{"type":"Polygon","coordinates":[[[6.42614,48.6234],[6.42357,48.60114],[6.41684,48.59254],[6.40092,48.61037],[6.41829,48.62287],[6.42614,48.6234]]]}},{"type":"Feature","properties":{"id":"anzeling","also":[]},"geometry":{"type":"Polygon","coordinates":[[[6.48208,49.27026],[6.48065,49.25352],[6.45087,49.25109],[6.45046,49.26141],[6.47195,49.27599],[6.48208,49.27026]]]}},{"type":"Feature","properties":{"id":"aouze","also":[]},"geometry":{"type":"Polygon","coordinates":[[[5.91183,48.38973],[5.90783,48.37674],[5.86205,48.36097],[5.84072,48.38371],[5.84685,48.39956],[5.91183,48.38973]]]}},{"type":"Feature","properties":{"id":"apach","also":[]},"geometry":{"type":"Polygon","coordinates":[[[6.38954,49.46338],[6.39521,49.4602],[6.39216,49.45423],[6.38643,49.45034],[6.35784,49.46083],[6.35156,49.47462],[6.38954,49.46338]]]}},{"type":"Feature","properties":{"id":"apremont-la-foret","also":[]},"geometry":{"type":"Polygon","coordinates":[[[5.68297,48.90087],[5.69467,48.84404],[5.68339,48.83266],[5.65031,48.83803],[5.58777,48.87237],[5.57484,48.88766],[5.68297,48.90087]]]}},{"type":"Feature","properties":{"id":"arches","also":[]},"geometry":{"type":"Polygon","coordinates":[[[6.54716,48.1134],[6.54631,48.112],[6.51276,48.10628],[6.50873,48.109],[6.494,48.13804],[6.49542,48.13956],[6.54716,48.1134]]]}},{"type":"Feature","properties":{"id":"archettes","also":[]},"geometry":{"type":"Polygon","coordinates":[[[6.56013,48.12937],[6.55244,48.11783],[6.54716,48.1134],[6.49542,48.13956],[6.5053,48.15418],[6.56013,48.12937]]]}},{"type":"Feature","properties":{"id":"armaucourt","also":[]},"geometry":{"type":"Polygon","coordinates":[[[6.27838,48.82431],[6.32128,48.83347],[6.32126,48.82153],[6.30436,48.78988],[6.29776,48.79236],[6.27694,48.81966],[6.27838,48.82431]]]}},{"type":"Feature","properties":{"id":"arnaville","also":[]},"geometry":{"type":"Polygon","coordinates":[[[6.05096,49.0082],[6.03478,48.99612],[6.00776,48.99992],[6.01398,49.0324],[6.05096,49.0082]]]}},{"type":"Feature","properties":{"id":"arracourt","also":[]},"geometry":{"type":"Polygon","coordinates":[[[6.55041,48.7061],[6.54958,48.70556],[6.51629,48.70896],[6.50485,48.73644],[6.51406,48.74703],[6.55041,48.7061]]]}},{"type":"Feature","properties":{"id":"arraye-et-han","also":[]},"geometry":{"type":"Polygon","coordinates":[[[6.33946,48.85154],[6.33938,48.84933],[6.32128,48.83347],[6.27838,48.82431],[6.26523,48.83806],[6.33946,48.85154]]]}},{"type":"Feature","properties":{"id":"arry","also":[]},"geometry":{"type":"Polygon","coordinates":[[[6.05096,49.0082],[6.06905,49.01175],[6.07908,48.99821],[6.08056,48.99075],[6.05627,48.97626],[6.04955,48.9763],[6.03478,48.99612],[6.05096,49.0082]]]}},{"type":"Feature","properties":{"id":"art-sur-meurthe","also":[]},"geometry":{"type":"Polygon","coordinates":[[[6.26377,48.67422],[6.27478,48.67695],[6.29215,48.64865],[6.26924,48.63388],[6.24915,48.63628],[6.24856,48.65297],[6.26377,48.67422]]]}},{"type":"Feature","properties":{"id":"aschbach","also":[]},"geometry":{"type":"Polygon","coordinates":[[[6.93775,49.44976],[6.99235,49.42706],[6.94823,49.41476],[6.92157,49.44052],[6.92985,49.45086],[6.93775,49.44976]]]}},{"type":"Feature","properties":{"id":"assenoncourt","also":[]},"geometry":{"type":"Polygon","coordinates":[[[6.78541,48.78828],[6.86309,48.76537],[6.87267,48.75332],[6.86814,48.74644],[6.85938,48.73759],[6.83956,48.72587],[6.81512,48.71897],[6.78864,48.71763],[6.77163,48.71987],[6.76277,48.76047],[6.78541,48.78828]]]}},{"type":"Feature","properties":{"id":"asweiler","also":[]},"geometry":{"type":"Polygon","coordinates":[[[7.14351,49.59417],[7.16769,49.60204],[7.19448,49.60443],[7.21667,49.60204],[7.22052,49.54757],[7.20395,49.53871],[7.1556,49.54431],[7.12628,49.56783],[7.12586,49.58284],[7.14351,49.59417]]]}},{"type":"Feature","properties":{"id":"athienville","also":[]},"geometry":{"type":"Polygon","coordinates":[[[6.50485,48.73644],[6.51629,48.70896],[6.49858,48.69771],[6.4877,48.6976],[6.46345,48.70914],[6.45769,48.72504],[6.50485,48.73644]]]}},{"type":"Feature","properties":{"id":"attigneville","also":[]},"geometry":{"type":"Polygon","coordinates":[[[5.83071,48.41865],[5.84685,48.39956],[5.84072,48.38371],[5.83615,48.38107],[5.79856,48.37981],[5.79282,48.40712],[5.79809,48.41539],[5.83071,48.41865]]]}},{"type":"Feature","properties":{"id":"attigny","also":[]},"geometry":{"type":"Polygon","coordinates":[[[6.00914,48.06774],[6.02818,48.07765],[6.0705,48.0683],[6.07706,48.06099],[6.0749,48.05331],[6.05769,48.04868],[6.00222,48.04884],[5.99756,48.05269],[6.00914,48.06774]]]}},{"type":"Feature","properties":{"id":"auersmacher","also":[]},"geometry":{"type":"Polygon","coordinates":[[[7.03755,49.14677],[7.06743,49.15927],[7.07961,49.13669],[7.06628,49.12745],[7.03228,49.12119],[7.02819,49.1394],[7.03755,49.14677]]]}},{"type":"Feature","properties":{"id":"aulnois-sous-yerluzey","also":[]},"geometry":{"type":"Polygon","coordinates":[[[5.68524,48.75842],[5.73704,48.7235],[5.72655,48.70725],[5.65118,48.75209],[5.65266,48.768],[5.68524,48.75842]]]}},{"type":"Feature","properties":{"id":"aumontzey","also":[]},"geometry":{"type":"Polygon","coordinates":[[[6.75775,48.17153],[6.77469,48.17838],[6.793,48.17242],[6.80248,48.16216],[6.76386,48.15112],[6.75495,48.15392],[6.75775,48.17153]]]}},{"type":"Feature","properties":{"id":"aussen","also":[]},"geometry":{"type":"Polygon","coordinates":[[[6.82775,49.49504],[6.86712,49.46452],[6.86797,49.46101],[6.8202,49.41227],[6.80179,49.41984],[6.81096,49.49152],[6.82775,49.49504]]]}},{"type":"Feature","properties":{"id":"autigny-la-tour","also":[]},"geometry":{"type":"Polygon","coordinates":[[[5.77605,48.4228],[5.79809,48.41539],[5.78988,48.40478],[5.75178,48.3837],[5.74791,48.40227],[5.77605,48.4228]]]}},{"type":"Feature","properties":{"id":"autrcy","also":[]},"geometry":{"type":"Polygon","coordinates":[[[6.12793,48.54081],[6.14863,48.53067],[6.14253,48.52101],[6.11991,48.518],[6.10846,48.52328],[6.11039,48.53699],[6.12793,48.54081]]]}},{"type":"Feature","properties":{"id":"autrepierre","also":[]},"geometry":{"type":"Polygon","coordinates":[[[6.80559,48.62326],[6.81974,48.61969],[6.8139,48.59886],[6.79947,48.59659],[6.78861,48.60137],[6.78237,48.61551],[6.80559,48.62326]]]}},{"type":"Feature","properties":{"id":"autreville-sur-moselle","also":[]},"geometry":{"type":"Polygon","coordinates":[[[6.13565,48.83393],[6.11333,48.80899],[6.09737,48.83682],[6.13565,48.83393]]]}},{"type":"Feature","properties":{"id":"autrey","also":[]},"geometry":{"type":"Polygon","coordinates":[[[6.75333,48.3169],[6.71976,48.28086],[6.6768,48.2841],[6.66643,48.30876],[6.67694,48.31564],[6.75333,48.3169]]]}},{"type":"Feature","properties":{"id":"auzainvilliers","also":[]},"geometry":{"type":"Polygon","coordinates":[[[5.79816,48.23909],[5.8233,48.2522],[5.86776,48.24826],[5.8708,48.23769],[5.86065,48.22015],[5.80213,48.22543],[5.79886,48.22665],[5.79816,48.23909]]]}},{"type":"Feature","properties":{"id":"avillers","also":[]},"geometry":{"type":"Polygon","coordinates":[[[6.1825,48.31979],[6.2098,48.32847],[6.23083,48.31855],[6.2132,48.29254],[6.20551,48.28961],[6.19976,48.2933],[6.1825,48.31979]]]}},{"type":"Feature","properties":{"id":"avillers-fresnes-cn-vocvrc","also":[]},"geometry":{"type":"Polygon","coordinates":[[[5.69917,49.06494],[5.72653,49.01534],[5.67482,49.02486],[5.68899,49.05838],[5.69917,49.06494]]]}},{"type":"Feature","properties":{"id":"avrainvillc","also":[]},"geometry":{"type":"Polygon","coordinates":[[[5.90998,48.80711],[5.95146,48.80682],[5.98156,48.76568],[5.97208,48.75777],[5.96154,48.75331],[5.90812,48.75745],[5.9016,48.76326],[5.90998,48.80711]]]}},{"type":"Feature","properties":{"id":"avrainville","also":[]},"geometry":{"type":"Polygon","coordinates":[[[6.2264,48.38892],[6.23755,48.38062],[6.23176,48.36699],[6.19915,48.36186],[6.20003,48.37826],[6.2264,48.38892]]]}},{"type":"Feature","properties":{"id":"avricourt","also":[]},"geometry":{"type":"Polygon","coordinates":[[[6.80294,48.70475],[6.81889,48.70416],[6.83931,48.70021],[6.85322,48.69502],[6.86532,48.68812],[6.87515,48.67979],[6.88234,48.67035],[6.8872,48.65736],[6.79647,48.6397],[6.76978,48.64859],[6.78462,48.70279],[6.80294,48.70475]]]}},{"type":"Feature","properties":{"id":"aydoilles","also":[]},"geometry":{"type":"Polygon","coordinates":[[[6.56819,48.22861],[6.59964,48.19363],[6.56421,48.18583],[6.55028,48.18582],[6.5416,48.20933],[6.56819,48.22861]]]}},{"type":"Feature","properties":{"id":"azelot","also":[]},"geometry":{"type":"Polygon","coordinates":[[[6.22354,48.60903],[6.24492,48.6013],[6.24787,48.59764],[6.23017,48.56815],[6.22302,48.56671],[6.20106,48.5889],[6.20362,48.60173],[6.22354,48.60903]]]}},{"type":"Feature","properties":{"id":"azerailles","also":[]},"geometry":{"type":"Polygon","coordinates":[[[6.71275,48.51686],[6.71945,48.50026],[6.71075,48.47869],[6.66998,48.48405],[6.6906,48.52202],[6.71275,48.51686]]]}},{"type":"Feature","properties":{"id":"badmenil-aux-bois","also":[]},"geometry":{"type":"Polygon","coordinates":[[[6.48828,48.30231],[6.54555,48.32355],[6.56696,48.3197],[6.56533,48.31226],[6.53424,48.28077],[6.50639,48.28329],[6.50183,48.28504],[6.48828,48.30231]]]}},{"type":"Feature","properties":{"id":"bagneux","also":[]},"geometry":{"type":"Polygon","coordinates":[[[5.91013,48.5729],[5.9296,48.55131],[5.85201,48.53491],[5.83995,48.54746],[5.87085,48.57104],[5.91013,48.5729]]]}},{"type":"Feature","properties":{"id":"bains-les-bains","also":[]},"geometry":{"type":"Polygon","coordinates":[[[6.24042,48.05415],[6.25999,48.05377],[6.33856,47.98316],[6.32967,47.97183],[6.31481,47.96097],[6.21843,48.00111],[6.19233,48.02738],[6.20766,48.04122],[6.23292,48.05236],[6.24042,48.05415]]]}},{"type":"Feature","properties":{"id":"bainville-aux-miroirs","also":[]},"geometry":{"type":"Polygon","coordinates":[[[6.26336,48.45354],[6.30895,48.43913],[6.30503,48.42479],[6.27279,48.4232],[6.26396,48.42706],[6.25632,48.45248],[6.26336,48.45354]]]}},{"type":"Feature","properties":{"id":"bainville-aux-saules","also":[]},"geometry":{"type":"Polygon","coordinates":[[[6.13478,48.22431],[6.14896,48.22078],[6.14777,48.20134],[6.12862,48.19798],[6.11574,48.20292],[6.1144,48.20591],[6.13478,48.22431]]]}},{"type":"Feature","properties":{"id":"baldringen","also":[]},"geometry":{"type":"Polygon","coordinates":[[[6.70945,49.5619],[6.69354,49.55971],[6.67728,49.55958],[6.6613,49.56151],[6.64621,49.56543],[6.63258,49.57119],[6.62093,49.57857],[6.61173,49.58729],[6.60531,49.597],[6.60193,49.60735],[6.60172,49.61792],[6.6047,49.62832],[6.61073,49.63814],[6.61961,49.64701],[6.63098,49.65459],[6.64441,49.66058],[6.65939,49.66475],[6.67533,49.66695],[6.69162,49.66708],[6.70763,49.66514],[6.72276,49.66121],[6.7364,49.65544],[6.74804,49.64805],[6.75724,49.63932],[6.76363,49.6296],[6.76697,49.61925],[6.76715,49.60868],[6.76414,49.59828],[6.7577,49.58801],[6.72476,49.5662],[6.70945,49.5619]]]}},{"type":"Feature","properties":{"id":"ballering","also":[]},"geometry":{"type":"Polygon","coordinates":[[[6.97673,49.03327],[7.02143,49.0336],[7.01251,49.02083],[6.96525,49.02001],[6.96111,49.02281],[6.97673,49.03327]]]}},{"type":"Feature","properties":{"id":"ballern","also":[]},"geometry":{"type":"Polygon","coordinates":[[[6.62228,49.46127],[6.63256,49.46151],[6.62626,49.44999],[6.60597,49.44187],[6.60151,49.44756],[6.62228,49.46127]]]}},{"type":"Feature","properties":{"id":"balleville","also":[]},"geometry":{"type":"Polygon","coordinates":[[[5.84893,48.34666],[5.85953,48.34808],[5.86802,48.34317],[5.84538,48.31522],[5.83443,48.31811],[5.831,48.33459],[5.83401,48.3395],[5.84893,48.34666]]]}},{"type":"Feature","properties":{"id":"bambiderstroff","also":[]},"geometry":{"type":"Polygon","coordinates":[[[6.57237,49.12602],[6.57576,49.12626],[6.60884,49.12045],[6.62306,49.09933],[6.61882,49.09499],[6.57211,49.08094],[6.56261,49.0852],[6.55869,49.08906],[6.57237,49.12602]]]}},{"type":"Feature","properties":{"id":"bannoncourt","also":[]},"geometry":{"type":"Polygon","coordinates":[[[5.41799,48.96642],[5.42171,48.97671],[5.43441,48.99218],[5.44545,48.99988],[5.45856,49.00601],[5.47324,49.01033],[5.48607,49.01239],[5.53427,48.96766],[5.49648,48.94525],[5.41734,48.95708],[5.41799,48.96642]]]}},{"type":"Feature","properties":{"id":"barbas","also":[]},"geometry":{"type":"Polygon","coordinates":[[[6.86691,48.58419],[6.88089,48.5731],[6.83331,48.55674],[6.8241,48.57097],[6.82983,48.57953],[6.86691,48.58419]]]}},{"type":"Feature","properties":{"id":"barbey-seroux","also":[]},"geometry":{"type":"Polygon","coordinates":[[[6.85354,48.16041],[6.88104,48.14426],[6.88774,48.11424],[6.80537,48.09331],[6.8161,48.15569],[6.85354,48.16041]]]}},{"type":"Feature","properties":{"id":"barville","also":[]},"geometry":{"type":"Polygon","coordinates":[[[5.78988,48.40478],[5.79282,48.40712],[5.79856,48.37981],[5.77755,48.35872],[5.77302,48.36316],[5.78988,48.40478]]]}},{"type":"Feature","properties":{"id":"bassing","also":[]},"geometry":{"type":"Polygon","coordinates":[[[6.81537,48.88566],[6.82153,48.87499],[6.8039,48.85581],[6.76513,48.86823],[6.81064,48.88618],[6.81537,48.88566]]]}},{"type":"Feature","properties":{"id":"bathelemont-les-bauzemont","also":[]},"geometry":{"type":"Polygon","coordinates":[[[6.54958,48.70556],[6.55155,48.68782],[6.54485,48.68316],[6.51182,48.68145],[6.49858,48.69771],[6.51629,48.70896],[6.54958,48.70556]]]}},{"type":"Feature","properties":{"id":"battexey","also":[]},"geometry":{"type":"Polygon","coordinates":[[[6.18222,48.39835],[6.19278,48.39506],[6.18923,48.38362],[6.16317,48.37782],[6.15324,48.37997],[6.18222,48.39835]]]}},{"type":"Feature","properties":{"id":"battigny","also":[]},"geometry":{"type":"Polygon","coordinates":[[[5.97184,48.45856],[6.00328,48.44037],[6.00068,48.42788],[5.94702,48.41217],[5.93325,48.42996],[5.97184,48.45856]]]}},{"type":"Feature","properties":{"id":"baudricourt","also":[]},"geometry":{"type":"Polygon","coordinates":[[[6.07182,48.3205],[6.0665,48.304],[6.05365,48.29881],[6.04724,48.29832],[6.03879,48.32386],[6.07182,48.3205]]]}},{"type":"Feature","properties":{"id":"bauzemont","also":[]},"geometry":{"type":"Polygon","coordinates":[[[6.54485,48.68316],[6.54277,48.66888],[6.5274,48.65639],[6.52152,48.65643],[6.50543,48.66617],[6.51182,48.68145],[6.54485,48.68316]]]}},{"type":"Feature","properties":{"id":"bayecourt","also":[]},"geometry":{"type":"Polygon","coordinates":[[[6.46227,48.26867],[6.50183,48.28504],[6.50639,48.28329],[6.49621,48.25475],[6.47011,48.24592],[6.46673,48.24858],[6.46227,48.26867]]]}},{"type":"Feature","properties":{"id":"bayon","also":[]},"geometry":{"type":"Polygon","coordinates":[[[6.30396,48.48551],[6.32155,48.4886],[6.33517,48.47422],[6.33426,48.47111],[6.3014,48.46593],[6.29058,48.47265],[6.29003,48.47577],[6.30396,48.48551]]]}},{"type":"Feature","properties":{"id":"bayonville-sur-mad","also":[]},"geometry":{"type":"Polygon","coordinates":[[[5.99034,49.03471],[6.01398,49.0324],[6.00776,48.99992],[6.00105,48.99702],[5.98368,48.99558],[5.97867,49.0039],[5.99034,49.03471]]]}},{"type":"Feature","properties":{"id":"bazegney","also":[]},"geometry":{"type":"Polygon","coordinates":[[[6.24699,48.26829],[6.24769,48.26147],[6.21217,48.25339],[6.19968,48.27697],[6.20363,48.28167],[6.24699,48.26829]]]}},{"type":"Feature","properties":{"id":"bazoilles-et-menil","also":[]},"geometry":{"type":"Polygon","coordinates":[[[6.09995,48.27986],[6.12094,48.26751],[6.12624,48.25648],[6.11615,48.23975],[6.10918,48.23952],[6.08636,48.25455],[6.07956,48.26947],[6.08453,48.2733],[6.09995,48.27986]]]}},{"type":"Feature","properties":{"id":"bcuwillcr","also":[]},"geometry":{"type":"Polygon","coordinates":[[[7.26635,49.08388],[7.29468,49.09808],[7.30447,49.09021],[7.28172,49.06767],[7.26635,49.08388]]]}},{"type":"Feature","properties":{"id":"beaupre","also":[]},"geometry":{"type":"Polygon","coordinates":[[[6.51857,48.5625],[6.57147,48.56792],[6.58445,48.55718],[6.58967,48.54928],[6.50268,48.53639],[6.49951,48.54101],[6.51857,48.5625]]]}},{"type":"Feature","properties":{"id":"beckingen","also":[]},"geometry":{"type":"Polygon","coordinates":[[[6.71288,49.42103],[6.74808,49.41021],[6.74042,49.38192],[6.70587,49.37436],[6.67698,49.38569],[6.6741,49.39028],[6.7068,49.41995],[6.71288,49.42103]]]}},{"type":"Feature","properties":{"id":"bedersdorf","also":[]},"geometry":{"type":"Polygon","coordinates":[[[6.63086,49.31437],[6.65189,49.30874],[6.65216,49.30273],[6.64012,49.29135],[6.62726,49.29414],[6.62387,49.29875],[6.63086,49.31437]]]}},{"type":"Feature","properties":{"id":"begnecourt","also":[]},"geometry":{"type":"Polygon","coordinates":[[[6.14896,48.22078],[6.18269,48.22285],[6.18636,48.21888],[6.16413,48.20396],[6.1518,48.19897],[6.14777,48.20134],[6.14896,48.22078]]]}},{"type":"Feature","properties":{"id":"behren","also":[]},"geometry":{"type":"Polygon","coordinates":[[[6.93205,49.18442],[6.94027,49.18561],[6.95312,49.1713],[6.94653,49.14794],[6.92975,49.14745],[6.92071,49.15535],[6.93205,49.18442]]]}},{"type":"Feature","properties":{"id":"bellegney-devant-dompaire","also":[]},"geometry":{"type":"Polygon","coordinates":[[[6.26119,48.24213],[6.28241,48.23417],[6.28033,48.2218],[6.27806,48.22016],[6.24101,48.21328],[6.23897,48.22933],[6.23997,48.23379],[6.26119,48.24213]]]}},{"type":"Feature","properties":{"id":"belleville","also":[]},"geometry":{"type":"Polygon","coordinates":[[[6.09737,48.83682],[6.11328,48.809],[6.07013,48.80501],[6.0586,48.81462],[6.09737,48.83682]]]}},{"type":"Feature","properties":{"id":"belmont-les-darney","also":[]},"geometry":{"type":"Polygon","coordinates":[[[6.02932,48.09815],[6.02818,48.07765],[6.00914,48.06774],[5.99098,48.10096],[6.02932,48.09815]]]}},{"type":"Feature","properties":{"id":"belmont-sur-buttant","also":[]},"geometry":{"type":"Polygon","coordinates":[[[6.78257,48.24999],[6.81383,48.2536],[6.78046,48.21241],[6.76177,48.20464],[6.75803,48.20487],[6.75163,48.22589],[6.78257,48.24999]]]}},{"type":"Feature","properties":{"id":"belmont-sur-vair","also":[]},"geometry":{"type":"Polygon","coordinates":[[[5.92933,48.27264],[5.92361,48.24208],[5.89088,48.25424],[5.91994,48.27839],[5.92933,48.27264]]]}},{"type":"Feature","properties":{"id":"belrupt","also":[]},"geometry":{"type":"Polygon","coordinates":[[[6.09618,48.10952],[6.13559,48.10282],[6.13866,48.0818],[6.10273,48.0702],[6.08262,48.10424],[6.08477,48.10729],[6.09618,48.10952]]]}},{"type":"Feature","properties":{"id":"belrupt-darncy","also":[]},"geometry":{"type":"Polygon","coordinates":[[[6.0705,48.0683],[6.0686,48.08638],[6.08262,48.10424],[6.10273,48.0702],[6.07706,48.06099],[6.0705,48.0683]]]}},{"type":"Feature","properties":{"id":"benamenil","also":[]},"geometry":{"type":"Polygon","coordinates":[[[6.67651,48.58742],[6.69601,48.55492],[6.67365,48.5327],[6.63191,48.53742],[6.64253,48.56184],[6.67651,48.58742]]]}},{"type":"Feature","properties":{"id":"benney","also":[]},"geometry":{"type":"Polygon","coordinates":[[[6.20768,48.54213],[6.23522,48.53242],[6.24452,48.51441],[6.2247,48.49675],[6.21994,48.49807],[6.19428,48.52317],[6.20318,48.541],[6.20768,48.54213]]]}},{"type":"Feature","properties":{"id":"berg","also":[]},"geometry":{"type":"Polygon","coordinates":[[[6.41019,49.55468],[6.43147,49.52837],[6.41897,49.52516],[6.38056,49.53404],[6.383,49.53859],[6.41019,49.55468]]]}},{"type":"Feature","properties":{"id":"bertrameix","also":[]},"geometry":{"type":"Polygon","coordinates":[[[5.77904,49.29768],[5.75876,49.29964],[5.73304,49.3728],[5.75554,49.37909],[5.77553,49.3808],[5.79745,49.33925],[5.77904,49.29768]]]}},{"type":"Feature","properties":{"id":"bertrimoutier","also":[]},"geometry":{"type":"Polygon","coordinates":[[[7.04111,48.26973],[7.05163,48.28147],[7.0683,48.26406],[7.04111,48.26973]]]}},{"type":"Feature","properties":{"id":"berus","also":[]},"geometry":{"type":"Polygon","coordinates":[[[6.71011,49.27675],[6.71949,49.26864],[6.68621,49.252],[6.66904,49.26535],[6.67435,49.27984],[6.71011,49.27675]]]}},{"type":"Feature","properties":{"id":"berweiuer","also":[]},"geometry":{"type":"Polygon","coordinates":[[[6.67435,49.27984],[6.66904,49.26535],[6.64769,49.25672],[6.63282,49.27273],[6.65026,49.28423],[6.67435,49.27984]]]}},{"type":"Feature","properties":{"id":"besseringen","also":[]},"geometry":{"type":"Polygon","coordinates":[[[6.67841,49.50236],[6.68278,49.49725],[6.68101,49.49221],[6.66044,49.47253],[6.63256,49.46151],[6.6147,49.46216],[6.60178,49.4663],[6.59433,49.48022],[6.67841,49.50236]]]}},{"type":"Feature","properties":{"id":"bettange","also":[]},"geometry":{"type":"Polygon","coordinates":[[[6.48958,49.24907],[6.49914,49.23016],[6.47682,49.22995],[6.46894,49.23323],[6.48719,49.24968],[6.48958,49.24907]]]}},{"type":"Feature","properties":{"id":"bettegney-saint-brice","also":[]},"geometry":{"type":"Polygon","coordinates":[[[6.3386,48.31275],[6.34421,48.31131],[6.34457,48.30957],[6.33598,48.29368],[6.32765,48.29218],[6.29517,48.29556],[6.2884,48.30081],[6.28944,48.30521],[6.3386,48.31275]]]}},{"type":"Feature","properties":{"id":"betting","also":[]},"geometry":{"type":"Polygon","coordinates":[[[6.48413,49.42395],[6.49112,49.42531],[6.51958,49.4191],[6.51314,49.39709],[6.48413,49.42395]]]}},{"type":"Feature","properties":{"id":"bettingen","also":[]},"geometry":{"type":"Polygon","coordinates":[[[6.86797,49.46101],[6.88811,49.42986],[6.85901,49.39098],[6.8202,49.41227],[6.86797,49.46101]]]}},{"type":"Feature","properties":{"id":"bettoncourt","also":[]},"geometry":{"type":"Polygon","coordinates":[[[6.17603,48.3529],[6.17503,48.3429],[6.17002,48.33693],[6.15259,48.34157],[6.14957,48.35784],[6.17603,48.3529]]]}},{"type":"Feature","properties":{"id":"bettring","also":[]},"geometry":{"type":"Polygon","coordinates":[[[7.01251,49.02083],[7.01046,49.01702],[6.99079,49.00511],[6.96702,49.01472],[6.96525,49.02001],[7.01251,49.02083]]]}},{"type":"Feature","properties":{"id":"beuren","also":[]},"geometry":{"type":"Polygon","coordinates":[[[6.4808,49.59469],[6.45325,49.53057],[6.43498,49.52724],[6.43147,49.52837],[6.41019,49.55468],[6.39355,49.58502],[6.4808,49.59469]]]}},{"type":"Feature","properties":{"id":"bibiche","also":[]},"geometry":{"type":"Polygon","coordinates":[[[6.50535,49.34642],[6.51193,49.33968],[6.50646,49.3145],[6.49963,49.30711],[6.47987,49.3046],[6.45395,49.31725],[6.44962,49.32695],[6.50535,49.34642]]]}},{"type":"Feature","properties":{"id":"bidestroff","also":[]},"geometry":{"type":"Polygon","coordinates":[[[6.76513,48.86823],[6.8039,48.85581],[6.81069,48.84678],[6.81068,48.84119],[6.77376,48.82959],[6.75016,48.86764],[6.76513,48.86823]]]}},{"type":"Feature","properties":{"id":"biecourt","also":[]},"geometry":{"type":"Polygon","coordinates":[[[5.96773,48.33228],[5.97068,48.31867],[5.95394,48.30831],[5.93427,48.32471],[5.93359,48.3349],[5.96773,48.33228]]]}},{"type":"Feature","properties":{"id":"bienville-la-petite","also":[]},"geometry":{"type":"Polygon","coordinates":[[[6.5156,48.64931],[6.51916,48.6344],[6.51465,48.62246],[6.49751,48.64222],[6.5156,48.64931]]]}},{"type":"Feature","properties":{"id":"bietzen","also":[]},"geometry":{"type":"Polygon","coordinates":[[[6.64628,49.39744],[6.63223,49.3981],[6.63951,49.41112],[6.67318,49.42603],[6.67853,49.42399],[6.64628,49.39744]]]}},{"type":"Feature","properties":{"id":"biffontaine","also":[]},"geometry":{"type":"Polygon","coordinates":[[[6.85097,48.23323],[6.82479,48.19693],[6.81548,48.19643],[6.78046,48.21241],[6.81383,48.2536],[6.81847,48.25539],[6.85097,48.23323]]]}},{"type":"Feature","properties":{"id":"biiren","also":[]},"geometry":{"type":"Polygon","coordinates":[[[6.63696,49.36612],[6.66883,49.36332],[6.6695,49.36252],[6.65257,49.34643],[6.64841,49.34655],[6.63696,49.36612]]]}},{"type":"Feature","properties":{"id":"billy-sous-les-cotes","also":[]},"geometry":{"type":"Polygon","coordinates":[[[5.72452,49.01504],[5.70908,49.00515],[5.65287,49.00616],[5.65057,49.01432],[5.67482,49.02486],[5.72452,49.01504]]]}},{"type":"Feature","properties":{"id":"bining-les-rohrbaeh","also":[]},"geometry":{"type":"Polygon","coordinates":[[[7.24149,49.05281],[7.29182,49.0194],[7.26957,48.9845],[7.24501,48.98356],[7.22595,48.9863],[7.21622,49.03263],[7.21865,49.04473],[7.23327,49.05157],[7.24149,49.05281]]]}},{"type":"Feature","properties":{"id":"bioncourt","also":[]},"geometry":{"type":"Polygon","coordinates":[[[6.37604,48.81574],[6.41339,48.807],[6.41018,48.78578],[6.38626,48.77982],[6.33424,48.79159],[6.34961,48.80433],[6.37604,48.81574]]]}},{"type":"Feature","properties":{"id":"biringen","also":[]},"geometry":{"type":"Polygon","coordinates":[[[6.53666,49.43075],[6.54176,49.43335],[6.55201,49.43335],[6.56666,49.41168],[6.54441,49.40238],[6.53518,49.42826],[6.53666,49.43075]]]}},{"type":"Feature","properties":{"id":"bisping","also":[]},"geometry":{"type":"Polygon","coordinates":[[[6.85419,48.79456],[6.93293,48.83506],[6.95827,48.83851],[6.95934,48.83761],[6.94263,48.77902],[6.88123,48.75213],[6.87267,48.75332],[6.86309,48.76537],[6.85419,48.79456]]]}},{"type":"Feature","properties":{"id":"bisten","also":[]},"geometry":{"type":"Polygon","coordinates":[[[6.68621,49.252],[6.71949,49.26864],[6.7462,49.25794],[6.72617,49.20682],[6.71225,49.20517],[6.70301,49.20834],[6.6977,49.21357],[6.68621,49.252]]]}},{"type":"Feature","properties":{"id":"blamont","also":[]},"geometry":{"type":"Polygon","coordinates":[[[6.86128,48.60423],[6.86691,48.58419],[6.82983,48.57953],[6.8228,48.59536],[6.86128,48.60423]]]}},{"type":"Feature","properties":{"id":"blanche-eglise","also":[]},"geometry":{"type":"Polygon","coordinates":[[[6.69056,48.80627],[6.69279,48.80551],[6.70324,48.79515],[6.67258,48.77327],[6.64221,48.78446],[6.69056,48.80627]]]}},{"type":"Feature","properties":{"id":"blanzey","also":[]},"geometry":{"type":"Polygon","coordinates":[[[6.23526,48.77795],[6.26493,48.76062],[6.26133,48.75437],[6.25943,48.75287],[6.24296,48.7502],[6.21636,48.77322],[6.23526,48.77795]]]}},{"type":"Feature","properties":{"id":"blemerey","also":[]},"geometry":{"type":"Polygon","coordinates":[[[6.0304,48.36236],[6.05984,48.37247],[6.06737,48.36339],[6.04077,48.34413],[6.03439,48.34718],[6.0304,48.36236]]]}},{"type":"Feature","properties":{"id":"blemerey-blamont","also":[]},"geometry":{"type":"Polygon","coordinates":[[[6.75691,48.58608],[6.75786,48.58324],[6.72502,48.56554],[6.72123,48.56594],[6.70759,48.5987],[6.75691,48.58608]]]}},{"type":"Feature","properties":{"id":"blenod-les-pont-a-mousson","also":[]},"geometry":{"type":"Polygon","coordinates":[[[6.06066,48.89591],[6.08345,48.88148],[6.07832,48.86982],[6.01922,48.88237],[6.02758,48.88785],[6.06066,48.89591]]]}},{"type":"Feature","properties":{"id":"blies-guersviller","also":[]},"geometry":{"type":"Polygon","coordinates":[[[7.07996,49.176],[7.14544,49.19401],[7.16237,49.18213],[7.16263,49.17493],[7.16055,49.16926],[7.1257,49.14217],[7.09125,49.1359],[7.07961,49.13669],[7.06743,49.15927],[7.07014,49.16911],[7.07996,49.176]]]}},{"type":"Feature","properties":{"id":"bliesebersing","also":[]},"geometry":{"type":"Polygon","coordinates":[[[7.16055,49.16926],[7.18081,49.11685],[7.17977,49.11097],[7.14194,49.09938],[7.12585,49.10671],[7.1257,49.14217],[7.16055,49.16926]]]}},{"type":"Feature","properties":{"id":"bliesen","also":[]},"geometry":{"type":"Polygon","coordinates":[[[7.08584,49.49037],[7.09009,49.4935],[7.12391,49.509],[7.13145,49.5062],[7.1639,49.48237],[7.17613,49.46707],[7.08584,49.49037]]]}},{"type":"Feature","properties":{"id":"bockange","also":[]},"geometry":{"type":"Polygon","coordinates":[[[6.39327,49.23221],[6.41741,49.24374],[6.43825,49.2493],[6.4457,49.24718],[6.44569,49.23447],[6.4034,49.2238],[6.39575,49.22465],[6.39327,49.23221]]]}},{"type":"Feature","properties":{"id":"bockweiler","also":[]},"geometry":{"type":"Polygon","coordinates":[[[7.21737,49.20692],[7.224,49.21423],[7.23459,49.22222],[7.24736,49.2287],[7.26182,49.23342],[7.2774,49.2362],[7.29351,49.23694],[7.31985,49.23358],[7.33884,49.22698],[7.35141,49.21973],[7.27609,49.15602],[7.21737,49.20692]]]}},{"type":"Feature","properties":{"id":"bocquegney","also":[]},"geometry":{"type":"Polygon","coordinates":[[[6.31372,48.2366],[6.32119,48.22456],[6.32151,48.20319],[6.31775,48.19935],[6.28033,48.2218],[6.28241,48.23417],[6.30759,48.24106],[6.31372,48.2366]]]}},{"type":"Feature","properties":{"id":"boinville-en-woevre","also":[]},"geometry":{"type":"Polygon","coordinates":[[[5.59309,49.19942],[5.6015,49.21254],[5.61867,49.22606],[5.63663,49.23382],[5.65705,49.23826],[5.68029,49.23897],[5.70726,49.2242],[5.66604,49.15314],[5.65293,49.14052],[5.61111,49.15891],[5.59309,49.19942]]]}},{"type":"Feature","properties":{"id":"boncourt","also":[]},"geometry":{"type":"Polygon","coordinates":[[[5.77688,49.20475],[5.79691,49.21178],[5.8625,49.21096],[5.89391,49.17761],[5.88931,49.1448],[5.82966,49.12371],[5.7802,49.15545],[5.77688,49.20475]]]}},{"type":"Feature","properties":{"id":"boncourt-sur-meuse","also":[]},"geometry":{"type":"Polygon","coordinates":[[[5.55887,48.82112],[5.58655,48.81697],[5.60011,48.80139],[5.60059,48.79401],[5.57385,48.77878],[5.56026,48.79428],[5.55887,48.82112]]]}},{"type":"Feature","properties":{"id":"bonfays","also":[]},"geometry":{"type":"Polygon","coordinates":[[[6.14777,48.20134],[6.1518,48.19897],[6.15491,48.19418],[6.13588,48.18462],[6.12862,48.19798],[6.14777,48.20134]]]}},{"type":"Feature","properties":{"id":"bonneval","also":[]},"geometry":{"type":"Polygon","coordinates":[[[6.54277,48.66888],[6.5937,48.65441],[6.60724,48.64141],[6.59996,48.63492],[6.58234,48.63249],[6.5513,48.64358],[6.5274,48.65639],[6.54277,48.66888]]]}},{"type":"Feature","properties":{"id":"bonviller","also":[]},"geometry":{"type":"Polygon","coordinates":[[[6.48257,48.64232],[6.49751,48.64222],[6.5147,48.62155],[6.47192,48.61481],[6.46214,48.62554],[6.46837,48.63939],[6.48257,48.64232]]]}},{"type":"Feature","properties":{"id":"bonvillet","also":[]},"geometry":{"type":"Polygon","coordinates":[[[6.08477,48.10729],[6.0686,48.08638],[6.03108,48.09901],[6.04626,48.11983],[6.08477,48.10729]]]}},{"type":"Feature","properties":{"id":"borville","also":[]},"geometry":{"type":"Polygon","coordinates":[[[6.38057,48.46477],[6.41286,48.4569],[6.415,48.439],[6.40872,48.43215],[6.40347,48.43213],[6.37032,48.45001],[6.37396,48.45942],[6.38057,48.46477]]]}},{"type":"Feature","properties":{"id":"bosserville","also":[]},"geometry":{"type":"Polygon","coordinates":[[[6.23139,48.67745],[6.26377,48.67422],[6.24856,48.65297],[6.22347,48.66606],[6.22685,48.67479],[6.23139,48.67745]]]}},{"type":"Feature","properties":{"id":"boucheporn","also":[]},"geometry":{"type":"Polygon","coordinates":[[[6.61055,49.15886],[6.6577,49.14624],[6.60884,49.12045],[6.57576,49.12626],[6.61055,49.15886]]]}},{"type":"Feature","properties":{"id":"bouillonville","also":[]},"geometry":{"type":"Polygon","coordinates":[[[5.81381,48.96579],[5.86619,48.95657],[5.88441,48.94303],[5.88372,48.93055],[5.82455,48.93564],[5.807,48.96162],[5.81381,48.96579]]]}},{"type":"Feature","properties":{"id":"boulaincourt","also":[]},"geometry":{"type":"Polygon","coordinates":[[[6.08964,48.38567],[6.09347,48.36508],[6.06737,48.36339],[6.05984,48.37247],[6.06024,48.38139],[6.06849,48.38419],[6.08964,48.38567]]]}},{"type":"Feature","properties":{"id":"boulay","also":[]},"geometry":{"type":"Polygon","coordinates":[[[6.49941,49.20351],[6.53219,49.19246],[6.53572,49.18448],[6.52578,49.16461],[6.47234,49.1757],[6.47935,49.19448],[6.49941,49.20351]]]}},{"type":"Feature","properties":{"id":"bousse","also":[]},"geometry":{"type":"Polygon","coordinates":[[[6.20976,49.33255],[6.22546,49.33001],[6.23785,49.32633],[6.25686,49.27873],[6.22968,49.26925],[6.18868,49.26373],[6.14672,49.28508],[6.1831,49.33224],[6.20976,49.33255]]]}},{"type":"Feature","properties":{"id":"bousseviller","also":[]},"geometry":{"type":"Polygon","coordinates":[[[7.48093,49.13197],[7.48108,49.11032],[7.45197,49.11382],[7.4432,49.12828],[7.44706,49.13287],[7.48093,49.13197]]]}},{"type":"Feature","properties":{"id":"boustroff","also":[]},"geometry":{"type":"Polygon","coordinates":[[[6.62898,49.01303],[6.64092,49.01237],[6.652,49.00523],[6.62057,48.98321],[6.59729,48.98633],[6.62898,49.01303]]]}},{"type":"Feature","properties":{"id":"bouxieres-aux-bois","also":[]},"geometry":{"type":"Polygon","coordinates":[[[6.34209,48.27286],[6.34968,48.26565],[6.34803,48.26207],[6.30908,48.24424],[6.29326,48.2701],[6.34209,48.27286]]]}},{"type":"Feature","properties":{"id":"bouxieres-aux-chenes","also":[]},"geometry":{"type":"Polygon","coordinates":[[[6.27598,48.76591],[6.26493,48.76062],[6.23526,48.77795],[6.24971,48.78599],[6.27598,48.76591]]]}},{"type":"Feature","properties":{"id":"bouxieres-aux-dames","also":[]},"geometry":{"type":"Polygon","coordinates":[[[6.17806,48.77343],[6.18663,48.77025],[6.18043,48.74424],[6.17762,48.74325],[6.13768,48.74189],[6.15176,48.76625],[6.15908,48.77331],[6.17806,48.77343]]]}},{"type":"Feature","properties":{"id":"bouxurulles","also":[]},"geometry":{"type":"Polygon","coordinates":[[[6.2355,48.34742],[6.25279,48.3339],[6.25298,48.32021],[6.23083,48.31855],[6.2098,48.32847],[6.21198,48.34008],[6.2355,48.34742]]]}},{"type":"Feature","properties":{"id":"bouzanville","also":[]},"geometry":{"type":"Polygon","coordinates":[[[6.13637,48.37241],[6.13503,48.36939],[6.11463,48.35612],[6.09347,48.36508],[6.08964,48.38567],[6.10492,48.39262],[6.13637,48.37241]]]}},{"type":"Feature","properties":{"id":"bouzemont","also":[]},"geometry":{"type":"Polygon","coordinates":[[[6.24769,48.26147],[6.25857,48.25335],[6.26119,48.24213],[6.23997,48.23379],[6.20932,48.24657],[6.21217,48.25339],[6.24769,48.26147]]]}},{"type":"Feature","properties":{"id":"bouzonville","also":[]},"geometry":{"type":"Polygon","coordinates":[[[6.55749,49.29462],[6.5313,49.27669],[6.5135,49.28549],[6.50352,49.30354],[6.55749,49.29462]]]}},{"type":"Feature","properties":{"id":"bovee-sur-barboure","also":[]},"geometry":{"type":"Polygon","coordinates":[[[5.4936,48.65865],[5.54145,48.67114],[5.51119,48.59048],[5.49533,48.59156],[5.48301,48.59394],[5.47851,48.63833],[5.4936,48.65865]]]}},{"type":"Feature","properties":{"id":"boviolles","also":[]},"geometry":{"type":"Polygon","coordinates":[[[5.43491,48.65204],[5.40493,48.59421],[5.38118,48.59918],[5.3597,48.60946],[5.34684,48.62066],[5.33759,48.63712],[5.33682,48.65469],[5.343,48.66916],[5.37921,48.67744],[5.43491,48.65204]]]}},{"type":"Feature","properties":{"id":"bralleville","also":[]},"geometry":{"type":"Polygon","coordinates":[[[6.18978,48.42019],[6.19389,48.42151],[6.19829,48.42106],[6.20369,48.39771],[6.19278,48.39506],[6.18222,48.39835],[6.17678,48.40631],[6.18978,48.42019]]]}},{"type":"Feature","properties":{"id":"brancourt","also":[]},"geometry":{"type":"Polygon","coordinates":[[[5.72911,48.43705],[5.75292,48.43494],[5.73958,48.4135],[5.72809,48.40376],[5.71398,48.4018],[5.72717,48.43626],[5.72911,48.43705]]]}},{"type":"Feature","properties":{"id":"brantigny","also":[]},"geometry":{"type":"Polygon","coordinates":[[[6.29919,48.35331],[6.30449,48.34673],[6.30328,48.34178],[6.29023,48.33497],[6.26416,48.34138],[6.27163,48.35696],[6.28582,48.36276],[6.29919,48.35331]]]}},{"type":"Feature","properties":{"id":"brecklange","also":[]},"geometry":{"type":"Polygon","coordinates":[[[6.45466,49.20013],[6.47935,49.19448],[6.47234,49.1757],[6.46991,49.17478],[6.45039,49.17928],[6.45466,49.20013]]]}},{"type":"Feature","properties":{"id":"brehimont","also":[]},"geometry":{"type":"Polygon","coordinates":[[[6.87412,48.34584],[6.90104,48.31914],[6.88522,48.2952],[6.86793,48.29483],[6.86671,48.29699],[6.86772,48.34436],[6.87412,48.34584]]]}},{"type":"Feature","properties":{"id":"breidenbach","also":[]},"geometry":{"type":"Polygon","coordinates":[[[7.4391,49.15228],[7.44706,49.13287],[7.4432,49.12828],[7.41757,49.12204],[7.39357,49.12752],[7.40613,49.14711],[7.42056,49.15608],[7.4391,49.15228]]]}},{"type":"Feature","properties":{"id":"bremoncourt","also":[]},"geometry":{"type":"Polygon","coordinates":[[[6.35898,48.5016],[6.37395,48.49482],[6.37522,48.47964],[6.35113,48.47882],[6.34186,48.50209],[6.34414,48.50306],[6.35898,48.5016]]]}},{"type":"Feature","properties":{"id":"brin-sur-seille","also":[]},"geometry":{"type":"Polygon","coordinates":[[[6.33424,48.79159],[6.38626,48.77982],[6.35424,48.76068],[6.3199,48.76296],[6.3122,48.77319],[6.31169,48.78392],[6.33424,48.79159]]]}},{"type":"Feature","properties":{"id":"broussey-en-blois","also":[]},"geometry":{"type":"Polygon","coordinates":[[[5.62736,48.62408],[5.61908,48.61109],[5.60603,48.59997],[5.5891,48.59146],[5.56943,48.58614],[5.54837,48.58437],[5.52734,48.58628],[5.51119,48.59048],[5.54145,48.67114],[5.55674,48.68091],[5.63016,48.63543],[5.62736,48.62408]]]}},{"type":"Feature","properties":{"id":"brouvelieures","also":[]},"geometry":{"type":"Polygon","coordinates":[[[6.71918,48.26062],[6.74545,48.25264],[6.73856,48.23002],[6.71419,48.22513],[6.69581,48.22898],[6.6969,48.24632],[6.71918,48.26062]]]}},{"type":"Feature","properties":{"id":"brouville","also":[]},"geometry":{"type":"Polygon","coordinates":[[[6.73207,48.52119],[6.80838,48.47059],[6.81048,48.46317],[6.79118,48.46534],[6.71945,48.50026],[6.71275,48.51686],[6.73207,48.52119]]]}},{"type":"Feature","properties":{"id":"brulange","also":[]},"geometry":{"type":"Polygon","coordinates":[[[6.52761,48.98333],[6.54279,48.98109],[6.58046,48.96788],[6.58006,48.96445],[6.54834,48.94605],[6.50785,48.97438],[6.5083,48.97603],[6.52761,48.98333]]]}},{"type":"Feature","properties":{"id":"bruyeres","also":[]},"geometry":{"type":"Polygon","coordinates":[[[6.69581,48.22898],[6.71419,48.22513],[6.74736,48.20227],[6.71029,48.20101],[6.68249,48.21777],[6.69581,48.22898]]]}},{"type":"Feature","properties":{"id":"bubingen","also":[]},"geometry":{"type":"Polygon","coordinates":[[[6.41019,49.55468],[6.383,49.53859],[6.29904,49.55454],[6.30549,49.56564],[6.31429,49.57453],[6.32986,49.58433],[6.34381,49.58978],[6.36071,49.59358],[6.39355,49.58502],[6.41019,49.55468]]]}},{"type":"Feature","properties":{"id":"budange","also":[]},"geometry":{"type":"Polygon","coordinates":[[[6.37292,49.28521],[6.37181,49.26212],[6.29334,49.26414],[6.32555,49.28685],[6.37292,49.28521]]]}},{"type":"Feature","properties":{"id":"buding","also":[]},"geometry":{"type":"Polygon","coordinates":[[[6.32095,49.35656],[6.34813,49.34482],[6.35212,49.3278],[6.31465,49.31568],[6.23905,49.32757],[6.23944,49.34116],[6.24533,49.35471],[6.24801,49.35835],[6.25884,49.36006],[6.32095,49.35656]]]}},{"type":"Feature","properties":{"id":"budingen","also":[]},"geometry":{"type":"Polygon","coordinates":[[[6.54599,49.46743],[6.56897,49.43932],[6.55201,49.43335],[6.54176,49.43335],[6.52898,49.45614],[6.53575,49.46625],[6.54599,49.46743]]]}},{"type":"Feature","properties":{"id":"buhl","also":[]},"geometry":{"type":"Polygon","coordinates":[[[7.10254,48.75472],[7.11356,48.73396],[7.07869,48.70302],[7.05773,48.71469],[7.08608,48.75156],[7.10254,48.75472]]]}},{"type":"Feature","properties":{"id":"bulgneville","also":[]},"geometry":{"type":"Polygon","coordinates":[[[5.86065,48.22015],[5.86865,48.20771],[5.86243,48.19259],[5.84533,48.17218],[5.80213,48.22543],[5.86065,48.22015]]]}},{"type":"Feature","properties":{"id":"bulligny","also":[]},"geometry":{"type":"Polygon","coordinates":[[[5.7882,48.58816],[5.85578,48.59623],[5.87085,48.57104],[5.83995,48.54746],[5.82201,48.55419],[5.7882,48.58816]]]}},{"type":"Feature","properties":{"id":"bult","also":[]},"geometry":{"type":"Polygon","coordinates":[[[6.57128,48.32194],[6.5975,48.32553],[6.6029,48.32417],[6.63304,48.30508],[6.63051,48.28919],[6.59587,48.27738],[6.56533,48.31226],[6.56696,48.3197],[6.57128,48.32194]]]}},{"type":"Feature","properties":{"id":"bures","also":[]},"geometry":{"type":"Polygon","coordinates":[[[6.57168,48.71853],[6.60245,48.72147],[6.60782,48.72123],[6.6194,48.7166],[6.57832,48.67889],[6.55155,48.68782],[6.55041,48.7061],[6.57168,48.71853]]]}},{"type":"Feature","properties":{"id":"burgalben","also":[]},"geometry":{"type":"Polygon","coordinates":[[[7.57819,49.31344],[7.59338,49.32267],[7.61239,49.32931],[7.62802,49.33204],[7.64416,49.33273],[7.6602,49.33134],[7.67552,49.32793],[7.68951,49.32263],[7.70165,49.31564],[7.71147,49.30724],[7.71859,49.29775],[7.72274,49.28753],[7.72361,49.2755],[7.60911,49.27043],[7.57819,49.31344]]]}},{"type":"Feature","properties":{"id":"burthecourt-aux-chenes","also":[]},"geometry":{"type":"Polygon","coordinates":[[[6.26537,48.5894],[6.26811,48.56875],[6.23017,48.56815],[6.24787,48.59764],[6.26537,48.5894]]]}},{"type":"Feature","properties":{"id":"buschdorf","also":[]},"geometry":{"type":"Polygon","coordinates":[[[6.4885,49.46339],[6.48217,49.45427],[6.47904,49.45336],[6.45175,49.46768],[6.48241,49.48825],[6.4885,49.46339]]]}},{"type":"Feature","properties":{"id":"bussang","also":[]},"geometry":{"type":"Polygon","coordinates":[[[6.83259,47.91765],[6.92975,47.90253],[6.93335,47.89135],[6.93347,47.88077],[6.93053,47.87037],[6.92462,47.86056],[6.91257,47.84903],[6.90036,47.84175],[6.82046,47.88053],[6.81683,47.89182],[6.83259,47.91765]]]}},{"type":"Feature","properties":{"id":"buweiler","also":[]},"geometry":{"type":"Polygon","coordinates":[[[6.94968,49.57106],[6.94804,49.54858],[6.90261,49.5678],[6.90559,49.57096],[6.94968,49.57106]]]}},{"type":"Feature","properties":{"id":"buzy","also":[]},"geometry":{"type":"Polygon","coordinates":[[[5.72605,49.18908],[5.71692,49.1618],[5.66631,49.12922],[5.65293,49.14052],[5.66604,49.15314],[5.72605,49.18908]]]}},{"type":"Feature","properties":{"id":"cadenbronn","also":[]},"geometry":{"type":"Polygon","coordinates":[[[6.97677,49.14794],[6.98562,49.12941],[6.95372,49.12216],[6.94441,49.14735],[6.97677,49.14794]]]}},{"type":"Feature","properties":{"id":"cappel","also":[]},"geometry":{"type":"Polygon","coordinates":[[[6.84959,49.09446],[6.86179,49.09278],[6.87029,49.08519],[6.86161,49.04717],[6.85382,49.04483],[6.82847,49.05248],[6.80226,49.07548],[6.82446,49.08968],[6.84959,49.09446]]]}},{"type":"Feature","properties":{"id":"ceintrey","also":[]},"geometry":{"type":"Polygon","coordinates":[[[6.17562,48.54726],[6.20318,48.541],[6.19428,48.52317],[6.18706,48.51801],[6.14688,48.52681],[6.14863,48.53067],[6.17562,48.54726]]]}},{"type":"Feature","properties":{"id":"celles-sur-plaine","also":[]},"geometry":{"type":"Polygon","coordinates":[[[6.92618,48.49991],[7.01592,48.48786],[7.0257,48.47581],[7.02992,48.46561],[7.03075,48.45153],[7.02716,48.43994],[6.94044,48.41998],[6.87708,48.46509],[6.91219,48.49462],[6.92618,48.49991]]]}},{"type":"Feature","properties":{"id":"cercueil","also":[]},"geometry":{"type":"Polygon","coordinates":[[[6.31017,48.72673],[6.35756,48.71028],[6.355,48.69687],[6.34345,48.67677],[6.28248,48.68447],[6.28619,48.70293],[6.31017,48.72673]]]}},{"type":"Feature","properties":{"id":"certilleux","also":[]},"geometry":{"type":"Polygon","coordinates":[[[5.72869,48.32871],[5.77135,48.32027],[5.77469,48.3121],[5.75059,48.30453],[5.71485,48.30609],[5.69963,48.31513],[5.72869,48.32871]]]}},{"type":"Feature","properties":{"id":"chaillon","also":[]},"geometry":{"type":"Polygon","coordinates":[[[5.63055,48.97406],[5.7063,48.91805],[5.68885,48.90442],[5.68284,48.90142],[5.6142,48.95033],[5.62719,48.97342],[5.63055,48.97406]]]}},{"type":"Feature","properties":{"id":"chaligny","also":[]},"geometry":{"type":"Polygon","coordinates":[[[6.07807,48.64936],[6.10008,48.64043],[6.10268,48.63041],[6.08739,48.61384],[6.06751,48.60745],[6.06453,48.62865],[6.07807,48.64936]]]}},{"type":"Feature","properties":{"id":"chamagne","also":[]},"geometry":{"type":"Polygon","coordinates":[[[6.26287,48.40469],[6.27279,48.4232],[6.30503,48.42479],[6.32713,48.39941],[6.28526,48.38269],[6.27999,48.38411],[6.26287,48.40469]]]}},{"type":"Feature","properties":{"id":"chamblcy","also":[]},"geometry":{"type":"Polygon","coordinates":[[[5.93756,49.0785],[5.94617,49.07152],[5.94935,49.04547],[5.93801,49.03339],[5.91725,49.02035],[5.89693,49.02379],[5.87218,49.04768],[5.87997,49.07241],[5.93756,49.0785]]]}},{"type":"Feature","properties":{"id":"champ-le-duc","also":[]},"geometry":{"type":"Polygon","coordinates":[[[6.74699,48.20199],[6.73677,48.18446],[6.70962,48.19086],[6.71029,48.20101],[6.74699,48.20199]]]}},{"type":"Feature","properties":{"id":"champdray","also":[]},"geometry":{"type":"Polygon","coordinates":[[[6.75495,48.15392],[6.76386,48.15112],[6.80118,48.0926],[6.7179,48.14179],[6.71948,48.14768],[6.75495,48.15392]]]}},{"type":"Feature","properties":{"id":"champenoux","also":[]},"geometry":{"type":"Polygon","coordinates":[[[6.3199,48.76296],[6.35424,48.76068],[6.38573,48.73335],[6.38779,48.72195],[6.35756,48.71028],[6.31017,48.72673],[6.31204,48.74207],[6.3199,48.76296]]]}},{"type":"Feature","properties":{"id":"champey-sur-moselle","also":[]},"geometry":{"type":"Polygon","coordinates":[[[6.05627,48.97626],[6.11094,48.94113],[6.10834,48.9384],[6.05583,48.92898],[6.04186,48.97165],[6.04955,48.9763],[6.05627,48.97626]]]}},{"type":"Feature","properties":{"id":"champigneulles","also":[]},"geometry":{"type":"Polygon","coordinates":[[[6.17762,48.74325],[6.16798,48.72239],[6.10674,48.72401],[6.13768,48.74189],[6.17762,48.74325]]]}},{"type":"Feature","properties":{"id":"chanteheux","also":[]},"geometry":{"type":"Polygon","coordinates":[[[6.52673,48.61723],[6.55141,48.61716],[6.54992,48.58639],[6.52239,48.58714],[6.51514,48.59588],[6.52673,48.61723]]]}},{"type":"Feature","properties":{"id":"chaouilley","also":[]},"geometry":{"type":"Polygon","coordinates":[[[6.07152,48.45264],[6.08149,48.45056],[6.08922,48.44393],[6.08747,48.43767],[6.06165,48.42816],[6.04625,48.43181],[6.04856,48.4421],[6.07152,48.45264]]]}},{"type":"Feature","properties":{"id":"charey","also":[]},"geometry":{"type":"Polygon","coordinates":[[[5.86747,49.01594],[5.89693,49.02379],[5.91725,49.02035],[5.92163,48.98999],[5.87418,48.98534],[5.85218,48.99436],[5.86747,49.01594]]]}},{"type":"Feature","properties":{"id":"charmois","also":[]},"geometry":{"type":"Polygon","coordinates":[[[6.35084,48.54309],[6.35855,48.5516],[6.41451,48.54485],[6.41796,48.53891],[6.41303,48.52453],[6.40621,48.52201],[6.37589,48.52556],[6.35409,48.53544],[6.35084,48.54309]]]}},{"type":"Feature","properties":{"id":"charmois-devant-bruyeres","also":[]},"geometry":{"type":"Polygon","coordinates":[[[6.60515,48.19383],[6.62195,48.19122],[6.62163,48.16483],[6.59768,48.15317],[6.59266,48.15234],[6.56421,48.18583],[6.59964,48.19363],[6.60515,48.19383]]]}},{"type":"Feature","properties":{"id":"charniois-rorgueilicux","also":[]},"geometry":{"type":"Polygon","coordinates":[[[6.27362,48.12257],[6.29375,48.11488],[6.29545,48.10469],[6.27872,48.06173],[6.25999,48.05377],[6.23724,48.05498],[6.22408,48.10137],[6.23187,48.11594],[6.27362,48.12257]]]}},{"type":"Feature","properties":{"id":"chatas","also":[]},"geometry":{"type":"Polygon","coordinates":[[[7.05922,48.35506],[7.03977,48.34213],[7.03011,48.34502],[7.00951,48.37945],[7.01929,48.38639],[7.05922,48.35506]]]}},{"type":"Feature","properties":{"id":"chateau-de-bourg-esch","also":[]},"geometry":{"type":"Polygon","coordinates":[[[6.58532,49.38997],[6.57606,49.37728],[6.55458,49.37091],[6.54638,49.39346],[6.58532,49.38997]]]}},{"type":"Feature","properties":{"id":"chateau-de-saint-jean-du-marche","also":[]},"geometry":{"type":"Polygon","coordinates":[[[6.67427,48.14261],[6.71621,48.14023],[6.70628,48.1296],[6.70004,48.12997],[6.67727,48.13686],[6.67427,48.14261]]]}},{"type":"Feature","properties":{"id":"chateau-du-spitzemberg","also":[]},"geometry":{"type":"Polygon","coordinates":[[[7.01806,48.31316],[7.03013,48.3199],[7.06111,48.31018],[7.05739,48.30307],[7.04182,48.29284],[7.03272,48.29376],[7.02964,48.29509],[7.01806,48.31316]]]}},{"type":"Feature","properties":{"id":"chateau-rouge","also":[]},"geometry":{"type":"Polygon","coordinates":[[[6.5753,49.2925],[6.58209,49.2933],[6.61378,49.2819],[6.61437,49.27407],[6.57567,49.28036],[6.5753,49.2925]]]}},{"type":"Feature","properties":{"id":"chateau-salins","also":[]},"geometry":{"type":"Polygon","coordinates":[[[6.49612,48.8282],[6.51401,48.83177],[6.54592,48.82696],[6.54682,48.82491],[6.52947,48.80165],[6.49745,48.80722],[6.49612,48.8282]]]}},{"type":"Feature","properties":{"id":"chateauvoue","also":[]},"geometry":{"type":"Polygon","coordinates":[[[6.59249,48.87232],[6.59614,48.87216],[6.63692,48.85359],[6.63762,48.83201],[6.61445,48.82916],[6.58801,48.86122],[6.58839,48.86804],[6.59249,48.87232]]]}},{"type":"Feature","properties":{"id":"chatel-sur-moselle","also":[]},"geometry":{"type":"Polygon","coordinates":[[[6.38839,48.34314],[6.42104,48.32685],[6.41519,48.30704],[6.40431,48.30322],[6.36092,48.32325],[6.38839,48.34314]]]}},{"type":"Feature","properties":{"id":"chatenois","also":[]},"geometry":{"type":"Polygon","coordinates":[[[5.83443,48.31811],[5.84538,48.31522],[5.84894,48.31309],[5.83465,48.29554],[5.79417,48.30076],[5.78522,48.30324],[5.83443,48.31811]]]}},{"type":"Feature","properties":{"id":"chauffecourt","also":[]},"geometry":{"type":"Polygon","coordinates":[[[6.17002,48.33693],[6.1754,48.32167],[6.13354,48.3307],[6.12968,48.33475],[6.15259,48.34157],[6.17002,48.33693]]]}},{"type":"Feature","properties":{"id":"chaumousey","also":[]},"geometry":{"type":"Polygon","coordinates":[[[6.31846,48.19373],[6.35357,48.1834],[6.36399,48.17552],[6.36548,48.16291],[6.34073,48.14525],[6.31153,48.18129],[6.31223,48.18701],[6.31846,48.19373]]]}},{"type":"Feature","properties":{"id":"chavelot","also":[]},"geometry":{"type":"Polygon","coordinates":[[[6.46673,48.24858],[6.4702,48.24547],[6.42637,48.21649],[6.41677,48.21645],[6.40437,48.22984],[6.43747,48.24931],[6.46673,48.24858]]]}},{"type":"Feature","properties":{"id":"chavigny","also":[]},"geometry":{"type":"Polygon","coordinates":[[[6.13996,48.64679],[6.14541,48.64294],[6.14886,48.63841],[6.14248,48.62445],[6.12201,48.61701],[6.10268,48.63041],[6.10008,48.64043],[6.13996,48.64679]]]}},{"type":"Feature","properties":{"id":"chazelles","also":[]},"geometry":{"type":"Polygon","coordinates":[[[6.10191,49.12491],[6.13007,49.1171],[6.13802,49.10427],[6.11996,49.0898],[6.09464,49.11716],[6.10191,49.12491]]]}},{"type":"Feature","properties":{"id":"chazelles-sur-albe","also":[]},"geometry":{"type":"Polygon","coordinates":[[[6.76134,48.59419],[6.78861,48.60137],[6.79947,48.59659],[6.78977,48.57435],[6.78116,48.57074],[6.75786,48.58324],[6.75691,48.58608],[6.76134,48.59419]]]}},{"type":"Feature","properties":{"id":"chef-haut","also":[]},"geometry":{"type":"Polygon","coordinates":[[[6.01531,48.37123],[6.0304,48.36236],[6.03439,48.34718],[5.9981,48.34301],[5.99087,48.35601],[5.99202,48.36835],[6.01531,48.37123]]]}},{"type":"Feature","properties":{"id":"chemery","also":[]},"geometry":{"type":"Polygon","coordinates":[[[6.45395,49.31725],[6.47987,49.3046],[6.465,49.28771],[6.45852,49.2869],[6.42615,49.30177],[6.42908,49.30676],[6.45395,49.31725]]]}},{"type":"Feature","properties":{"id":"chenimenil","also":[]},"geometry":{"type":"Polygon","coordinates":[[[6.59266,48.15234],[6.59768,48.15317],[6.62678,48.12857],[6.62397,48.11805],[6.60355,48.1169],[6.57659,48.13267],[6.58165,48.14509],[6.59266,48.15234]]]}},{"type":"Feature","properties":{"id":"chicourt","also":[]},"geometry":{"type":"Polygon","coordinates":[[[6.54678,48.92803],[6.54936,48.92465],[6.54803,48.9109],[6.50021,48.88456],[6.49427,48.88345],[6.46337,48.88143],[6.43123,48.89348],[6.43056,48.89437],[6.49371,48.93337],[6.54678,48.92803]]]}},{"type":"Feature","properties":{"id":"chonville","also":[]},"geometry":{"type":"Polygon","coordinates":[[[5.42675,48.77772],[5.43614,48.7863],[5.44787,48.7935],[5.46345,48.79963],[5.55741,48.75279],[5.56132,48.74458],[5.56035,48.72112],[5.55024,48.71227],[5.49695,48.71383],[5.42725,48.75184],[5.41856,48.76482],[5.42675,48.77772]]]}},{"type":"Feature","properties":{"id":"circourt","also":[]},"geometry":{"type":"Polygon","coordinates":[[[6.2931,48.26938],[6.30908,48.24424],[6.30759,48.24106],[6.28241,48.23417],[6.26119,48.24213],[6.25857,48.25335],[6.2931,48.26938]]]}},{"type":"Feature","properties":{"id":"circourt-sur-mouzon","also":[]},"geometry":{"type":"Polygon","coordinates":[[[5.69963,48.31513],[5.71485,48.30609],[5.72258,48.28598],[5.71333,48.26887],[5.62929,48.30625],[5.62964,48.30755],[5.65023,48.31195],[5.69963,48.31513]]]}},{"type":"Feature","properties":{"id":"clairlieu","also":[]},"geometry":{"type":"Polygon","coordinates":[[[6.08807,48.69882],[6.1246,48.67675],[6.14074,48.65783],[6.13996,48.64679],[6.10008,48.64043],[6.07807,48.64936],[6.05949,48.67303],[6.08807,48.69882]]]}},{"type":"Feature","properties":{"id":"claudon","also":[]},"geometry":{"type":"Polygon","coordinates":[[[6.05769,48.04868],[6.04433,48.02528],[6.00415,48.02861],[6.00222,48.04884],[6.05769,48.04868]]]}},{"type":"Feature","properties":{"id":"clayeures","also":[]},"geometry":{"type":"Polygon","coordinates":[[[6.37955,48.47557],[6.4176,48.48479],[6.42047,48.48431],[6.42691,48.46515],[6.41286,48.4569],[6.38057,48.46477],[6.37955,48.47557]]]}},{"type":"Feature","properties":{"id":"clefcy","also":[]},"geometry":{"type":"Polygon","coordinates":[[[6.97041,48.18669],[6.9911,48.19452],[6.99646,48.1875],[6.99766,48.16088],[6.98444,48.15349],[6.95277,48.159],[6.9494,48.16313],[6.97041,48.18669]]]}},{"type":"Feature","properties":{"id":"clemery","also":[]},"geometry":{"type":"Polygon","coordinates":[[[6.19742,48.92028],[6.2052,48.918],[6.22231,48.89155],[6.22519,48.86138],[6.19128,48.84771],[6.16431,48.8644],[6.14442,48.89021],[6.19742,48.92028]]]}},{"type":"Feature","properties":{"id":"clerey-sur-brenon","also":[]},"geometry":{"type":"Polygon","coordinates":[[[6.14253,48.52101],[6.1611,48.50527],[6.14388,48.49467],[6.13312,48.49065],[6.12044,48.51073],[6.11991,48.518],[6.14253,48.52101]]]}},{"type":"Feature","properties":{"id":"clezentaine","also":[]},"geometry":{"type":"Polygon","coordinates":[[[6.53904,48.42945],[6.5558,48.39432],[6.548,48.39101],[6.51689,48.39034],[6.49999,48.41738],[6.53904,48.42945]]]}},{"type":"Feature","properties":{"id":"cocheren","also":[]},"geometry":{"type":"Polygon","coordinates":[[[6.83859,49.14861],[6.86978,49.15351],[6.87382,49.15244],[6.87735,49.13859],[6.86922,49.13003],[6.84647,49.12754],[6.83448,49.13177],[6.83859,49.14861]]]}},{"type":"Feature","properties":{"id":"coinches","also":[]},"geometry":{"type":"Polygon","coordinates":[[[7.01605,48.26304],[7.03052,48.26405],[7.0391,48.25422],[7.01947,48.23376],[7.00956,48.24019],[7.00714,48.25799],[7.01605,48.26304]]]}},{"type":"Feature","properties":{"id":"coinchimont","also":[]},"geometry":{"type":"Polygon","coordinates":[[[7.0391,48.25422],[7.05321,48.25215],[7.05672,48.23278],[7.02189,48.22901],[7.01947,48.23376],[7.0391,48.25422]]]}},{"type":"Feature","properties":{"id":"colligny","also":[]},"geometry":{"type":"Polygon","coordinates":[[[6.31126,49.10315],[6.32401,49.10652],[6.34373,49.09423],[6.33716,49.08778],[6.31592,49.08891],[6.31039,49.09047],[6.31126,49.10315]]]}},{"type":"Feature","properties":{"id":"colmen","also":[]},"geometry":{"type":"Polygon","coordinates":[[[6.52522,49.36667],[6.55041,49.3685],[6.54584,49.33909],[6.51193,49.33968],[6.50535,49.34642],[6.50341,49.3523],[6.52522,49.36667]]]}},{"type":"Feature","properties":{"id":"colombey-les-belles","also":[]},"geometry":{"type":"Polygon","coordinates":[[[5.85201,48.53491],[5.9296,48.55131],[5.93412,48.54966],[5.93462,48.51643],[5.91776,48.49749],[5.86435,48.47815],[5.85337,48.48234],[5.85201,48.53491]]]}},{"type":"Feature","properties":{"id":"colroy-la-grande","also":[]},"geometry":{"type":"Polygon","coordinates":[[[7.13211,48.30631],[7.12776,48.30402],[7.1168,48.30263],[7.09886,48.30559],[7.08765,48.32497],[7.13046,48.36049],[7.13211,48.30631]]]}},{"type":"Feature","properties":{"id":"combrimont","also":[]},"geometry":{"type":"Polygon","coordinates":[[[7.06834,48.285],[7.08326,48.27128],[7.0683,48.26406],[7.05163,48.28147],[7.05238,48.28499],[7.06834,48.285]]]}},{"type":"Feature","properties":{"id":"conde","also":[]},"geometry":{"type":"Polygon","coordinates":[[[6.43815,49.15866],[6.43701,49.13978],[6.41601,49.15738],[6.43815,49.15866]]]}},{"type":"Feature","properties":{"id":"cone","also":[]},"geometry":{"type":"Polygon","coordinates":[[[6.37231,48.10788],[6.39331,48.10478],[6.40202,48.07341],[6.3736,48.08117],[6.36584,48.09027],[6.37231,48.10788]]]}},{"type":"Feature","properties":{"id":"conthil","also":[]},"geometry":{"type":"Polygon","coordinates":[[[6.65388,48.90985],[6.6772,48.90614],[6.67443,48.8879],[6.64558,48.88641],[6.6436,48.90442],[6.6454,48.90671],[6.65388,48.90985]]]}},{"type":"Feature","properties":{"id":"contrexeville","also":[]},"geometry":{"type":"Polygon","coordinates":[[[5.86243,48.19259],[5.92618,48.18788],[5.92951,48.18322],[5.905,48.15035],[5.86129,48.13556],[5.85003,48.13985],[5.83719,48.14715],[5.84533,48.17218],[5.86243,48.19259]]]}},{"type":"Feature","properties":{"id":"corcieux","also":[]},"geometry":{"type":"Polygon","coordinates":[[[6.87059,48.1857],[6.8833,48.18526],[6.8951,48.15631],[6.88104,48.14426],[6.85354,48.16041],[6.85535,48.17813],[6.87059,48.1857]]]}},{"type":"Feature","properties":{"id":"cornieville","also":[]},"geometry":{"type":"Polygon","coordinates":[[[5.72529,48.78799],[5.76999,48.77685],[5.77279,48.75239],[5.73704,48.7235],[5.68524,48.75842],[5.72529,48.78799]]]}},{"type":"Feature","properties":{"id":"cornimont","also":[]},"geometry":{"type":"Polygon","coordinates":[[[6.82418,47.99731],[6.83982,47.99127],[6.85505,47.95115],[6.82274,47.92976],[6.77763,47.95034],[6.80443,47.98931],[6.82418,47.99731]]]}},{"type":"Feature","properties":{"id":"coume","also":[]},"geometry":{"type":"Polygon","coordinates":[[[6.55074,49.2128],[6.5807,49.21727],[6.60129,49.20508],[6.59092,49.18176],[6.53572,49.18448],[6.53219,49.19246],[6.55074,49.2128]]]}},{"type":"Feature","properties":{"id":"courbesseaux","also":[]},"geometry":{"type":"Polygon","coordinates":[[[6.38779,48.72195],[6.39145,48.72136],[6.42666,48.68731],[6.40112,48.68],[6.355,48.69687],[6.35756,48.71028],[6.38779,48.72195]]]}},{"type":"Feature","properties":{"id":"courcelles","also":[]},"geometry":{"type":"Polygon","coordinates":[[[6.02767,48.38537],[6.04764,48.38685],[6.06024,48.38139],[6.05984,48.37247],[6.0304,48.36236],[6.01531,48.37123],[6.02767,48.38537]]]}},{"type":"Feature","properties":{"id":"courcelles-sous-chatenois","also":[]},"geometry":{"type":"Polygon","coordinates":[[[5.831,48.33459],[5.83443,48.31811],[5.78517,48.30336],[5.77469,48.3121],[5.77135,48.32027],[5.77671,48.33081],[5.831,48.33459]]]}},{"type":"Feature","properties":{"id":"coussey","also":[]},"geometry":{"type":"Polygon","coordinates":[[[5.69299,48.41293],[5.70754,48.39683],[5.70312,48.38687],[5.61376,48.37975],[5.60408,48.3947],[5.60147,48.40868],[5.60439,48.42263],[5.61263,48.43562],[5.61804,48.44098],[5.66132,48.43414],[5.69299,48.41293]]]}},{"type":"Feature","properties":{"id":"coyviller","also":[]},"geometry":{"type":"Polygon","coordinates":[[[6.30078,48.60717],[6.30381,48.60656],[6.3107,48.57704],[6.30018,48.57259],[6.27017,48.56793],[6.26811,48.56875],[6.26537,48.5894],[6.30078,48.60717]]]}},{"type":"Feature","properties":{"id":"crantenoy","also":[]},"geometry":{"type":"Polygon","coordinates":[[[6.23054,48.48518],[6.24393,48.48081],[6.24947,48.45417],[6.22498,48.44799],[6.20668,48.47315],[6.23054,48.48518]]]}},{"type":"Feature","properties":{"id":"cremanviller","also":[]},"geometry":{"type":"Polygon","coordinates":[[[6.7009,48.07316],[6.73918,48.06893],[6.73273,48.02089],[6.6871,48.00889],[6.69475,48.07234],[6.7009,48.07316]]]}},{"type":"Feature","properties":{"id":"crepey","also":[]},"geometry":{"type":"Polygon","coordinates":[[[5.94143,48.55141],[5.99903,48.55085],[6.00295,48.54707],[6.01459,48.52572],[5.99106,48.51253],[5.93462,48.51643],[5.93412,48.54966],[5.94143,48.55141]]]}},{"type":"Feature","properties":{"id":"creue","also":[]},"geometry":{"type":"Polygon","coordinates":[[[5.67169,48.98537],[5.71096,48.96562],[5.7358,48.9482],[5.72345,48.92602],[5.7063,48.91805],[5.63055,48.97406],[5.65389,48.98946],[5.67169,48.98537]]]}},{"type":"Feature","properties":{"id":"crevechamps","also":[]},"geometry":{"type":"Polygon","coordinates":[[[6.25641,48.53739],[6.28667,48.51567],[6.28004,48.50918],[6.27235,48.50681],[6.24452,48.51441],[6.23522,48.53242],[6.25641,48.53739]]]}},{"type":"Feature","properties":{"id":"crevic","also":[]},"geometry":{"type":"Polygon","coordinates":[[[6.38441,48.65621],[6.41682,48.65439],[6.41994,48.64637],[6.39642,48.62944],[6.39338,48.62977],[6.37884,48.6551],[6.38441,48.65621]]]}},{"type":"Feature","properties":{"id":"crezilles","also":[]},"geometry":{"type":"Polygon","coordinates":[[[5.86379,48.60111],[5.91133,48.58591],[5.91013,48.5729],[5.87085,48.57104],[5.85578,48.59623],[5.86379,48.60111]]]}},{"type":"Feature","properties":{"id":"crion","also":[]},"geometry":{"type":"Polygon","coordinates":[[[6.5274,48.65639],[6.5513,48.64358],[6.51916,48.6344],[6.5156,48.64931],[6.52152,48.65643],[6.5274,48.65639]]]}},{"type":"Feature","properties":{"id":"croismare","also":[]},"geometry":{"type":"Polygon","coordinates":[[[6.55141,48.61716],[6.58234,48.63249],[6.59996,48.63492],[6.60495,48.62058],[6.56933,48.57229],[6.54992,48.58639],[6.55141,48.61716]]]}},{"type":"Feature","properties":{"id":"custines","also":[]},"geometry":{"type":"Polygon","coordinates":[[[6.14821,48.80688],[6.15879,48.77347],[6.11926,48.78431],[6.12458,48.80194],[6.14821,48.80688]]]}},{"type":"Feature","properties":{"id":"cutting","also":[]},"geometry":{"type":"Polygon","coordinates":[[[6.83767,48.85883],[6.85807,48.84227],[6.8593,48.83438],[6.84305,48.82422],[6.81068,48.84119],[6.81069,48.84678],[6.83767,48.85883]]]}},{"type":"Feature","properties":{"id":"cuvry","also":[]},"geometry":{"type":"Polygon","coordinates":[[[6.13752,49.04825],[6.1672,49.05497],[6.1767,49.03946],[6.17519,49.03021],[6.12962,49.03322],[6.12739,49.03773],[6.13752,49.04825]]]}},{"type":"Feature","properties":{"id":"dain-en-saulnois","also":[]},"geometry":{"type":"Polygon","coordinates":[[[6.3159,49.023],[6.34147,49.03238],[6.35845,49.03248],[6.41291,49.00838],[6.40614,48.99722],[6.31539,48.96165],[6.30839,48.98357],[6.3159,49.023]]]}},{"type":"Feature","properties":{"id":"dalem","also":[]},"geometry":{"type":"Polygon","coordinates":[[[6.61027,49.25562],[6.63806,49.24673],[6.6393,49.24314],[6.62352,49.2319],[6.58653,49.23384],[6.58387,49.24046],[6.61027,49.25562]]]}},{"type":"Feature","properties":{"id":"dalstein","also":[]},"geometry":{"type":"Polygon","coordinates":[[[6.40492,49.32052],[6.42908,49.30676],[6.42615,49.30177],[6.41976,49.29754],[6.37678,49.305],[6.37532,49.31002],[6.40492,49.32052]]]}},{"type":"Feature","properties":{"id":"damas-aux-bois","also":[]},"geometry":{"type":"Polygon","coordinates":[[[6.42488,48.41021],[6.47142,48.41949],[6.47619,48.41869],[6.46084,48.38006],[6.43462,48.37448],[6.40422,48.38003],[6.42488,48.41021]]]}},{"type":"Feature","properties":{"id":"damas-et-bettegney","also":[]},"geometry":{"type":"Polygon","coordinates":[[[6.27806,48.22016],[6.27165,48.20136],[6.24738,48.18628],[6.23208,48.19934],[6.24101,48.21328],[6.27806,48.22016]]]}},{"type":"Feature","properties":{"id":"damelevieres","also":[]},"geometry":{"type":"Polygon","coordinates":[[[6.37046,48.58125],[6.41716,48.57719],[6.41451,48.54485],[6.35855,48.5516],[6.36202,48.57548],[6.37046,48.58125]]]}},{"type":"Feature","properties":{"id":"dampvitoux","also":[]},"geometry":{"type":"Polygon","coordinates":[[[5.82132,49.0356],[5.86747,49.01594],[5.85218,48.99436],[5.82299,48.9905],[5.78574,49.02554],[5.79209,49.03732],[5.82132,49.0356]]]}},{"type":"Feature","properties":{"id":"darmont","also":[]},"geometry":{"type":"Polygon","coordinates":[[[5.74527,49.2096],[5.72605,49.18908],[5.66604,49.15314],[5.70726,49.2242],[5.74527,49.2096]]]}},{"type":"Feature","properties":{"id":"darney","also":[]},"geometry":{"type":"Polygon","coordinates":[[[6.03108,48.09901],[6.0686,48.08638],[6.0705,48.0683],[6.02818,48.07765],[6.02932,48.09815],[6.03108,48.09901]]]}},{"type":"Feature","properties":{"id":"darney-aux-chenes","also":[]},"geometry":{"type":"Polygon","coordinates":[[[5.79417,48.30076],[5.83638,48.27875],[5.83774,48.27608],[5.82659,48.26846],[5.78167,48.2869],[5.78522,48.30324],[5.79417,48.30076]]]}},{"type":"Feature","properties":{"id":"darnieulles","also":[]},"geometry":{"type":"Polygon","coordinates":[[[6.35804,48.21306],[6.36667,48.20578],[6.35357,48.1834],[6.31846,48.19373],[6.31775,48.19935],[6.32151,48.20319],[6.35804,48.21306]]]}},{"type":"Feature","properties":{"id":"deinvillers","also":[]},"geometry":{"type":"Polygon","coordinates":[[[6.55269,48.43],[6.6011,48.4135],[6.56018,48.39494],[6.5558,48.39432],[6.53904,48.42945],[6.54201,48.43118],[6.55269,48.43]]]}},{"type":"Feature","properties":{"id":"demrupl","also":[]},"geometry":{"type":"Polygon","coordinates":[[[6.81942,47.8978],[6.81683,47.89182],[6.8046,47.89032],[6.75708,47.90303],[6.75611,47.90525],[6.81942,47.8978]]]}},{"type":"Feature","properties":{"id":"deneuvre","also":[]},"geometry":{"type":"Polygon","coordinates":[[[6.73585,48.46245],[6.79118,48.46534],[6.81048,48.46317],[6.81271,48.46153],[6.81478,48.45717],[6.76057,48.39184],[6.74845,48.38999],[6.70158,48.41216],[6.73585,48.46245]]]}},{"type":"Feature","properties":{"id":"denipaire","also":[]},"geometry":{"type":"Polygon","coordinates":[[[6.95457,48.35515],[6.97383,48.35751],[6.98145,48.34249],[6.96389,48.32463],[6.95033,48.32627],[6.94183,48.32958],[6.95457,48.35515]]]}},{"type":"Feature","properties":{"id":"derbamont","also":[]},"geometry":{"type":"Polygon","coordinates":[[[6.26135,48.28581],[6.2924,48.27178],[6.29326,48.2701],[6.25857,48.25335],[6.24769,48.26147],[6.24699,48.26829],[6.26135,48.28581]]]}},{"type":"Feature","properties":{"id":"destord","also":[]},"geometry":{"type":"Polygon","coordinates":[[[6.63051,48.28919],[6.64181,48.27903],[6.61356,48.25881],[6.59247,48.26659],[6.59587,48.27738],[6.63051,48.28919]]]}},{"type":"Feature","properties":{"id":"destry","also":[]},"geometry":{"type":"Polygon","coordinates":[[[6.54834,48.94605],[6.58006,48.96445],[6.62043,48.94464],[6.61386,48.9375],[6.59789,48.92972],[6.54936,48.92465],[6.54678,48.92803],[6.54834,48.94605]]]}},{"type":"Feature","properties":{"id":"deuxnouds-aux-bois","also":[]},"geometry":{"type":"Polygon","coordinates":[[[5.64036,49.01892],[5.65057,49.01432],[5.65287,49.00616],[5.65389,48.98946],[5.63055,48.97406],[5.62719,48.97342],[5.59312,48.98235],[5.57776,49.01167],[5.64036,49.01892]]]}},{"type":"Feature","properties":{"id":"deycimont","also":[]},"geometry":{"type":"Polygon","coordinates":[[[6.64818,48.19829],[6.66436,48.1619],[6.63227,48.15795],[6.62163,48.16483],[6.62195,48.19122],[6.63939,48.19709],[6.64818,48.19829]]]}},{"type":"Feature","properties":{"id":"deyvillers","also":[]},"geometry":{"type":"Polygon","coordinates":[[[6.50084,48.21318],[6.53317,48.21321],[6.5416,48.20933],[6.55028,48.18582],[6.52802,48.1717],[6.50651,48.16398],[6.49976,48.17063],[6.50084,48.21318]]]}},{"type":"Feature","properties":{"id":"diarville","also":[]},"geometry":{"type":"Polygon","coordinates":[[[6.1063,48.40734],[6.14752,48.40715],[6.14931,48.40565],[6.15324,48.37997],[6.13637,48.37241],[6.10492,48.39262],[6.1063,48.40734]]]}},{"type":"Feature","properties":{"id":"diebling","also":[]},"geometry":{"type":"Polygon","coordinates":[[[6.95173,49.11748],[6.94648,49.09204],[6.93449,49.09175],[6.92085,49.09714],[6.91004,49.11162],[6.91412,49.11584],[6.95173,49.11748]]]}},{"type":"Feature","properties":{"id":"diederfing","also":[]},"geometry":{"type":"Polygon","coordinates":[[[6.94325,49.02244],[6.96111,49.02281],[6.96525,49.02001],[6.96702,49.01472],[6.91933,48.99995],[6.91705,49.00171],[6.91945,49.01087],[6.94325,49.02244]]]}},{"type":"Feature","properties":{"id":"diefenbach-les-puttelange","also":[]},"geometry":{"type":"Polygon","coordinates":[[[6.91295,49.06225],[6.91873,49.03964],[6.91079,49.03103],[6.86647,49.04712],[6.90237,49.06321],[6.91295,49.06225]]]}},{"type":"Feature","properties":{"id":"dieulouard","also":[]},"geometry":{"type":"Polygon","coordinates":[[[6.03855,48.84851],[6.07822,48.86441],[6.09073,48.85624],[6.09737,48.83682],[6.0586,48.81462],[6.04896,48.81679],[6.04425,48.82653],[6.03855,48.84851]]]}},{"type":"Feature","properties":{"id":"dieuze","also":[]},"geometry":{"type":"Polygon","coordinates":[[[6.71313,48.8214],[6.73424,48.82182],[6.73549,48.8095],[6.72042,48.79124],[6.70324,48.79515],[6.69279,48.80551],[6.71313,48.8214]]]}},{"type":"Feature","properties":{"id":"diffembach-les-hellimer","also":[]},"geometry":{"type":"Polygon","coordinates":[[[6.87086,49.00712],[6.84472,48.99157],[6.82292,49.01292],[6.85071,49.02316],[6.87086,49.00712]]]}},{"type":"Feature","properties":{"id":"differten","also":[]},"geometry":{"type":"Polygon","coordinates":[[[6.80306,49.27353],[6.84798,49.26037],[6.79209,49.19741],[6.78407,49.19306],[6.72617,49.20682],[6.7462,49.25794],[6.77417,49.27098],[6.80306,49.27353]]]}},{"type":"Feature","properties":{"id":"dignonville","also":[]},"geometry":{"type":"Polygon","coordinates":[[[6.49621,48.25475],[6.51625,48.25218],[6.52708,48.24042],[6.52406,48.23686],[6.4851,48.22967],[6.47011,48.24592],[6.49621,48.25475]]]}},{"type":"Feature","properties":{"id":"dillingen","also":[]},"geometry":{"type":"Polygon","coordinates":[[[6.76256,49.35869],[6.76208,49.35327],[6.7394,49.33949],[6.72129,49.3417],[6.70847,49.37468],[6.74042,49.38192],[6.76256,49.35869]]]}},{"type":"Feature","properties":{"id":"docelles","also":[]},"geometry":{"type":"Polygon","coordinates":[[[6.63227,48.15795],[6.63878,48.14309],[6.62678,48.12857],[6.59768,48.15317],[6.62163,48.16483],[6.63227,48.15795]]]}},{"type":"Feature","properties":{"id":"doersdorf","also":[]},"geometry":{"type":"Polygon","coordinates":[[[6.9794,49.46378],[6.93849,49.47104],[6.94255,49.47895],[6.95496,49.48963],[6.97994,49.50156],[6.99275,49.4882],[6.9794,49.46378]]]}},{"type":"Feature","properties":{"id":"dogneville","also":[]},"geometry":{"type":"Polygon","coordinates":[[[6.4702,48.24547],[6.4851,48.22967],[6.48558,48.22083],[6.46082,48.20515],[6.42637,48.21649],[6.4702,48.24547]]]}},{"type":"Feature","properties":{"id":"dolaincourt","also":[]},"geometry":{"type":"Polygon","coordinates":[[[5.79589,48.35602],[5.83401,48.3395],[5.831,48.33459],[5.77671,48.33081],[5.77984,48.35492],[5.79589,48.35602]]]}},{"type":"Feature","properties":{"id":"dolcourt","also":[]},"geometry":{"type":"Polygon","coordinates":[[[5.9897,48.50326],[5.99777,48.48605],[5.98062,48.47208],[5.97875,48.4718],[5.96571,48.47663],[5.95265,48.48591],[5.9897,48.50326]]]}},{"type":"Feature","properties":{"id":"dolving","also":[]},"geometry":{"type":"Polygon","coordinates":[[[7.04349,48.79845],[7.04025,48.75609],[7.01598,48.74735],[6.99917,48.75074],[6.97648,48.76718],[7.04349,48.79845]]]}},{"type":"Feature","properties":{"id":"dombasle","also":[]},"geometry":{"type":"Polygon","coordinates":[[[6.3719,48.61348],[6.36191,48.60413],[6.32234,48.61282],[6.34703,48.65559],[6.3719,48.61348]]]}},{"type":"Feature","properties":{"id":"dombasle-devant-darney","also":[]},"geometry":{"type":"Polygon","coordinates":[[[6.08224,48.14114],[6.0911,48.1398],[6.09618,48.10952],[6.08477,48.10729],[6.04626,48.11983],[6.04219,48.1277],[6.08224,48.14114]]]}},{"type":"Feature","properties":{"id":"dombasle-en-xaintois","also":[]},"geometry":{"type":"Polygon","coordinates":[[[5.98276,48.31553],[6.00868,48.31995],[6.0107,48.31898],[6.01368,48.29128],[5.99929,48.28519],[5.98457,48.2901],[5.98276,48.31553]]]}},{"type":"Feature","properties":{"id":"dombrot-sur-vair","also":[]},"geometry":{"type":"Polygon","coordinates":[[[5.89548,48.28147],[5.91882,48.27977],[5.91994,48.27839],[5.89088,48.25424],[5.8682,48.24882],[5.8663,48.27522],[5.89548,48.28147]]]}},{"type":"Feature","properties":{"id":"domevre-sous-montfort","also":[]},"geometry":{"type":"Polygon","coordinates":[[[6.08636,48.25455],[6.06392,48.23839],[6.04793,48.24381],[6.07371,48.26881],[6.07956,48.26947],[6.08636,48.25455]]]}},{"type":"Feature","properties":{"id":"domevre-sur-aviere","also":[]},"geometry":{"type":"Polygon","coordinates":[[[6.36309,48.22627],[6.36822,48.23209],[6.39619,48.23375],[6.40437,48.22984],[6.41677,48.21645],[6.40296,48.19768],[6.36667,48.20578],[6.35804,48.21306],[6.36309,48.22627]]]}},{"type":"Feature","properties":{"id":"domevre-sur-durbion","also":[]},"geometry":{"type":"Polygon","coordinates":[[[6.46822,48.30401],[6.48089,48.30551],[6.48828,48.30231],[6.50183,48.28504],[6.46227,48.26867],[6.44876,48.27687],[6.46822,48.30401]]]}},{"type":"Feature","properties":{"id":"domevre-sur-vezouze","also":[]},"geometry":{"type":"Polygon","coordinates":[[[6.78977,48.57435],[6.8241,48.57097],[6.83331,48.55674],[6.82709,48.53593],[6.82324,48.53455],[6.78126,48.55181],[6.77906,48.56336],[6.78116,48.57074],[6.78977,48.57435]]]}},{"type":"Feature","properties":{"id":"domfaing","also":[]},"geometry":{"type":"Polygon","coordinates":[[[6.78257,48.24999],[6.75163,48.22589],[6.73856,48.23002],[6.74545,48.25264],[6.78257,48.24999]]]}},{"type":"Feature","properties":{"id":"domjevin","also":[]},"geometry":{"type":"Polygon","coordinates":[[[6.6885,48.60258],[6.70328,48.60269],[6.70759,48.5987],[6.72123,48.56594],[6.69601,48.55492],[6.67651,48.58742],[6.68023,48.59776],[6.6885,48.60258]]]}},{"type":"Feature","properties":{"id":"domjulien","also":[]},"geometry":{"type":"Polygon","coordinates":[[[5.99422,48.27073],[6.01344,48.24045],[6.00601,48.23792],[5.97072,48.24717],[5.97038,48.25726],[5.99422,48.27073]]]}},{"type":"Feature","properties":{"id":"dommarie-eulmont","also":[]},"geometry":{"type":"Polygon","coordinates":[[[6.046,48.41048],[6.04394,48.40661],[6.02353,48.40644],[6.00886,48.42274],[6.046,48.41048]]]}},{"type":"Feature","properties":{"id":"dommarlin-lcs-ville","also":[]},"geometry":{"type":"Polygon","coordinates":[[[6.23208,48.19934],[6.24253,48.19006],[6.18822,48.17516],[6.21039,48.20278],[6.23208,48.19934]]]}},{"type":"Feature","properties":{"id":"dommartemont","also":[]},"geometry":{"type":"Polygon","coordinates":[[[6.20771,48.73062],[6.2099,48.731],[6.23553,48.71789],[6.2123,48.70657],[6.20072,48.70975],[6.19788,48.72224],[6.20771,48.73062]]]}},{"type":"Feature","properties":{"id":"dommartin-aux-bois","also":[]},"geometry":{"type":"Polygon","coordinates":[[[6.29476,48.1505],[6.27648,48.14405],[6.26505,48.14816],[6.24907,48.17659],[6.2903,48.16473],[6.29476,48.1505]]]}},{"type":"Feature","properties":{"id":"dommartin-la-montagne","also":[]},"geometry":{"type":"Polygon","coordinates":[[[5.61871,49.04176],[5.63778,49.02526],[5.64036,49.01892],[5.57776,49.01167],[5.54553,49.02733],[5.61871,49.04176]]]}},{"type":"Feature","properties":{"id":"dommartin-les-remiremont","also":[]},"geometry":{"type":"Polygon","coordinates":[[[6.68058,48.00053],[6.68173,47.99657],[6.67655,47.96801],[6.6312,47.99828],[6.64844,48.01319],[6.68058,48.00053]]]}},{"type":"Feature","properties":{"id":"dommartin-les-vallois","also":[]},"geometry":{"type":"Polygon","coordinates":[[[6.08771,48.17692],[6.09579,48.17621],[6.09858,48.17486],[6.10394,48.14489],[6.0911,48.1398],[6.08224,48.14114],[6.06799,48.15873],[6.08771,48.17692]]]}},{"type":"Feature","properties":{"id":"dommartin-sous-amance","also":[]},"geometry":{"type":"Polygon","coordinates":[[[6.25943,48.75287],[6.2739,48.73084],[6.25581,48.7274],[6.23869,48.74424],[6.24296,48.7502],[6.25943,48.75287]]]}},{"type":"Feature","properties":{"id":"dommartin-sur-vraine","also":[]},"geometry":{"type":"Polygon","coordinates":[[[5.9287,48.34795],[5.93359,48.3349],[5.904,48.32656],[5.88685,48.3433],[5.91444,48.35542],[5.9287,48.34795]]]}},{"type":"Feature","properties":{"id":"domnom-les-dieuze","also":[]},"geometry":{"type":"Polygon","coordinates":[[[6.82153,48.87499],[6.8387,48.86697],[6.83767,48.85883],[6.81069,48.84678],[6.8039,48.85581],[6.82153,48.87499]]]}},{"type":"Feature","properties":{"id":"dompaire","also":[]},"geometry":{"type":"Polygon","coordinates":[[[6.23897,48.22933],[6.24101,48.21328],[6.23208,48.19934],[6.21039,48.20278],[6.19469,48.21085],[6.19029,48.21594],[6.23897,48.22933]]]}},{"type":"Feature","properties":{"id":"dompcevrin","also":[]},"geometry":{"type":"Polygon","coordinates":[[[5.50664,48.93617],[5.46455,48.8806],[5.463,48.88092],[5.44843,48.88532],[5.43544,48.89151],[5.42452,48.89925],[5.41611,48.90825],[5.41053,48.91816],[5.40798,48.9286],[5.40858,48.93917],[5.41229,48.94947],[5.41734,48.95708],[5.49648,48.94525],[5.50664,48.93617]]]}},{"type":"Feature","properties":{"id":"dompierre","also":[]},"geometry":{"type":"Polygon","coordinates":[[[6.55018,48.26796],[6.58726,48.26445],[6.57677,48.23564],[6.57098,48.23373],[6.54681,48.24387],[6.55018,48.26796]]]}},{"type":"Feature","properties":{"id":"domptail-en-l-air","also":[]},"geometry":{"type":"Polygon","coordinates":[[[6.34229,48.52235],[6.34414,48.50306],[6.32924,48.49893],[6.32344,48.5024],[6.3064,48.52079],[6.34229,48.52235]]]}},{"type":"Feature","properties":{"id":"domvallier","also":[]},"geometry":{"type":"Polygon","coordinates":[[[6.07867,48.32393],[6.0889,48.32124],[6.09541,48.29573],[6.0665,48.304],[6.07182,48.3205],[6.07867,48.32393]]]}},{"type":"Feature","properties":{"id":"donnelay","also":[]},"geometry":{"type":"Polygon","coordinates":[[[6.67452,48.76956],[6.70347,48.75891],[6.73297,48.71201],[6.71404,48.70704],[6.67234,48.70153],[6.65522,48.71017],[6.65527,48.74537],[6.67452,48.76956]]]}},{"type":"Feature","properties":{"id":"donsieders","also":[]},"geometry":{"type":"Polygon","coordinates":[[[7.60911,49.27043],[7.72361,49.2755],[7.72485,49.26999],[7.64458,49.22595],[7.61639,49.23391],[7.60911,49.27043]]]}},{"type":"Feature","properties":{"id":"dounoux","also":[]},"geometry":{"type":"Polygon","coordinates":[[[6.44721,48.12707],[6.45401,48.08953],[6.44453,48.07854],[6.43525,48.07205],[6.42714,48.07438],[6.42035,48.11741],[6.42366,48.12914],[6.44721,48.12707]]]}},{"type":"Feature","properties":{"id":"dourd-hal","also":[]},"geometry":{"type":"Polygon","coordinates":[[[6.68115,49.12882],[6.6884,49.09762],[6.68075,49.09047],[6.66337,49.08487],[6.64145,49.09961],[6.68115,49.12882]]]}},{"type":"Feature","properties":{"id":"dreisbach","also":[]},"geometry":{"type":"Polygon","coordinates":[[[6.57065,49.49298],[6.58217,49.48615],[6.58438,49.4816],[6.56719,49.4703],[6.55323,49.4701],[6.55274,49.4878],[6.57065,49.49298]]]}},{"type":"Feature","properties":{"id":"drogny","also":[]},"geometry":{"type":"Polygon","coordinates":[[[6.41786,49.25835],[6.41741,49.24374],[6.39327,49.23221],[6.38106,49.25449],[6.4115,49.26156],[6.41786,49.25835]]]}},{"type":"Feature","properties":{"id":"drouville","also":[]},"geometry":{"type":"Polygon","coordinates":[[[6.40112,48.68],[6.42666,48.68731],[6.43109,48.68586],[6.44442,48.66897],[6.41682,48.65439],[6.38441,48.65621],[6.40112,48.68]]]}},{"type":"Feature","properties":{"id":"duren","also":[]},"geometry":{"type":"Polygon","coordinates":[[[6.68205,49.31953],[6.69109,49.31164],[6.67846,49.29324],[6.65216,49.30273],[6.65189,49.30874],[6.68205,49.31953]]]}},{"type":"Feature","properties":{"id":"ebersviller","also":[]},"geometry":{"type":"Polygon","coordinates":[[[6.37329,49.28562],[6.38373,49.28482],[6.41747,49.26824],[6.4115,49.26156],[6.38106,49.25449],[6.37181,49.26212],[6.37329,49.28562]]]}},{"type":"Feature","properties":{"id":"eblange","also":[]},"geometry":{"type":"Polygon","coordinates":[[[6.47682,49.22995],[6.49914,49.23016],[6.50356,49.22763],[6.49751,49.20738],[6.47438,49.21559],[6.47682,49.22995]]]}},{"type":"Feature","properties":{"id":"ecuelle","also":[]},"geometry":{"type":"Polygon","coordinates":[[[6.25318,48.78921],[6.29776,48.79236],[6.30436,48.78988],[6.31169,48.78392],[6.3122,48.77319],[6.27598,48.76591],[6.24971,48.78599],[6.25318,48.78921]]]}},{"type":"Feature","properties":{"id":"edling","also":[]},"geometry":{"type":"Polygon","coordinates":[[[6.465,49.28771],[6.47195,49.27599],[6.45046,49.26141],[6.43049,49.27698],[6.45852,49.2869],[6.465,49.28771]]]}},{"type":"Feature","properties":{"id":"eguelshardt","also":[]},"geometry":{"type":"Polygon","coordinates":[[[7.45133,49.05053],[7.51558,49.05286],[7.50861,49.00399],[7.43802,49.00378],[7.42852,49.03644],[7.45133,49.05053]]]}},{"type":"Feature","properties":{"id":"eich-sarralbe","also":[]},"geometry":{"type":"Polygon","coordinates":[[[6.99079,49.00511],[7.01046,49.01702],[7.05796,48.94854],[7.03877,48.94132],[6.96456,48.97402],[6.96127,48.97679],[6.99079,49.00511]]]}},{"type":"Feature","properties":{"id":"eimersdorf","also":[]},"geometry":{"type":"Polygon","coordinates":[[[6.61892,49.39487],[6.63223,49.3981],[6.64628,49.39744],[6.6741,49.39028],[6.67698,49.38569],[6.66773,49.37644],[6.6335,49.36925],[6.62273,49.37432],[6.61892,49.39487]]]}},{"type":"Feature","properties":{"id":"einvaux","also":[]},"geometry":{"type":"Polygon","coordinates":[[[6.37395,48.49482],[6.3957,48.50444],[6.4176,48.48479],[6.37955,48.47557],[6.37522,48.47964],[6.37395,48.49482]]]}},{"type":"Feature","properties":{"id":"einville-au-jard","also":[]},"geometry":{"type":"Polygon","coordinates":[[[6.50454,48.66609],[6.48257,48.64232],[6.46837,48.63939],[6.4555,48.66648],[6.46392,48.6691],[6.50454,48.66609]]]}},{"type":"Feature","properties":{"id":"eisweiler","also":[]},"geometry":{"type":"Polygon","coordinates":[[[7.16016,49.53273],[7.16557,49.52718],[7.1639,49.48237],[7.13145,49.5062],[7.16016,49.53273]]]}},{"type":"Feature","properties":{"id":"eloyes","also":[]},"geometry":{"type":"Polygon","coordinates":[[[6.60355,48.1169],[6.62397,48.11805],[6.64636,48.10609],[6.67351,48.07323],[6.64468,48.06255],[6.57585,48.08231],[6.58835,48.10251],[6.60355,48.1169]]]}},{"type":"Feature","properties":{"id":"elvange","also":[]},"geometry":{"type":"Polygon","coordinates":[[[6.57211,49.08094],[6.58413,49.06215],[6.56398,49.039],[6.50459,49.04235],[6.56261,49.0852],[6.57211,49.08094]]]}},{"type":"Feature","properties":{"id":"elviller","also":[]},"geometry":{"type":"Polygon","coordinates":[[[6.90237,49.06321],[6.8909,49.08121],[6.89977,49.08416],[6.92545,49.07143],[6.92522,49.06651],[6.91295,49.06225],[6.90237,49.06321]]]}},{"type":"Feature","properties":{"id":"embermenil","also":[]},"geometry":{"type":"Polygon","coordinates":[[[6.72066,48.63913],[6.71128,48.60811],[6.70328,48.60269],[6.6885,48.60258],[6.64434,48.6527],[6.64748,48.65516],[6.72066,48.63913]]]}},{"type":"Feature","properties":{"id":"emmersweiler","also":[]},"geometry":{"type":"Polygon","coordinates":[[[6.79209,49.19741],[6.87334,49.19568],[6.87917,49.1812],[6.85442,49.1694],[6.81821,49.17301],[6.78607,49.18829],[6.78407,49.19306],[6.79209,49.19741]]]}},{"type":"Feature","properties":{"id":"enchenberg","also":[]},"geometry":{"type":"Polygon","coordinates":[[[7.30616,49.03381],[7.33694,49.02952],[7.3639,49.01801],[7.34117,48.97546],[7.31248,48.96247],[7.30019,48.96592],[7.2868,48.97177],[7.26957,48.9845],[7.29182,49.0194],[7.30616,49.03381]]]}},{"type":"Feature","properties":{"id":"ensdorf","also":[]},"geometry":{"type":"Polygon","coordinates":[[[6.77144,49.31278],[6.78946,49.31321],[6.79327,49.30911],[6.80306,49.27353],[6.77417,49.27098],[6.75339,49.28875],[6.77144,49.31278]]]}},{"type":"Feature","properties":{"id":"entre-deux-eaux","also":[]},"geometry":{"type":"Polygon","coordinates":[[[7.00956,48.24019],[7.01947,48.23376],[7.02167,48.22857],[6.97164,48.22188],[6.97851,48.24157],[7.00956,48.24019]]]}},{"type":"Feature","properties":{"id":"epange","also":[]},"geometry":{"type":"Polygon","coordinates":[[[6.39575,49.22465],[6.4034,49.2238],[6.43416,49.20295],[6.41653,49.18181],[6.39987,49.17853],[6.37122,49.19395],[6.36721,49.20515],[6.39575,49.22465]]]}},{"type":"Feature","properties":{"id":"epinal","also":[]},"geometry":{"type":"Polygon","coordinates":[[[6.46471,48.19063],[6.49976,48.17063],[6.50651,48.16398],[6.50579,48.16271],[6.42041,48.16086],[6.42246,48.1783],[6.46471,48.19063]]]}},{"type":"Feature","properties":{"id":"eppelborn","also":[]},"geometry":{"type":"Polygon","coordinates":[[[6.99235,49.42706],[7.00778,49.42788],[7.03208,49.41069],[6.99735,49.38889],[6.91719,49.37939],[6.94823,49.41476],[6.99235,49.42706]]]}},{"type":"Feature","properties":{"id":"eppenbrunn","also":[]},"geometry":{"type":"Polygon","coordinates":[[[7.54903,49.12663],[7.59508,49.14095],[7.62899,49.12735],[7.64436,49.11651],[7.64328,49.10731],[7.63945,49.0978],[7.55134,49.08261],[7.53804,49.10478],[7.54903,49.12663]]]}},{"type":"Feature","properties":{"id":"epping","also":[]},"geometry":{"type":"Polygon","coordinates":[[[7.28897,49.14123],[7.32181,49.14237],[7.33348,49.12209],[7.32952,49.10823],[7.2973,49.09693],[7.29468,49.09808],[7.29024,49.10448],[7.28897,49.14123]]]}},{"type":"Feature","properties":{"id":"erbringen","also":[]},"geometry":{"type":"Polygon","coordinates":[[[6.70947,49.444],[6.75015,49.45301],[6.76741,49.41618],[6.74808,49.41021],[6.71288,49.42103],[6.70947,49.444]]]}},{"type":"Feature","properties":{"id":"erching","also":[]},"geometry":{"type":"Polygon","coordinates":[[[7.28288,49.14334],[7.28897,49.14123],[7.29024,49.10448],[7.23618,49.10271],[7.2467,49.13218],[7.28288,49.14334]]]}},{"type":"Feature","properties":{"id":"erlenbrunn","also":[]},"geometry":{"type":"Polygon","coordinates":[[[7.63384,49.19133],[7.62899,49.12735],[7.59508,49.14095],[7.57338,49.16137],[7.59184,49.18262],[7.63384,49.19133]]]}},{"type":"Feature","properties":{"id":"escles","also":[]},"geometry":{"type":"Polygon","coordinates":[[[6.18493,48.15672],[6.2046,48.15111],[6.20609,48.1491],[6.17228,48.11094],[6.14323,48.10968],[6.14339,48.11805],[6.18493,48.15672]]]}},{"type":"Feature","properties":{"id":"esley","also":[]},"geometry":{"type":"Polygon","coordinates":[[[6.05059,48.19857],[6.08771,48.17692],[6.06799,48.15873],[6.02856,48.15546],[6.02293,48.16481],[6.05059,48.19857]]]}},{"type":"Feature","properties":{"id":"essegney","also":[]},"geometry":{"type":"Polygon","coordinates":[[[6.32713,48.39941],[6.34875,48.39607],[6.36501,48.38461],[6.29919,48.35331],[6.28582,48.36276],[6.28526,48.38269],[6.32713,48.39941]]]}},{"type":"Feature","properties":{"id":"essey-et-maizerais","also":[]},"geometry":{"type":"Polygon","coordinates":[[[5.835,48.89559],[5.76894,48.91588],[5.82119,48.92999],[5.835,48.89559]]]}},{"type":"Feature","properties":{"id":"essey-les-nancy","also":[]},"geometry":{"type":"Polygon","coordinates":[[[6.23553,48.71789],[6.24122,48.71651],[6.2431,48.71289],[6.23936,48.70042],[6.22804,48.69317],[6.22034,48.69492],[6.2123,48.70657],[6.23553,48.71789]]]}},{"type":"Feature","properties":{"id":"estrennes","also":[]},"geometry":{"type":"Polygon","coordinates":[[[6.04098,48.26743],[6.05803,48.27114],[6.07371,48.26881],[6.04793,48.24381],[6.03225,48.24339],[6.03096,48.25763],[6.04098,48.26743]]]}},{"type":"Feature","properties":{"id":"etival","also":[]},"geometry":{"type":"Polygon","coordinates":[[[6.88839,48.37065],[6.8964,48.35784],[6.87412,48.34584],[6.86772,48.34436],[6.85768,48.34531],[6.81824,48.37742],[6.83429,48.38137],[6.88839,48.37065]]]}},{"type":"Feature","properties":{"id":"etreval","also":[]},"geometry":{"type":"Polygon","coordinates":[[[6.04244,48.47052],[6.06314,48.46369],[6.07152,48.45264],[6.04856,48.4421],[6.0333,48.45469],[6.03656,48.4701],[6.04244,48.47052]]]}},{"type":"Feature","properties":{"id":"etting","also":[]},"geometry":{"type":"Polygon","coordinates":[[[7.21622,49.03263],[7.22595,48.9863],[7.20782,48.98003],[7.15666,49.03734],[7.1575,49.03943],[7.21622,49.03263]]]}},{"type":"Feature","properties":{"id":"etzling","also":[]},"geometry":{"type":"Polygon","coordinates":[[[6.94365,49.18783],[6.98002,49.18357],[6.98052,49.17406],[6.95312,49.1713],[6.94027,49.18561],[6.94365,49.18783]]]}},{"type":"Feature","properties":{"id":"eulmont","also":[]},"geometry":{"type":"Polygon","coordinates":[[[6.21636,48.77322],[6.24296,48.7502],[6.23869,48.74424],[6.21538,48.73674],[6.20721,48.77076],[6.21636,48.77322]]]}},{"type":"Feature","properties":{"id":"eulmont-dommaric-eulmont","also":[]},"geometry":{"type":"Polygon","coordinates":[[[6.0419,48.42978],[6.046,48.41048],[6.00886,48.42274],[6.00505,48.42686],[6.0419,48.42978]]]}},{"type":"Feature","properties":{"id":"euvezin","also":[]},"geometry":{"type":"Polygon","coordinates":[[[5.88372,48.93055],[5.88633,48.92524],[5.88127,48.91173],[5.84622,48.88846],[5.835,48.89559],[5.82119,48.92999],[5.82455,48.93564],[5.88372,48.93055]]]}},{"type":"Feature","properties":{"id":"euville","also":[]},"geometry":{"type":"Polygon","coordinates":[[[5.56132,48.74458],[5.65043,48.77084],[5.65266,48.768],[5.65118,48.75209],[5.62659,48.71852],[5.56035,48.72112],[5.56132,48.74458]]]}},{"type":"Feature","properties":{"id":"evaux-et-menil","also":[]},"geometry":{"type":"Polygon","coordinates":[[[6.32129,48.32269],[6.29333,48.31926],[6.29101,48.33515],[6.30328,48.34178],[6.32129,48.32269]]]}},{"type":"Feature","properties":{"id":"evendorff","also":[]},"geometry":{"type":"Polygon","coordinates":[[[6.429,49.43375],[6.44102,49.42398],[6.43523,49.40929],[6.41369,49.40048],[6.39945,49.41637],[6.40308,49.42677],[6.429,49.43375]]]}},{"type":"Feature","properties":{"id":"falck","also":[]},"geometry":{"type":"Polygon","coordinates":[[[6.6977,49.21357],[6.70301,49.20834],[6.64666,49.20289],[6.62246,49.20808],[6.62352,49.2319],[6.6393,49.24314],[6.6977,49.21357]]]}},{"type":"Feature","properties":{"id":"falkenstein-les-baerenthal","also":[]},"geometry":{"type":"Polygon","coordinates":[[[7.56391,49.03288],[7.64443,49.01923],[7.64702,49.01014],[7.647,48.99956],[7.64384,48.98919],[7.63768,48.97942],[7.62874,48.97062],[7.61737,48.96315],[7.59424,48.95436],[7.57342,48.95116],[7.55127,48.95172],[7.53204,48.99034],[7.56391,49.03288]]]}},{"type":"Feature","properties":{"id":"farebersviller","also":[]},"geometry":{"type":"Polygon","coordinates":[[[6.86922,49.13003],[6.88954,49.11107],[6.86179,49.09278],[6.84959,49.09446],[6.84647,49.12754],[6.86922,49.13003]]]}},{"type":"Feature","properties":{"id":"farschwiller","also":[]},"geometry":{"type":"Polygon","coordinates":[[[6.91004,49.11162],[6.92085,49.09714],[6.89977,49.08416],[6.8909,49.08121],[6.87029,49.08519],[6.86179,49.09278],[6.88954,49.11107],[6.91004,49.11162]]]}},{"type":"Feature","properties":{"id":"faucompierre","also":[]},"geometry":{"type":"Polygon","coordinates":[[[6.66801,48.14812],[6.67427,48.14261],[6.67727,48.13686],[6.66441,48.1316],[6.65667,48.14255],[6.66801,48.14812]]]}},{"type":"Feature","properties":{"id":"fauconcourt","also":[]},"geometry":{"type":"Polygon","coordinates":[[[6.548,48.39101],[6.56014,48.36127],[6.53695,48.36204],[6.52855,48.36527],[6.51689,48.39034],[6.548,48.39101]]]}},{"type":"Feature","properties":{"id":"faulquemont","also":[]},"geometry":{"type":"Polygon","coordinates":[[[6.62025,49.05701],[6.62073,49.0403],[6.59629,49.02176],[6.58116,49.01941],[6.56398,49.039],[6.58413,49.06215],[6.62025,49.05701]]]}},{"type":"Feature","properties":{"id":"faulx","also":[]},"geometry":{"type":"Polygon","coordinates":[[[6.21742,48.77396],[6.20721,48.77076],[6.18663,48.77025],[6.17806,48.77343],[6.18412,48.8294],[6.18892,48.83531],[6.21049,48.8189],[6.21742,48.77396]]]}},{"type":"Feature","properties":{"id":"favieres","also":[]},"geometry":{"type":"Polygon","coordinates":[[[5.96571,48.47663],[5.97875,48.4718],[5.97184,48.45856],[5.93325,48.42996],[5.91298,48.44299],[5.96571,48.47663]]]}},{"type":"Feature","properties":{"id":"faymont","also":[]},"geometry":{"type":"Polygon","coordinates":[[[6.51452,47.98879],[6.58561,47.93195],[6.51099,47.93405],[6.48996,47.95349],[6.51452,47.98879]]]}},{"type":"Feature","properties":{"id":"fechingen","also":[]},"geometry":{"type":"Polygon","coordinates":[[[7.11724,49.24078],[7.11957,49.23946],[7.13029,49.23156],[7.14052,49.21918],[7.14552,49.20548],[7.14544,49.19401],[7.07996,49.176],[7.02285,49.20926],[7.06255,49.24162],[7.11724,49.24078]]]}},{"type":"Feature","properties":{"id":"fecocourt","also":[]},"geometry":{"type":"Polygon","coordinates":[[[6.00068,48.42788],[6.00505,48.42686],[6.02353,48.40644],[6.01733,48.39456],[5.95978,48.39635],[5.94603,48.40698],[5.94702,48.41217],[6.00068,48.42788]]]}},{"type":"Feature","properties":{"id":"felsberg","also":[]},"geometry":{"type":"Polygon","coordinates":[[[6.72139,49.30801],[6.72714,49.3031],[6.71011,49.27675],[6.67542,49.28037],[6.67846,49.29324],[6.69109,49.31164],[6.72139,49.30801]]]}},{"type":"Feature","properties":{"id":"ferange","also":[]},"geometry":{"type":"Polygon","coordinates":[[[6.37678,49.305],[6.41976,49.29754],[6.41974,49.2836],[6.37329,49.28562],[6.37678,49.305]]]}},{"type":"Feature","properties":{"id":"ferdrupt","also":[]},"geometry":{"type":"Polygon","coordinates":[[[6.74636,47.94508],[6.74626,47.9353],[6.69986,47.88624],[6.69961,47.932],[6.71478,47.94857],[6.74636,47.94508]]]}},{"type":"Feature","properties":{"id":"ferrieres","also":[]},"geometry":{"type":"Polygon","coordinates":[[[6.30018,48.57259],[6.30487,48.53896],[6.3016,48.53714],[6.273,48.54612],[6.27017,48.56793],[6.30018,48.57259]]]}},{"type":"Feature","properties":{"id":"fey-en-haye","also":[]},"geometry":{"type":"Polygon","coordinates":[[[5.96299,48.92994],[5.99252,48.91818],[5.99026,48.88897],[5.93836,48.89148],[5.95411,48.92656],[5.96299,48.92994]]]}},{"type":"Feature","properties":{"id":"fiavigny-sur-moselle","also":[]},"geometry":{"type":"Polygon","coordinates":[[[6.20106,48.5889],[6.22302,48.56671],[6.20768,48.54213],[6.20318,48.541],[6.17562,48.54726],[6.14958,48.56683],[6.16617,48.57802],[6.20106,48.5889]]]}},{"type":"Feature","properties":{"id":"filstroff","also":[]},"geometry":{"type":"Polygon","coordinates":[[[6.54584,49.33909],[6.55646,49.33708],[6.5626,49.31275],[6.50646,49.3145],[6.51193,49.33968],[6.54584,49.33909]]]}},{"type":"Feature","properties":{"id":"fimenil","also":[]},"geometry":{"type":"Polygon","coordinates":[[[6.70962,48.19086],[6.73677,48.18446],[6.7078,48.16219],[6.69868,48.18441],[6.70962,48.19086]]]}},{"type":"Feature","properties":{"id":"fitten","also":[]},"geometry":{"type":"Polygon","coordinates":[[[6.59032,49.45147],[6.60151,49.44756],[6.60597,49.44187],[6.60297,49.43086],[6.59015,49.43033],[6.57093,49.43948],[6.58281,49.45194],[6.59032,49.45147]]]}},{"type":"Feature","properties":{"id":"flainval","also":[]},"geometry":{"type":"Polygon","coordinates":[[[6.41829,48.62287],[6.40092,48.61037],[6.37175,48.61295],[6.39338,48.62977],[6.41829,48.62287]]]}},{"type":"Feature","properties":{"id":"flatten","also":[]},"geometry":{"type":"Polygon","coordinates":[[[6.51018,49.43537],[6.53666,49.43075],[6.53518,49.42826],[6.51958,49.4191],[6.49112,49.42531],[6.51018,49.43537]]]}},{"type":"Feature","properties":{"id":"fleville-devant-nancy","also":[]},"geometry":{"type":"Polygon","coordinates":[[[6.2149,48.64134],[6.23552,48.63295],[6.22354,48.60903],[6.20362,48.60173],[6.18511,48.61076],[6.18121,48.63084],[6.19291,48.63797],[6.2149,48.64134]]]}},{"type":"Feature","properties":{"id":"flin","also":[]},"geometry":{"type":"Polygon","coordinates":[[[6.68023,48.52855],[6.6906,48.52202],[6.66998,48.48405],[6.65886,48.47661],[6.63713,48.47558],[6.68023,48.52855]]]}},{"type":"Feature","properties":{"id":"floremont","also":[]},"geometry":{"type":"Polygon","coordinates":[[[6.23755,48.38062],[6.27999,48.38411],[6.28526,48.38269],[6.28582,48.36276],[6.27163,48.35696],[6.2397,48.35693],[6.23176,48.36699],[6.23755,48.38062]]]}},{"type":"Feature","properties":{"id":"folckling","also":[]},"geometry":{"type":"Polygon","coordinates":[[[6.92071,49.15535],[6.92975,49.14745],[6.91744,49.13703],[6.87735,49.13859],[6.87382,49.15244],[6.89507,49.16377],[6.92071,49.15535]]]}},{"type":"Feature","properties":{"id":"folpersviller","also":[]},"geometry":{"type":"Polygon","coordinates":[[[7.09125,49.1359],[7.1257,49.14217],[7.12585,49.10671],[7.10502,49.10647],[7.09125,49.1359]]]}},{"type":"Feature","properties":{"id":"folschwiller","also":[]},"geometry":{"type":"Polygon","coordinates":[[[6.68075,49.09047],[6.70656,49.06783],[6.70519,49.06178],[6.69401,49.0585],[6.65977,49.07319],[6.66337,49.08487],[6.68075,49.09047]]]}},{"type":"Feature","properties":{"id":"fomerey","also":[]},"geometry":{"type":"Polygon","coordinates":[[[6.36309,48.22627],[6.35804,48.21306],[6.32151,48.20319],[6.32119,48.22456],[6.36309,48.22627]]]}},{"type":"Feature","properties":{"id":"fontenay","also":[]},"geometry":{"type":"Polygon","coordinates":[[[6.57677,48.23564],[6.59762,48.23212],[6.60515,48.19383],[6.59964,48.19363],[6.56819,48.22861],[6.57098,48.23373],[6.57677,48.23564]]]}},{"type":"Feature","properties":{"id":"fontenoy-la-joute","also":[]},"geometry":{"type":"Polygon","coordinates":[[[6.65886,48.47661],[6.68731,48.45572],[6.67888,48.41861],[6.63286,48.41602],[6.60891,48.46557],[6.60687,48.47411],[6.65886,48.47661]]]}},{"type":"Feature","properties":{"id":"fontenoy-le-chateau","also":[]},"geometry":{"type":"Polygon","coordinates":[[[6.19233,48.02738],[6.21843,48.00111],[6.21696,47.92101],[6.21361,47.92052],[6.18895,47.92008],[6.18632,48.02677],[6.19233,48.02738]]]}},{"type":"Feature","properties":{"id":"fontenoy-sur-moselle","also":[]},"geometry":{"type":"Polygon","coordinates":[[[5.99791,48.72235],[6.00166,48.70809],[5.99342,48.69082],[5.94443,48.71526],[5.94869,48.71866],[5.99791,48.72235]]]}},{"type":"Feature","properties":{"id":"forbach","also":[]},"geometry":{"type":"Polygon","coordinates":[[[6.88962,49.20827],[6.91679,49.18497],[6.89151,49.17388],[6.87917,49.1812],[6.87334,49.19568],[6.88962,49.20827]]]}},{"type":"Feature","properties":{"id":"forcelles-saint-gorgon","also":[]},"geometry":{"type":"Polygon","coordinates":[[[6.09397,48.46409],[6.11812,48.46541],[6.13134,48.4482],[6.08922,48.44393],[6.08149,48.45056],[6.09397,48.46409]]]}},{"type":"Feature","properties":{"id":"forcelles-sous-gugney","also":[]},"geometry":{"type":"Polygon","coordinates":[[[6.10272,48.41135],[6.1063,48.40734],[6.10492,48.39262],[6.08964,48.38567],[6.06849,48.38419],[6.0708,48.40341],[6.07779,48.41172],[6.10272,48.41135]]]}},{"type":"Feature","properties":{"id":"fougerolles","also":[]},"geometry":{"type":"Polygon","coordinates":[[[6.47219,47.88579],[6.48067,47.87262],[6.47821,47.86704],[6.47146,47.85748],[6.46206,47.84899],[6.4504,47.84189],[6.43691,47.83646],[6.42211,47.8329],[6.40657,47.83136],[6.39089,47.83188],[6.37566,47.83445],[6.36147,47.83898],[6.34887,47.84528],[6.33833,47.85312],[6.33026,47.86219],[6.32498,47.87215],[6.32268,47.88262],[6.32347,47.89319],[6.3273,47.90346],[6.33403,47.91303],[6.34707,47.92407],[6.35941,47.93065],[6.37565,47.93603],[6.42465,47.92567],[6.47219,47.88579]]]}},{"type":"Feature","properties":{"id":"fraimbois","also":[]},"geometry":{"type":"Polygon","coordinates":[[[6.50268,48.53639],[6.58967,48.54928],[6.61133,48.53385],[6.58817,48.4976],[6.56424,48.49663],[6.5241,48.51307],[6.50189,48.52659],[6.50268,48.53639]]]}},{"type":"Feature","properties":{"id":"franconville","also":[]},"geometry":{"type":"Polygon","coordinates":[[[6.46308,48.51513],[6.47638,48.51318],[6.47669,48.48505],[6.47078,48.48348],[6.43429,48.49103],[6.43433,48.51417],[6.46308,48.51513]]]}},{"type":"Feature","properties":{"id":"frapelle","also":[]},"geometry":{"type":"Polygon","coordinates":[[[7.07696,48.29298],[7.06834,48.285],[7.05238,48.28499],[7.04182,48.29284],[7.05739,48.30307],[7.07696,48.29298]]]}},{"type":"Feature","properties":{"id":"fraulautern","also":[]},"geometry":{"type":"Polygon","coordinates":[[[6.76208,49.35327],[6.79412,49.33446],[6.78946,49.31321],[6.7679,49.3132],[6.73899,49.33517],[6.7394,49.33949],[6.76208,49.35327]]]}},{"type":"Feature","properties":{"id":"freching","also":[]},"geometry":{"type":"Polygon","coordinates":[[[6.34778,49.42248],[6.37789,49.40851],[6.37982,49.3822],[6.37277,49.38293],[6.33641,49.42215],[6.34778,49.42248]]]}},{"type":"Feature","properties":{"id":"freisen","also":[]},"geometry":{"type":"Polygon","coordinates":[[[7.2426,49.53597],[7.22052,49.54757],[7.21667,49.60204],[7.23985,49.60586],[7.26684,49.60479],[7.29186,49.59814],[7.30866,49.58925],[7.32133,49.57783],[7.3289,49.56495],[7.29597,49.54766],[7.2426,49.53597]]]}},{"type":"Feature","properties":{"id":"freistroff","also":[]},"geometry":{"type":"Polygon","coordinates":[[[6.47987,49.3046],[6.49963,49.30711],[6.50352,49.30354],[6.5135,49.28549],[6.49429,49.27172],[6.48208,49.27026],[6.47195,49.27599],[6.465,49.28771],[6.47987,49.3046]]]}},{"type":"Feature","properties":{"id":"fremereville-sous-les-cotes","also":[]},"geometry":{"type":"Polygon","coordinates":[[[5.64492,48.81504],[5.68336,48.83256],[5.68674,48.82445],[5.64663,48.77617],[5.63655,48.78371],[5.64492,48.81504]]]}},{"type":"Feature","properties":{"id":"fremestroff","also":[]},"geometry":{"type":"Polygon","coordinates":[[[6.7962,49.02907],[6.80842,49.01085],[6.80628,49.00857],[6.75227,49.01362],[6.78519,49.03137],[6.7962,49.02907]]]}},{"type":"Feature","properties":{"id":"fremifontaine","also":[]},"geometry":{"type":"Polygon","coordinates":[[[6.6768,48.2841],[6.71976,48.28086],[6.71918,48.26062],[6.6969,48.24632],[6.67193,48.25497],[6.66304,48.27549],[6.6768,48.2841]]]}},{"type":"Feature","properties":{"id":"fremonville","also":[]},"geometry":{"type":"Polygon","coordinates":[[[6.90991,48.64707],[6.92466,48.64313],[6.89951,48.57194],[6.88089,48.5731],[6.86691,48.58419],[6.86128,48.60423],[6.8794,48.63869],[6.89196,48.64913],[6.90991,48.64707]]]}},{"type":"Feature","properties":{"id":"frenelle-la-grande","also":[]},"geometry":{"type":"Polygon","coordinates":[[[6.09347,48.36508],[6.11463,48.35612],[6.11233,48.34963],[6.0813,48.34205],[6.06807,48.36314],[6.09347,48.36508]]]}},{"type":"Feature","properties":{"id":"frenelle-la-petite","also":[]},"geometry":{"type":"Polygon","coordinates":[[[6.06737,48.36339],[6.0813,48.34205],[6.07729,48.33862],[6.04154,48.3432],[6.04077,48.34413],[6.06737,48.36339]]]}},{"type":"Feature","properties":{"id":"frenois","also":[]},"geometry":{"type":"Polygon","coordinates":[[[6.11574,48.20292],[6.12862,48.19798],[6.13588,48.18462],[6.13517,48.18059],[6.10839,48.17415],[6.09858,48.17486],[6.09579,48.17621],[6.11574,48.20292]]]}},{"type":"Feature","properties":{"id":"fresnes-en-saulnois","also":[]},"geometry":{"type":"Polygon","coordinates":[[[6.43123,48.89348],[6.46337,48.88143],[6.47063,48.86106],[6.46931,48.83914],[6.44516,48.81271],[6.4134,48.807],[6.41062,48.88407],[6.42275,48.89274],[6.43123,48.89348]]]}},{"type":"Feature","properties":{"id":"fresse-sur-moselle","also":[]},"geometry":{"type":"Polygon","coordinates":[[[6.82046,47.88053],[6.76021,47.82499],[6.74557,47.82967],[6.72985,47.8381],[6.76075,47.88006],[6.8046,47.89032],[6.81683,47.89182],[6.82046,47.88053]]]}},{"type":"Feature","properties":{"id":"freybouse","also":[]},"geometry":{"type":"Polygon","coordinates":[[[6.75227,49.01362],[6.80628,49.00857],[6.79787,48.98229],[6.76809,48.97439],[6.739,48.98012],[6.7181,48.99863],[6.72075,49.00421],[6.72419,49.00707],[6.75227,49.01362]]]}},{"type":"Feature","properties":{"id":"freyming","also":[]},"geometry":{"type":"Polygon","coordinates":[[[6.81821,49.17301],[6.83859,49.14861],[6.83448,49.13177],[6.8163,49.12882],[6.77725,49.15796],[6.78607,49.18829],[6.81821,49.17301]]]}},{"type":"Feature","properties":{"id":"frizon","also":[]},"geometry":{"type":"Polygon","coordinates":[[[6.38701,48.29016],[6.371,48.26887],[6.34968,48.26565],[6.34209,48.27286],[6.33598,48.29368],[6.34457,48.30957],[6.38701,48.29016]]]}},{"type":"Feature","properties":{"id":"frouard","also":[]},"geometry":{"type":"Polygon","coordinates":[[[6.15176,48.76625],[6.13768,48.74189],[6.10642,48.72391],[6.09332,48.76143],[6.15176,48.76625]]]}},{"type":"Feature","properties":{"id":"froville","also":[]},"geometry":{"type":"Polygon","coordinates":[[[6.35113,48.47882],[6.37522,48.47964],[6.37955,48.47557],[6.38057,48.46477],[6.37396,48.45942],[6.33734,48.4649],[6.33426,48.47111],[6.33517,48.47422],[6.35113,48.47882]]]}},{"type":"Feature","properties":{"id":"fruze","also":[]},"geometry":{"type":"Polygon","coordinates":[[[5.72809,48.40376],[5.74791,48.40227],[5.75178,48.3837],[5.74913,48.37982],[5.71543,48.3794],[5.70312,48.38687],[5.70754,48.39683],[5.71398,48.4018],[5.72809,48.40376]]]}},{"type":"Feature","properties":{"id":"furschweiler-les-namborn","also":[]},"geometry":{"type":"Polygon","coordinates":[[[7.16557,49.52718],[7.20187,49.51811],[7.22353,49.48926],[7.22266,49.47381],[7.18159,49.46274],[7.17613,49.46707],[7.1639,49.48237],[7.16557,49.52718]]]}},{"type":"Feature","properties":{"id":"furweiler","also":[]},"geometry":{"type":"Polygon","coordinates":[[[6.59916,49.39601],[6.61892,49.39487],[6.62273,49.37432],[6.59489,49.3612],[6.57606,49.37728],[6.58532,49.38997],[6.59916,49.39601]]]}},{"type":"Feature","properties":{"id":"gehweiler","also":[]},"geometry":{"type":"Polygon","coordinates":[[[7.20395,49.53871],[7.20187,49.51811],[7.16557,49.52718],[7.16016,49.53273],[7.1556,49.54431],[7.20395,49.53871]]]}},{"type":"Feature","properties":{"id":"gelacourt","also":[]},"geometry":{"type":"Polygon","coordinates":[[[6.71945,48.50026],[6.79118,48.46534],[6.73585,48.46245],[6.71502,48.46777],[6.71075,48.47869],[6.71945,48.50026]]]}},{"type":"Feature","properties":{"id":"gelaucourt","also":[]},"geometry":{"type":"Polygon","coordinates":[[[5.98062,48.47208],[5.99423,48.46617],[6.00261,48.45685],[6.00619,48.44468],[6.00328,48.44037],[5.97184,48.45856],[5.97875,48.4718],[5.98062,48.47208]]]}},{"type":"Feature","properties":{"id":"gellenoncourt","also":[]},"geometry":{"type":"Polygon","coordinates":[[[6.355,48.69687],[6.40112,48.68],[6.38441,48.65621],[6.37884,48.6551],[6.34949,48.65789],[6.34345,48.67677],[6.355,48.69687]]]}},{"type":"Feature","properties":{"id":"gelucourt","also":[]},"geometry":{"type":"Polygon","coordinates":[[[6.72724,48.78527],[6.76277,48.76047],[6.77163,48.71987],[6.7509,48.71326],[6.73297,48.71201],[6.70347,48.75891],[6.72724,48.78527]]]}},{"type":"Feature","properties":{"id":"gelvecourt-et-adompt","also":[]},"geometry":{"type":"Polygon","coordinates":[[[6.19469,48.21085],[6.16929,48.18907],[6.16413,48.20396],[6.18636,48.21888],[6.19469,48.21085]]]}},{"type":"Feature","properties":{"id":"gemainfaing","also":[]},"geometry":{"type":"Polygon","coordinates":[[[7.03011,48.34502],[7.03977,48.34213],[7.04115,48.33763],[7.03013,48.3199],[7.01806,48.31316],[6.99869,48.31522],[7.00232,48.3393],[7.00925,48.34292],[7.03011,48.34502]]]}},{"type":"Feature","properties":{"id":"gemmelaincourt","also":[]},"geometry":{"type":"Polygon","coordinates":[[[5.97937,48.2906],[5.98457,48.2901],[5.99929,48.28519],[5.9965,48.27311],[5.99422,48.27073],[5.97038,48.25726],[5.93776,48.27163],[5.97937,48.2906]]]}},{"type":"Feature","properties":{"id":"gemonville","also":[]},"geometry":{"type":"Polygon","coordinates":[[[5.91298,48.44299],[5.93325,48.42996],[5.94702,48.41217],[5.94603,48.40698],[5.91183,48.38973],[5.84685,48.39956],[5.83071,48.41865],[5.86669,48.46522],[5.91298,48.44299]]]}},{"type":"Feature","properties":{"id":"gentersberg","also":[]},"geometry":{"type":"Polygon","coordinates":[[[7.41757,49.12204],[7.4432,49.12828],[7.45197,49.11382],[7.43216,49.09211],[7.42913,49.09323],[7.41757,49.12204]]]}},{"type":"Feature","properties":{"id":"gerardmer","also":[]},"geometry":{"type":"Polygon","coordinates":[[[6.88774,48.11424],[6.92396,48.10519],[6.94918,48.09001],[6.95857,48.06622],[6.95216,48.05039],[6.94059,48.03787],[6.84141,48.03967],[6.79828,48.07559],[6.80137,48.08737],[6.80537,48.09331],[6.88774,48.11424]]]}},{"type":"Feature","properties":{"id":"gerbamont","also":[]},"geometry":{"type":"Polygon","coordinates":[[[6.73699,48.01395],[6.77381,48.01058],[6.79342,47.99456],[6.739,47.99839],[6.73446,48.00203],[6.73699,48.01395]]]}},{"type":"Feature","properties":{"id":"gerbecourt","also":[]},"geometry":{"type":"Polygon","coordinates":[[[6.49427,48.88345],[6.52923,48.84785],[6.50396,48.84649],[6.47063,48.86106],[6.46337,48.88143],[6.49427,48.88345]]]}},{"type":"Feature","properties":{"id":"gerbecourt-et-haplemont","also":[]},"geometry":{"type":"Polygon","coordinates":[[[6.17332,48.50528],[6.17861,48.49943],[6.16464,48.48472],[6.14388,48.49467],[6.1611,48.50527],[6.17332,48.50528]]]}},{"type":"Feature","properties":{"id":"gerbepal","also":[]},"geometry":{"type":"Polygon","coordinates":[[[6.88104,48.14426],[6.8951,48.15631],[6.92582,48.17014],[6.9494,48.16313],[6.95277,48.159],[6.92396,48.10519],[6.88774,48.11424],[6.88104,48.14426]]]}},{"type":"Feature","properties":{"id":"gerbeviller","also":[]},"geometry":{"type":"Polygon","coordinates":[[[6.5241,48.51307],[6.56424,48.49663],[6.52658,48.47758],[6.49949,48.47543],[6.48657,48.48183],[6.5241,48.51307]]]}},{"type":"Feature","properties":{"id":"germonville","also":[]},"geometry":{"type":"Polygon","coordinates":[[[6.22029,48.42534],[6.22839,48.42103],[6.23424,48.40745],[6.22486,48.39223],[6.20369,48.39771],[6.19829,48.42106],[6.22029,48.42534]]]}},{"type":"Feature","properties":{"id":"geromenil","also":[]},"geometry":{"type":"Polygon","coordinates":[[[6.48203,48.09987],[6.50873,48.109],[6.51276,48.10628],[6.51854,48.07977],[6.4914,48.08711],[6.48203,48.09987]]]}},{"type":"Feature","properties":{"id":"gersbach","also":[]},"geometry":{"type":"Polygon","coordinates":[[[7.48732,49.22478],[7.49422,49.2324],[7.50259,49.23887],[7.58231,49.22866],[7.58044,49.19818],[7.50986,49.18547],[7.50528,49.18677],[7.48732,49.22478]]]}},{"type":"Feature","properties":{"id":"gezoncourt","also":[]},"geometry":{"type":"Polygon","coordinates":[[[5.97763,48.85805],[5.99829,48.86606],[6.01494,48.85604],[6.00239,48.83169],[5.97846,48.81402],[5.9627,48.8131],[5.96532,48.8297],[5.97763,48.85805]]]}},{"type":"Feature","properties":{"id":"gigney","also":[]},"geometry":{"type":"Polygon","coordinates":[[[6.36367,48.23554],[6.36822,48.23209],[6.36309,48.22627],[6.32119,48.22456],[6.31372,48.2366],[6.36367,48.23554]]]}},{"type":"Feature","properties":{"id":"girancourt","also":[]},"geometry":{"type":"Polygon","coordinates":[[[6.31153,48.18129],[6.34073,48.14525],[6.33815,48.1409],[6.29476,48.1505],[6.2903,48.16473],[6.31153,48.18129]]]}},{"type":"Feature","properties":{"id":"girauvoisin","also":[]},"geometry":{"type":"Polygon","coordinates":[[[5.62959,48.81502],[5.64492,48.81504],[5.63655,48.78371],[5.60059,48.79401],[5.60011,48.80139],[5.62959,48.81502]]]}},{"type":"Feature","properties":{"id":"girecourt-sur-durbion","also":[]},"geometry":{"type":"Polygon","coordinates":[[[6.59247,48.26659],[6.61499,48.25761],[6.60881,48.23422],[6.59762,48.23212],[6.57677,48.23564],[6.58726,48.26445],[6.59247,48.26659]]]}},{"type":"Feature","properties":{"id":"giriviller","also":[]},"geometry":{"type":"Polygon","coordinates":[[[6.47916,48.4527],[6.49453,48.45776],[6.50223,48.45093],[6.50217,48.41878],[6.49999,48.41738],[6.47592,48.41879],[6.47916,48.4527]]]}},{"type":"Feature","properties":{"id":"girmont","also":[]},"geometry":{"type":"Polygon","coordinates":[[[6.4306,48.27846],[6.44876,48.27687],[6.46227,48.26867],[6.46673,48.24858],[6.43747,48.24931],[6.41565,48.2662],[6.42167,48.2748],[6.4306,48.27846]]]}},{"type":"Feature","properties":{"id":"gironcourt-sur-vraine","also":[]},"geometry":{"type":"Polygon","coordinates":[[[5.93427,48.32471],[5.95394,48.30831],[5.9529,48.30381],[5.92314,48.29168],[5.91303,48.30581],[5.93427,48.32471]]]}},{"type":"Feature","properties":{"id":"gironville-sous-les-cotes","also":[]},"geometry":{"type":"Polygon","coordinates":[[[5.68674,48.82445],[5.71245,48.79311],[5.65043,48.77084],[5.64663,48.77617],[5.68674,48.82445]]]}},{"type":"Feature","properties":{"id":"girovillers-sous-montfort","also":[]},"geometry":{"type":"Polygon","coordinates":[[[5.9965,48.27311],[6.03096,48.25763],[6.03225,48.24339],[6.03,48.24193],[6.01344,48.24045],[5.99422,48.27073],[5.9965,48.27311]]]}},{"type":"Feature","properties":{"id":"gisingen","also":[]},"geometry":{"type":"Polygon","coordinates":[[[6.65257,49.34643],[6.6841,49.33625],[6.68134,49.32132],[6.64423,49.32552],[6.64326,49.34379],[6.64841,49.34655],[6.65257,49.34643]]]}},{"type":"Feature","properties":{"id":"glonville","also":[]},"geometry":{"type":"Polygon","coordinates":[[[6.66998,48.48405],[6.71075,48.47869],[6.71502,48.46777],[6.68731,48.45572],[6.65886,48.47661],[6.66998,48.48405]]]}},{"type":"Feature","properties":{"id":"goin","also":[]},"geometry":{"type":"Polygon","coordinates":[[[6.19578,48.99236],[6.22302,49.00038],[6.23478,48.99722],[6.25932,48.96571],[6.18813,48.96446],[6.18879,48.97877],[6.19578,48.99236]]]}},{"type":"Feature","properties":{"id":"golbey","also":[]},"geometry":{"type":"Polygon","coordinates":[[[6.42637,48.21649],[6.46082,48.20515],[6.46471,48.19063],[6.42246,48.1783],[6.4038,48.19781],[6.41677,48.21645],[6.42637,48.21649]]]}},{"type":"Feature","properties":{"id":"gomelange","also":[]},"geometry":{"type":"Polygon","coordinates":[[[6.48065,49.25352],[6.48719,49.24968],[6.46894,49.23323],[6.44741,49.23342],[6.44569,49.23447],[6.4457,49.24718],[6.45087,49.25109],[6.48065,49.25352]]]}},{"type":"Feature","properties":{"id":"gondreville","also":[]},"geometry":{"type":"Polygon","coordinates":[[[5.91455,48.7068],[5.94443,48.71526],[5.99342,48.69082],[5.99668,48.68186],[5.93878,48.66965],[5.93558,48.67071],[5.91455,48.7068]]]}},{"type":"Feature","properties":{"id":"gondrexon","also":[]},"geometry":{"type":"Polygon","coordinates":[[[6.76392,48.6225],[6.78237,48.61551],[6.78861,48.60137],[6.76134,48.59419],[6.75033,48.61192],[6.76392,48.6225]]]}},{"type":"Feature","properties":{"id":"gorhey","also":[]},"geometry":{"type":"Polygon","coordinates":[[[6.27165,48.20136],[6.31775,48.19935],[6.31846,48.19373],[6.31223,48.18701],[6.24853,48.18383],[6.24738,48.18628],[6.27165,48.20136]]]}},{"type":"Feature","properties":{"id":"gosselming","also":[]},"geometry":{"type":"Polygon","coordinates":[[[6.97648,48.76718],[6.94263,48.77902],[6.95934,48.83761],[6.9785,48.84345],[7.00488,48.84589],[7.02595,48.8437],[7.04544,48.83799],[7.06202,48.82913],[7.06378,48.82783],[7.04349,48.79845],[6.97648,48.76718]]]}},{"type":"Feature","properties":{"id":"gouecourt","also":[]},"geometry":{"type":"Polygon","coordinates":[[[5.69299,48.41293],[5.72532,48.43271],[5.71398,48.4018],[5.70754,48.39683],[5.69299,48.41293]]]}},{"type":"Feature","properties":{"id":"goviller","also":[]},"geometry":{"type":"Polygon","coordinates":[[[6.01459,48.52572],[6.02972,48.521],[6.03708,48.51559],[6.03794,48.50583],[6.02376,48.48472],[5.99777,48.48605],[5.9897,48.50326],[5.99106,48.51253],[6.01459,48.52572]]]}},{"type":"Feature","properties":{"id":"grand-menil","also":[]},"geometry":{"type":"Polygon","coordinates":[[[5.85885,48.67157],[5.85806,48.66608],[5.76388,48.67949],[5.81904,48.69652],[5.85885,48.67157]]]}},{"type":"Feature","properties":{"id":"grandrupt","also":[]},"geometry":{"type":"Polygon","coordinates":[[[7.06565,48.42543],[7.08102,48.42277],[7.09531,48.41815],[7.10797,48.41176],[7.11851,48.40385],[7.12652,48.39472],[7.1317,48.38473],[7.13388,48.37155],[7.05922,48.35506],[7.01929,48.38639],[7.04831,48.42598],[7.06565,48.42543]]]}},{"type":"Feature","properties":{"id":"grandvezin","also":[]},"geometry":{"type":"Polygon","coordinates":[[[6.43469,48.62696],[6.42614,48.6234],[6.41829,48.62287],[6.39642,48.62944],[6.41994,48.64637],[6.43469,48.62696]]]}},{"type":"Feature","properties":{"id":"grandvillers","also":[]},"geometry":{"type":"Polygon","coordinates":[[[6.67193,48.25497],[6.6969,48.24632],[6.69581,48.22898],[6.68249,48.21777],[6.66756,48.2118],[6.64108,48.23839],[6.64431,48.249],[6.67193,48.25497]]]}},{"type":"Feature","properties":{"id":"granges-de-plombieres","also":[]},"geometry":{"type":"Polygon","coordinates":[[[6.4559,48.0129],[6.45003,47.94064],[6.42465,47.92567],[6.37565,47.93603],[6.36651,47.94735],[6.36144,47.96102],[6.36276,47.97859],[6.36748,47.98847],[6.38039,47.99757],[6.4559,48.0129]]]}},{"type":"Feature","properties":{"id":"granges-sur-vologne","also":[]},"geometry":{"type":"Polygon","coordinates":[[[6.76386,48.15112],[6.80248,48.16216],[6.8084,48.16068],[6.8161,48.15569],[6.80537,48.09331],[6.80118,48.0926],[6.76386,48.15112]]]}},{"type":"Feature","properties":{"id":"grening","also":[]},"geometry":{"type":"Polygon","coordinates":[[[6.86114,48.97636],[6.84033,48.94888],[6.8115,48.97894],[6.84097,48.98583],[6.86114,48.97636]]]}},{"type":"Feature","properties":{"id":"gresaubach","also":[]},"geometry":{"type":"Polygon","coordinates":[[[6.92028,49.46351],[6.92609,49.46165],[6.92985,49.45086],[6.92157,49.44052],[6.88811,49.42986],[6.86797,49.46101],[6.86712,49.46452],[6.92028,49.46351]]]}},{"type":"Feature","properties":{"id":"griesborn","also":[]},"geometry":{"type":"Polygon","coordinates":[[[6.89988,49.3264],[6.90509,49.31249],[6.90457,49.29841],[6.89616,49.28171],[6.88378,49.27018],[6.87437,49.26448],[6.84798,49.26037],[6.80306,49.27353],[6.79327,49.30911],[6.89988,49.3264]]]}},{"type":"Feature","properties":{"id":"grimonviller","also":[]},"geometry":{"type":"Polygon","coordinates":[[[6.01733,48.39456],[6.02767,48.38537],[6.01531,48.37123],[5.99202,48.36835],[5.96801,48.38402],[5.95978,48.39635],[6.01733,48.39456]]]}},{"type":"Feature","properties":{"id":"grindorf","also":[]},"geometry":{"type":"Polygon","coordinates":[[[6.51361,49.3969],[6.51981,49.39532],[6.52522,49.36667],[6.50341,49.3523],[6.4869,49.37212],[6.51361,49.3969]]]}},{"type":"Feature","properties":{"id":"gripport","also":[]},"geometry":{"type":"Polygon","coordinates":[[[6.27279,48.4232],[6.26287,48.40469],[6.23424,48.40745],[6.22839,48.42103],[6.26396,48.42706],[6.27279,48.4232]]]}},{"type":"Feature","properties":{"id":"griscourt","also":[]},"geometry":{"type":"Polygon","coordinates":[[[6.03855,48.84851],[6.04425,48.82653],[6.00239,48.83169],[6.01494,48.85604],[6.03855,48.84851]]]}},{"type":"Feature","properties":{"id":"gronig","also":[]},"geometry":{"type":"Polygon","coordinates":[[[7.08384,49.51238],[7.04995,49.52632],[7.08677,49.53696],[7.09558,49.51574],[7.08384,49.51238]]]}},{"type":"Feature","properties":{"id":"grosbliederstroff","also":[]},"geometry":{"type":"Polygon","coordinates":[[[7.02698,49.17098],[7.03755,49.14677],[7.02819,49.1394],[6.99901,49.15596],[7.02698,49.17098]]]}},{"type":"Feature","properties":{"id":"grosrederching","also":[]},"geometry":{"type":"Polygon","coordinates":[[[7.21088,49.09311],[7.22586,49.0933],[7.23327,49.05157],[7.21865,49.04473],[7.18699,49.06461],[7.21088,49.09311]]]}},{"type":"Feature","properties":{"id":"grosshemmersdorf","also":[]},"geometry":{"type":"Polygon","coordinates":[[[6.62273,49.37432],[6.62562,49.37241],[6.61737,49.34108],[6.61385,49.33987],[6.59153,49.35644],[6.59489,49.3612],[6.62273,49.37432]]]}},{"type":"Feature","properties":{"id":"grundviller","also":[]},"geometry":{"type":"Polygon","coordinates":[[[6.95371,49.0575],[7.02554,49.03655],[7.02143,49.0336],[6.97673,49.03327],[6.955,49.03995],[6.94962,49.04873],[6.95371,49.0575]]]}},{"type":"Feature","properties":{"id":"gudesweiler","also":[]},"geometry":{"type":"Polygon","coordinates":[[[7.1178,49.55741],[7.12352,49.50946],[7.09558,49.51574],[7.08677,49.53696],[7.1178,49.55741]]]}},{"type":"Feature","properties":{"id":"guebcnbausen","also":[]},"geometry":{"type":"Polygon","coordinates":[[[6.93449,49.09175],[6.94648,49.09204],[6.97025,49.08654],[6.97754,49.08264],[6.95335,49.05891],[6.92522,49.06651],[6.92545,49.07143],[6.93449,49.09175]]]}},{"type":"Feature","properties":{"id":"guebestroff","also":[]},"geometry":{"type":"Polygon","coordinates":[[[6.69402,48.85471],[6.71693,48.85872],[6.73716,48.82417],[6.73424,48.82182],[6.71313,48.8214],[6.69134,48.8508],[6.69402,48.85471]]]}},{"type":"Feature","properties":{"id":"gueblange-les-dieuze","also":[]},"geometry":{"type":"Polygon","coordinates":[[[6.70324,48.79515],[6.72042,48.79124],[6.72682,48.78639],[6.72724,48.78527],[6.70347,48.75891],[6.67452,48.76956],[6.67258,48.77327],[6.70324,48.79515]]]}},{"type":"Feature","properties":{"id":"guenviller","also":[]},"geometry":{"type":"Polygon","coordinates":[[[6.79104,49.11765],[6.81013,49.12151],[6.82446,49.08968],[6.80226,49.07548],[6.79178,49.07584],[6.77409,49.09195],[6.76944,49.10752],[6.79104,49.11765]]]}},{"type":"Feature","properties":{"id":"guermange","also":[]},"geometry":{"type":"Polygon","coordinates":[[[6.84055,48.81251],[6.85419,48.79456],[6.86309,48.76537],[6.78541,48.78828],[6.78015,48.80085],[6.78301,48.80683],[6.84055,48.81251]]]}},{"type":"Feature","properties":{"id":"guerstling","also":[]},"geometry":{"type":"Polygon","coordinates":[[[6.59454,49.33146],[6.58978,49.3197],[6.5634,49.31396],[6.55646,49.33708],[6.56681,49.34114],[6.59454,49.33146]]]}},{"type":"Feature","properties":{"id":"guerting","also":[]},"geometry":{"type":"Polygon","coordinates":[[[6.60129,49.20508],[6.62246,49.20808],[6.64666,49.20289],[6.63209,49.18248],[6.59756,49.17504],[6.59092,49.18176],[6.60129,49.20508]]]}},{"type":"Feature","properties":{"id":"guessling","also":[]},"geometry":{"type":"Polygon","coordinates":[[[6.64226,49.02982],[6.6651,49.03988],[6.66904,49.00294],[6.652,49.00523],[6.64092,49.01237],[6.64226,49.02982]]]}},{"type":"Feature","properties":{"id":"gugnecourt","also":[]},"geometry":{"type":"Polygon","coordinates":[[[6.63845,48.25245],[6.64431,48.249],[6.64108,48.23839],[6.61572,48.23261],[6.60881,48.23422],[6.61499,48.25761],[6.63845,48.25245]]]}},{"type":"Feature","properties":{"id":"gugney","also":[]},"geometry":{"type":"Polygon","coordinates":[[[6.0708,48.40341],[6.06849,48.38419],[6.06024,48.38139],[6.04764,48.38685],[6.04792,48.39876],[6.0708,48.40341]]]}},{"type":"Feature","properties":{"id":"gugney-aux-aulx","also":[]},"geometry":{"type":"Polygon","coordinates":[[[6.25407,48.31968],[6.26103,48.31942],[6.28389,48.31131],[6.28944,48.30521],[6.2884,48.30081],[6.26129,48.28599],[6.254,48.29081],[6.25407,48.31968]]]}},{"type":"Feature","properties":{"id":"guinglange","also":[]},"geometry":{"type":"Polygon","coordinates":[[[6.50034,49.09651],[6.55869,49.08906],[6.56261,49.0852],[6.50459,49.04235],[6.48135,49.03904],[6.46629,49.07984],[6.50034,49.09651]]]}},{"type":"Feature","properties":{"id":"guinzeling","also":[]},"geometry":{"type":"Polygon","coordinates":[[[6.81537,48.88566],[6.83336,48.89556],[6.90148,48.88938],[6.87878,48.87608],[6.8387,48.86697],[6.82153,48.87499],[6.81537,48.88566]]]}},{"type":"Feature","properties":{"id":"guirlange","also":[]},"geometry":{"type":"Polygon","coordinates":[[[6.46894,49.23323],[6.47682,49.22995],[6.47438,49.21559],[6.45471,49.21607],[6.44741,49.23342],[6.46894,49.23323]]]}},{"type":"Feature","properties":{"id":"guising","also":[]},"geometry":{"type":"Polygon","coordinates":[[[7.26635,49.08388],[7.28172,49.06767],[7.28291,49.05845],[7.25512,49.05844],[7.2512,49.08365],[7.26635,49.08388]]]}},{"type":"Feature","properties":{"id":"gumenil","also":[]},"geometry":{"type":"Polygon","coordinates":[[[6.50873,48.109],[6.48203,48.09987],[6.47339,48.10142],[6.46663,48.12822],[6.494,48.13804],[6.50873,48.109]]]}},{"type":"Feature","properties":{"id":"habaurupt","also":[]},"geometry":{"type":"Polygon","coordinates":[[[6.99963,48.12083],[6.98444,48.15349],[6.99766,48.16088],[7.00722,48.1603],[7.05529,48.12757],[6.99963,48.12083]]]}},{"type":"Feature","properties":{"id":"hadigny-les-verrieres","also":[]},"geometry":{"type":"Polygon","coordinates":[[[6.48496,48.33869],[6.48089,48.30551],[6.46616,48.30454],[6.43156,48.32782],[6.45797,48.34122],[6.48496,48.33869]]]}},{"type":"Feature","properties":{"id":"hadol","also":[]},"geometry":{"type":"Polygon","coordinates":[[[6.48203,48.09987],[6.4914,48.08711],[6.44453,48.07854],[6.45401,48.08953],[6.47339,48.10142],[6.48203,48.09987]]]}},{"type":"Feature","properties":{"id":"hagecourt","also":[]},"geometry":{"type":"Polygon","coordinates":[[[6.15019,48.24308],[6.17946,48.24132],[6.18613,48.23639],[6.18269,48.22285],[6.14896,48.22078],[6.13478,48.22431],[6.12812,48.23299],[6.15019,48.24308]]]}},{"type":"Feature","properties":{"id":"hageville","also":[]},"geometry":{"type":"Polygon","coordinates":[[[5.87218,49.04768],[5.89693,49.02379],[5.86747,49.01594],[5.82132,49.0356],[5.87218,49.04768]]]}},{"type":"Feature","properties":{"id":"haigneville","also":[]},"geometry":{"type":"Polygon","coordinates":[[[6.32924,48.49893],[6.34186,48.50209],[6.35113,48.47882],[6.33517,48.47422],[6.32155,48.4886],[6.32924,48.49893]]]}},{"type":"Feature","properties":{"id":"haillainville","also":[]},"geometry":{"type":"Polygon","coordinates":[[[6.49999,48.41738],[6.51689,48.39034],[6.48788,48.3751],[6.46084,48.38006],[6.47619,48.41869],[6.49999,48.41738]]]}},{"type":"Feature","properties":{"id":"halloville","also":[]},"geometry":{"type":"Polygon","coordinates":[[[6.8791,48.57192],[6.86665,48.54245],[6.84819,48.53306],[6.82709,48.53593],[6.83331,48.55674],[6.8791,48.57192]]]}},{"type":"Feature","properties":{"id":"halstroff","also":[]},"geometry":{"type":"Polygon","coordinates":[[[6.46978,49.39707],[6.51361,49.3969],[6.4869,49.37212],[6.4637,49.38011],[6.45794,49.386],[6.45991,49.39022],[6.46978,49.39707]]]}},{"type":"Feature","properties":{"id":"ham-sous-varsberg","also":[]},"geometry":{"type":"Polygon","coordinates":[[[6.70301,49.20834],[6.71225,49.20517],[6.67563,49.1467],[6.66837,49.1471],[6.63209,49.18248],[6.64666,49.20289],[6.70301,49.20834]]]}},{"type":"Feature","properties":{"id":"hamauxard","also":[]},"geometry":{"type":"Polygon","coordinates":[[[6.51099,47.93405],[6.58561,47.93195],[6.59075,47.9298],[6.59409,47.89876],[6.58882,47.89175],[6.5794,47.88326],[6.55887,47.87237],[6.54443,47.86818],[6.52906,47.86597],[6.50298,47.86687],[6.48067,47.87262],[6.47219,47.88579],[6.51099,47.93405]]]}},{"type":"Feature","properties":{"id":"hammeville","also":[]},"geometry":{"type":"Polygon","coordinates":[[[6.07989,48.51513],[6.08637,48.50021],[6.06918,48.48721],[6.06481,48.48723],[6.03794,48.50583],[6.03708,48.51559],[6.07989,48.51513]]]}},{"type":"Feature","properties":{"id":"hamonville","also":[]},"geometry":{"type":"Polygon","coordinates":[[[5.81658,48.86212],[5.84175,48.8658],[5.87394,48.84406],[5.87954,48.82146],[5.84112,48.80244],[5.78388,48.79156],[5.7676,48.83701],[5.78816,48.85404],[5.79515,48.85714],[5.81658,48.86212]]]}},{"type":"Feature","properties":{"id":"hampont","also":[]},"geometry":{"type":"Polygon","coordinates":[[[6.58801,48.86122],[6.61445,48.82916],[6.6057,48.82102],[6.58863,48.81635],[6.54682,48.82491],[6.5461,48.82774],[6.58801,48.86122]]]}},{"type":"Feature","properties":{"id":"hannonville-sous-les-cotes","also":[]},"geometry":{"type":"Polygon","coordinates":[[[5.65347,49.05336],[5.68899,49.05838],[5.67482,49.02486],[5.65057,49.01432],[5.64036,49.01892],[5.63778,49.02526],[5.65347,49.05336]]]}},{"type":"Feature","properties":{"id":"hanviller-les-bitche","also":[]},"geometry":{"type":"Polygon","coordinates":[[[7.45197,49.11382],[7.48108,49.11032],[7.48439,49.10711],[7.48384,49.10115],[7.44671,49.07863],[7.43216,49.09211],[7.45197,49.11382]]]}},{"type":"Feature","properties":{"id":"haplemont","also":[]},"geometry":{"type":"Polygon","coordinates":[[[6.14388,48.49467],[6.16464,48.48472],[6.16679,48.47596],[6.158,48.47135],[6.12987,48.48662],[6.13312,48.49065],[6.14388,48.49467]]]}},{"type":"Feature","properties":{"id":"happoncourt","also":[]},"geometry":{"type":"Polygon","coordinates":[[[5.72717,48.43626],[5.72532,48.43271],[5.69299,48.41293],[5.66132,48.43414],[5.72717,48.43626]]]}},{"type":"Feature","properties":{"id":"haraucourt","also":[]},"geometry":{"type":"Polygon","coordinates":[[[6.57168,48.71853],[6.55041,48.7061],[6.51406,48.74703],[6.5208,48.75551],[6.57168,48.71853]]]}},{"type":"Feature","properties":{"id":"haraucourt-sur-seille","also":[]},"geometry":{"type":"Polygon","coordinates":[[[6.6057,48.82102],[6.62622,48.79797],[6.58326,48.78979],[6.58863,48.81635],[6.6057,48.82102]]]}},{"type":"Feature","properties":{"id":"harchechamp","also":[]},"geometry":{"type":"Polygon","coordinates":[[[5.78988,48.40478],[5.77302,48.36316],[5.74913,48.37982],[5.75178,48.3837],[5.78988,48.40478]]]}},{"type":"Feature","properties":{"id":"hardancourt","also":[]},"geometry":{"type":"Polygon","coordinates":[[[6.56018,48.39494],[6.58896,48.37182],[6.56046,48.36112],[6.548,48.39101],[6.56018,48.39494]]]}},{"type":"Feature","properties":{"id":"hareville","also":[]},"geometry":{"type":"Polygon","coordinates":[[[5.99783,48.2201],[6.03609,48.20353],[5.97736,48.18996],[5.97314,48.21325],[5.99783,48.2201]]]}},{"type":"Feature","properties":{"id":"hargarien-aux-mines","also":[]},"geometry":{"type":"Polygon","coordinates":[[[6.62352,49.2319],[6.62246,49.20808],[6.60129,49.20508],[6.5807,49.21727],[6.58653,49.23384],[6.62352,49.2319]]]}},{"type":"Feature","properties":{"id":"hargarten","also":[]},"geometry":{"type":"Polygon","coordinates":[[[6.70358,49.50498],[6.72999,49.50862],[6.76344,49.49852],[6.75015,49.45301],[6.70947,49.444],[6.68101,49.49221],[6.68278,49.49725],[6.70358,49.50498]]]}},{"type":"Feature","properties":{"id":"hargarten-les-laumelsfeld","also":[]},"geometry":{"type":"Polygon","coordinates":[[[6.4869,49.37212],[6.50315,49.35128],[6.48609,49.35174],[6.45393,49.3616],[6.4637,49.38011],[6.4869,49.37212]]]}},{"type":"Feature","properties":{"id":"harlingen","also":[]},"geometry":{"type":"Polygon","coordinates":[[[6.63951,49.41112],[6.64071,49.43036],[6.65871,49.43478],[6.67318,49.42603],[6.63951,49.41112]]]}},{"type":"Feature","properties":{"id":"harol","also":[]},"geometry":{"type":"Polygon","coordinates":[[[6.24793,48.1774],[6.26505,48.14816],[6.22221,48.13568],[6.2046,48.15111],[6.24793,48.1774]]]}},{"type":"Feature","properties":{"id":"haroue","also":[]},"geometry":{"type":"Polygon","coordinates":[[[6.16679,48.47596],[6.18867,48.47937],[6.19859,48.47345],[6.18561,48.45967],[6.15943,48.4717],[6.16679,48.47596]]]}},{"type":"Feature","properties":{"id":"harprich","also":[]},"geometry":{"type":"Polygon","coordinates":[[[6.67281,48.97707],[6.67397,48.95987],[6.65726,48.9408],[6.62827,48.94655],[6.63528,48.97065],[6.67281,48.97707]]]}},{"type":"Feature","properties":{"id":"haspeilseheidt","also":[]},"geometry":{"type":"Polygon","coordinates":[[[7.48384,49.10115],[7.53677,49.07187],[7.52624,49.05575],[7.51558,49.05286],[7.45133,49.05053],[7.44671,49.07863],[7.48384,49.10115]]]}},{"type":"Feature","properties":{"id":"hattonchatel","also":[]},"geometry":{"type":"Polygon","coordinates":[[[5.70657,49.00231],[5.71096,48.96562],[5.67169,48.98537],[5.70657,49.00231]]]}},{"type":"Feature","properties":{"id":"hattonville","also":[]},"geometry":{"type":"Polygon","coordinates":[[[5.70657,49.00231],[5.70908,49.00515],[5.72653,49.01534],[5.75407,49.01155],[5.74104,48.95157],[5.7358,48.9482],[5.71096,48.96562],[5.70657,49.00231]]]}},{"type":"Feature","properties":{"id":"haucourt-la-rigole","also":[]},"geometry":{"type":"Polygon","coordinates":[[[5.68105,49.27344],[5.67002,49.27883],[5.65906,49.28659],[5.65062,49.29561],[5.64503,49.30553],[5.64251,49.31598],[5.64316,49.32654],[5.64695,49.33683],[5.65374,49.34643],[5.66327,49.35499],[5.67517,49.36217],[5.69393,49.36913],[5.7148,49.37268],[5.73304,49.3728],[5.75876,49.29964],[5.68105,49.27344]]]}},{"type":"Feature","properties":{"id":"haudonville","also":[]},"geometry":{"type":"Polygon","coordinates":[[[6.50189,48.52659],[6.5241,48.51307],[6.48657,48.48183],[6.47669,48.48505],[6.47638,48.51318],[6.50189,48.52659]]]}},{"type":"Feature","properties":{"id":"haupersweiler","also":[]},"geometry":{"type":"Polygon","coordinates":[[[7.27948,49.52372],[7.29931,49.46263],[7.29494,49.46171],[7.22266,49.47381],[7.22353,49.48926],[7.23722,49.50903],[7.27948,49.52372]]]}},{"type":"Feature","properties":{"id":"haussonville","also":[]},"geometry":{"type":"Polygon","coordinates":[[[6.32916,48.54467],[6.35084,48.54309],[6.35409,48.53544],[6.34229,48.52235],[6.3064,48.52079],[6.30068,48.52298],[6.3016,48.53714],[6.30487,48.53896],[6.32916,48.54467]]]}},{"type":"Feature","properties":{"id":"haute-seille","also":[]},"geometry":{"type":"Polygon","coordinates":[[[6.92466,48.64313],[6.94423,48.64184],[6.95938,48.63852],[6.96817,48.63549],[6.98785,48.62454],[6.99783,48.61501],[7.00403,48.60527],[7.00725,48.59491],[7.00715,48.58306],[6.93222,48.55482],[6.89951,48.57194],[6.92466,48.64313]]]}},{"type":"Feature","properties":{"id":"hazelbourg","also":[]},"geometry":{"type":"Polygon","coordinates":[[[7.1971,48.72294],[7.28633,48.68572],[7.28293,48.67015],[7.27422,48.65729],[7.26455,48.64887],[7.25259,48.64186],[7.2388,48.63653],[7.22372,48.63308],[7.20791,48.63165],[7.19198,48.63228],[7.17656,48.63497],[7.16221,48.63959],[7.14572,48.64847],[7.13216,48.66124],[7.15999,48.70465],[7.1971,48.72294]]]}},{"type":"Feature","properties":{"id":"heckenransbach","also":[]},"geometry":{"type":"Polygon","coordinates":[[[6.97754,49.08264],[7.01688,49.08236],[7.0369,49.04181],[7.02554,49.03655],[6.95371,49.0575],[6.95335,49.05891],[6.97754,49.08264]]]}},{"type":"Feature","properties":{"id":"heckling","also":[]},"geometry":{"type":"Polygon","coordinates":[[[6.50646,49.3145],[6.5626,49.31275],[6.56631,49.29695],[6.55749,49.29462],[6.50352,49.30354],[6.49963,49.30711],[6.50646,49.3145]]]}},{"type":"Feature","properties":{"id":"heillecourt","also":[]},"geometry":{"type":"Polygon","coordinates":[[[6.18607,48.66531],[6.21222,48.65724],[6.2149,48.64134],[6.19291,48.63797],[6.1808,48.65419],[6.18415,48.665],[6.18607,48.66531]]]}},{"type":"Feature","properties":{"id":"heining","also":[]},"geometry":{"type":"Polygon","coordinates":[[[6.58978,49.3197],[6.6007,49.31445],[6.60035,49.30176],[6.58209,49.2933],[6.5753,49.2925],[6.56631,49.29695],[6.5634,49.31396],[6.58978,49.3197]]]}},{"type":"Feature","properties":{"id":"hellendorf","also":[]},"geometry":{"type":"Polygon","coordinates":[[[6.4239,49.48401],[6.43839,49.49943],[6.48328,49.49012],[6.48241,49.48825],[6.45175,49.46768],[6.43694,49.47324],[6.4239,49.48401]]]}},{"type":"Feature","properties":{"id":"hellimer","also":[]},"geometry":{"type":"Polygon","coordinates":[[[6.82292,49.01292],[6.84472,48.99157],[6.84097,48.98583],[6.8115,48.97894],[6.79787,48.98229],[6.80628,49.00857],[6.80842,49.01085],[6.82292,49.01292]]]}},{"type":"Feature","properties":{"id":"helstroff","also":[]},"geometry":{"type":"Polygon","coordinates":[[[6.46455,49.16302],[6.51885,49.1406],[6.51141,49.13571],[6.486,49.13596],[6.45964,49.14643],[6.46075,49.16018],[6.46455,49.16302]]]}},{"type":"Feature","properties":{"id":"hemering","also":[]},"geometry":{"type":"Polygon","coordinates":[[[6.6651,49.03988],[6.66667,49.04126],[6.68123,49.04344],[6.72075,49.00421],[6.7181,48.99863],[6.69372,48.99566],[6.66904,49.00294],[6.6651,49.03988]]]}},{"type":"Feature","properties":{"id":"heming","also":[]},"geometry":{"type":"Polygon","coordinates":[[[7.00422,48.69792],[7.0073,48.69327],[6.96259,48.64029],[6.94878,48.64151],[6.93363,48.64482],[6.91974,48.65003],[6.90766,48.65693],[6.89783,48.66527],[6.89065,48.67471],[6.88639,48.6849],[6.8852,48.69545],[6.88972,48.71185],[6.96344,48.71653],[7.00422,48.69792]]]}},{"type":"Feature","properties":{"id":"henamenil","also":[]},"geometry":{"type":"Polygon","coordinates":[[[6.55155,48.68782],[6.57832,48.67889],[6.5937,48.65441],[6.54277,48.66888],[6.54485,48.68316],[6.55155,48.68782]]]}},{"type":"Feature","properties":{"id":"hennecourt","also":[]},"geometry":{"type":"Polygon","coordinates":[[[6.28033,48.2218],[6.31744,48.19945],[6.27165,48.20136],[6.27806,48.22016],[6.28033,48.2218]]]}},{"type":"Feature","properties":{"id":"hennezel-darney","also":[]},"geometry":{"type":"Polygon","coordinates":[[[6.13866,48.0818],[6.19517,48.04048],[6.18663,48.02692],[6.1234,48.00624],[6.0749,48.05331],[6.07706,48.06099],[6.13866,48.0818]]]}},{"type":"Feature","properties":{"id":"herbaupaire","also":[]},"geometry":{"type":"Polygon","coordinates":[[[7.0922,48.30084],[7.10125,48.27815],[7.07691,48.29286],[7.08618,48.29923],[7.0922,48.30084]]]}},{"type":"Feature","properties":{"id":"herbeuville","also":[]},"geometry":{"type":"Polygon","coordinates":[[[5.65347,49.05336],[5.63778,49.02526],[5.61871,49.04176],[5.62025,49.0624],[5.65347,49.05336]]]}},{"type":"Feature","properties":{"id":"herbeviller","also":[]},"geometry":{"type":"Polygon","coordinates":[[[6.77906,48.56336],[6.78126,48.55181],[6.75115,48.5376],[6.73164,48.56177],[6.77906,48.56336]]]}},{"type":"Feature","properties":{"id":"herchweiler","also":[]},"geometry":{"type":"Polygon","coordinates":[[[7.34925,49.5559],[7.36575,49.54199],[7.37449,49.52537],[7.37456,49.50779],[7.36595,49.49113],[7.34958,49.47715],[7.3272,49.46733],[7.31186,49.4639],[7.29931,49.46263],[7.27948,49.52372],[7.29597,49.54766],[7.3289,49.56495],[7.34925,49.5559]]]}},{"type":"Feature","properties":{"id":"hergugney","also":[]},"geometry":{"type":"Polygon","coordinates":[[[6.20369,48.39771],[6.22486,48.39223],[6.2264,48.38892],[6.20003,48.37826],[6.18923,48.38362],[6.19278,48.39506],[6.20369,48.39771]]]}},{"type":"Feature","properties":{"id":"herimenil","also":[]},"geometry":{"type":"Polygon","coordinates":[[[6.4812,48.57081],[6.48068,48.57588],[6.51042,48.57762],[6.51857,48.5625],[6.49951,48.54101],[6.49322,48.54396],[6.4812,48.57081]]]}},{"type":"Feature","properties":{"id":"herival","also":[]},"geometry":{"type":"Polygon","coordinates":[[[6.53971,48.00481],[6.59658,47.99407],[6.61824,47.95198],[6.59075,47.9298],[6.58561,47.93195],[6.51452,47.98879],[6.5109,48.00608],[6.53971,48.00481]]]}},{"type":"Feature","properties":{"id":"herpelmont","also":[]},"geometry":{"type":"Polygon","coordinates":[[[6.73702,48.18455],[6.75775,48.17153],[6.75495,48.15392],[6.71948,48.14768],[6.70703,48.16024],[6.7078,48.16219],[6.73702,48.18455]]]}},{"type":"Feature","properties":{"id":"hesse","also":[]},"geometry":{"type":"Polygon","coordinates":[[[7.05773,48.71469],[7.07869,48.70302],[7.10538,48.66187],[7.0073,48.69327],[7.00723,48.69492],[7.05289,48.71502],[7.05773,48.71469]]]}},{"type":"Feature","properties":{"id":"hesseling","also":[]},"geometry":{"type":"Polygon","coordinates":[[[7.01745,49.19236],[7.01928,49.18639],[6.98683,49.16678],[6.98545,49.16853],[7.01745,49.19236]]]}},{"type":"Feature","properties":{"id":"hestroff","also":[]},"geometry":{"type":"Polygon","coordinates":[[[6.42676,49.27702],[6.43049,49.27698],[6.45046,49.26141],[6.45087,49.25109],[6.4457,49.24718],[6.43825,49.2493],[6.4115,49.26156],[6.42676,49.27702]]]}},{"type":"Feature","properties":{"id":"hilbringen","also":[]},"geometry":{"type":"Polygon","coordinates":[[[6.62626,49.44999],[6.62839,49.4322],[6.61187,49.42778],[6.60297,49.43086],[6.60597,49.44187],[6.62626,49.44999]]]}},{"type":"Feature","properties":{"id":"hilst","also":[]},"geometry":{"type":"Polygon","coordinates":[[[7.54903,49.12663],[7.53804,49.10478],[7.51584,49.11398],[7.52531,49.1365],[7.54903,49.12663]]]}},{"type":"Feature","properties":{"id":"hinckange","also":[]},"geometry":{"type":"Polygon","coordinates":[[[6.44616,49.20489],[6.45466,49.20013],[6.45039,49.17928],[6.42895,49.17856],[6.41653,49.18181],[6.43416,49.20295],[6.44616,49.20489]]]}},{"type":"Feature","properties":{"id":"hobling","also":[]},"geometry":{"type":"Polygon","coordinates":[[[6.42615,49.30177],[6.45852,49.2869],[6.43049,49.27698],[6.42676,49.27702],[6.41974,49.2836],[6.41976,49.29754],[6.42615,49.30177]]]}},{"type":"Feature","properties":{"id":"hoelling","also":[]},"geometry":{"type":"Polygon","coordinates":[[[7.28172,49.06767],[7.30447,49.09021],[7.3298,49.07755],[7.30613,49.04695],[7.28291,49.05845],[7.28172,49.06767]]]}},{"type":"Feature","properties":{"id":"hoeville","also":[]},"geometry":{"type":"Polygon","coordinates":[[[6.44442,48.73085],[6.45769,48.72504],[6.46345,48.70914],[6.43109,48.68586],[6.42666,48.68731],[6.39145,48.72136],[6.44442,48.73085]]]}},{"type":"Feature","properties":{"id":"holbach","also":[]},"geometry":{"type":"Polygon","coordinates":[[[7.3298,49.07755],[7.36302,49.08333],[7.38463,49.05624],[7.30671,49.04538],[7.30613,49.04695],[7.3298,49.07755]]]}},{"type":"Feature","properties":{"id":"holling","also":[]},"geometry":{"type":"Polygon","coordinates":[[[6.48208,49.27026],[6.49429,49.27172],[6.51929,49.25599],[6.48958,49.24907],[6.48065,49.25352],[6.48208,49.27026]]]}},{"type":"Feature","properties":{"id":"holving","also":[]},"geometry":{"type":"Polygon","coordinates":[[[6.96702,49.01472],[6.99079,49.00511],[6.96127,48.97679],[6.93749,48.98298],[6.91933,48.99995],[6.96702,49.01472]]]}},{"type":"Feature","properties":{"id":"hombourg-bas","also":[]},"geometry":{"type":"Polygon","coordinates":[[[6.8163,49.12882],[6.81013,49.12151],[6.79104,49.11765],[6.76617,49.14869],[6.77725,49.15796],[6.8163,49.12882]]]}},{"type":"Feature","properties":{"id":"hombourg-haut","also":[]},"geometry":{"type":"Polygon","coordinates":[[[6.76617,49.14869],[6.79104,49.11765],[6.76944,49.10752],[6.73332,49.12857],[6.76617,49.14869]]]}},{"type":"Feature","properties":{"id":"hombourg-sur-kaner","also":[]},"geometry":{"type":"Polygon","coordinates":[[[6.37529,49.30855],[6.37678,49.305],[6.37329,49.28562],[6.32555,49.28685],[6.32706,49.29916],[6.37529,49.30855]]]}},{"type":"Feature","properties":{"id":"hommarting","also":[]},"geometry":{"type":"Polygon","coordinates":[[[7.13943,48.79241],[7.15082,48.79244],[7.19859,48.73934],[7.1971,48.72294],[7.15999,48.70465],[7.11356,48.73396],[7.10254,48.75472],[7.13943,48.79241]]]}},{"type":"Feature","properties":{"id":"honvillc","also":[]},"geometry":{"type":"Polygon","coordinates":[[[7.07719,48.24975],[7.08305,48.2488],[7.08232,48.21909],[7.06227,48.23114],[7.07719,48.24975]]]}},{"type":"Feature","properties":{"id":"hoste","also":[]},"geometry":{"type":"Polygon","coordinates":[[[6.87029,49.08519],[6.8909,49.08121],[6.90237,49.06321],[6.86647,49.04712],[6.86161,49.04717],[6.87029,49.08519]]]}},{"type":"Feature","properties":{"id":"houdelmont","also":[]},"geometry":{"type":"Polygon","coordinates":[[[6.08407,48.56313],[6.11039,48.53699],[6.10846,48.52328],[6.08349,48.51752],[6.07273,48.54931],[6.07764,48.55768],[6.08407,48.56313]]]}},{"type":"Feature","properties":{"id":"houdemont","also":[]},"geometry":{"type":"Polygon","coordinates":[[[6.14541,48.64294],[6.1808,48.65419],[6.19291,48.63797],[6.18121,48.63084],[6.14886,48.63841],[6.14541,48.64294]]]}},{"type":"Feature","properties":{"id":"houdreville","also":[]},"geometry":{"type":"Polygon","coordinates":[[[6.10846,48.52328],[6.11991,48.518],[6.12044,48.51073],[6.09574,48.49684],[6.08637,48.50021],[6.07989,48.51513],[6.08349,48.51752],[6.10846,48.52328]]]}},{"type":"Feature","properties":{"id":"houecourt","also":[]},"geometry":{"type":"Polygon","coordinates":[[[5.89462,48.3139],[5.91303,48.30581],[5.92314,48.29168],[5.91882,48.27977],[5.89548,48.28147],[5.87421,48.30995],[5.88034,48.31314],[5.89462,48.3139]]]}},{"type":"Feature","properties":{"id":"houeville","also":[]},"geometry":{"type":"Polygon","coordinates":[[[5.79856,48.37981],[5.83615,48.38107],[5.82014,48.36407],[5.79589,48.35602],[5.77984,48.35492],[5.77755,48.35872],[5.79856,48.37981]]]}},{"type":"Feature","properties":{"id":"hudiviller","also":[]},"geometry":{"type":"Polygon","coordinates":[[[6.40092,48.61037],[6.41684,48.59254],[6.41558,48.57801],[6.37046,48.58125],[6.36191,48.60413],[6.37175,48.61295],[6.40092,48.61037]]]}},{"type":"Feature","properties":{"id":"hulzweiler","also":[]},"geometry":{"type":"Polygon","coordinates":[[[6.88727,49.34963],[6.89484,49.33991],[6.89988,49.3264],[6.79327,49.30911],[6.78946,49.31321],[6.79412,49.33446],[6.88727,49.34963]]]}},{"type":"Feature","properties":{"id":"hundling","also":[]},"geometry":{"type":"Polygon","coordinates":[[[6.97029,49.11206],[6.99504,49.12115],[7.02394,49.11247],[7.02578,49.09342],[7.01688,49.08236],[6.97754,49.08264],[6.97025,49.08654],[6.97029,49.11206]]]}},{"type":"Feature","properties":{"id":"hurbache","also":[]},"geometry":{"type":"Polygon","coordinates":[[[6.95457,48.35515],[6.94183,48.32958],[6.92736,48.33183],[6.90078,48.35689],[6.94605,48.3598],[6.95457,48.35515]]]}},{"type":"Feature","properties":{"id":"hymont","also":[]},"geometry":{"type":"Polygon","coordinates":[[[6.15802,48.27555],[6.15304,48.25894],[6.14825,48.25712],[6.12624,48.25648],[6.12094,48.26751],[6.15496,48.27755],[6.15802,48.27555]]]}},{"type":"Feature","properties":{"id":"igncy","also":[]},"geometry":{"type":"Polygon","coordinates":[[[6.38706,48.28996],[6.42167,48.2748],[6.41565,48.2662],[6.39766,48.25827],[6.371,48.26887],[6.38706,48.28996]]]}},{"type":"Feature","properties":{"id":"igney","also":[]},"geometry":{"type":"Polygon","coordinates":[[[6.8872,48.65736],[6.89196,48.64913],[6.8794,48.63869],[6.81974,48.61969],[6.80559,48.62326],[6.79647,48.6397],[6.8872,48.65736]]]}},{"type":"Feature","properties":{"id":"ihn","also":[]},"geometry":{"type":"Polygon","coordinates":[[[6.61239,49.33732],[6.6242,49.31953],[6.6007,49.31445],[6.58978,49.3197],[6.59454,49.33146],[6.61239,49.33732]]]}},{"type":"Feature","properties":{"id":"imling","also":[]},"geometry":{"type":"Polygon","coordinates":[[[7.01644,48.7464],[7.05289,48.71502],[7.00723,48.69492],[7.00422,48.69792],[7.01644,48.7464]]]}},{"type":"Feature","properties":{"id":"imweiler","also":[]},"geometry":{"type":"Polygon","coordinates":[[[7.04079,49.52466],[7.04995,49.52632],[7.08384,49.51238],[7.07319,49.48802],[7.07008,49.48709],[7.05682,49.49615],[7.04079,49.52466]]]}},{"type":"Feature","properties":{"id":"insming","also":[]},"geometry":{"type":"Polygon","coordinates":[[[6.88331,48.96506],[6.90278,48.9588],[6.89444,48.92513],[6.84,48.93799],[6.84142,48.94978],[6.88331,48.96506]]]}},{"type":"Feature","properties":{"id":"ising","also":[]},"geometry":{"type":"Polygon","coordinates":[[[6.41974,49.2836],[6.42676,49.27702],[6.41747,49.26824],[6.38373,49.28482],[6.41974,49.2836]]]}},{"type":"Feature","properties":{"id":"itnbiiujen","also":[]},"geometry":{"type":"Polygon","coordinates":[[[7.02285,49.20926],[7.07996,49.176],[7.07014,49.16911],[7.02798,49.17186],[7.01928,49.18639],[7.01406,49.20606],[7.02285,49.20926]]]}},{"type":"Feature","properties":{"id":"ittersdorf","also":[]},"geometry":{"type":"Polygon","coordinates":[[[6.67846,49.29324],[6.67435,49.27984],[6.65026,49.28423],[6.64012,49.29135],[6.65216,49.30273],[6.67846,49.29324]]]}},{"type":"Feature","properties":{"id":"itzbach","also":[]},"geometry":{"type":"Polygon","coordinates":[[[6.69112,49.35803],[6.6929,49.34182],[6.6841,49.33625],[6.65257,49.34643],[6.6695,49.36252],[6.69112,49.35803]]]}},{"type":"Feature","properties":{"id":"jallaucourt","also":[]},"geometry":{"type":"Polygon","coordinates":[[[6.34082,48.86089],[6.41062,48.88407],[6.41339,48.807],[6.37604,48.81574],[6.33938,48.84933],[6.34082,48.86089]]]}},{"type":"Feature","properties":{"id":"jarmenil","also":[]},"geometry":{"type":"Polygon","coordinates":[[[6.60355,48.1169],[6.58835,48.10251],[6.55244,48.11783],[6.56013,48.12937],[6.57659,48.13267],[6.60355,48.1169]]]}},{"type":"Feature","properties":{"id":"jarville-la-malgrange","also":[]},"geometry":{"type":"Polygon","coordinates":[[[6.22685,48.67479],[6.22347,48.66606],[6.21222,48.65724],[6.18607,48.66531],[6.19993,48.67884],[6.22685,48.67479]]]}},{"type":"Feature","properties":{"id":"jaulny","also":[]},"geometry":{"type":"Polygon","coordinates":[[[5.92163,48.98999],[5.93781,48.97585],[5.88441,48.94303],[5.86619,48.95657],[5.87418,48.98534],[5.92163,48.98999]]]}},{"type":"Feature","properties":{"id":"jesonville","also":[]},"geometry":{"type":"Polygon","coordinates":[[[6.10394,48.14489],[6.12368,48.14249],[6.14339,48.11805],[6.14323,48.10968],[6.13559,48.10282],[6.09618,48.10952],[6.0911,48.1398],[6.10394,48.14489]]]}},{"type":"Feature","properties":{"id":"jeuxey","also":[]},"geometry":{"type":"Polygon","coordinates":[[[6.48558,48.22083],[6.50084,48.21318],[6.49976,48.17063],[6.46471,48.19063],[6.46082,48.20515],[6.48558,48.22083]]]}},{"type":"Feature","properties":{"id":"jevoncourt","also":[]},"geometry":{"type":"Polygon","coordinates":[[[6.18978,48.42019],[6.17678,48.40631],[6.14931,48.40565],[6.14752,48.40715],[6.15299,48.42432],[6.18978,48.42019]]]}},{"type":"Feature","properties":{"id":"jezainville","also":[]},"geometry":{"type":"Polygon","coordinates":[[[6.01922,48.88237],[6.07832,48.86982],[6.07822,48.86441],[6.03855,48.84851],[6.01494,48.85604],[5.99829,48.86606],[6.00049,48.87685],[6.01922,48.88237]]]}},{"type":"Feature","properties":{"id":"jolivet","also":[]},"geometry":{"type":"Polygon","coordinates":[[[6.5147,48.62155],[6.52673,48.61723],[6.51514,48.59588],[6.47349,48.60305],[6.47192,48.61481],[6.5147,48.62155]]]}},{"type":"Feature","properties":{"id":"jorxey","also":[]},"geometry":{"type":"Polygon","coordinates":[[[6.23083,48.31855],[6.25407,48.31968],[6.254,48.29081],[6.2132,48.29254],[6.23083,48.31855]]]}},{"type":"Feature","properties":{"id":"jouaville","also":[]},"geometry":{"type":"Polygon","coordinates":[[[5.96487,49.18529],[5.97106,49.18121],[5.98017,49.1556],[5.95995,49.1263],[5.93894,49.12106],[5.88931,49.1448],[5.89391,49.17761],[5.96487,49.18529]]]}},{"type":"Feature","properties":{"id":"jouy-sous-les-cotes","also":[]},"geometry":{"type":"Polygon","coordinates":[[[5.71245,48.79311],[5.72529,48.78799],[5.68524,48.75842],[5.65266,48.768],[5.65043,48.77084],[5.71245,48.79311]]]}},{"type":"Feature","properties":{"id":"jubainville","also":[]},"geometry":{"type":"Polygon","coordinates":[[[5.71694,48.51134],[5.74561,48.50598],[5.79067,48.48668],[5.75708,48.43493],[5.72911,48.43705],[5.69728,48.50477],[5.71694,48.51134]]]}},{"type":"Feature","properties":{"id":"jury","also":[]},"geometry":{"type":"Polygon","coordinates":[[[6.26379,49.08116],[6.282,49.07532],[6.28606,49.06257],[6.26422,49.05679],[6.23598,49.06604],[6.23926,49.0739],[6.26379,49.08116]]]}},{"type":"Feature","properties":{"id":"jussy","also":[]},"geometry":{"type":"Polygon","coordinates":[[[6.08865,49.10533],[6.10377,49.09056],[6.0738,49.10025],[6.08865,49.10533]]]}},{"type":"Feature","properties":{"id":"juvaincourt","also":[]},"geometry":{"type":"Polygon","coordinates":[[[6.04154,48.3432],[6.07729,48.33862],[6.07867,48.32393],[6.07182,48.3205],[6.03778,48.32442],[6.04154,48.3432]]]}},{"type":"Feature","properties":{"id":"juvelize","also":[]},"geometry":{"type":"Polygon","coordinates":[[[6.67258,48.77327],[6.67452,48.76956],[6.65527,48.74537],[6.62187,48.77131],[6.64149,48.78458],[6.67258,48.77327]]]}},{"type":"Feature","properties":{"id":"kaisen","also":[]},"geometry":{"type":"Polygon","coordinates":[[[7.08512,49.40118],[7.09381,49.3903],[7.0981,49.38011],[7.09926,49.36956],[7.09724,49.35906],[7.08977,49.34585],[7.08024,49.33654],[7.00316,49.31771],[7.00009,49.31809],[6.99735,49.38889],[7.03208,49.41069],[7.08512,49.40118]]]}},{"type":"Feature","properties":{"id":"kalembourg","also":[]},"geometry":{"type":"Polygon","coordinates":[[[6.40784,49.38553],[6.43537,49.38263],[6.43584,49.35358],[6.39079,49.36317],[6.38928,49.37806],[6.40784,49.38553]]]}},{"type":"Feature","properties":{"id":"kalhausen","also":[]},"geometry":{"type":"Polygon","coordinates":[[[7.15666,49.03734],[7.20782,48.98003],[7.18893,48.97208],[7.16849,48.96792],[7.14712,48.96737],[7.12626,48.97049],[7.11271,48.97477],[7.10021,49.00594],[7.15666,49.03734]]]}},{"type":"Feature","properties":{"id":"kaltweiler","also":[]},"geometry":{"type":"Polygon","coordinates":[[[6.37789,49.40851],[6.39945,49.41637],[6.41369,49.40048],[6.40784,49.38553],[6.38928,49.37806],[6.37982,49.3822],[6.37789,49.40851]]]}},{"type":"Feature","properties":{"id":"kastel-les-otzenhausen","also":[]},"geometry":{"type":"Polygon","coordinates":[[[6.94968,49.57106],[6.98353,49.61834],[6.99898,49.61502],[7.01314,49.60981],[7.03063,49.59897],[7.0043,49.5354],[6.98085,49.52635],[6.962,49.53024],[6.94804,49.54858],[6.94968,49.57106]]]}},{"type":"Feature","properties":{"id":"kedange","also":[]},"geometry":{"type":"Polygon","coordinates":[[[6.35212,49.3278],[6.36381,49.32146],[6.37532,49.31002],[6.37529,49.30855],[6.32706,49.29916],[6.31465,49.31568],[6.35212,49.3278]]]}},{"type":"Feature","properties":{"id":"kemplich","also":[]},"geometry":{"type":"Polygon","coordinates":[[[6.39704,49.34207],[6.41337,49.33058],[6.40492,49.32052],[6.37532,49.31002],[6.36381,49.32146],[6.39704,49.34207]]]}},{"type":"Feature","properties":{"id":"kerbach","also":[]},"geometry":{"type":"Polygon","coordinates":[[[6.98052,49.17406],[6.98683,49.16678],[6.9917,49.1562],[6.97677,49.14794],[6.94653,49.14794],[6.95312,49.1713],[6.98052,49.17406]]]}},{"type":"Feature","properties":{"id":"kerling-les-sierck","also":[]},"geometry":{"type":"Polygon","coordinates":[[[6.33641,49.42215],[6.37277,49.38293],[6.35199,49.38182],[6.32214,49.39712],[6.325,49.41221],[6.33641,49.42215]]]}},{"type":"Feature","properties":{"id":"kerlingcn","also":[]},"geometry":{"type":"Polygon","coordinates":[[[6.62928,49.31752],[6.64423,49.32552],[6.68134,49.32132],[6.68205,49.31953],[6.65189,49.30874],[6.63086,49.31437],[6.62928,49.31752]]]}},{"type":"Feature","properties":{"id":"kerprich-aux-bois","also":[]},"geometry":{"type":"Polygon","coordinates":[[[6.97648,48.76718],[6.99917,48.75074],[6.96344,48.71653],[6.88972,48.71185],[6.88245,48.72276],[6.87919,48.73311],[6.87905,48.74369],[6.88123,48.75213],[6.94263,48.77902],[6.97648,48.76718]]]}},{"type":"Feature","properties":{"id":"kerprich-hemmersdorf","also":[]},"geometry":{"type":"Polygon","coordinates":[[[6.6335,49.36925],[6.63696,49.36612],[6.64841,49.34655],[6.64326,49.34379],[6.61737,49.34108],[6.62562,49.37241],[6.6335,49.36925]]]}},{"type":"Feature","properties":{"id":"kerprich-les-dieuze","also":[]},"geometry":{"type":"Polygon","coordinates":[[[6.69134,48.8508],[6.71313,48.8214],[6.69279,48.80551],[6.66367,48.82373],[6.6617,48.82791],[6.69134,48.8508]]]}},{"type":"Feature","properties":{"id":"keuchingen","also":[]},"geometry":{"type":"Polygon","coordinates":[[[6.57065,49.49298],[6.5666,49.51652],[6.62014,49.5454],[6.63164,49.54074],[6.58217,49.48615],[6.57065,49.49298]]]}},{"type":"Feature","properties":{"id":"kirf","also":[]},"geometry":{"type":"Polygon","coordinates":[[[6.52654,49.59543],[6.54496,49.58396],[6.49839,49.52633],[6.45325,49.53057],[6.4808,49.59469],[6.50643,49.60207],[6.52654,49.59543]]]}},{"type":"Feature","properties":{"id":"kirsch-les-sierck","also":[]},"geometry":{"type":"Polygon","coordinates":[[[6.39216,49.45423],[6.429,49.43375],[6.40308,49.42677],[6.38586,49.43279],[6.38643,49.45034],[6.39216,49.45423]]]}},{"type":"Feature","properties":{"id":"kirschnaumen","also":[]},"geometry":{"type":"Polygon","coordinates":[[[6.43523,49.40929],[6.45991,49.39022],[6.45794,49.386],[6.43537,49.38263],[6.40784,49.38553],[6.41369,49.40048],[6.43523,49.40929]]]}},{"type":"Feature","properties":{"id":"kitzing","also":[]},"geometry":{"type":"Polygon","coordinates":[[[6.42137,49.45452],[6.43133,49.4389],[6.42907,49.43405],[6.39216,49.45423],[6.39521,49.4602],[6.39932,49.46146],[6.42137,49.45452]]]}},{"type":"Feature","properties":{"id":"kleinblittersdorf","also":[]},"geometry":{"type":"Polygon","coordinates":[[[7.07014,49.16911],[7.06743,49.15927],[7.03755,49.14677],[7.02698,49.17098],[7.02798,49.17186],[7.07014,49.16911]]]}},{"type":"Feature","properties":{"id":"kontz-basse","also":[]},"geometry":{"type":"Polygon","coordinates":[[[6.33148,49.49117],[6.35156,49.47462],[6.35784,49.46083],[6.35705,49.45036],[6.328,49.43309],[6.26878,49.47359],[6.27726,49.48384],[6.28775,49.49191],[6.30511,49.50032],[6.31211,49.50255],[6.31584,49.50177],[6.33148,49.49117]]]}},{"type":"Feature","properties":{"id":"kostenbach","also":[]},"geometry":{"type":"Polygon","coordinates":[[[6.94613,49.62868],[6.96189,49.62603],[6.98353,49.61834],[6.94968,49.57106],[6.90559,49.57096],[6.93477,49.62931],[6.94613,49.62868]]]}},{"type":"Feature","properties":{"id":"kroppen","also":[]},"geometry":{"type":"Polygon","coordinates":[[[7.56141,49.16357],[7.52496,49.13687],[7.50489,49.14249],[7.5016,49.18214],[7.50528,49.18677],[7.56141,49.16357]]]}},{"type":"Feature","properties":{"id":"l-etanche","also":[]},"geometry":{"type":"Polygon","coordinates":[[[5.7786,48.35611],[5.77984,48.35492],[5.77671,48.33081],[5.77135,48.32027],[5.72869,48.32871],[5.71812,48.34773],[5.72006,48.35109],[5.7786,48.35611]]]}},{"type":"Feature","properties":{"id":"l-hopital","also":[]},"geometry":{"type":"Polygon","coordinates":[[[6.71225,49.20517],[6.72617,49.20682],[6.78407,49.19306],[6.78607,49.18829],[6.77725,49.15796],[6.76617,49.14869],[6.73332,49.12857],[6.68482,49.13791],[6.67563,49.1467],[6.71225,49.20517]]]}},{"type":"Feature","properties":{"id":"la-baffe","also":[]},"geometry":{"type":"Polygon","coordinates":[[[6.56421,48.18583],[6.59266,48.15234],[6.58165,48.14509],[6.52802,48.1717],[6.55028,48.18582],[6.56421,48.18583]]]}},{"type":"Feature","properties":{"id":"la-bourgonce","also":[]},"geometry":{"type":"Polygon","coordinates":[[[6.84117,48.31753],[6.86793,48.29483],[6.81945,48.26806],[6.75807,48.31573],[6.84117,48.31753]]]}},{"type":"Feature","properties":{"id":"la-bresse","also":[]},"geometry":{"type":"Polygon","coordinates":[[[6.84141,48.03967],[6.94059,48.03787],[6.9488,48.02856],[6.95398,48.01857],[6.95619,48.00455],[6.95425,47.99405],[6.94929,47.984],[6.94016,47.97357],[6.83982,47.99127],[6.82418,47.99731],[6.84141,48.03967]]]}},{"type":"Feature","properties":{"id":"la-chapelle","also":[]},"geometry":{"type":"Polygon","coordinates":[[[6.94325,48.38872],[6.94507,48.39225],[6.99133,48.37393],[6.98753,48.368],[6.97383,48.35751],[6.95457,48.35515],[6.94605,48.3598],[6.94325,48.38872]]]}},{"type":"Feature","properties":{"id":"la-chapelle-aux-bois","also":[]},"geometry":{"type":"Polygon","coordinates":[[[6.29853,48.06371],[6.32867,48.06061],[6.33935,48.05435],[6.3745,48.02048],[6.38039,47.99757],[6.36748,47.98847],[6.35169,47.98458],[6.33856,47.98316],[6.25999,48.05377],[6.27872,48.06173],[6.29853,48.06371]]]}},{"type":"Feature","properties":{"id":"la-chapelle-devant-bruyeres","also":[]},"geometry":{"type":"Polygon","coordinates":[[[6.77311,48.19317],[6.80203,48.19032],[6.793,48.17242],[6.77469,48.17838],[6.77311,48.19317]]]}},{"type":"Feature","properties":{"id":"la-croix","also":[]},"geometry":{"type":"Polygon","coordinates":[[[6.48996,47.95349],[6.51099,47.93405],[6.47219,47.88579],[6.42465,47.92567],[6.45003,47.94064],[6.48996,47.95349]]]}},{"type":"Feature","properties":{"id":"la-croix-aux-mines","also":[]},"geometry":{"type":"Polygon","coordinates":[[[7.03478,48.23021],[7.05672,48.23278],[7.06227,48.23114],[7.08232,48.21909],[7.11674,48.19027],[7.1052,48.18103],[7.09681,48.18379],[7.03478,48.23021]]]}},{"type":"Feature","properties":{"id":"la-fontcnelle","also":[]},"geometry":{"type":"Polygon","coordinates":[[[6.98753,48.368],[7.00925,48.34292],[7.00232,48.3393],[6.98145,48.34249],[6.97383,48.35751],[6.98753,48.368]]]}},{"type":"Feature","properties":{"id":"la-grande-catherine","also":[]},"geometry":{"type":"Polygon","coordinates":[[[6.00415,48.02861],[6.04433,48.02528],[6.06389,47.99549],[6.02621,47.99351],[6.00193,48.00237],[5.99591,48.00732],[6.00415,48.02861]]]}},{"type":"Feature","properties":{"id":"la-grande-fosse","also":[]},"geometry":{"type":"Polygon","coordinates":[[[7.05922,48.35506],[7.13388,48.37155],[7.136,48.36959],[7.13046,48.36049],[7.08765,48.32497],[7.07707,48.32359],[7.04115,48.33763],[7.03977,48.34213],[7.05922,48.35506]]]}},{"type":"Feature","properties":{"id":"la-hardalle","also":[]},"geometry":{"type":"Polygon","coordinates":[[[7.03885,48.17255],[7.10313,48.1734],[7.10639,48.16021],[7.10545,48.14964],[7.10144,48.1394],[7.09167,48.12698],[7.05529,48.12757],[7.00722,48.1603],[7.03885,48.17255]]]}},{"type":"Feature","properties":{"id":"la-houssiere","also":[]},"geometry":{"type":"Polygon","coordinates":[[[6.85097,48.23323],[6.85376,48.23213],[6.87059,48.1857],[6.85535,48.17813],[6.82848,48.19176],[6.82479,48.19693],[6.85097,48.23323]]]}},{"type":"Feature","properties":{"id":"la-neuveville-les-raon","also":[]},"geometry":{"type":"Polygon","coordinates":[[[6.85071,48.39259],[6.83429,48.38137],[6.81824,48.37742],[6.7661,48.38182],[6.76057,48.39184],[6.8102,48.45122],[6.85071,48.39259]]]}},{"type":"Feature","properties":{"id":"la-neuveville-sous-chatenois","also":[]},"geometry":{"type":"Polygon","coordinates":[[[5.8656,48.30834],[5.87421,48.30995],[5.89548,48.28147],[5.86738,48.27606],[5.86032,48.29473],[5.8656,48.30834]]]}},{"type":"Feature","properties":{"id":"la-neuveville-sous-montfort","also":[]},"geometry":{"type":"Polygon","coordinates":[[[6.01344,48.24045],[6.03,48.24193],[6.04304,48.20284],[6.03609,48.20353],[5.99783,48.2201],[6.00601,48.23792],[6.01344,48.24045]]]}},{"type":"Feature","properties":{"id":"la-nol","also":[]},"geometry":{"type":"Polygon","coordinates":[[[6.65313,48.06545],[6.67388,48.00361],[6.64844,48.01319],[6.63429,48.02589],[6.63415,48.04277],[6.63798,48.05524],[6.64468,48.06255],[6.65313,48.06545]]]}},{"type":"Feature","properties":{"id":"la-pariee","also":[]},"geometry":{"type":"Polygon","coordinates":[[[7.12776,48.30402],[7.13502,48.26884],[7.10422,48.2747],[7.1168,48.30263],[7.12776,48.30402]]]}},{"type":"Feature","properties":{"id":"la-pecherie","also":[]},"geometry":{"type":"Polygon","coordinates":[[[6.92736,48.33183],[6.94085,48.32956],[6.91406,48.29008],[6.90825,48.2876],[6.88522,48.2952],[6.90104,48.31914],[6.92736,48.33183]]]}},{"type":"Feature","properties":{"id":"la-petite-fosse","also":[]},"geometry":{"type":"Polygon","coordinates":[[[7.07707,48.32359],[7.06111,48.31018],[7.03013,48.3199],[7.04115,48.33763],[7.07707,48.32359]]]}},{"type":"Feature","properties":{"id":"la-poirie","also":[]},"geometry":{"type":"Polygon","coordinates":[[[6.70004,48.12997],[6.66429,48.12529],[6.66441,48.1316],[6.67727,48.13686],[6.70004,48.12997]]]}},{"type":"Feature","properties":{"id":"la-poirie-238","also":[]},"geometry":{"type":"Polygon","coordinates":[[[6.59996,47.99642],[6.6312,47.99828],[6.67655,47.96801],[6.67668,47.9653],[6.61824,47.95198],[6.59658,47.99407],[6.59996,47.99642]]]}},{"type":"Feature","properties":{"id":"la-salle","also":[]},"geometry":{"type":"Polygon","coordinates":[[[6.83749,48.3348],[6.84117,48.31753],[6.75807,48.31573],[6.75493,48.31762],[6.75866,48.33634],[6.83749,48.3348]]]}},{"type":"Feature","properties":{"id":"la-sybille","also":[]},"geometry":{"type":"Polygon","coordinates":[[[6.1234,48.00624],[6.10614,47.98916],[6.06389,47.99549],[6.04433,48.02528],[6.05769,48.04868],[6.0749,48.05331],[6.1234,48.00624]]]}},{"type":"Feature","properties":{"id":"la-trouche","also":[]},"geometry":{"type":"Polygon","coordinates":[[[6.87708,48.46509],[6.94044,48.41998],[6.93577,48.41041],[6.89577,48.3967],[6.86905,48.40248],[6.84073,48.45862],[6.87708,48.46509]]]}},{"type":"Feature","properties":{"id":"la-voivre","also":[]},"geometry":{"type":"Polygon","coordinates":[[[6.90078,48.35689],[6.92736,48.33183],[6.90104,48.31914],[6.87412,48.34584],[6.8964,48.35784],[6.90078,48.35689]]]}},{"type":"Feature","properties":{"id":"lachambre","also":[]},"geometry":{"type":"Polygon","coordinates":[[[6.77409,49.09195],[6.79178,49.07584],[6.78021,49.06923],[6.7568,49.06647],[6.72253,49.08635],[6.72313,49.0896],[6.77409,49.09195]]]}},{"type":"Feature","properties":{"id":"lacroix","also":[]},"geometry":{"type":"Polygon","coordinates":[[[6.45393,49.3616],[6.48609,49.35174],[6.44091,49.34215],[6.43612,49.35344],[6.45393,49.3616]]]}},{"type":"Feature","properties":{"id":"lagney","also":[]},"geometry":{"type":"Polygon","coordinates":[[[5.84285,48.75228],[5.85438,48.74864],[5.86545,48.72498],[5.80983,48.72958],[5.777,48.75138],[5.84285,48.75228]]]}},{"type":"Feature","properties":{"id":"lahayville","also":[]},"geometry":{"type":"Polygon","coordinates":[[[5.81658,48.86212],[5.79515,48.85714],[5.73841,48.92099],[5.75877,48.91699],[5.81658,48.86212]]]}},{"type":"Feature","properties":{"id":"laitre","also":[]},"geometry":{"type":"Polygon","coordinates":[[[6.99133,48.37393],[7.00951,48.37945],[7.03011,48.34502],[7.00925,48.34292],[6.98753,48.368],[6.99133,48.37393]]]}},{"type":"Feature","properties":{"id":"laitre-sous-amance","also":[]},"geometry":{"type":"Polygon","coordinates":[[[6.31204,48.74207],[6.31017,48.72673],[6.2739,48.73084],[6.25943,48.75287],[6.26133,48.75437],[6.31204,48.74207]]]}},{"type":"Feature","properties":{"id":"lamath","also":[]},"geometry":{"type":"Polygon","coordinates":[[[6.45108,48.54295],[6.46308,48.51513],[6.43433,48.51417],[6.41303,48.52453],[6.41796,48.53891],[6.45108,48.54295]]]}},{"type":"Feature","properties":{"id":"lambach","also":[]},"geometry":{"type":"Polygon","coordinates":[[[7.38463,49.05624],[7.42852,49.03644],[7.3639,49.01801],[7.33694,49.02952],[7.38463,49.05624]]]}},{"type":"Feature","properties":{"id":"lamorville","also":[]},"geometry":{"type":"Polygon","coordinates":[[[5.58381,48.93731],[5.58359,48.93717],[5.54522,48.96571],[5.58588,48.97855],[5.58381,48.93731]]]}},{"type":"Feature","properties":{"id":"landaville","also":[]},"geometry":{"type":"Polygon","coordinates":[[[5.75059,48.30453],[5.77469,48.3121],[5.78517,48.30336],[5.78167,48.2869],[5.76336,48.2632],[5.72203,48.25896],[5.71333,48.26887],[5.72258,48.28598],[5.75059,48.30453]]]}},{"type":"Feature","properties":{"id":"landecourt","also":[]},"geometry":{"type":"Polygon","coordinates":[[[6.41303,48.52453],[6.43433,48.51417],[6.43429,48.49103],[6.42047,48.48431],[6.4176,48.48479],[6.3957,48.50444],[6.40621,48.52201],[6.41303,48.52453]]]}},{"type":"Feature","properties":{"id":"landres","also":[]},"geometry":{"type":"Polygon","coordinates":[[[5.79745,49.33925],[5.85502,49.30895],[5.81943,49.28804],[5.81073,49.28656],[5.77904,49.29768],[5.79745,49.33925]]]}},{"type":"Feature","properties":{"id":"landroff","also":[]},"geometry":{"type":"Polygon","coordinates":[[[6.59391,48.98635],[6.62057,48.98321],[6.63528,48.97065],[6.62827,48.94655],[6.62043,48.94464],[6.58006,48.96445],[6.58046,48.96788],[6.59391,48.98635]]]}},{"type":"Feature","properties":{"id":"laneuveville-aux-bois","also":[]},"geometry":{"type":"Polygon","coordinates":[[[6.64434,48.6527],[6.6885,48.60258],[6.68023,48.59776],[6.63226,48.59711],[6.62636,48.59935],[6.60495,48.62058],[6.59996,48.63492],[6.60724,48.64141],[6.64434,48.6527]]]}},{"type":"Feature","properties":{"id":"laneuveville-devant-bayon","also":[]},"geometry":{"type":"Polygon","coordinates":[[[6.2655,48.48647],[6.29003,48.47577],[6.29058,48.47265],[6.26336,48.45354],[6.25632,48.45248],[6.24947,48.45417],[6.24393,48.48081],[6.2655,48.48647]]]}},{"type":"Feature","properties":{"id":"laneuveville-devant-nancy","also":[]},"geometry":{"type":"Polygon","coordinates":[[[6.22347,48.66606],[6.24856,48.65297],[6.24915,48.63628],[6.23552,48.63295],[6.2149,48.64134],[6.21222,48.65724],[6.22347,48.66606]]]}},{"type":"Feature","properties":{"id":"lanfroicourt","also":[]},"geometry":{"type":"Polygon","coordinates":[[[6.32126,48.82153],[6.34961,48.80433],[6.33424,48.79159],[6.31169,48.78392],[6.30436,48.78988],[6.32126,48.82153]]]}},{"type":"Feature","properties":{"id":"langley","also":[]},"geometry":{"type":"Polygon","coordinates":[[[6.36501,48.38461],[6.37972,48.37666],[6.32885,48.34847],[6.30449,48.34673],[6.29919,48.35331],[6.36501,48.38461]]]}},{"type":"Feature","properties":{"id":"laning","also":[]},"geometry":{"type":"Polygon","coordinates":[[[6.75227,49.01362],[6.72419,49.00707],[6.73554,49.03493],[6.77246,49.04376],[6.78519,49.03137],[6.75227,49.01362]]]}},{"type":"Feature","properties":{"id":"laudrefang","also":[]},"geometry":{"type":"Polygon","coordinates":[[[6.64145,49.09961],[6.66337,49.08487],[6.65977,49.07319],[6.63362,49.06298],[6.61882,49.09499],[6.62306,49.09933],[6.64145,49.09961]]]}},{"type":"Feature","properties":{"id":"laumesfeld","also":[]},"geometry":{"type":"Polygon","coordinates":[[[6.43537,49.38263],[6.45794,49.386],[6.4637,49.38011],[6.45393,49.3616],[6.43584,49.35358],[6.43537,49.38263]]]}},{"type":"Feature","properties":{"id":"launstroff","also":[]},"geometry":{"type":"Polygon","coordinates":[[[6.48217,49.45427],[6.50399,49.44998],[6.51018,49.43537],[6.49112,49.42531],[6.48413,49.42395],[6.48114,49.42433],[6.47691,49.45032],[6.47904,49.45336],[6.48217,49.45427]]]}},{"type":"Feature","properties":{"id":"laval-sur-vologne","also":[]},"geometry":{"type":"Polygon","coordinates":[[[6.68249,48.21777],[6.71029,48.20101],[6.70962,48.19086],[6.69868,48.18441],[6.65696,48.20174],[6.66756,48.2118],[6.68249,48.21777]]]}},{"type":"Feature","properties":{"id":"laveline","also":[]},"geometry":{"type":"Polygon","coordinates":[[[7.05321,48.25215],[7.06561,48.25703],[7.07719,48.24975],[7.06227,48.23114],[7.05672,48.23278],[7.05321,48.25215]]]}},{"type":"Feature","properties":{"id":"laveline-devant-bruyeres","also":[]},"geometry":{"type":"Polygon","coordinates":[[[6.75803,48.20487],[6.76177,48.20464],[6.77311,48.19317],[6.77469,48.17838],[6.75775,48.17153],[6.73702,48.18455],[6.74736,48.20227],[6.75803,48.20487]]]}},{"type":"Feature","properties":{"id":"lavieville","also":[]},"geometry":{"type":"Polygon","coordinates":[[[6.23997,48.23379],[6.23897,48.22933],[6.20145,48.21971],[6.23188,48.23657],[6.23997,48.23379]]]}},{"type":"Feature","properties":{"id":"lavigneville","also":[]},"geometry":{"type":"Polygon","coordinates":[[[5.62719,48.97342],[5.6142,48.95033],[5.58381,48.93731],[5.58588,48.97855],[5.59312,48.98235],[5.62719,48.97342]]]}},{"type":"Feature","properties":{"id":"laxou","also":[]},"geometry":{"type":"Polygon","coordinates":[[[6.09425,48.71007],[6.16362,48.69738],[6.16979,48.68558],[6.16751,48.68055],[6.1246,48.67675],[6.08807,48.69882],[6.09083,48.70797],[6.09425,48.71007]]]}},{"type":"Feature","properties":{"id":"lay-saint-christophe","also":[]},"geometry":{"type":"Polygon","coordinates":[[[6.20721,48.77076],[6.21538,48.73674],[6.2099,48.731],[6.20771,48.73062],[6.18043,48.74424],[6.18663,48.77025],[6.20721,48.77076]]]}},{"type":"Feature","properties":{"id":"le-beulay","also":[]},"geometry":{"type":"Polygon","coordinates":[[[7.0619,48.31052],[7.08618,48.29923],[7.07696,48.29298],[7.05739,48.30307],[7.0619,48.31052]]]}},{"type":"Feature","properties":{"id":"le-boulay","also":[]},"geometry":{"type":"Polygon","coordinates":[[[6.6751,48.15778],[6.66801,48.14812],[6.65667,48.14255],[6.63878,48.14309],[6.63227,48.15795],[6.66436,48.1619],[6.6751,48.15778]]]}},{"type":"Feature","properties":{"id":"le-grand-rombach","also":[]},"geometry":{"type":"Polygon","coordinates":[[[7.26759,48.23526],[7.29636,48.2217],[7.30052,48.20641],[7.29783,48.19801],[7.29182,48.18821],[7.27589,48.17422],[7.26338,48.16774],[7.24923,48.16302],[7.22349,48.15951],[7.19743,48.16171],[7.17382,48.16941],[7.15516,48.18177],[7.14718,48.19091],[7.14222,48.20042],[7.21837,48.23803],[7.26759,48.23526]]]}},{"type":"Feature","properties":{"id":"le-menil-229","also":[]},"geometry":{"type":"Polygon","coordinates":[[[6.82135,47.90104],[6.81942,47.8978],[6.75611,47.90525],[6.75307,47.90972],[6.82135,47.90104]]]}},{"type":"Feature","properties":{"id":"le-menil-harol","also":[]},"geometry":{"type":"Polygon","coordinates":[[[6.26505,48.14816],[6.27648,48.14405],[6.27362,48.12257],[6.23187,48.11594],[6.22221,48.13568],[6.26505,48.14816]]]}},{"type":"Feature","properties":{"id":"le-menil-ramonchamp","also":[]},"geometry":{"type":"Polygon","coordinates":[[[6.74636,47.94508],[6.77763,47.95034],[6.82274,47.92976],[6.83259,47.91765],[6.82135,47.90104],[6.75307,47.90972],[6.74626,47.9353],[6.74636,47.94508]]]}},{"type":"Feature","properties":{"id":"le-mesnil","also":[]},"geometry":{"type":"Polygon","coordinates":[[[6.17002,48.33693],[6.17503,48.3429],[6.20835,48.34306],[6.21198,48.34008],[6.2098,48.32847],[6.1825,48.31979],[6.1754,48.32167],[6.17002,48.33693]]]}},{"type":"Feature","properties":{"id":"le-paire","also":[]},"geometry":{"type":"Polygon","coordinates":[[[6.92196,48.20273],[6.9306,48.2027],[6.95725,48.19047],[6.92071,48.18115],[6.91666,48.18747],[6.92196,48.20273]]]}},{"type":"Feature","properties":{"id":"le-paire-moyenmoulier","also":[]},"geometry":{"type":"Polygon","coordinates":[[[6.94325,48.38872],[6.94605,48.3598],[6.89942,48.35745],[6.94325,48.38872]]]}},{"type":"Feature","properties":{"id":"le-repas","also":[]},"geometry":{"type":"Polygon","coordinates":[[[7.08326,48.27128],[7.09537,48.27145],[7.09461,48.25022],[7.08305,48.2488],[7.07719,48.24975],[7.06561,48.25703],[7.0683,48.26406],[7.08326,48.27128]]]}},{"type":"Feature","properties":{"id":"le-routier","also":[]},"geometry":{"type":"Polygon","coordinates":[[[6.44721,48.12707],[6.46663,48.12822],[6.47339,48.10142],[6.45401,48.08953],[6.44721,48.12707]]]}},{"type":"Feature","properties":{"id":"le-souche","also":[]},"geometry":{"type":"Polygon","coordinates":[[[6.97015,48.21385],[6.98958,48.19474],[6.97041,48.18669],[6.95725,48.19047],[6.9306,48.2027],[6.97015,48.21385]]]}},{"type":"Feature","properties":{"id":"le-valtin","also":[]},"geometry":{"type":"Polygon","coordinates":[[[6.99963,48.12083],[7.05529,48.12757],[7.09167,48.12698],[7.09882,48.11744],[7.10299,48.10723],[7.10411,48.09668],[7.10213,48.08618],[7.09714,48.07613],[7.08933,48.06693],[7.079,48.05893],[7.06654,48.05243],[7.05244,48.04768],[7.03723,48.04487],[7.02151,48.0441],[7.00076,48.04629],[6.98615,48.05026],[6.97298,48.05607],[6.95857,48.06622],[6.94918,48.09001],[6.99963,48.12083]]]}},{"type":"Feature","properties":{"id":"lebeuville","also":[]},"geometry":{"type":"Polygon","coordinates":[[[6.24947,48.45417],[6.25632,48.45248],[6.26396,48.42706],[6.22839,48.42103],[6.22029,48.42534],[6.22498,48.44799],[6.24947,48.45417]]]}},{"type":"Feature","properties":{"id":"legeville-et-bonfays","also":[]},"geometry":{"type":"Polygon","coordinates":[[[6.15491,48.19418],[6.16838,48.18813],[6.1742,48.16416],[6.1711,48.16424],[6.13517,48.18059],[6.13588,48.18462],[6.15491,48.19418]]]}},{"type":"Feature","properties":{"id":"leiding","also":[]},"geometry":{"type":"Polygon","coordinates":[[[6.6007,49.31445],[6.6242,49.31953],[6.62928,49.31752],[6.63086,49.31437],[6.62387,49.29875],[6.60035,49.30176],[6.6007,49.31445]]]}},{"type":"Feature","properties":{"id":"leintrey","also":[]},"geometry":{"type":"Polygon","coordinates":[[[6.72633,48.64123],[6.76038,48.64172],[6.76392,48.6225],[6.75033,48.61192],[6.71128,48.60811],[6.72066,48.63913],[6.72633,48.64123]]]}},{"type":"Feature","properties":{"id":"lelling","also":[]},"geometry":{"type":"Polygon","coordinates":[[[6.70519,49.06178],[6.72655,49.05467],[6.73554,49.03493],[6.72419,49.00707],[6.72075,49.00421],[6.68123,49.04344],[6.69401,49.0585],[6.70519,49.06178]]]}},{"type":"Feature","properties":{"id":"lemainville","also":[]},"geometry":{"type":"Polygon","coordinates":[[[6.19428,48.52317],[6.21994,48.49807],[6.18668,48.49402],[6.17861,48.49943],[6.17332,48.50528],[6.19428,48.52317]]]}},{"type":"Feature","properties":{"id":"lemberg","also":[]},"geometry":{"type":"Polygon","coordinates":[[[7.42835,49.03586],[7.43802,49.00378],[7.43342,48.98902],[7.34117,48.97546],[7.3639,49.01801],[7.42835,49.03586]]]}},{"type":"Feature","properties":{"id":"lemberg-pirmasens","also":[]},"geometry":{"type":"Polygon","coordinates":[[[7.73297,49.16777],[7.7309,49.15796],[7.72568,49.14795],[7.71759,49.1388],[7.70694,49.13085],[7.69413,49.12443],[7.67967,49.11976],[7.6641,49.11703],[7.64802,49.11635],[7.64436,49.11651],[7.62899,49.12735],[7.63384,49.19133],[7.65294,49.20536],[7.73297,49.16777]]]}},{"type":"Feature","properties":{"id":"lemestroff","also":[]},"geometry":{"type":"Polygon","coordinates":[[[6.35199,49.38182],[6.37277,49.38293],[6.37982,49.3822],[6.38928,49.37806],[6.38984,49.36199],[6.34813,49.34482],[6.32095,49.35656],[6.35199,49.38182]]]}},{"type":"Feature","properties":{"id":"lengelsheim","also":[]},"geometry":{"type":"Polygon","coordinates":[[[7.38831,49.12599],[7.39357,49.12752],[7.41757,49.12204],[7.42913,49.09323],[7.3759,49.09515],[7.37584,49.10405],[7.38831,49.12599]]]}},{"type":"Feature","properties":{"id":"lening","also":[]},"geometry":{"type":"Polygon","coordinates":[[[6.79787,48.98229],[6.8115,48.97894],[6.84033,48.94888],[6.84,48.93799],[6.82215,48.9311],[6.81634,48.93092],[6.78539,48.93729],[6.76809,48.97439],[6.79787,48.98229]]]}},{"type":"Feature","properties":{"id":"lenoncourt","also":[]},"geometry":{"type":"Polygon","coordinates":[[[6.28248,48.68447],[6.34345,48.67677],[6.34949,48.65789],[6.3461,48.65513],[6.29804,48.64855],[6.29215,48.64865],[6.27478,48.67695],[6.28248,48.68447]]]}},{"type":"Feature","properties":{"id":"leomont","also":[]},"geometry":{"type":"Polygon","coordinates":[[[6.46214,48.62554],[6.47181,48.61369],[6.42357,48.60114],[6.42614,48.6234],[6.43469,48.62696],[6.46214,48.62554]]]}},{"type":"Feature","properties":{"id":"lepanges-sur-vologne","also":[]},"geometry":{"type":"Polygon","coordinates":[[[6.69342,48.16088],[6.6751,48.15778],[6.66436,48.1619],[6.64818,48.19829],[6.65327,48.19991],[6.69342,48.16088]]]}},{"type":"Feature","properties":{"id":"lerouville","also":[]},"geometry":{"type":"Polygon","coordinates":[[[5.4674,48.80995],[5.56026,48.79428],[5.57385,48.77878],[5.55741,48.75279],[5.46345,48.79963],[5.4674,48.80995]]]}},{"type":"Feature","properties":{"id":"lerrain","also":[]},"geometry":{"type":"Polygon","coordinates":[[[6.1711,48.16424],[6.17629,48.16339],[6.18493,48.15672],[6.14339,48.11805],[6.12368,48.14249],[6.13756,48.1554],[6.1711,48.16424]]]}},{"type":"Feature","properties":{"id":"les-ableuvenettes","also":[]},"geometry":{"type":"Polygon","coordinates":[[[6.19469,48.21085],[6.21039,48.20278],[6.18822,48.17516],[6.17629,48.16339],[6.1742,48.16416],[6.16838,48.18813],[6.19469,48.21085]]]}},{"type":"Feature","properties":{"id":"les-etangs","also":[]},"geometry":{"type":"Polygon","coordinates":[[[6.3944,49.1598],[6.40697,49.11665],[6.35561,49.13708],[6.35818,49.151],[6.3944,49.1598]]]}},{"type":"Feature","properties":{"id":"les-forges","also":[]},"geometry":{"type":"Polygon","coordinates":[[[6.4038,48.19781],[6.42246,48.1783],[6.42041,48.16086],[6.41617,48.15664],[6.36548,48.16291],[6.36399,48.17552],[6.4038,48.19781]]]}},{"type":"Feature","properties":{"id":"les-monthairons","also":[]},"geometry":{"type":"Polygon","coordinates":[[[5.41389,49.06119],[5.46603,49.04874],[5.48891,49.03378],[5.48842,49.03275],[5.48171,49.02314],[5.47227,49.01456],[5.46048,49.00736],[5.44679,49.00181],[5.43172,48.99812],[5.41585,48.99643],[5.39978,48.99681],[5.38414,48.99924],[5.36057,49.0076],[5.37254,49.05733],[5.41389,49.06119]]]}},{"type":"Feature","properties":{"id":"les-poulieres","also":[]},"geometry":{"type":"Polygon","coordinates":[[[6.81548,48.19643],[6.80203,48.19032],[6.77311,48.19317],[6.76177,48.20464],[6.78046,48.21241],[6.81548,48.19643]]]}},{"type":"Feature","properties":{"id":"les-vallois","also":[]},"geometry":{"type":"Polygon","coordinates":[[[6.10839,48.17415],[6.13756,48.1554],[6.12368,48.14249],[6.10394,48.14489],[6.09858,48.17486],[6.10839,48.17415]]]}},{"type":"Feature","properties":{"id":"les-verrieres-douzaines","also":[]},"geometry":{"type":"Polygon","coordinates":[[[6.48496,48.33869],[6.49406,48.34239],[6.52189,48.33526],[6.54555,48.32355],[6.48828,48.30231],[6.48089,48.30551],[6.48496,48.33869]]]}},{"type":"Feature","properties":{"id":"lesseux","also":[]},"geometry":{"type":"Polygon","coordinates":[[[7.10125,48.27815],[7.10401,48.27469],[7.09537,48.27145],[7.08326,48.27128],[7.06834,48.285],[7.07691,48.29286],[7.10125,48.27815]]]}},{"type":"Feature","properties":{"id":"leyr","also":[]},"geometry":{"type":"Polygon","coordinates":[[[6.29776,48.79236],[6.25318,48.78921],[6.24605,48.80255],[6.27701,48.81881],[6.29776,48.79236]]]}},{"type":"Feature","properties":{"id":"lezey","also":[]},"geometry":{"type":"Polygon","coordinates":[[[6.6048,48.7672],[6.62187,48.77131],[6.65527,48.74537],[6.65522,48.71017],[6.6194,48.7166],[6.60782,48.72123],[6.6048,48.7672]]]}},{"type":"Feature","properties":{"id":"lidrequin","also":[]},"geometry":{"type":"Polygon","coordinates":[[[6.67443,48.8879],[6.68089,48.88005],[6.68269,48.86194],[6.66009,48.86608],[6.64081,48.87796],[6.64558,48.88641],[6.67443,48.8879]]]}},{"type":"Feature","properties":{"id":"lidrezing","also":[]},"geometry":{"type":"Polygon","coordinates":[[[6.70642,48.89543],[6.73965,48.89252],[6.74298,48.87001],[6.71693,48.85872],[6.69402,48.85471],[6.68269,48.86194],[6.68089,48.88005],[6.70642,48.89543]]]}},{"type":"Feature","properties":{"id":"liedcrscheidt","also":[]},"geometry":{"type":"Polygon","coordinates":[[[7.48093,49.13197],[7.49436,49.13621],[7.5131,49.11414],[7.48439,49.10711],[7.48108,49.11032],[7.48093,49.13197]]]}},{"type":"Feature","properties":{"id":"liepvre","also":[]},"geometry":{"type":"Polygon","coordinates":[[[7.23567,48.31617],[7.25377,48.32266],[7.26954,48.32548],[7.35154,48.27622],[7.29636,48.2217],[7.26759,48.23526],[7.23567,48.31617]]]}},{"type":"Feature","properties":{"id":"ligneville","also":[]},"geometry":{"type":"Polygon","coordinates":[[[5.9743,48.18435],[5.98307,48.17342],[5.96083,48.1436],[5.905,48.15035],[5.92951,48.18322],[5.9743,48.18435]]]}},{"type":"Feature","properties":{"id":"limbach","also":[]},"geometry":{"type":"Polygon","coordinates":[[[6.86229,49.51772],[6.86888,49.51703],[6.88779,49.50534],[6.89605,49.49819],[6.92028,49.46351],[6.86712,49.46452],[6.82775,49.49504],[6.86229,49.51772]]]}},{"type":"Feature","properties":{"id":"limey","also":[]},"geometry":{"type":"Polygon","coordinates":[[[5.88127,48.91173],[5.93102,48.88833],[5.92658,48.86686],[5.91568,48.86085],[5.87394,48.84406],[5.84175,48.8658],[5.84622,48.88846],[5.88127,48.91173]]]}},{"type":"Feature","properties":{"id":"linden","also":[]},"geometry":{"type":"Polygon","coordinates":[[[7.12391,49.509],[7.09009,49.4935],[7.09471,49.51508],[7.09558,49.51574],[7.12391,49.509]]]}},{"type":"Feature","properties":{"id":"lindre-basse","also":[]},"geometry":{"type":"Polygon","coordinates":[[[6.73549,48.8095],[6.78108,48.80416],[6.78015,48.80085],[6.72682,48.78639],[6.72042,48.79124],[6.73549,48.8095]]]}},{"type":"Feature","properties":{"id":"lindre-haute","also":[]},"geometry":{"type":"Polygon","coordinates":[[[6.77329,48.82864],[6.78301,48.80683],[6.78108,48.80416],[6.73549,48.8095],[6.73424,48.82182],[6.73716,48.82417],[6.77329,48.82864]]]}},{"type":"Feature","properties":{"id":"lindscheid","also":[]},"geometry":{"type":"Polygon","coordinates":[[[6.88779,49.50534],[6.95496,49.48963],[6.94255,49.47895],[6.89605,49.49819],[6.88779,49.50534]]]}},{"type":"Feature","properties":{"id":"liouville","also":[]},"geometry":{"type":"Polygon","coordinates":[[[5.64492,48.81504],[5.62959,48.81502],[5.60906,48.83158],[5.65031,48.83803],[5.68339,48.83266],[5.64492,48.81504]]]}},{"type":"Feature","properties":{"id":"lisdorf","also":[]},"geometry":{"type":"Polygon","coordinates":[[[6.7679,49.3132],[6.77144,49.31278],[6.75339,49.28875],[6.72884,49.30274],[6.7679,49.3132]]]}},{"type":"Feature","properties":{"id":"lixieres","also":[]},"geometry":{"type":"Polygon","coordinates":[[[5.81073,49.28656],[5.81943,49.28804],[5.88726,49.23688],[5.8625,49.21096],[5.79691,49.21178],[5.7956,49.2587],[5.81073,49.28656]]]}},{"type":"Feature","properties":{"id":"longchamp-epinal","also":[]},"geometry":{"type":"Polygon","coordinates":[[[6.52406,48.23686],[6.53317,48.21321],[6.50084,48.21318],[6.48558,48.22083],[6.4851,48.22967],[6.52406,48.23686]]]}},{"type":"Feature","properties":{"id":"longchamp-sous-chatenois","also":[]},"geometry":{"type":"Polygon","coordinates":[[[5.83465,48.29554],[5.83864,48.29211],[5.83638,48.27875],[5.79417,48.30076],[5.83465,48.29554]]]}},{"type":"Feature","properties":{"id":"longeville-les-saint-avold","also":[]},"geometry":{"type":"Polygon","coordinates":[[[6.67563,49.1467],[6.68482,49.13791],[6.68115,49.12882],[6.64145,49.09961],[6.62306,49.09933],[6.60884,49.12045],[6.6577,49.14624],[6.67563,49.1467]]]}},{"type":"Feature","properties":{"id":"longuet","also":[]},"geometry":{"type":"Polygon","coordinates":[[[6.5625,48.08018],[6.57585,48.08231],[6.64468,48.06255],[6.63798,48.05524],[6.60134,48.04745],[6.55277,48.06161],[6.55278,48.07516],[6.5625,48.08018]]]}},{"type":"Feature","properties":{"id":"lorey","also":[]},"geometry":{"type":"Polygon","coordinates":[[[6.32344,48.5024],[6.32924,48.49893],[6.32155,48.4886],[6.30396,48.48551],[6.29187,48.50184],[6.32344,48.5024]]]}},{"type":"Feature","properties":{"id":"loromontzey","also":[]},"geometry":{"type":"Polygon","coordinates":[[[6.37032,48.45001],[6.40347,48.43213],[6.3623,48.41745],[6.35615,48.44124],[6.37032,48.45001]]]}},{"type":"Feature","properties":{"id":"lostroff","also":[]},"geometry":{"type":"Polygon","coordinates":[[[6.87878,48.87608],[6.85807,48.84227],[6.83767,48.85883],[6.8387,48.86697],[6.87878,48.87608]]]}},{"type":"Feature","properties":{"id":"loudrefing","also":[]},"geometry":{"type":"Polygon","coordinates":[[[6.92338,48.89437],[6.93987,48.88811],[6.94523,48.88377],[6.95545,48.87141],[6.95971,48.86121],[6.96089,48.85066],[6.95827,48.83851],[6.93293,48.83506],[6.8593,48.83438],[6.85807,48.84227],[6.87878,48.87608],[6.90148,48.88938],[6.92338,48.89437]]]}},{"type":"Feature","properties":{"id":"loupershausen","also":[]},"geometry":{"type":"Polygon","coordinates":[[[6.93449,49.09175],[6.92545,49.07143],[6.89977,49.08416],[6.92085,49.09714],[6.93449,49.09175]]]}},{"type":"Feature","properties":{"id":"loutremange","also":[]},"geometry":{"type":"Polygon","coordinates":[[[6.46075,49.16018],[6.45964,49.14643],[6.43791,49.14033],[6.43815,49.15866],[6.44153,49.16137],[6.46075,49.16018]]]}},{"type":"Feature","properties":{"id":"loutzviller","also":[]},"geometry":{"type":"Polygon","coordinates":[[[7.35042,49.16348],[7.40613,49.14711],[7.39357,49.12752],[7.38831,49.12599],[7.33792,49.14839],[7.35042,49.16348]]]}},{"type":"Feature","properties":{"id":"lubecourt","also":[]},"geometry":{"type":"Polygon","coordinates":[[[6.52923,48.84785],[6.53461,48.84572],[6.54592,48.82696],[6.51401,48.83177],[6.50396,48.84649],[6.52923,48.84785]]]}},{"type":"Feature","properties":{"id":"lubine","also":[]},"geometry":{"type":"Polygon","coordinates":[[[7.15392,48.37063],[7.16966,48.36931],[7.18947,48.36442],[7.2027,48.35859],[7.21721,48.34835],[7.2252,48.33921],[7.23035,48.32921],[7.2325,48.31633],[7.21911,48.30801],[7.19184,48.296],[7.13211,48.30631],[7.13046,48.36049],[7.136,48.36959],[7.15392,48.37063]]]}},{"type":"Feature","properties":{"id":"lucey","also":[]},"geometry":{"type":"Polygon","coordinates":[[[5.86545,48.72498],[5.86686,48.72365],[5.82723,48.70762],[5.80983,48.72958],[5.86545,48.72498]]]}},{"type":"Feature","properties":{"id":"lucy","also":[]},"geometry":{"type":"Polygon","coordinates":[[[6.43782,48.95957],[6.48602,48.96158],[6.49371,48.93337],[6.43056,48.89437],[6.4232,48.89738],[6.41641,48.90615],[6.43782,48.95957]]]}},{"type":"Feature","properties":{"id":"ludres","also":[]},"geometry":{"type":"Polygon","coordinates":[[[6.18121,48.63084],[6.18511,48.61076],[6.15931,48.60735],[6.14248,48.62445],[6.14886,48.63841],[6.18121,48.63084]]]}},{"type":"Feature","properties":{"id":"luneville","also":[]},"geometry":{"type":"Polygon","coordinates":[[[6.51514,48.59588],[6.52239,48.58714],[6.51138,48.57865],[6.48367,48.60063],[6.51514,48.59588]]]}},{"type":"Feature","properties":{"id":"lusse","also":[]},"geometry":{"type":"Polygon","coordinates":[[[7.1168,48.30263],[7.10422,48.2747],[7.10125,48.27815],[7.0922,48.30084],[7.09886,48.30559],[7.1168,48.30263]]]}},{"type":"Feature","properties":{"id":"lutzelbourg","also":[]},"geometry":{"type":"Polygon","coordinates":[[[7.26225,48.76004],[7.32444,48.75844],[7.3318,48.74344],[7.33188,48.72586],[7.32576,48.71237],[7.31781,48.70319],[7.30331,48.69287],[7.28633,48.68572],[7.1971,48.72294],[7.19859,48.73934],[7.26225,48.76004]]]}},{"type":"Feature","properties":{"id":"macheren","also":[]},"geometry":{"type":"Polygon","coordinates":[[[6.73335,49.12853],[6.76944,49.10752],[6.77409,49.09195],[6.72313,49.0896],[6.72213,49.09089],[6.73335,49.12853]]]}},{"type":"Feature","properties":{"id":"macker","also":[]},"geometry":{"type":"Polygon","coordinates":[[[6.52578,49.16461],[6.52879,49.14528],[6.51885,49.1406],[6.46455,49.16302],[6.46991,49.17478],[6.47234,49.1757],[6.52578,49.16461]]]}},{"type":"Feature","properties":{"id":"maconcourt","also":[]},"geometry":{"type":"Polygon","coordinates":[[[5.94603,48.40698],[5.95978,48.39635],[5.96801,48.38402],[5.94964,48.35541],[5.9287,48.34795],[5.91444,48.35542],[5.90783,48.37674],[5.91183,48.38973],[5.94603,48.40698]]]}},{"type":"Feature","properties":{"id":"madegney","also":[]},"geometry":{"type":"Polygon","coordinates":[[[6.2884,48.30081],[6.29517,48.29556],[6.29819,48.27937],[6.2924,48.27178],[6.26129,48.28599],[6.2884,48.30081]]]}},{"type":"Feature","properties":{"id":"magnieres","also":[]},"geometry":{"type":"Polygon","coordinates":[[[6.60403,48.47627],[6.60687,48.47411],[6.60891,48.46557],[6.55269,48.43],[6.54201,48.43118],[6.54068,48.44632],[6.60403,48.47627]]]}},{"type":"Feature","properties":{"id":"maidieres","also":[]},"geometry":{"type":"Polygon","coordinates":[[[6.05098,48.92713],[6.06066,48.89591],[6.02758,48.88785],[6.03346,48.92689],[6.05098,48.92713]]]}},{"type":"Feature","properties":{"id":"mailing","also":[]},"geometry":{"type":"Polygon","coordinates":[[[6.33589,49.4222],[6.325,49.41221],[6.21489,49.4136],[6.2137,49.42356],[6.21553,49.43407],[6.22539,49.45043],[6.24281,49.46386],[6.25614,49.46989],[6.26878,49.47359],[6.328,49.43309],[6.33589,49.4222]]]}},{"type":"Feature","properties":{"id":"mailly-sur-seille","also":[]},"geometry":{"type":"Polygon","coordinates":[[[6.30075,48.95011],[6.30564,48.94683],[6.29877,48.92344],[6.22231,48.89155],[6.2052,48.918],[6.30075,48.95011]]]}},{"type":"Feature","properties":{"id":"mainvillers","also":[]},"geometry":{"type":"Polygon","coordinates":[[[6.50459,49.04235],[6.56398,49.039],[6.58116,49.01941],[6.57596,49.009],[6.54632,49.00383],[6.48135,49.03904],[6.50459,49.04235]]]}},{"type":"Feature","properties":{"id":"maixe","also":[]},"geometry":{"type":"Polygon","coordinates":[[[6.44442,48.66897],[6.4555,48.66648],[6.46837,48.63939],[6.46214,48.62554],[6.43469,48.62696],[6.41994,48.64637],[6.41682,48.65439],[6.44442,48.66897]]]}},{"type":"Feature","properties":{"id":"maizery","also":[]},"geometry":{"type":"Polygon","coordinates":[[[6.35749,49.10657],[6.34852,49.09625],[6.34373,49.09423],[6.32401,49.10652],[6.33598,49.12155],[6.35749,49.10657]]]}},{"type":"Feature","properties":{"id":"maizey","also":[]},"geometry":{"type":"Polygon","coordinates":[[[5.53273,48.93286],[5.56994,48.89879],[5.5714,48.88791],[5.52316,48.87133],[5.50586,48.8709],[5.49005,48.87267],[5.47508,48.87644],[5.46455,48.8806],[5.50664,48.93617],[5.53273,48.93286]]]}},{"type":"Feature","properties":{"id":"malleloy","also":[]},"geometry":{"type":"Polygon","coordinates":[[[6.17806,48.77343],[6.15908,48.77331],[6.14821,48.80688],[6.18412,48.8294],[6.17806,48.77343]]]}},{"type":"Feature","properties":{"id":"malzeville","also":[]},"geometry":{"type":"Polygon","coordinates":[[[6.20072,48.70975],[6.19175,48.70106],[6.17378,48.7023],[6.17566,48.71932],[6.19788,48.72224],[6.20072,48.70975]]]}},{"type":"Feature","properties":{"id":"mamey","also":[]},"geometry":{"type":"Polygon","coordinates":[[[5.93836,48.89148],[5.99026,48.88897],[6.00049,48.87685],[5.99829,48.86606],[5.97763,48.85805],[5.92658,48.86686],[5.93102,48.88833],[5.93836,48.89148]]]}},{"type":"Feature","properties":{"id":"mandray","also":[]},"geometry":{"type":"Polygon","coordinates":[[[7.02167,48.22857],[7.02254,48.20751],[6.98958,48.19474],[6.97015,48.21385],[6.96963,48.22009],[6.97164,48.22188],[7.02167,48.22857]]]}},{"type":"Feature","properties":{"id":"mandres-sur-vair","also":[]},"geometry":{"type":"Polygon","coordinates":[[[5.8708,48.23769],[5.91482,48.2317],[5.89925,48.21014],[5.86865,48.20771],[5.86065,48.22015],[5.8708,48.23769]]]}},{"type":"Feature","properties":{"id":"mangonville","also":[]},"geometry":{"type":"Polygon","coordinates":[[[6.26336,48.45354],[6.29058,48.47265],[6.3014,48.46593],[6.31218,48.44197],[6.30895,48.43913],[6.26336,48.45354]]]}},{"type":"Feature","properties":{"id":"manheulles","also":[]},"geometry":{"type":"Polygon","coordinates":[[[5.66631,49.12922],[5.67682,49.11608],[5.60415,49.07931],[5.53987,49.07746],[5.53383,49.09059],[5.59946,49.15267],[5.61111,49.15891],[5.65293,49.14052],[5.66631,49.12922]]]}},{"type":"Feature","properties":{"id":"mannccourl","also":[]},"geometry":{"type":"Polygon","coordinates":[[[5.84894,48.31309],[5.8656,48.30834],[5.86032,48.29473],[5.83864,48.29211],[5.83465,48.29554],[5.84894,48.31309]]]}},{"type":"Feature","properties":{"id":"manoncourt-en-vermois","also":[]},"geometry":{"type":"Polygon","coordinates":[[[6.28284,48.6166],[6.30078,48.60717],[6.26537,48.5894],[6.24787,48.59764],[6.24492,48.6013],[6.28284,48.6166]]]}},{"type":"Feature","properties":{"id":"manonviller","also":[]},"geometry":{"type":"Polygon","coordinates":[[[6.68023,48.59776],[6.67651,48.58742],[6.64253,48.56184],[6.63226,48.59711],[6.68023,48.59776]]]}},{"type":"Feature","properties":{"id":"many","also":[]},"geometry":{"type":"Polygon","coordinates":[[[6.54632,49.00383],[6.52761,48.98333],[6.5083,48.97603],[6.46299,49.02429],[6.48065,49.03905],[6.54632,49.00383]]]}},{"type":"Feature","properties":{"id":"marainville-sur-madon","also":[]},"geometry":{"type":"Polygon","coordinates":[[[6.17678,48.40631],[6.18222,48.39835],[6.15349,48.38092],[6.14931,48.40565],[6.17678,48.40631]]]}},{"type":"Feature","properties":{"id":"marainviller","also":[]},"geometry":{"type":"Polygon","coordinates":[[[6.60495,48.62058],[6.62636,48.59935],[6.58445,48.55718],[6.57147,48.56792],[6.56933,48.57229],[6.60495,48.62058]]]}},{"type":"Feature","properties":{"id":"marange-zondrange","also":[]},"geometry":{"type":"Polygon","coordinates":[[[6.52879,49.14528],[6.5403,49.14251],[6.57237,49.12602],[6.55869,49.08906],[6.50034,49.09651],[6.51141,49.13571],[6.52879,49.14528]]]}},{"type":"Feature","properties":{"id":"marbache","also":[]},"geometry":{"type":"Polygon","coordinates":[[[6.11333,48.80899],[6.12458,48.80194],[6.11926,48.78431],[6.08678,48.77198],[6.07824,48.77518],[6.07013,48.80501],[6.11333,48.80899]]]}},{"type":"Feature","properties":{"id":"marbotte","also":[]},"geometry":{"type":"Polygon","coordinates":[[[5.50973,48.85862],[5.52316,48.87133],[5.57243,48.88802],[5.57484,48.88766],[5.58777,48.87237],[5.60539,48.83219],[5.58655,48.81697],[5.55887,48.82112],[5.50323,48.84674],[5.50973,48.85862]]]}},{"type":"Feature","properties":{"id":"mardigny","also":[]},"geometry":{"type":"Polygon","coordinates":[[[6.08056,48.99075],[6.124,48.97852],[6.13323,48.95275],[6.11094,48.94113],[6.05627,48.97626],[6.08056,48.99075]]]}},{"type":"Feature","properties":{"id":"marimont","also":[]},"geometry":{"type":"Polygon","coordinates":[[[6.74543,48.90307],[6.79185,48.90076],[6.81064,48.88618],[6.76513,48.86823],[6.75016,48.86764],[6.74298,48.87001],[6.73965,48.89252],[6.74543,48.90307]]]}},{"type":"Feature","properties":{"id":"maron","also":[]},"geometry":{"type":"Polygon","coordinates":[[[6.05949,48.67303],[6.07807,48.64936],[6.06453,48.62865],[5.99728,48.62792],[6.02855,48.6678],[6.05949,48.67303]]]}},{"type":"Feature","properties":{"id":"maroncourt","also":[]},"geometry":{"type":"Polygon","coordinates":[[[6.15304,48.25894],[6.17087,48.25223],[6.17438,48.24998],[6.17946,48.24132],[6.15019,48.24308],[6.14825,48.25712],[6.15304,48.25894]]]}},{"type":"Feature","properties":{"id":"marpingen","also":[]},"geometry":{"type":"Polygon","coordinates":[[[7.0301,49.46419],[7.06591,49.47181],[7.12137,49.42278],[7.10692,49.41088],[7.08512,49.40118],[7.03208,49.41069],[7.00778,49.42788],[7.00771,49.43178],[7.0301,49.46419]]]}},{"type":"Feature","properties":{"id":"mars-la-tour","also":[]},"geometry":{"type":"Polygon","coordinates":[[[5.88931,49.1448],[5.93894,49.12106],[5.93756,49.0785],[5.87997,49.07241],[5.87067,49.07585],[5.82561,49.11475],[5.82966,49.12371],[5.88931,49.1448]]]}},{"type":"Feature","properties":{"id":"marsal","also":[]},"geometry":{"type":"Polygon","coordinates":[[[6.62622,48.79797],[6.63783,48.79206],[6.64149,48.78458],[6.62187,48.77131],[6.6048,48.7672],[6.59285,48.77087],[6.58248,48.78873],[6.58326,48.78979],[6.62622,48.79797]]]}},{"type":"Feature","properties":{"id":"marson-sur-barboure","also":[]},"geometry":{"type":"Polygon","coordinates":[[[5.48301,48.59394],[5.46509,48.58921],[5.44403,48.58743],[5.42299,48.58931],[5.40493,48.59421],[5.43491,48.65204],[5.44747,48.65428],[5.47851,48.63833],[5.48301,48.59394]]]}},{"type":"Feature","properties":{"id":"marthemont","also":[]},"geometry":{"type":"Polygon","coordinates":[[[6.07572,48.57869],[6.08694,48.57253],[6.08407,48.56313],[6.07764,48.55768],[6.00295,48.54707],[5.99903,48.55085],[6.00834,48.57013],[6.07572,48.57869]]]}},{"type":"Feature","properties":{"id":"martigny-les-gerbonvaux","also":[]},"geometry":{"type":"Polygon","coordinates":[[[5.75708,48.43493],[5.79067,48.48668],[5.85337,48.48234],[5.85534,48.48125],[5.86356,48.47386],[5.86669,48.46522],[5.83071,48.41865],[5.79809,48.41539],[5.77605,48.4228],[5.75708,48.43493]]]}},{"type":"Feature","properties":{"id":"martincourt","also":[]},"geometry":{"type":"Polygon","coordinates":[[[5.97763,48.85805],[5.96532,48.8297],[5.91568,48.86085],[5.92658,48.86686],[5.97763,48.85805]]]}},{"type":"Feature","properties":{"id":"martinvelle","also":[]},"geometry":{"type":"Polygon","coordinates":[[[6.02621,47.99351],[5.99934,47.92162],[5.99123,47.92174],[5.96584,47.92592],[5.94653,47.93383],[6.00193,48.00237],[6.02621,47.99351]]]}},{"type":"Feature","properties":{"id":"marzelay","also":[]},"geometry":{"type":"Polygon","coordinates":[[[6.95033,48.32627],[6.94373,48.29688],[6.91406,48.29008],[6.94085,48.32956],[6.95033,48.32627]]]}},{"type":"Feature","properties":{"id":"mattaincourt","also":[]},"geometry":{"type":"Polygon","coordinates":[[[6.14949,48.28989],[6.15496,48.27755],[6.12094,48.26751],[6.09995,48.27986],[6.10356,48.28696],[6.14949,48.28989]]]}},{"type":"Feature","properties":{"id":"mattexey","also":[]},"geometry":{"type":"Polygon","coordinates":[[[6.53531,48.45038],[6.54068,48.44632],[6.54201,48.43118],[6.53904,48.42945],[6.50217,48.41878],[6.50223,48.45093],[6.53531,48.45038]]]}},{"type":"Feature","properties":{"id":"maxeville","also":[]},"geometry":{"type":"Polygon","coordinates":[[[6.16798,48.72239],[6.17566,48.71932],[6.17378,48.7023],[6.16362,48.69738],[6.09425,48.71007],[6.10642,48.72391],[6.16798,48.72239]]]}},{"type":"Feature","properties":{"id":"maxey-sur-meuse","also":[]},"geometry":{"type":"Polygon","coordinates":[[[5.66132,48.43414],[5.61804,48.44098],[5.61668,48.45118],[5.61836,48.46171],[5.62309,48.47181],[5.63069,48.48111],[5.64478,48.49164],[5.65779,48.49775],[5.67743,48.50305],[5.69728,48.50477],[5.72911,48.43705],[5.66132,48.43414]]]}},{"type":"Feature","properties":{"id":"maxstadt","also":[]},"geometry":{"type":"Polygon","coordinates":[[[6.78021,49.06923],[6.79178,49.07584],[6.80226,49.07548],[6.82847,49.05248],[6.7962,49.02907],[6.78519,49.03137],[6.77246,49.04376],[6.78021,49.06923]]]}},{"type":"Feature","properties":{"id":"mazelay","also":[]},"geometry":{"type":"Polygon","coordinates":[[[6.30908,48.24424],[6.34803,48.26207],[6.36367,48.23554],[6.31372,48.2366],[6.30759,48.24106],[6.30908,48.24424]]]}},{"type":"Feature","properties":{"id":"mazerulles","also":[]},"geometry":{"type":"Polygon","coordinates":[[[6.41018,48.78578],[6.41653,48.778],[6.38573,48.73335],[6.35424,48.76068],[6.38626,48.77982],[6.41018,48.78578]]]}},{"type":"Feature","properties":{"id":"mazirot","also":[]},"geometry":{"type":"Polygon","coordinates":[[[6.1754,48.32167],[6.17585,48.32112],[6.15075,48.30681],[6.13729,48.31092],[6.13354,48.3307],[6.1754,48.32167]]]}},{"type":"Feature","properties":{"id":"mechern","also":[]},"geometry":{"type":"Polygon","coordinates":[[[6.62839,49.4322],[6.64071,49.43036],[6.63951,49.41112],[6.63223,49.3981],[6.6192,49.39504],[6.61187,49.42778],[6.62839,49.4322]]]}},{"type":"Feature","properties":{"id":"megange","also":[]},"geometry":{"type":"Polygon","coordinates":[[[6.44569,49.23447],[6.44741,49.23342],[6.45471,49.21607],[6.44616,49.20489],[6.43416,49.20295],[6.4034,49.2238],[6.44569,49.23447]]]}},{"type":"Feature","properties":{"id":"mehoncourt","also":[]},"geometry":{"type":"Polygon","coordinates":[[[6.40621,48.52201],[6.3957,48.50444],[6.37395,48.49482],[6.35898,48.5016],[6.37589,48.52556],[6.40621,48.52201]]]}},{"type":"Feature","properties":{"id":"meinsberg","also":[]},"geometry":{"type":"Polygon","coordinates":[[[6.43133,49.4389],[6.42137,49.45452],[6.43694,49.47324],[6.44979,49.46788],[6.43133,49.4389]]]}},{"type":"Feature","properties":{"id":"meligny-le-grand","also":[]},"geometry":{"type":"Polygon","coordinates":[[[5.55024,48.71227],[5.55674,48.68091],[5.54145,48.67114],[5.4936,48.65865],[5.46805,48.67546],[5.47503,48.69762],[5.49695,48.71383],[5.55024,48.71227]]]}},{"type":"Feature","properties":{"id":"meligny-le-petit","also":[]},"geometry":{"type":"Polygon","coordinates":[[[5.45356,48.67052],[5.46805,48.67546],[5.4936,48.65865],[5.47851,48.63833],[5.44747,48.65428],[5.45356,48.67052]]]}},{"type":"Feature","properties":{"id":"melomenil","also":[]},"geometry":{"type":"Polygon","coordinates":[[[6.33593,48.10098],[6.33923,48.09565],[6.29853,48.06371],[6.27872,48.06173],[6.29545,48.10469],[6.33593,48.10098]]]}},{"type":"Feature","properties":{"id":"memenil","also":[]},"geometry":{"type":"Polygon","coordinates":[[[6.60881,48.23422],[6.61572,48.23261],[6.63939,48.19709],[6.62195,48.19122],[6.60515,48.19383],[6.59762,48.23212],[6.60881,48.23422]]]}},{"type":"Feature","properties":{"id":"menil-en-xaintois","also":[]},"geometry":{"type":"Polygon","coordinates":[[[5.95394,48.30831],[5.97068,48.31867],[5.98276,48.31553],[5.98457,48.2901],[5.97937,48.2906],[5.9529,48.30381],[5.95394,48.30831]]]}},{"type":"Feature","properties":{"id":"menil-evaux-ct-menil","also":[]},"geometry":{"type":"Polygon","coordinates":[[[6.29333,48.31926],[6.32129,48.32269],[6.3386,48.31275],[6.28944,48.30521],[6.28389,48.31131],[6.29333,48.31926]]]}},{"type":"Feature","properties":{"id":"menil-flin","also":[]},"geometry":{"type":"Polygon","coordinates":[[[6.61133,48.53385],[6.63191,48.53742],[6.67365,48.5327],[6.68023,48.52855],[6.63713,48.47558],[6.60687,48.47411],[6.58817,48.4976],[6.61133,48.53385]]]}},{"type":"Feature","properties":{"id":"menil-la-tour","also":[]},"geometry":{"type":"Polygon","coordinates":[[[5.85402,48.77533],[5.9016,48.76326],[5.85438,48.74864],[5.84285,48.75228],[5.85402,48.77533]]]}},{"type":"Feature","properties":{"id":"menningen","also":[]},"geometry":{"type":"Polygon","coordinates":[[[6.67853,49.42399],[6.7068,49.41995],[6.6741,49.39028],[6.64628,49.39744],[6.67853,49.42399]]]}},{"type":"Feature","properties":{"id":"menskirch","also":[]},"geometry":{"type":"Polygon","coordinates":[[[6.4397,49.3349],[6.44962,49.32695],[6.45395,49.31725],[6.42908,49.30676],[6.40492,49.32052],[6.41337,49.33058],[6.4397,49.3349]]]}},{"type":"Feature","properties":{"id":"merchingen","also":[]},"geometry":{"type":"Polygon","coordinates":[[[6.70947,49.444],[6.71288,49.42103],[6.7068,49.41995],[6.67853,49.42399],[6.65871,49.43478],[6.66044,49.47253],[6.68101,49.49221],[6.70947,49.444]]]}},{"type":"Feature","properties":{"id":"mereville","also":[]},"geometry":{"type":"Polygon","coordinates":[[[6.15714,48.6056],[6.16617,48.57802],[6.14958,48.56683],[6.1139,48.57779],[6.12285,48.59479],[6.15714,48.6056]]]}},{"type":"Feature","properties":{"id":"merschweiller","also":[]},"geometry":{"type":"Polygon","coordinates":[[[6.43694,49.47324],[6.42137,49.45452],[6.39932,49.46146],[6.42394,49.4839],[6.43694,49.47324]]]}},{"type":"Feature","properties":{"id":"merten","also":[]},"geometry":{"type":"Polygon","coordinates":[[[6.64769,49.25672],[6.66904,49.26535],[6.68621,49.252],[6.6977,49.21357],[6.6393,49.24314],[6.63806,49.24673],[6.64769,49.25672]]]}},{"type":"Feature","properties":{"id":"merzig","also":[]},"geometry":{"type":"Polygon","coordinates":[[[6.64071,49.43036],[6.62839,49.4322],[6.62626,49.44999],[6.63256,49.46151],[6.66044,49.47253],[6.65871,49.43478],[6.64071,49.43036]]]}},{"type":"Feature","properties":{"id":"messein","also":[]},"geometry":{"type":"Polygon","coordinates":[[[6.14248,48.62445],[6.15931,48.60735],[6.15714,48.6056],[6.12285,48.59479],[6.11879,48.60592],[6.12201,48.61701],[6.14248,48.62445]]]}},{"type":"Feature","properties":{"id":"metrich","also":[]},"geometry":{"type":"Polygon","coordinates":[[[6.32214,49.39712],[6.25884,49.36006],[6.24801,49.35835],[6.24443,49.36008],[6.22941,49.37018],[6.22107,49.37924],[6.21363,49.39613],[6.21489,49.4136],[6.325,49.41221],[6.32214,49.39712]]]}},{"type":"Feature","properties":{"id":"mettlach","also":[]},"geometry":{"type":"Polygon","coordinates":[[[6.58217,49.48615],[6.63164,49.54074],[6.64897,49.53383],[6.66702,49.52076],[6.67437,49.51133],[6.67841,49.50236],[6.59433,49.48022],[6.58438,49.4816],[6.58217,49.48615]]]}},{"type":"Feature","properties":{"id":"metz","also":[]},"geometry":{"type":"Polygon","coordinates":[[[6.18232,49.13754],[6.1916,49.13571],[6.19934,49.11681],[6.18467,49.11009],[6.16155,49.10967],[6.16646,49.13461],[6.18232,49.13754]]]}},{"type":"Feature","properties":{"id":"metzeresche","also":[]},"geometry":{"type":"Polygon","coordinates":[[[6.23785,49.32633],[6.23905,49.32757],[6.31465,49.31568],[6.32706,49.29916],[6.32555,49.28685],[6.29334,49.26414],[6.2864,49.26326],[6.26635,49.27215],[6.25686,49.27873],[6.23785,49.32633]]]}},{"type":"Feature","properties":{"id":"metzing","also":[]},"geometry":{"type":"Polygon","coordinates":[[[6.97029,49.11206],[6.97025,49.08654],[6.94648,49.09204],[6.95228,49.11775],[6.97029,49.11206]]]}},{"type":"Feature","properties":{"id":"migneville","also":[]},"geometry":{"type":"Polygon","coordinates":[[[6.78126,48.55181],[6.82324,48.53455],[6.80712,48.51305],[6.74514,48.52751],[6.75115,48.5376],[6.78126,48.55181]]]}},{"type":"Feature","properties":{"id":"millery","also":[]},"geometry":{"type":"Polygon","coordinates":[[[6.13565,48.83393],[6.18824,48.84085],[6.18892,48.83531],[6.18412,48.8294],[6.14821,48.80688],[6.12458,48.80194],[6.11333,48.80899],[6.13565,48.83393]]]}},{"type":"Feature","properties":{"id":"mirecourt","also":[]},"geometry":{"type":"Polygon","coordinates":[[[6.11874,48.3085],[6.13729,48.31092],[6.15075,48.30681],[6.15264,48.29481],[6.14949,48.28989],[6.10356,48.28696],[6.10263,48.2909],[6.11874,48.3085]]]}},{"type":"Feature","properties":{"id":"mittelbronn","also":[]},"geometry":{"type":"Polygon","coordinates":[[[7.19859,48.73934],[7.15082,48.79244],[7.16517,48.80668],[7.17715,48.8137],[7.18915,48.81844],[7.26225,48.76004],[7.19859,48.73934]]]}},{"type":"Feature","properties":{"id":"moineville","also":[]},"geometry":{"type":"Polygon","coordinates":[[[5.96487,49.18529],[5.89391,49.17761],[5.89231,49.17968],[5.99359,49.24278],[5.99519,49.23698],[5.96487,49.18529]]]}},{"type":"Feature","properties":{"id":"moivron","also":[]},"geometry":{"type":"Polygon","coordinates":[[[6.18824,48.84085],[6.19128,48.84771],[6.22519,48.86138],[6.23575,48.86094],[6.26523,48.83806],[6.27838,48.82431],[6.27694,48.81966],[6.21338,48.81799],[6.21049,48.8189],[6.18892,48.83531],[6.18824,48.84085]]]}},{"type":"Feature","properties":{"id":"moncel-les-luneville","also":[]},"geometry":{"type":"Polygon","coordinates":[[[6.52239,48.58714],[6.54992,48.58639],[6.56933,48.57229],[6.57147,48.56792],[6.51857,48.5625],[6.51042,48.57762],[6.52239,48.58714]]]}},{"type":"Feature","properties":{"id":"monclair","also":[]},"geometry":{"type":"Polygon","coordinates":[[[6.5666,49.51652],[6.57065,49.49298],[6.55274,49.4878],[6.52334,49.50739],[6.5666,49.51652]]]}},{"type":"Feature","properties":{"id":"mondorf","also":[]},"geometry":{"type":"Polygon","coordinates":[[[6.59015,49.43033],[6.60297,49.43086],[6.61187,49.42778],[6.6192,49.39504],[6.59916,49.39601],[6.57984,49.41036],[6.59015,49.43033]]]}},{"type":"Feature","properties":{"id":"monneren","also":[]},"geometry":{"type":"Polygon","coordinates":[[[6.43612,49.35344],[6.44091,49.34215],[6.4397,49.3349],[6.41337,49.33058],[6.39704,49.34207],[6.38984,49.36199],[6.39079,49.36317],[6.43612,49.35344]]]}},{"type":"Feature","properties":{"id":"mont","also":[]},"geometry":{"type":"Polygon","coordinates":[[[6.41007,49.11375],[6.4163,49.11122],[6.42078,49.1069],[6.42721,49.09515],[6.39163,49.07516],[6.34852,49.09625],[6.35749,49.10657],[6.41007,49.11375]]]}},{"type":"Feature","properties":{"id":"mont-le-vignoble","also":[]},"geometry":{"type":"Polygon","coordinates":[[[5.75928,48.61144],[5.85121,48.63175],[5.86438,48.60246],[5.85578,48.59623],[5.7882,48.58816],[5.76222,48.59853],[5.75928,48.61144]]]}},{"type":"Feature","properties":{"id":"mont-sur-meurthe","also":[]},"geometry":{"type":"Polygon","coordinates":[[[6.41716,48.57719],[6.43358,48.57768],[6.45594,48.5577],[6.46137,48.54694],[6.45108,48.54295],[6.41796,48.53891],[6.41451,48.54485],[6.41716,48.57719]]]}},{"type":"Feature","properties":{"id":"montauville","also":[]},"geometry":{"type":"Polygon","coordinates":[[[5.99252,48.91818],[6.03346,48.92689],[6.02758,48.88785],[6.01922,48.88237],[6.00049,48.87685],[5.99026,48.88897],[5.99252,48.91818]]]}},{"type":"Feature","properties":{"id":"montenach","also":[]},"geometry":{"type":"Polygon","coordinates":[[[6.40308,49.42677],[6.39945,49.41637],[6.37789,49.40851],[6.34778,49.42248],[6.36833,49.43018],[6.38586,49.43279],[6.40308,49.42677]]]}},{"type":"Feature","properties":{"id":"montenoy","also":[]},"geometry":{"type":"Polygon","coordinates":[[[6.24605,48.80255],[6.25318,48.78921],[6.24971,48.78599],[6.23526,48.77795],[6.21742,48.77396],[6.21049,48.8189],[6.24605,48.80255]]]}},{"type":"Feature","properties":{"id":"monthureux-sur-saone","also":[]},"geometry":{"type":"Polygon","coordinates":[[[6.00222,48.04884],[6.00415,48.02861],[5.99591,48.00732],[5.89842,48.00857],[5.89237,48.02351],[5.89261,48.0376],[5.9005,48.05438],[5.91244,48.06606],[5.99756,48.05269],[6.00222,48.04884]]]}},{"type":"Feature","properties":{"id":"montmotier","also":[]},"geometry":{"type":"Polygon","coordinates":[[[6.18632,48.02677],[6.18895,47.92008],[6.16443,47.91991],[6.14428,47.92374],[6.12629,47.93095],[6.10956,47.94309],[6.10614,47.98916],[6.1234,48.00624],[6.18632,48.02677]]]}},{"type":"Feature","properties":{"id":"montreux","also":[]},"geometry":{"type":"Polygon","coordinates":[[[6.92845,48.54556],[6.92618,48.49991],[6.91219,48.49462],[6.84819,48.53306],[6.86665,48.54245],[6.92845,48.54556]]]}},{"type":"Feature","properties":{"id":"morelmaison","also":[]},"geometry":{"type":"Polygon","coordinates":[[[5.93334,48.33452],[5.93427,48.32471],[5.91303,48.30581],[5.89462,48.3139],[5.904,48.32656],[5.93334,48.33452]]]}},{"type":"Feature","properties":{"id":"morhange","also":[]},"geometry":{"type":"Polygon","coordinates":[[[6.61386,48.9375],[6.62043,48.94464],[6.62827,48.94655],[6.65548,48.94044],[6.65388,48.90985],[6.6454,48.90671],[6.62934,48.91441],[6.61386,48.9375]]]}},{"type":"Feature","properties":{"id":"moriville","also":[]},"geometry":{"type":"Polygon","coordinates":[[[6.38476,48.37514],[6.40422,48.38003],[6.43462,48.37448],[6.44522,48.36139],[6.45797,48.34122],[6.43156,48.32782],[6.42104,48.32685],[6.38839,48.34314],[6.38476,48.37514]]]}},{"type":"Feature","properties":{"id":"moriviller","also":[]},"geometry":{"type":"Polygon","coordinates":[[[6.43429,48.49103],[6.47078,48.48348],[6.4501,48.46249],[6.42691,48.46515],[6.42047,48.48431],[6.43429,48.49103]]]}},{"type":"Feature","properties":{"id":"morlange","also":[]},"geometry":{"type":"Polygon","coordinates":[[[6.486,49.13596],[6.51141,49.13571],[6.50034,49.09651],[6.46629,49.07984],[6.42721,49.09515],[6.42078,49.1069],[6.486,49.13596]]]}},{"type":"Feature","properties":{"id":"morsbach","also":[]},"geometry":{"type":"Polygon","coordinates":[[[6.89151,49.17388],[6.89507,49.16377],[6.87382,49.15244],[6.86978,49.15351],[6.85442,49.1694],[6.87917,49.1812],[6.89151,49.17388]]]}},{"type":"Feature","properties":{"id":"mortagne","also":[]},"geometry":{"type":"Polygon","coordinates":[[[6.75493,48.31762],[6.81945,48.26806],[6.81847,48.25539],[6.81383,48.2536],[6.78257,48.24999],[6.74545,48.25264],[6.71918,48.26062],[6.71976,48.28086],[6.75493,48.31762]]]}},{"type":"Feature","properties":{"id":"morville-sur-seille","also":[]},"geometry":{"type":"Polygon","coordinates":[[[6.13323,48.95275],[6.1665,48.95187],[6.19742,48.92028],[6.14442,48.89021],[6.12175,48.89882],[6.10834,48.9384],[6.11094,48.94113],[6.13323,48.95275]]]}},{"type":"Feature","properties":{"id":"moulin","also":[]},"geometry":{"type":"Polygon","coordinates":[[[6.58166,48.03879],[6.59215,48.02522],[6.53971,48.00481],[6.51236,48.00651],[6.54634,48.03826],[6.58166,48.03879]]]}},{"type":"Feature","properties":{"id":"mousson","also":[]},"geometry":{"type":"Polygon","coordinates":[[[6.10834,48.9384],[6.12175,48.89882],[6.08345,48.88148],[6.06066,48.89591],[6.05098,48.92713],[6.05583,48.92898],[6.10834,48.9384]]]}},{"type":"Feature","properties":{"id":"moussoux","also":[]},"geometry":{"type":"Polygon","coordinates":[[[6.52802,48.1717],[6.58165,48.14509],[6.57659,48.13267],[6.56013,48.12937],[6.5053,48.15418],[6.50651,48.16398],[6.52802,48.1717]]]}},{"type":"Feature","properties":{"id":"moutrot","also":[]},"geometry":{"type":"Polygon","coordinates":[[[5.86438,48.60246],[5.89623,48.61695],[5.92968,48.60506],[5.91133,48.58591],[5.86379,48.60111],[5.86438,48.60246]]]}},{"type":"Feature","properties":{"id":"moyemont","also":[]},"geometry":{"type":"Polygon","coordinates":[[[6.53695,48.36204],[6.56046,48.36112],[6.57128,48.32194],[6.56696,48.3197],[6.54555,48.32355],[6.52189,48.33526],[6.53695,48.36204]]]}},{"type":"Feature","properties":{"id":"moyenmoutier","also":[]},"geometry":{"type":"Polygon","coordinates":[[[6.89577,48.3967],[6.93577,48.41041],[6.94507,48.39225],[6.94325,48.38872],[6.89942,48.35745],[6.8964,48.35784],[6.88839,48.37065],[6.89577,48.3967]]]}},{"type":"Feature","properties":{"id":"moyenpal","also":[]},"geometry":{"type":"Polygon","coordinates":[[[6.40185,48.07338],[6.39046,48.05984],[6.33935,48.05435],[6.32867,48.06061],[6.3736,48.08117],[6.40185,48.07338]]]}},{"type":"Feature","properties":{"id":"mulcey","also":[]},"geometry":{"type":"Polygon","coordinates":[[[6.66367,48.82373],[6.69056,48.80627],[6.64221,48.78446],[6.63783,48.79206],[6.66367,48.82373]]]}},{"type":"Feature","properties":{"id":"munchweilcr","also":[]},"geometry":{"type":"Polygon","coordinates":[[[7.64458,49.22595],[7.72485,49.26999],[7.74195,49.26552],[7.75941,49.25729],[7.77002,49.24932],[7.7801,49.23688],[7.78423,49.22666],[7.78524,49.2161],[7.78308,49.20562],[7.77785,49.19561],[7.76974,49.18646],[7.75907,49.17852],[7.74625,49.1721],[7.73297,49.16777],[7.65294,49.20536],[7.64458,49.22595]]]}},{"type":"Feature","properties":{"id":"murville","also":[]},"geometry":{"type":"Polygon","coordinates":[[[5.79495,49.38808],[5.82123,49.39192],[5.848,49.39005],[5.87241,49.38265],[5.89186,49.37051],[5.90429,49.35493],[5.90839,49.33757],[5.90534,49.32361],[5.85502,49.30895],[5.79745,49.33925],[5.77553,49.3808],[5.79495,49.38808]]]}},{"type":"Feature","properties":{"id":"naglaincourt","also":[]},"geometry":{"type":"Polygon","coordinates":[[[6.18613,48.23639],[6.20932,48.24657],[6.23188,48.23657],[6.20145,48.21971],[6.19029,48.21594],[6.18269,48.22285],[6.18613,48.23639]]]}},{"type":"Feature","properties":{"id":"naimont","also":[]},"geometry":{"type":"Polygon","coordinates":[[[6.34407,48.13301],[6.36665,48.12501],[6.37231,48.10788],[6.36584,48.09027],[6.33923,48.09565],[6.33593,48.10098],[6.34407,48.13301]]]}},{"type":"Feature","properties":{"id":"nalbach","also":[]},"geometry":{"type":"Polygon","coordinates":[[[6.80179,49.41984],[6.8202,49.41227],[6.8599,49.3896],[6.76256,49.35869],[6.74042,49.38192],[6.74808,49.41021],[6.76741,49.41618],[6.80179,49.41984]]]}},{"type":"Feature","properties":{"id":"namborn","also":[]},"geometry":{"type":"Polygon","coordinates":[[[7.1556,49.54431],[7.16016,49.53273],[7.13145,49.5062],[7.12352,49.50946],[7.1178,49.55741],[7.12628,49.56783],[7.1556,49.54431]]]}},{"type":"Feature","properties":{"id":"nancois-le-grand","also":[]},"geometry":{"type":"Polygon","coordinates":[[[5.40453,48.69164],[5.39768,48.68573],[5.37921,48.67744],[5.343,48.66916],[5.3277,48.67619],[5.31683,48.68392],[5.30843,48.69291],[5.30285,48.70282],[5.3003,48.71326],[5.30087,48.72383],[5.30455,48.73413],[5.31119,48.74375],[5.32055,48.75234],[5.33226,48.75956],[5.35075,48.76657],[5.36608,48.76962],[5.38201,48.77063],[5.40312,48.76875],[5.41856,48.76482],[5.42725,48.75184],[5.40453,48.69164]]]}},{"type":"Feature","properties":{"id":"nancy","also":[]},"geometry":{"type":"Polygon","coordinates":[[[6.17378,48.7023],[6.19175,48.70106],[6.19926,48.69193],[6.19595,48.68631],[6.16979,48.68558],[6.16362,48.69738],[6.17378,48.7023]]]}},{"type":"Feature","properties":{"id":"nayemont-les-fosses","also":[]},"geometry":{"type":"Polygon","coordinates":[[[6.98611,48.31243],[6.99869,48.31522],[7.01806,48.31316],[7.02964,48.29509],[6.99684,48.28332],[6.98915,48.28393],[6.97825,48.28918],[6.97664,48.29245],[6.98611,48.31243]]]}},{"type":"Feature","properties":{"id":"nebing","also":[]},"geometry":{"type":"Polygon","coordinates":[[[6.81634,48.93092],[6.82215,48.9311],[6.83336,48.89556],[6.81537,48.88566],[6.81064,48.88618],[6.79185,48.90076],[6.81634,48.93092]]]}},{"type":"Feature","properties":{"id":"neipel","also":[]},"geometry":{"type":"Polygon","coordinates":[[[6.89605,49.49819],[6.94255,49.47895],[6.93849,49.47104],[6.92609,49.46165],[6.92028,49.46351],[6.89605,49.49819]]]}},{"type":"Feature","properties":{"id":"nelling","also":[]},"geometry":{"type":"Polygon","coordinates":[[[6.86949,48.97721],[6.88331,48.96506],[6.84142,48.94978],[6.86114,48.97636],[6.86949,48.97721]]]}},{"type":"Feature","properties":{"id":"nennig","also":[]},"geometry":{"type":"Polygon","coordinates":[[[6.30549,49.5115],[6.38056,49.53404],[6.41897,49.52516],[6.36016,49.50406],[6.31584,49.50177],[6.31211,49.50255],[6.30549,49.5115]]]}},{"type":"Feature","properties":{"id":"neudlangc","also":[]},"geometry":{"type":"Polygon","coordinates":[[[6.29334,49.26414],[6.37181,49.26212],[6.37853,49.25553],[6.32978,49.23008],[6.28977,49.26306],[6.29334,49.26414]]]}},{"type":"Feature","properties":{"id":"neufchateau","also":[]},"geometry":{"type":"Polygon","coordinates":[[[5.7149,48.36654],[5.72006,48.35109],[5.71812,48.34773],[5.7013,48.34509],[5.68294,48.35561],[5.7149,48.36654]]]}},{"type":"Feature","properties":{"id":"neufgrange","also":[]},"geometry":{"type":"Polygon","coordinates":[[[7.02578,49.09342],[7.06682,49.09374],[7.09408,49.07421],[7.10341,49.06043],[7.07084,49.03671],[7.0369,49.04181],[7.01688,49.08236],[7.02578,49.09342]]]}},{"type":"Feature","properties":{"id":"neuforweiler","also":[]},"geometry":{"type":"Polygon","coordinates":[[[6.75339,49.28875],[6.77417,49.27098],[6.7462,49.25794],[6.71949,49.26864],[6.71011,49.27675],[6.72714,49.3031],[6.75339,49.28875]]]}},{"type":"Feature","properties":{"id":"neunkirch","also":[]},"geometry":{"type":"Polygon","coordinates":[[[7.09125,49.1359],[7.10502,49.10647],[7.0878,49.10573],[7.06628,49.12745],[7.07961,49.13669],[7.09125,49.1359]]]}},{"type":"Feature","properties":{"id":"neunkirchen","also":[]},"geometry":{"type":"Polygon","coordinates":[[[7.1178,49.55741],[7.08677,49.53696],[7.04995,49.52632],[7.04079,49.52466],[7.0043,49.5354],[7.03164,49.59925],[7.04733,49.60206],[7.06356,49.60283],[7.08496,49.60064],[7.10003,49.59666],[7.11361,49.59084],[7.12586,49.58284],[7.12628,49.56783],[7.1178,49.55741]]]}},{"type":"Feature","properties":{"id":"neunkirchen-les-bouzonville","also":[]},"geometry":{"type":"Polygon","coordinates":[[[6.57631,49.35239],[6.56681,49.34114],[6.55646,49.33708],[6.54584,49.33909],[6.55041,49.3685],[6.55326,49.36931],[6.57631,49.35239]]]}},{"type":"Feature","properties":{"id":"neuves-maisons","also":[]},"geometry":{"type":"Polygon","coordinates":[[[6.12201,48.61701],[6.11879,48.60592],[6.08739,48.61384],[6.10268,48.63041],[6.12201,48.61701]]]}},{"type":"Feature","properties":{"id":"neuviller-sur-moselle","also":[]},"geometry":{"type":"Polygon","coordinates":[[[6.28004,48.50918],[6.29187,48.50184],[6.30396,48.48551],[6.29003,48.47577],[6.2655,48.48647],[6.27235,48.50681],[6.28004,48.50918]]]}},{"type":"Feature","properties":{"id":"neuvillers-sur-fave","also":[]},"geometry":{"type":"Polygon","coordinates":[[[7.04182,48.29284],[7.05238,48.28499],[7.05163,48.28147],[7.04111,48.26973],[7.03263,48.26662],[7.02745,48.2779],[7.03272,48.29376],[7.04182,48.29284]]]}},{"type":"Feature","properties":{"id":"niderviller","also":[]},"geometry":{"type":"Polygon","coordinates":[[[7.11356,48.73396],[7.15999,48.70465],[7.13216,48.66124],[7.10909,48.65882],[7.10538,48.66187],[7.07869,48.70302],[7.11356,48.73396]]]}},{"type":"Feature","properties":{"id":"niedaltdorf","also":[]},"geometry":{"type":"Polygon","coordinates":[[[6.59153,49.35644],[6.61385,49.33987],[6.61239,49.33732],[6.59454,49.33146],[6.56681,49.34114],[6.57631,49.35239],[6.59153,49.35644]]]}},{"type":"Feature","properties":{"id":"niedergailbach","also":[]},"geometry":{"type":"Polygon","coordinates":[[[7.23886,49.13356],[7.18081,49.11685],[7.16055,49.16926],[7.16263,49.17493],[7.23886,49.13356]]]}},{"type":"Feature","properties":{"id":"niederhofen","also":[]},"geometry":{"type":"Polygon","coordinates":[[[6.962,49.53024],[6.98085,49.52635],[6.97994,49.50156],[6.95496,49.48963],[6.88779,49.50534],[6.86888,49.51703],[6.962,49.53024]]]}},{"type":"Feature","properties":{"id":"niedersaubach","also":[]},"geometry":{"type":"Polygon","coordinates":[[[6.88811,49.42986],[6.92157,49.44052],[6.94823,49.41476],[6.91719,49.37939],[6.89685,49.36926],[6.88238,49.37305],[6.85901,49.39098],[6.88811,49.42986]]]}},{"type":"Feature","properties":{"id":"niedervisse","also":[]},"geometry":{"type":"Polygon","coordinates":[[[6.53572,49.18448],[6.59092,49.18176],[6.59756,49.17504],[6.59869,49.16948],[6.5403,49.14251],[6.52879,49.14528],[6.52578,49.16461],[6.53572,49.18448]]]}},{"type":"Feature","properties":{"id":"nillel","also":[]},"geometry":{"type":"Polygon","coordinates":[[[6.36225,49.65429],[6.36539,49.66732],[6.37403,49.68025],[6.38374,49.68874],[6.39583,49.69584],[6.40982,49.70128],[6.42518,49.70484],[6.44131,49.70639],[6.4576,49.70586],[6.47341,49.70328],[6.48814,49.69875],[6.50028,49.69295],[6.43225,49.63904],[6.36225,49.65429]]]}},{"type":"Feature","properties":{"id":"nittel","also":[]},"geometry":{"type":"Polygon","coordinates":[[[6.50028,49.69295],[6.50983,49.68747],[6.51993,49.67917],[6.52734,49.66976],[6.53299,49.65257],[6.53215,49.64201],[6.52815,49.63176],[6.52116,49.6222],[6.5119,49.61408],[6.43225,49.63904],[6.50028,49.69295]]]}},{"type":"Feature","properties":{"id":"nitting","also":[]},"geometry":{"type":"Polygon","coordinates":[[[7.10538,48.66187],[7.10909,48.65882],[7.10409,48.6489],[7.09619,48.63971],[7.08575,48.63171],[7.07315,48.62521],[7.05889,48.62046],[7.04351,48.61765],[7.0276,48.61688],[7.01177,48.61818],[6.98785,48.62454],[6.96817,48.63549],[6.96259,48.64029],[7.0073,48.69327],[7.10538,48.66187]]]}},{"type":"Feature","properties":{"id":"nohn","also":[]},"geometry":{"type":"Polygon","coordinates":[[[6.50792,49.49965],[6.51338,49.50739],[6.52334,49.50739],[6.55274,49.4878],[6.55323,49.4701],[6.54599,49.46743],[6.53575,49.46625],[6.52216,49.47461],[6.50792,49.49965]]]}},{"type":"Feature","properties":{"id":"nomexy","also":[]},"geometry":{"type":"Polygon","coordinates":[[[6.35571,48.32076],[6.36092,48.32325],[6.40431,48.30322],[6.38701,48.29016],[6.34457,48.30957],[6.34421,48.31131],[6.35571,48.32076]]]}},{"type":"Feature","properties":{"id":"nompatelize","also":[]},"geometry":{"type":"Polygon","coordinates":[[[6.85768,48.34531],[6.86772,48.34436],[6.86671,48.29699],[6.84117,48.31753],[6.83749,48.3348],[6.85768,48.34531]]]}},{"type":"Feature","properties":{"id":"noncourt","also":[]},"geometry":{"type":"Polygon","coordinates":[[[5.7013,48.34509],[5.65023,48.31195],[5.62964,48.30755],[5.61461,48.32026],[5.60551,48.33675],[5.60428,48.35082],[5.60986,48.36693],[5.68294,48.35561],[5.7013,48.34509]]]}},{"type":"Feature","properties":{"id":"nonhigny","also":[]},"geometry":{"type":"Polygon","coordinates":[[[6.89951,48.57194],[6.93222,48.55482],[6.92845,48.54556],[6.86665,48.54245],[6.8791,48.57192],[6.88089,48.5731],[6.89951,48.57194]]]}},{"type":"Feature","properties":{"id":"nonville","also":[]},"geometry":{"type":"Polygon","coordinates":[[[5.99098,48.10096],[6.00914,48.06774],[5.99756,48.05269],[5.91244,48.06606],[5.90995,48.07499],[5.9738,48.10713],[5.99098,48.10096]]]}},{"type":"Feature","properties":{"id":"nonzeville","also":[]},"geometry":{"type":"Polygon","coordinates":[[[6.61356,48.25881],[6.64181,48.27903],[6.64482,48.27782],[6.63845,48.25245],[6.61499,48.25761],[6.61356,48.25881]]]}},{"type":"Feature","properties":{"id":"norroy-le-veneur","also":[]},"geometry":{"type":"Polygon","coordinates":[[[6.10366,49.19319],[6.12284,49.18288],[6.1318,49.17169],[6.0761,49.16937],[6.07101,49.17808],[6.10366,49.19319]]]}},{"type":"Feature","properties":{"id":"norroy-sur-vair","also":[]},"geometry":{"type":"Polygon","coordinates":[[[5.92596,48.23519],[5.94929,48.22818],[5.95114,48.22486],[5.92369,48.19773],[5.89925,48.21014],[5.91482,48.2317],[5.92596,48.23519]]]}},{"type":"Feature","properties":{"id":"northen","also":[]},"geometry":{"type":"Polygon","coordinates":[[[6.41653,49.18181],[6.42895,49.17856],[6.44153,49.16137],[6.43815,49.15866],[6.41601,49.15738],[6.39755,49.16341],[6.39987,49.17853],[6.41653,49.18181]]]}},{"type":"Feature","properties":{"id":"noussewiller-les-putlelange","also":[]},"geometry":{"type":"Polygon","coordinates":[[[6.98562,49.12941],[6.99504,49.12115],[6.97029,49.11206],[6.95228,49.11775],[6.95372,49.12216],[6.98562,49.12941]]]}},{"type":"Feature","properties":{"id":"oberdorff","also":[]},"geometry":{"type":"Polygon","coordinates":[[[6.61437,49.27407],[6.60741,49.26291],[6.57234,49.2695],[6.57567,49.28036],[6.61437,49.27407]]]}},{"type":"Feature","properties":{"id":"oberesch","also":[]},"geometry":{"type":"Polygon","coordinates":[[[6.54441,49.40238],[6.56666,49.41168],[6.57984,49.41036],[6.59916,49.39601],[6.58532,49.38997],[6.54638,49.39346],[6.54002,49.39741],[6.54441,49.40238]]]}},{"type":"Feature","properties":{"id":"obergailbach","also":[]},"geometry":{"type":"Polygon","coordinates":[[[7.23886,49.13356],[7.2467,49.13218],[7.23618,49.10271],[7.22586,49.0933],[7.21088,49.09311],[7.17977,49.11097],[7.18081,49.11685],[7.23886,49.13356]]]}},{"type":"Feature","properties":{"id":"oberkirchen","also":[]},"geometry":{"type":"Polygon","coordinates":[[[7.29597,49.54766],[7.27948,49.52372],[7.23722,49.50903],[7.2426,49.53597],[7.29597,49.54766]]]}},{"type":"Feature","properties":{"id":"oberleuken","also":[]},"geometry":{"type":"Polygon","coordinates":[[[6.45325,49.53057],[6.49839,49.52633],[6.51338,49.50739],[6.50792,49.49965],[6.48328,49.49012],[6.43839,49.49943],[6.43498,49.52724],[6.45325,49.53057]]]}},{"type":"Feature","properties":{"id":"obernaumen","also":[]},"geometry":{"type":"Polygon","coordinates":[[[6.47106,49.4204],[6.46978,49.39707],[6.45991,49.39022],[6.43523,49.40929],[6.44102,49.42398],[6.47106,49.4204]]]}},{"type":"Feature","properties":{"id":"oberperl","also":[]},"geometry":{"type":"Polygon","coordinates":[[[6.38959,49.47647],[6.41796,49.48507],[6.4239,49.48401],[6.39932,49.46146],[6.39521,49.4602],[6.38954,49.46338],[6.38959,49.47647]]]}},{"type":"Feature","properties":{"id":"obervisse","also":[]},"geometry":{"type":"Polygon","coordinates":[[[6.59869,49.16948],[6.61055,49.15886],[6.57576,49.12626],[6.57237,49.12602],[6.5403,49.14251],[6.59869,49.16948]]]}},{"type":"Feature","properties":{"id":"ochey","also":[]},"geometry":{"type":"Polygon","coordinates":[[[5.92968,48.60506],[5.96177,48.61484],[5.9808,48.61641],[5.94143,48.55141],[5.93412,48.54966],[5.9296,48.55131],[5.91013,48.5729],[5.91133,48.58591],[5.92968,48.60506]]]}},{"type":"Feature","properties":{"id":"oelleville","also":[]},"geometry":{"type":"Polygon","coordinates":[[[6.03439,48.34718],[6.04154,48.3432],[6.03778,48.32442],[6.0107,48.31898],[6.00868,48.31995],[5.99676,48.34044],[5.9981,48.34301],[6.03439,48.34718]]]}},{"type":"Feature","properties":{"id":"oeting","also":[]},"geometry":{"type":"Polygon","coordinates":[[[6.93205,49.18442],[6.92071,49.15535],[6.89507,49.16377],[6.89151,49.17388],[6.91679,49.18497],[6.93205,49.18442]]]}},{"type":"Feature","properties":{"id":"offroicourt","also":[]},"geometry":{"type":"Polygon","coordinates":[[[6.03934,48.29444],[6.05803,48.27114],[6.04098,48.26743],[6.01221,48.2902],[6.01368,48.29128],[6.03934,48.29444]]]}},{"type":"Feature","properties":{"id":"ogeviller","also":[]},"geometry":{"type":"Polygon","coordinates":[[[6.69601,48.55492],[6.72123,48.56594],[6.72502,48.56554],[6.73164,48.56177],[6.75115,48.5376],[6.74514,48.52751],[6.73207,48.52119],[6.71275,48.51686],[6.6906,48.52202],[6.67365,48.5327],[6.69601,48.55492]]]}},{"type":"Feature","properties":{"id":"ogneville","also":[]},"geometry":{"type":"Polygon","coordinates":[[[6.06481,48.48723],[6.06918,48.48721],[6.08297,48.47613],[6.06314,48.46369],[6.04244,48.47052],[6.06481,48.48723]]]}},{"type":"Feature","properties":{"id":"olferding","also":[]},"geometry":{"type":"Polygon","coordinates":[[[7.2512,49.08365],[7.25512,49.05844],[7.24149,49.05281],[7.23327,49.05157],[7.2262,49.09306],[7.2512,49.08365]]]}},{"type":"Feature","properties":{"id":"ollainville","also":[]},"geometry":{"type":"Polygon","coordinates":[[[5.82659,48.26846],[5.8233,48.2522],[5.79816,48.23909],[5.76336,48.2632],[5.78167,48.2869],[5.82659,48.26846]]]}},{"type":"Feature","properties":{"id":"omelmont","also":[]},"geometry":{"type":"Polygon","coordinates":[[[6.09574,48.49684],[6.12044,48.51073],[6.13312,48.49065],[6.12987,48.48662],[6.1216,48.48345],[6.11017,48.48564],[6.09574,48.49684]]]}},{"type":"Feature","properties":{"id":"oncourt","also":[]},"geometry":{"type":"Polygon","coordinates":[[[6.371,48.26887],[6.39766,48.25827],[6.39619,48.23375],[6.36822,48.23209],[6.36367,48.23554],[6.34803,48.26207],[6.34968,48.26565],[6.371,48.26887]]]}},{"type":"Feature","properties":{"id":"onnes-ct-vii-i-canton-d-ilaroue","also":[]},"geometry":{"type":"Polygon","coordinates":[[[6.21994,48.49807],[6.2247,48.49675],[6.23054,48.48518],[6.20668,48.47315],[6.19859,48.47345],[6.18867,48.47937],[6.18668,48.49402],[6.21994,48.49807]]]}},{"type":"Feature","properties":{"id":"ortoncourt","also":[]},"geometry":{"type":"Polygon","coordinates":[[[6.48788,48.3751],[6.51636,48.38964],[6.52855,48.36527],[6.49549,48.35023],[6.48788,48.3751]]]}},{"type":"Feature","properties":{"id":"osenbaeh","also":[]},"geometry":{"type":"Polygon","coordinates":[[[7.09471,49.51508],[7.09009,49.4935],[7.08584,49.49037],[7.07319,49.48802],[7.08384,49.51238],[7.09471,49.51508]]]}},{"type":"Feature","properties":{"id":"ottange","also":[]},"geometry":{"type":"Polygon","coordinates":[[[6.07207,49.40125],[6.05878,49.39519],[6.04393,49.39094],[6.02811,49.38865],[6.01191,49.38843],[5.99596,49.39027],[5.98087,49.3941],[5.96721,49.39978],[5.95551,49.40709],[5.94621,49.41575],[5.93969,49.42543],[5.93618,49.43575],[5.93583,49.44632],[5.93865,49.45674],[5.94453,49.4666],[5.95326,49.47552],[5.96449,49.48316],[5.97779,49.48923],[5.99266,49.49349],[6.00851,49.49578],[6.02475,49.496],[6.04073,49.49416],[6.05585,49.49032],[6.06953,49.48463],[6.08123,49.47731],[6.09051,49.46864],[6.09701,49.45895],[6.10049,49.44862],[6.1008,49.43805],[6.09795,49.42764],[6.09204,49.41779],[6.0833,49.40888],[6.07207,49.40125]]]}},{"type":"Feature","properties":{"id":"ottonville","also":[]},"geometry":{"type":"Polygon","coordinates":[[[6.50356,49.22763],[6.51894,49.23147],[6.53978,49.22645],[6.55074,49.2128],[6.53219,49.19246],[6.49941,49.20351],[6.49751,49.20738],[6.50356,49.22763]]]}},{"type":"Feature","properties":{"id":"ouderen","also":[]},"geometry":{"type":"Polygon","coordinates":[[[6.35199,49.38182],[6.32095,49.35656],[6.25884,49.36006],[6.32214,49.39712],[6.35199,49.38182]]]}},{"type":"Feature","properties":{"id":"outrancourt","also":[]},"geometry":{"type":"Polygon","coordinates":[[[5.89925,48.21014],[5.92369,48.19773],[5.92618,48.18788],[5.86243,48.19259],[5.86865,48.20771],[5.89925,48.21014]]]}},{"type":"Feature","properties":{"id":"outremont","also":[]},"geometry":{"type":"Polygon","coordinates":[[[6.50785,48.97438],[6.54834,48.94605],[6.54678,48.92803],[6.49371,48.93337],[6.48602,48.96158],[6.50785,48.97438]]]}},{"type":"Feature","properties":{"id":"pachten","also":[]},"geometry":{"type":"Polygon","coordinates":[[[6.70847,49.37468],[6.72129,49.3417],[6.6929,49.34182],[6.69112,49.35803],[6.70587,49.37436],[6.70847,49.37468]]]}},{"type":"Feature","properties":{"id":"padoux","also":[]},"geometry":{"type":"Polygon","coordinates":[[[6.56533,48.31226],[6.59587,48.27738],[6.59247,48.26659],[6.58726,48.26445],[6.55018,48.26796],[6.53694,48.27666],[6.53424,48.28077],[6.56533,48.31226]]]}},{"type":"Feature","properties":{"id":"pagny-sur-moselle","also":[]},"geometry":{"type":"Polygon","coordinates":[[[6.03478,48.99612],[6.04955,48.9763],[6.04186,48.97165],[6.01647,48.96597],[6.00105,48.99702],[6.00776,48.99992],[6.03478,48.99612]]]}},{"type":"Feature","properties":{"id":"pair-et-grandrupt","also":[]},"geometry":{"type":"Polygon","coordinates":[[[7.02964,48.29509],[7.03272,48.29376],[7.02745,48.2779],[7.00572,48.27764],[6.99684,48.28332],[7.02964,48.29509]]]}},{"type":"Feature","properties":{"id":"pallegney","also":[]},"geometry":{"type":"Polygon","coordinates":[[[6.46616,48.30454],[6.46822,48.30401],[6.44876,48.27687],[6.4306,48.27846],[6.4269,48.29846],[6.46616,48.30454]]]}},{"type":"Feature","properties":{"id":"pange","also":[]},"geometry":{"type":"Polygon","coordinates":[[[6.34373,49.09423],[6.34852,49.09625],[6.39163,49.07516],[6.3887,49.07253],[6.36887,49.06656],[6.34115,49.0785],[6.33716,49.08778],[6.34373,49.09423]]]}},{"type":"Feature","properties":{"id":"pannes","also":[]},"geometry":{"type":"Polygon","coordinates":[[[5.807,48.96162],[5.82455,48.93564],[5.82119,48.92999],[5.76894,48.91588],[5.75877,48.91699],[5.73841,48.92099],[5.72345,48.92602],[5.7358,48.9482],[5.74104,48.95157],[5.807,48.96162]]]}},{"type":"Feature","properties":{"id":"parey-saint-cesaire","also":[]},"geometry":{"type":"Polygon","coordinates":[[[6.07273,48.54931],[6.08349,48.51752],[6.07989,48.51513],[6.03708,48.51559],[6.02972,48.521],[6.07273,48.54931]]]}},{"type":"Feature","properties":{"id":"parey-sous-montfort","also":[]},"geometry":{"type":"Polygon","coordinates":[[[5.93776,48.27163],[5.97038,48.25726],[5.97072,48.24717],[5.94929,48.22818],[5.92596,48.23519],[5.92361,48.24208],[5.92933,48.27264],[5.93776,48.27163]]]}},{"type":"Feature","properties":{"id":"parfondrupt","also":[]},"geometry":{"type":"Polygon","coordinates":[[[5.71692,49.1618],[5.77913,49.15949],[5.7802,49.15545],[5.68416,49.11337],[5.67682,49.11608],[5.66631,49.12922],[5.71692,49.1618]]]}},{"type":"Feature","properties":{"id":"parroy","also":[]},"geometry":{"type":"Polygon","coordinates":[[[6.57832,48.67889],[6.6194,48.7166],[6.65522,48.71017],[6.67234,48.70153],[6.64748,48.65516],[6.64434,48.6527],[6.60724,48.64141],[6.5937,48.65441],[6.57832,48.67889]]]}},{"type":"Feature","properties":{"id":"passavant-la-rochere","also":[]},"geometry":{"type":"Polygon","coordinates":[[[6.10614,47.98916],[6.10956,47.94309],[6.10787,47.94104],[6.09853,47.93252],[6.08689,47.92538],[6.07342,47.91991],[6.05862,47.9163],[6.04307,47.9147],[6.02735,47.91517],[6.01208,47.9177],[5.99934,47.92162],[6.02621,47.99351],[6.06389,47.99549],[6.10614,47.98916]]]}},{"type":"Feature","properties":{"id":"passoncourt","also":[]},"geometry":{"type":"Polygon","coordinates":[[[6.49175,48.35948],[6.49549,48.35023],[6.49406,48.34239],[6.48496,48.33869],[6.45797,48.34122],[6.44522,48.36139],[6.49175,48.35948]]]}},{"type":"Feature","properties":{"id":"pciil-kombach","also":[]},"geometry":{"type":"Polygon","coordinates":[[[7.21911,48.30801],[7.21293,48.2445],[7.16641,48.27034],[7.19184,48.296],[7.21911,48.30801]]]}},{"type":"Feature","properties":{"id":"perl","also":[]},"geometry":{"type":"Polygon","coordinates":[[[6.33148,49.49117],[6.38959,49.47647],[6.38954,49.46338],[6.35156,49.47462],[6.33148,49.49117]]]}},{"type":"Feature","properties":{"id":"petit-rohrbacli","also":[]},"geometry":{"type":"Polygon","coordinates":[[[6.89619,49.00068],[6.91705,49.00171],[6.93749,48.98298],[6.90278,48.9588],[6.88331,48.96506],[6.86949,48.97721],[6.89619,49.00068]]]}},{"type":"Feature","properties":{"id":"petit-tenquin","also":[]},"geometry":{"type":"Polygon","coordinates":[[[6.89619,49.00068],[6.86949,48.97721],[6.86114,48.97636],[6.84097,48.98583],[6.84472,48.99157],[6.87086,49.00712],[6.89619,49.00068]]]}},{"type":"Feature","properties":{"id":"petite-rosselle","also":[]},"geometry":{"type":"Polygon","coordinates":[[[6.87437,49.26448],[6.87707,49.26407],[6.89178,49.21185],[6.88962,49.20827],[6.87334,49.19568],[6.79209,49.19741],[6.84798,49.26037],[6.87437,49.26448]]]}},{"type":"Feature","properties":{"id":"pevange","also":[]},"geometry":{"type":"Polygon","coordinates":[[[6.62934,48.91441],[6.6454,48.90671],[6.6436,48.90442],[6.59508,48.89208],[6.60528,48.91081],[6.62934,48.91441]]]}},{"type":"Feature","properties":{"id":"piblange","also":[]},"geometry":{"type":"Polygon","coordinates":[[[6.43825,49.2493],[6.41741,49.24374],[6.41786,49.25835],[6.43825,49.2493]]]}},{"type":"Feature","properties":{"id":"pierrefort","also":[]},"geometry":{"type":"Polygon","coordinates":[[[5.91568,48.86085],[5.96532,48.8297],[5.9627,48.8131],[5.95146,48.80682],[5.90998,48.80711],[5.87954,48.82146],[5.87394,48.84406],[5.91568,48.86085]]]}},{"type":"Feature","properties":{"id":"pierrepont-sur-l-arentele","also":[]},"geometry":{"type":"Polygon","coordinates":[[[6.64482,48.27782],[6.66304,48.27549],[6.67193,48.25497],[6.64431,48.249],[6.63845,48.25245],[6.64482,48.27782]]]}},{"type":"Feature","properties":{"id":"pierreville","also":[]},"geometry":{"type":"Polygon","coordinates":[[[6.1139,48.57779],[6.14908,48.56688],[6.12793,48.54081],[6.11039,48.53699],[6.08407,48.56313],[6.08694,48.57253],[6.1139,48.57779]]]}},{"type":"Feature","properties":{"id":"pirmasens","also":[]},"geometry":{"type":"Polygon","coordinates":[[[7.61639,49.23391],[7.64458,49.22595],[7.65294,49.20536],[7.63384,49.19133],[7.59184,49.18262],[7.58044,49.19818],[7.58231,49.22866],[7.61639,49.23391]]]}},{"type":"Feature","properties":{"id":"pixerecourt","also":[]},"geometry":{"type":"Polygon","coordinates":[[[6.20771,48.73062],[6.19788,48.72224],[6.17566,48.71932],[6.16798,48.72239],[6.17762,48.74325],[6.18043,48.74424],[6.20771,48.73062]]]}},{"type":"Feature","properties":{"id":"plainfaing","also":[]},"geometry":{"type":"Polygon","coordinates":[[[7.03885,48.17255],[7.00722,48.1603],[6.99766,48.16088],[6.99646,48.1875],[7.03885,48.17255]]]}},{"type":"Feature","properties":{"id":"plombieres-les-bains","also":[]},"geometry":{"type":"Polygon","coordinates":[[[6.5109,48.00608],[6.51452,47.98879],[6.48996,47.95349],[6.45003,47.94064],[6.4559,48.0129],[6.47071,48.0177],[6.5109,48.00608]]]}},{"type":"Feature","properties":{"id":"pompey","also":[]},"geometry":{"type":"Polygon","coordinates":[[[6.11926,48.78431],[6.15908,48.77331],[6.15176,48.76625],[6.09332,48.76143],[6.08678,48.77198],[6.11926,48.78431]]]}},{"type":"Feature","properties":{"id":"pompierre","also":[]},"geometry":{"type":"Polygon","coordinates":[[[5.72203,48.25896],[5.7213,48.25792],[5.63235,48.24865],[5.59252,48.2548],[5.59366,48.27169],[5.60059,48.28501],[5.61244,48.29667],[5.62929,48.30625],[5.71333,48.26887],[5.72203,48.25896]]]}},{"type":"Feature","properties":{"id":"pont","also":[]},"geometry":{"type":"Polygon","coordinates":[[[6.63429,48.02589],[6.64844,48.01319],[6.6312,47.99828],[6.59996,47.99642],[6.60817,48.00958],[6.63429,48.02589]]]}},{"type":"Feature","properties":{"id":"pont-les-bonfays","also":[]},"geometry":{"type":"Polygon","coordinates":[[[6.13517,48.18059],[6.1711,48.16424],[6.13756,48.1554],[6.10839,48.17415],[6.13517,48.18059]]]}},{"type":"Feature","properties":{"id":"pont-saint-vincent","also":[]},"geometry":{"type":"Polygon","coordinates":[[[6.06751,48.60745],[6.08739,48.61384],[6.11879,48.60592],[6.12285,48.59479],[6.1139,48.57779],[6.08694,48.57253],[6.07572,48.57869],[6.0623,48.60084],[6.06751,48.60745]]]}},{"type":"Feature","properties":{"id":"pont-sur-meuse","also":[]},"geometry":{"type":"Polygon","coordinates":[[[5.56026,48.79428],[5.4674,48.80995],[5.47277,48.82254],[5.4804,48.83185],[5.49063,48.84],[5.50323,48.84674],[5.55887,48.82112],[5.56026,48.79428]]]}},{"type":"Feature","properties":{"id":"pontigny","also":[]},"geometry":{"type":"Polygon","coordinates":[[[6.3944,49.1598],[6.39755,49.16341],[6.41601,49.15738],[6.43701,49.13978],[6.4163,49.11122],[6.41007,49.11375],[6.40697,49.11665],[6.3944,49.1598]]]}},{"type":"Feature","properties":{"id":"pontpierre","also":[]},"geometry":{"type":"Polygon","coordinates":[[[6.63242,49.06162],[6.66667,49.04126],[6.64226,49.02982],[6.62073,49.0403],[6.62025,49.05701],[6.63242,49.06162]]]}},{"type":"Feature","properties":{"id":"portieux-charmes","also":[]},"geometry":{"type":"Polygon","coordinates":[[[6.38476,48.37514],[6.38839,48.34314],[6.36092,48.32325],[6.35571,48.32076],[6.32885,48.34847],[6.37972,48.37666],[6.38476,48.37514]]]}},{"type":"Feature","properties":{"id":"pournoy-la-chetive","also":[]},"geometry":{"type":"Polygon","coordinates":[[[6.12962,49.03322],[6.17519,49.03021],[6.18481,49.02232],[6.17906,49.01282],[6.1482,49.00294],[6.13427,49.00199],[6.12688,49.0105],[6.12345,49.01764],[6.12962,49.03322]]]}},{"type":"Feature","properties":{"id":"poussay","also":[]},"geometry":{"type":"Polygon","coordinates":[[[6.12968,48.33475],[6.13354,48.3307],[6.13729,48.31092],[6.11874,48.3085],[6.10606,48.32222],[6.12157,48.33712],[6.12968,48.33475]]]}},{"type":"Feature","properties":{"id":"pouxeux","also":[]},"geometry":{"type":"Polygon","coordinates":[[[6.55244,48.11783],[6.58835,48.10251],[6.57585,48.08231],[6.5625,48.08018],[6.54631,48.112],[6.55244,48.11783]]]}},{"type":"Feature","properties":{"id":"praye","also":[]},"geometry":{"type":"Polygon","coordinates":[[[6.08922,48.44393],[6.13134,48.4482],[6.14102,48.44419],[6.10365,48.4146],[6.08747,48.43767],[6.08922,48.44393]]]}},{"type":"Feature","properties":{"id":"pre-derriere","also":[]},"geometry":{"type":"Polygon","coordinates":[[[6.8046,47.89032],[6.76075,47.88006],[6.75708,47.90303],[6.8046,47.89032]]]}},{"type":"Feature","properties":{"id":"preny","also":[]},"geometry":{"type":"Polygon","coordinates":[[[5.98368,48.99558],[6.00105,48.99702],[6.01647,48.96597],[6.00951,48.96098],[5.96252,48.9598],[5.94604,48.97404],[5.98368,48.99558]]]}},{"type":"Feature","properties":{"id":"prey","also":[]},"geometry":{"type":"Polygon","coordinates":[[[6.69868,48.18441],[6.7078,48.16219],[6.70703,48.16024],[6.69342,48.16088],[6.65327,48.19991],[6.65696,48.20174],[6.69868,48.18441]]]}},{"type":"Feature","properties":{"id":"prieure-de-menil-a-luneville","also":[]},"geometry":{"type":"Polygon","coordinates":[[[6.48367,48.60063],[6.51138,48.57865],[6.51042,48.57762],[6.48068,48.57588],[6.46455,48.58688],[6.47349,48.60305],[6.48367,48.60063]]]}},{"type":"Feature","properties":{"id":"provencheres-sur-fave","also":[]},"geometry":{"type":"Polygon","coordinates":[[[7.08618,48.29923],[7.0619,48.31052],[7.07707,48.32359],[7.08765,48.32497],[7.09886,48.30559],[7.0922,48.30084],[7.08618,48.29923]]]}},{"type":"Feature","properties":{"id":"pubas","also":[]},"geometry":{"type":"Polygon","coordinates":[[[6.73482,48.00157],[6.739,47.99839],[6.74441,47.94554],[6.71478,47.94857],[6.69235,47.95914],[6.73482,48.00157]]]}},{"type":"Feature","properties":{"id":"pulligny","also":[]},"geometry":{"type":"Polygon","coordinates":[[[6.14908,48.56688],[6.17562,48.54726],[6.14863,48.53067],[6.12793,48.54081],[6.14908,48.56688]]]}},{"type":"Feature","properties":{"id":"pulney","also":[]},"geometry":{"type":"Polygon","coordinates":[[[6.04394,48.40661],[6.04792,48.39876],[6.04764,48.38685],[6.02767,48.38537],[6.01733,48.39456],[6.02353,48.40644],[6.04394,48.40661]]]}},{"type":"Feature","properties":{"id":"pulnoy","also":[]},"geometry":{"type":"Polygon","coordinates":[[[6.28619,48.70293],[6.28248,48.68447],[6.28079,48.68351],[6.23936,48.70042],[6.2431,48.71289],[6.28619,48.70293]]]}},{"type":"Feature","properties":{"id":"pultelange-les-sarralbe","also":[]},"geometry":{"type":"Polygon","coordinates":[[[6.95335,49.05891],[6.95371,49.0575],[6.94962,49.04873],[6.91873,49.03964],[6.91295,49.06225],[6.92522,49.06651],[6.95335,49.05891]]]}},{"type":"Feature","properties":{"id":"puttigny","also":[]},"geometry":{"type":"Polygon","coordinates":[[[6.54796,48.86702],[6.58839,48.86804],[6.58801,48.86122],[6.5461,48.82774],[6.53461,48.84572],[6.54796,48.86702]]]}},{"type":"Feature","properties":{"id":"puxe","also":[]},"geometry":{"type":"Polygon","coordinates":[[[6.03325,48.47231],[6.03656,48.4701],[6.03597,48.46885],[6.00261,48.45685],[5.99423,48.46617],[6.03325,48.47231]]]}},{"type":"Feature","properties":{"id":"puzieux","also":[]},"geometry":{"type":"Polygon","coordinates":[[[6.11233,48.34963],[6.12157,48.33712],[6.10606,48.32222],[6.0889,48.32124],[6.07867,48.32393],[6.07729,48.33862],[6.0813,48.34205],[6.11233,48.34963]]]}},{"type":"Feature","properties":{"id":"quebrux","also":[]},"geometry":{"type":"Polygon","coordinates":[[[7.08305,48.2488],[7.09461,48.25022],[7.13805,48.22915],[7.14198,48.20052],[7.13122,48.19508],[7.11674,48.19027],[7.08232,48.21909],[7.08305,48.2488]]]}},{"type":"Feature","properties":{"id":"quevilloncourt","also":[]},"geometry":{"type":"Polygon","coordinates":[[[6.11017,48.48564],[6.1216,48.48345],[6.11812,48.46541],[6.09397,48.46409],[6.0834,48.47606],[6.11017,48.48564]]]}},{"type":"Feature","properties":{"id":"racecourt","also":[]},"geometry":{"type":"Polygon","coordinates":[[[6.19436,48.27561],[6.19968,48.27697],[6.21217,48.25339],[6.20932,48.24657],[6.18613,48.23639],[6.17946,48.24132],[6.17438,48.24998],[6.19436,48.27561]]]}},{"type":"Feature","properties":{"id":"racrange","also":[]},"geometry":{"type":"Polygon","coordinates":[[[6.70597,48.93142],[6.67749,48.9062],[6.65388,48.90985],[6.65548,48.94044],[6.70597,48.93142]]]}},{"type":"Feature","properties":{"id":"rainville","also":[]},"geometry":{"type":"Polygon","coordinates":[[[5.90783,48.37674],[5.91444,48.35542],[5.88685,48.3433],[5.87188,48.34201],[5.85953,48.34808],[5.86205,48.36097],[5.90783,48.37674]]]}},{"type":"Feature","properties":{"id":"ramecourt","also":[]},"geometry":{"type":"Polygon","coordinates":[[[6.0889,48.32124],[6.10606,48.32222],[6.11874,48.3085],[6.10263,48.2909],[6.09541,48.29573],[6.0889,48.32124]]]}},{"type":"Feature","properties":{"id":"rammelfangen","also":[]},"geometry":{"type":"Polygon","coordinates":[[[6.61737,49.34108],[6.64326,49.34379],[6.64423,49.32552],[6.62928,49.31752],[6.6242,49.31953],[6.61239,49.33732],[6.61385,49.33987],[6.61737,49.34108]]]}},{"type":"Feature","properties":{"id":"ramonchamp","also":[]},"geometry":{"type":"Polygon","coordinates":[[[6.75201,47.91106],[6.75708,47.90303],[6.76075,47.88006],[6.72985,47.8381],[6.71724,47.83983],[6.70266,47.84377],[6.68267,47.85371],[6.69132,47.86597],[6.75201,47.91106]]]}},{"type":"Feature","properties":{"id":"rancourt","also":[]},"geometry":{"type":"Polygon","coordinates":[[[6.10918,48.23952],[6.11615,48.23975],[6.12812,48.23299],[6.13478,48.22431],[6.1144,48.20591],[6.07681,48.21581],[6.07895,48.22205],[6.10918,48.23952]]]}},{"type":"Feature","properties":{"id":"raon-aux-bois","also":[]},"geometry":{"type":"Polygon","coordinates":[[[6.51725,48.07939],[6.55278,48.07516],[6.55277,48.06161],[6.54634,48.03826],[6.51236,48.00651],[6.5109,48.00608],[6.47071,48.0177],[6.46588,48.04046],[6.51725,48.07939]]]}},{"type":"Feature","properties":{"id":"raon-l-etape","also":[]},"geometry":{"type":"Polygon","coordinates":[[[6.82279,48.45889],[6.84073,48.45862],[6.86905,48.40248],[6.85071,48.39259],[6.8102,48.45122],[6.81478,48.45717],[6.82279,48.45889]]]}},{"type":"Feature","properties":{"id":"rappweiler","also":[]},"geometry":{"type":"Polygon","coordinates":[[[6.77825,49.59326],[6.80549,49.59458],[6.85623,49.55128],[6.86229,49.51772],[6.82775,49.49504],[6.81096,49.49152],[6.76344,49.49852],[6.73144,49.50864],[6.72279,49.51804],[6.71552,49.53496],[6.71533,49.54553],[6.71832,49.55593],[6.72476,49.5662],[6.7577,49.58801],[6.77825,49.59326]]]}},{"type":"Feature","properties":{"id":"rathen","also":[]},"geometry":{"type":"Polygon","coordinates":[[[6.85623,49.55128],[6.90261,49.5678],[6.94804,49.54858],[6.962,49.53024],[6.86888,49.51703],[6.86229,49.51772],[6.85623,49.55128]]]}},{"type":"Feature","properties":{"id":"raulecourt","also":[]},"geometry":{"type":"Polygon","coordinates":[[[5.69467,48.84404],[5.7676,48.83701],[5.78388,48.79156],[5.76999,48.77685],[5.72529,48.78799],[5.71245,48.79311],[5.68674,48.82445],[5.68339,48.83266],[5.69467,48.84404]]]}},{"type":"Feature","properties":{"id":"raves","also":[]},"geometry":{"type":"Polygon","coordinates":[[[7.04111,48.26973],[7.06814,48.26391],[7.06561,48.25703],[7.05321,48.25215],[7.0391,48.25422],[7.03052,48.26405],[7.03263,48.26662],[7.04111,48.26973]]]}},{"type":"Feature","properties":{"id":"raville-sur-sanon","also":[]},"geometry":{"type":"Polygon","coordinates":[[[6.52152,48.65643],[6.5156,48.64931],[6.49751,48.64222],[6.48257,48.64232],[6.50454,48.66609],[6.52152,48.65643]]]}},{"type":"Feature","properties":{"id":"rebeuville","also":[]},"geometry":{"type":"Polygon","coordinates":[[[5.71812,48.34773],[5.72869,48.32871],[5.69963,48.31513],[5.65023,48.31195],[5.7013,48.34509],[5.71812,48.34773]]]}},{"type":"Feature","properties":{"id":"rech","also":[]},"geometry":{"type":"Polygon","coordinates":[[[6.6147,49.46216],[6.62228,49.46127],[6.60151,49.44756],[6.59032,49.45147],[6.6147,49.46216]]]}},{"type":"Feature","properties":{"id":"regnevelle","also":[]},"geometry":{"type":"Polygon","coordinates":[[[6.00193,48.00237],[5.94653,47.93383],[5.93443,47.93712],[5.92116,47.9428],[5.90351,47.95576],[5.89298,47.97185],[5.89071,47.98936],[5.89345,47.99979],[5.89842,48.00857],[5.99591,48.00732],[6.00193,48.00237]]]}},{"type":"Feature","properties":{"id":"regney","also":[]},"geometry":{"type":"Polygon","coordinates":[[[6.32765,48.29218],[6.29819,48.27937],[6.29517,48.29556],[6.32765,48.29218]]]}},{"type":"Feature","properties":{"id":"regnieville","also":[]},"geometry":{"type":"Polygon","coordinates":[[[5.95411,48.92656],[5.93836,48.89148],[5.93102,48.88833],[5.88127,48.91173],[5.88633,48.92524],[5.95411,48.92656]]]}},{"type":"Feature","properties":{"id":"rehaincourt","also":[]},"geometry":{"type":"Polygon","coordinates":[[[6.48788,48.3751],[6.49175,48.35948],[6.44522,48.36139],[6.43462,48.37448],[6.46084,48.38006],[6.48788,48.3751]]]}},{"type":"Feature","properties":{"id":"rehainviller","also":[]},"geometry":{"type":"Polygon","coordinates":[[[6.4812,48.57081],[6.49322,48.54396],[6.46137,48.54694],[6.45594,48.5577],[6.4812,48.57081]]]}},{"type":"Feature","properties":{"id":"rehaupal","also":[]},"geometry":{"type":"Polygon","coordinates":[[[6.7179,48.14179],[6.80149,48.0923],[6.79127,48.08298],[6.7797,48.07602],[6.76205,48.07159],[6.73918,48.06893],[6.7009,48.07316],[6.70628,48.1296],[6.7179,48.14179]]]}},{"type":"Feature","properties":{"id":"reheray","also":[]},"geometry":{"type":"Polygon","coordinates":[[[6.80712,48.51305],[6.80838,48.47059],[6.73207,48.52119],[6.74514,48.52751],[6.80712,48.51305]]]}},{"type":"Feature","properties":{"id":"rehlingen","also":[]},"geometry":{"type":"Polygon","coordinates":[[[6.67698,49.38569],[6.70587,49.37436],[6.70127,49.36927],[6.66842,49.3683],[6.66773,49.37644],[6.67698,49.38569]]]}},{"type":"Feature","properties":{"id":"rehlingen-nillel","also":[]},"geometry":{"type":"Polygon","coordinates":[[[6.5119,49.61408],[6.50643,49.60207],[6.4808,49.59469],[6.39355,49.58502],[6.36071,49.59358],[6.35103,49.60671],[6.34706,49.62409],[6.35191,49.64138],[6.36225,49.65429],[6.43225,49.63904],[6.5119,49.61408]]]}},{"type":"Feature","properties":{"id":"reillon","also":[]},"geometry":{"type":"Polygon","coordinates":[[[6.71128,48.60811],[6.75033,48.61192],[6.76134,48.59419],[6.75691,48.58608],[6.70759,48.5987],[6.70328,48.60269],[6.71128,48.60811]]]}},{"type":"Feature","properties":{"id":"reimsbach","also":[]},"geometry":{"type":"Polygon","coordinates":[[[6.81096,49.49152],[6.80179,49.41984],[6.76741,49.41618],[6.75015,49.45301],[6.76344,49.49852],[6.81096,49.49152]]]}},{"type":"Feature","properties":{"id":"reitscheid","also":[]},"geometry":{"type":"Polygon","coordinates":[[[7.20395,49.53871],[7.22052,49.54757],[7.2426,49.53597],[7.23722,49.50903],[7.22353,49.48926],[7.20187,49.51811],[7.20395,49.53871]]]}},{"type":"Feature","properties":{"id":"relanges","also":[]},"geometry":{"type":"Polygon","coordinates":[[[5.98068,48.12614],[6.02553,48.13787],[6.04219,48.1277],[6.04626,48.11983],[6.02932,48.09815],[5.99098,48.10096],[5.9738,48.10713],[5.98068,48.12614]]]}},{"type":"Feature","properties":{"id":"remanvillcrs","also":[]},"geometry":{"type":"Polygon","coordinates":[[[6.74626,47.9353],[6.75201,47.91106],[6.69132,47.86597],[6.69986,47.88624],[6.74626,47.9353]]]}},{"type":"Feature","properties":{"id":"remcring","also":[]},"geometry":{"type":"Polygon","coordinates":[[[6.94962,49.04873],[6.955,49.03995],[6.94325,49.02244],[6.91945,49.01087],[6.91079,49.03103],[6.91873,49.03964],[6.94962,49.04873]]]}},{"type":"Feature","properties":{"id":"remelange","also":[]},"geometry":{"type":"Polygon","coordinates":[[[6.10576,49.26598],[6.07197,49.26726],[6.04623,49.2734],[6.03708,49.28198],[6.03059,49.29166],[6.02655,49.30903],[6.02833,49.31955],[6.03322,49.32963],[6.04771,49.34445],[6.05966,49.35159],[6.07352,49.35706],[6.08875,49.36067],[6.10475,49.36226],[6.12093,49.36178],[6.13665,49.35925],[6.1513,49.35476],[6.16432,49.34849],[6.17522,49.34067],[6.1831,49.33224],[6.14672,49.28508],[6.10576,49.26598]]]}},{"type":"Feature","properties":{"id":"remelfang","also":[]},"geometry":{"type":"Polygon","coordinates":[[[6.5313,49.27669],[6.53842,49.26128],[6.52256,49.25586],[6.51929,49.25599],[6.49429,49.27172],[6.5135,49.28549],[6.5313,49.27669]]]}},{"type":"Feature","properties":{"id":"remelfing","also":[]},"geometry":{"type":"Polygon","coordinates":[[[7.10667,49.10615],[7.09408,49.07421],[7.06682,49.09374],[7.0878,49.10573],[7.10667,49.10615]]]}},{"type":"Feature","properties":{"id":"remeling","also":[]},"geometry":{"type":"Polygon","coordinates":[[[6.48114,49.42433],[6.48413,49.42395],[6.51314,49.39709],[6.46978,49.39707],[6.47106,49.4204],[6.48114,49.42433]]]}},{"type":"Feature","properties":{"id":"rememont","also":[]},"geometry":{"type":"Polygon","coordinates":[[[6.98854,48.26125],[7.00714,48.25799],[7.00956,48.24019],[6.97851,48.24157],[6.96819,48.25275],[6.98854,48.26125]]]}},{"type":"Feature","properties":{"id":"remenoville","also":[]},"geometry":{"type":"Polygon","coordinates":[[[6.47078,48.48348],[6.47669,48.48505],[6.48657,48.48183],[6.49949,48.47543],[6.49453,48.45776],[6.47916,48.4527],[6.45482,48.45589],[6.4501,48.46249],[6.47078,48.48348]]]}},{"type":"Feature","properties":{"id":"remering-les-bouzonville","also":[]},"geometry":{"type":"Polygon","coordinates":[[[6.61449,49.27378],[6.63282,49.27273],[6.64769,49.25672],[6.63806,49.24673],[6.61027,49.25562],[6.60741,49.26291],[6.61449,49.27378]]]}},{"type":"Feature","properties":{"id":"remicourt-mirecourt","also":[]},"geometry":{"type":"Polygon","coordinates":[[[6.03934,48.29444],[6.04724,48.29832],[6.05365,48.29881],[6.08453,48.2733],[6.07956,48.26947],[6.07371,48.26881],[6.05803,48.27114],[6.03934,48.29444]]]}},{"type":"Feature","properties":{"id":"remiremont","also":[]},"geometry":{"type":"Polygon","coordinates":[[[6.59658,47.99407],[6.53971,48.00481],[6.59215,48.02522],[6.60817,48.00958],[6.59996,47.99642],[6.59658,47.99407]]]}},{"type":"Feature","properties":{"id":"remois","also":[]},"geometry":{"type":"Polygon","coordinates":[[[5.83864,48.29211],[5.86032,48.29473],[5.86738,48.27606],[5.8663,48.27522],[5.83774,48.27608],[5.83638,48.27875],[5.83864,48.29211]]]}},{"type":"Feature","properties":{"id":"remoiville","also":[]},"geometry":{"type":"Polygon","coordinates":[[[5.41458,49.40267],[5.40137,49.39654],[5.38658,49.3922],[5.37079,49.38983],[5.35459,49.38951],[5.33862,49.39125],[5.32347,49.395],[5.30973,49.4006],[5.29793,49.40784],[5.28852,49.41644],[5.28187,49.42608],[5.27822,49.43638],[5.27773,49.44695],[5.2804,49.45738],[5.28616,49.46727],[5.29476,49.47624],[5.30589,49.48395],[5.31911,49.4901],[5.33392,49.49444],[5.34974,49.49682],[5.36598,49.49714],[5.38199,49.4954],[5.39716,49.49164],[5.41092,49.48603],[5.42272,49.47878],[5.43212,49.47017],[5.43875,49.46052],[5.44236,49.45021],[5.44282,49.43964],[5.44011,49.42922],[5.43433,49.41933],[5.42571,49.41037],[5.41458,49.40267]]]}},{"type":"Feature","properties":{"id":"remomeix","also":[]},"geometry":{"type":"Polygon","coordinates":[[[6.98915,48.28393],[6.99684,48.28332],[7.00572,48.27764],[7.01605,48.26304],[7.00714,48.25799],[6.98854,48.26125],[6.98915,48.28393]]]}},{"type":"Feature","properties":{"id":"remoncourt","also":[]},"geometry":{"type":"Polygon","coordinates":[[[6.04793,48.24381],[6.06392,48.23839],[6.07895,48.22205],[6.07681,48.21581],[6.05028,48.19967],[6.04304,48.20284],[6.03,48.24193],[6.03225,48.24339],[6.04793,48.24381]]]}},{"type":"Feature","properties":{"id":"remoncourt-blamont","also":[]},"geometry":{"type":"Polygon","coordinates":[[[6.74752,48.71263],[6.7595,48.71098],[6.77432,48.70704],[6.78462,48.70279],[6.76978,48.64859],[6.76038,48.64172],[6.72633,48.64123],[6.71404,48.70704],[6.73297,48.71201],[6.74752,48.71263]]]}},{"type":"Feature","properties":{"id":"removille","also":[]},"geometry":{"type":"Polygon","coordinates":[[[5.86205,48.36097],[5.85953,48.34808],[5.84893,48.34666],[5.82014,48.36407],[5.83615,48.38107],[5.84072,48.38371],[5.86205,48.36097]]]}},{"type":"Feature","properties":{"id":"renauvoid","also":[]},"geometry":{"type":"Polygon","coordinates":[[[6.34073,48.14525],[6.36548,48.16291],[6.41617,48.15664],[6.42096,48.13107],[6.36665,48.12501],[6.34407,48.13301],[6.339,48.13703],[6.33815,48.1409],[6.34073,48.14525]]]}},{"type":"Feature","properties":{"id":"renting","also":[]},"geometry":{"type":"Polygon","coordinates":[[[7.01598,48.74735],[7.01644,48.7464],[7.00422,48.69792],[6.96344,48.71653],[6.99917,48.75074],[7.01598,48.74735]]]}},{"type":"Feature","properties":{"id":"repaix","also":[]},"geometry":{"type":"Polygon","coordinates":[[[6.8794,48.63869],[6.86128,48.60423],[6.8228,48.59536],[6.8139,48.59886],[6.81974,48.61969],[6.8794,48.63869]]]}},{"type":"Feature","properties":{"id":"repel","also":[]},"geometry":{"type":"Polygon","coordinates":[[[5.96419,48.35071],[5.99087,48.35601],[5.9981,48.34301],[5.99676,48.34044],[5.96773,48.33228],[5.96636,48.33277],[5.96419,48.35071]]]}},{"type":"Feature","properties":{"id":"richardmenil","also":[]},"geometry":{"type":"Polygon","coordinates":[[[6.18511,48.61076],[6.20362,48.60173],[6.20106,48.5889],[6.16617,48.57802],[6.15714,48.6056],[6.15931,48.60735],[6.18511,48.61076]]]}},{"type":"Feature","properties":{"id":"riche","also":[]},"geometry":{"type":"Polygon","coordinates":[[[6.6436,48.90442],[6.64558,48.88641],[6.64081,48.87796],[6.59249,48.87232],[6.5884,48.88755],[6.59508,48.89208],[6.6436,48.90442]]]}},{"type":"Feature","properties":{"id":"richecourt","also":[]},"geometry":{"type":"Polygon","coordinates":[[[5.73841,48.92099],[5.79515,48.85714],[5.78816,48.85404],[5.68885,48.90442],[5.7063,48.91805],[5.72345,48.92602],[5.73841,48.92099]]]}},{"type":"Feature","properties":{"id":"richeling","also":[]},"geometry":{"type":"Polygon","coordinates":[[[6.97673,49.03327],[6.96111,49.02281],[6.94325,49.02244],[6.955,49.03995],[6.97673,49.03327]]]}},{"type":"Feature","properties":{"id":"riedelberg","also":[]},"geometry":{"type":"Polygon","coordinates":[[[7.40335,49.22353],[7.42292,49.22938],[7.44952,49.23171],[7.47074,49.22944],[7.48732,49.22478],[7.50528,49.18677],[7.5016,49.18214],[7.46502,49.16369],[7.39363,49.19996],[7.38386,49.21238],[7.40335,49.22353]]]}},{"type":"Feature","properties":{"id":"rimling","also":[]},"geometry":{"type":"Polygon","coordinates":[[[7.23618,49.10271],[7.29024,49.10448],[7.29468,49.09808],[7.26635,49.08388],[7.2512,49.08365],[7.22586,49.0933],[7.23618,49.10271]]]}},{"type":"Feature","properties":{"id":"ripplingen","also":[]},"geometry":{"type":"Polygon","coordinates":[[[6.60178,49.4663],[6.6147,49.46216],[6.59032,49.45147],[6.58281,49.45194],[6.58106,49.45986],[6.60178,49.4663]]]}},{"type":"Feature","properties":{"id":"ritzing","also":[]},"geometry":{"type":"Polygon","coordinates":[[[6.43145,49.43745],[6.47691,49.45032],[6.48114,49.42433],[6.47106,49.4204],[6.44102,49.42398],[6.42907,49.43405],[6.43145,49.43745]]]}},{"type":"Feature","properties":{"id":"robache","also":[]},"geometry":{"type":"Polygon","coordinates":[[[6.96389,48.32463],[6.98611,48.31243],[6.97664,48.29245],[6.94373,48.29688],[6.95033,48.32627],[6.96389,48.32463]]]}},{"type":"Feature","properties":{"id":"robecourt","also":[]},"geometry":{"type":"Polygon","coordinates":[[[5.73286,48.18647],[5.77764,48.14701],[5.77787,48.13744],[5.77515,48.12702],[5.76944,48.11714],[5.76097,48.10821],[5.75007,48.10054],[5.73715,48.09444],[5.72272,48.09015],[5.70731,48.08783],[5.69153,48.08756],[5.67598,48.08935],[5.66125,48.09315],[5.64792,48.09879],[5.63648,48.10608],[5.62738,48.11471],[5.62097,48.12438],[5.61751,48.1347],[5.61711,48.14527],[5.6198,48.1557],[5.62548,48.16558],[5.63425,48.17479],[5.71659,48.19099],[5.73286,48.18647]]]}},{"type":"Feature","properties":{"id":"rochesson","also":[]},"geometry":{"type":"Polygon","coordinates":[[[6.79828,48.07559],[6.84141,48.03967],[6.82418,47.99731],[6.80443,47.98931],[6.79342,47.99456],[6.77381,48.01058],[6.76205,48.07159],[6.7797,48.07602],[6.79828,48.07559]]]}},{"type":"Feature","properties":{"id":"rodalbe","also":[]},"geometry":{"type":"Polygon","coordinates":[[[6.71572,48.93316],[6.74356,48.91755],[6.74543,48.90307],[6.73965,48.89252],[6.70642,48.89543],[6.67749,48.9062],[6.70597,48.93142],[6.71572,48.93316]]]}},{"type":"Feature","properties":{"id":"rode-les-morhange","also":[]},"geometry":{"type":"Polygon","coordinates":[[[6.61386,48.9375],[6.62934,48.91441],[6.60528,48.91081],[6.59789,48.92972],[6.61386,48.9375]]]}},{"type":"Feature","properties":{"id":"roden","also":[]},"geometry":{"type":"Polygon","coordinates":[[[6.73899,49.33517],[6.7679,49.3132],[6.72884,49.30274],[6.72139,49.30801],[6.73899,49.33517]]]}},{"type":"Feature","properties":{"id":"rodlach","also":[]},"geometry":{"type":"Polygon","coordinates":[[[6.48609,49.35174],[6.50315,49.35128],[6.50535,49.34642],[6.44962,49.32695],[6.4397,49.3349],[6.44091,49.34215],[6.48609,49.35174]]]}},{"type":"Feature","properties":{"id":"rohrbach","also":[]},"geometry":{"type":"Polygon","coordinates":[[[7.28291,49.05845],[7.30613,49.04695],[7.30616,49.03381],[7.29182,49.0194],[7.24149,49.05281],[7.25512,49.05844],[7.28291,49.05845]]]}},{"type":"Feature","properties":{"id":"rolbing","also":[]},"geometry":{"type":"Polygon","coordinates":[[[7.39363,49.19996],[7.46502,49.16369],[7.46211,49.16144],[7.4391,49.15228],[7.42056,49.15608],[7.39363,49.19996]]]}},{"type":"Feature","properties":{"id":"rollainville","also":[]},"geometry":{"type":"Polygon","coordinates":[[[5.74913,48.37982],[5.77302,48.36316],[5.7786,48.35611],[5.72006,48.35109],[5.7149,48.36654],[5.71543,48.3794],[5.74913,48.37982]]]}},{"type":"Feature","properties":{"id":"romain","also":[]},"geometry":{"type":"Polygon","coordinates":[[[6.35409,48.53544],[6.37589,48.52556],[6.35898,48.5016],[6.34414,48.50306],[6.34229,48.52235],[6.35409,48.53544]]]}},{"type":"Feature","properties":{"id":"romont","also":[]},"geometry":{"type":"Polygon","coordinates":[[[6.58896,48.37182],[6.62137,48.37304],[6.5975,48.32553],[6.57128,48.32194],[6.56046,48.36112],[6.58896,48.37182]]]}},{"type":"Feature","properties":{"id":"roncourt","also":[]},"geometry":{"type":"Polygon","coordinates":[[[5.72203,48.25896],[5.76336,48.2632],[5.79816,48.23909],[5.79886,48.22665],[5.73286,48.18647],[5.71659,48.19099],[5.71034,48.22037],[5.72203,48.25896]]]}},{"type":"Feature","properties":{"id":"roppeviller","also":[]},"geometry":{"type":"Polygon","coordinates":[[[7.48439,49.10711],[7.5131,49.11414],[7.51584,49.11398],[7.53804,49.10478],[7.55134,49.08261],[7.53677,49.07187],[7.48384,49.10115],[7.48439,49.10711]]]}},{"type":"Feature","properties":{"id":"rosbruck","also":[]},"geometry":{"type":"Polygon","coordinates":[[[6.85442,49.1694],[6.86978,49.15351],[6.83859,49.14861],[6.81821,49.17301],[6.85442,49.1694]]]}},{"type":"Feature","properties":{"id":"rosieres-aux-salines","also":[]},"geometry":{"type":"Polygon","coordinates":[[[6.32234,48.61282],[6.36191,48.60413],[6.37046,48.58125],[6.36202,48.57548],[6.3107,48.57704],[6.30381,48.60656],[6.32234,48.61282]]]}},{"type":"Feature","properties":{"id":"rosieres-en-haye","also":[]},"geometry":{"type":"Polygon","coordinates":[[[5.97846,48.81402],[6.02465,48.8076],[6.01908,48.76596],[5.98156,48.76568],[5.95146,48.80682],[5.9627,48.8131],[5.97846,48.81402]]]}},{"type":"Feature","properties":{"id":"rouceux","also":[]},"geometry":{"type":"Polygon","coordinates":[[[5.61376,48.37975],[5.70312,48.38687],[5.71543,48.3794],[5.7149,48.36654],[5.68294,48.35561],[5.60986,48.36693],[5.61376,48.37975]]]}},{"type":"Feature","properties":{"id":"rougeville","also":[]},"geometry":{"type":"Polygon","coordinates":[[[6.86793,48.29483],[6.88522,48.2952],[6.90825,48.2876],[6.91944,48.27075],[6.84958,48.2348],[6.81847,48.25539],[6.81945,48.26806],[6.86793,48.29483]]]}},{"type":"Feature","properties":{"id":"rouhling","also":[]},"geometry":{"type":"Polygon","coordinates":[[[6.99901,49.15596],[7.02819,49.1394],[7.03228,49.12119],[7.02394,49.11247],[6.99504,49.12115],[6.98562,49.12941],[6.97677,49.14794],[6.9917,49.1562],[6.99901,49.15596]]]}},{"type":"Feature","properties":{"id":"roupeldange","also":[]},"geometry":{"type":"Polygon","coordinates":[[[6.45471,49.21607],[6.47438,49.21559],[6.49751,49.20738],[6.49941,49.20351],[6.47935,49.19448],[6.45466,49.20013],[6.44616,49.20489],[6.45471,49.21607]]]}},{"type":"Feature","properties":{"id":"rouvres-en-xaintois","also":[]},"geometry":{"type":"Polygon","coordinates":[[[6.03879,48.32386],[6.04724,48.29832],[6.03934,48.29444],[6.01368,48.29128],[6.0107,48.31898],[6.03879,48.32386]]]}},{"type":"Feature","properties":{"id":"rouvrois-sur-meuse","also":[]},"geometry":{"type":"Polygon","coordinates":[[[5.53427,48.96766],[5.53765,48.96623],[5.53273,48.93286],[5.50664,48.93617],[5.49648,48.94525],[5.53427,48.96766]]]}},{"type":"Feature","properties":{"id":"royaumeix","also":[]},"geometry":{"type":"Polygon","coordinates":[[[5.87954,48.82146],[5.90998,48.80711],[5.9016,48.76326],[5.85402,48.77533],[5.84112,48.80244],[5.87954,48.82146]]]}},{"type":"Feature","properties":{"id":"rozelieures","also":[]},"geometry":{"type":"Polygon","coordinates":[[[6.42691,48.46515],[6.4501,48.46249],[6.45482,48.45589],[6.44885,48.44129],[6.415,48.439],[6.41286,48.4569],[6.42691,48.46515]]]}},{"type":"Feature","properties":{"id":"rozerieulles","also":[]},"geometry":{"type":"Polygon","coordinates":[[[6.05673,49.11348],[6.09061,49.11563],[6.08865,49.10533],[6.0738,49.10025],[6.0546,49.10129],[6.05673,49.11348]]]}},{"type":"Feature","properties":{"id":"rozerotte","also":[]},"geometry":{"type":"Polygon","coordinates":[[[6.08636,48.25455],[6.10918,48.23952],[6.07895,48.22205],[6.06392,48.23839],[6.08636,48.25455]]]}},{"type":"Feature","properties":{"id":"rudling","also":[]},"geometry":{"type":"Polygon","coordinates":[[[6.38643,49.45034],[6.38628,49.45013],[6.36556,49.44714],[6.35705,49.45036],[6.35784,49.46083],[6.38643,49.45034]]]}},{"type":"Feature","properties":{"id":"rugney","also":[]},"geometry":{"type":"Polygon","coordinates":[[[6.27163,48.35696],[6.26416,48.34138],[6.25279,48.3339],[6.2355,48.34742],[6.2397,48.35693],[6.27163,48.35696]]]}},{"type":"Feature","properties":{"id":"rupt-sur-moselle","also":[]},"geometry":{"type":"Polygon","coordinates":[[[6.67668,47.9653],[6.71478,47.94857],[6.69961,47.932],[6.62059,47.88074],[6.60487,47.88927],[6.59409,47.89876],[6.59075,47.9298],[6.61824,47.95198],[6.67668,47.9653]]]}},{"type":"Feature","properties":{"id":"rustroff","also":[]},"geometry":{"type":"Polygon","coordinates":[[[6.38628,49.45013],[6.38586,49.43279],[6.36833,49.43018],[6.36556,49.44714],[6.38628,49.45013]]]}},{"type":"Feature","properties":{"id":"ruxurieux","also":[]},"geometry":{"type":"Polygon","coordinates":[[[6.91666,48.18747],[6.92582,48.17014],[6.8951,48.15631],[6.8833,48.18526],[6.91666,48.18747]]]}},{"type":"Feature","properties":{"id":"saarwellingen","also":[]},"geometry":{"type":"Polygon","coordinates":[[[6.8599,49.3896],[6.88238,49.37305],[6.88711,49.36001],[6.88727,49.34963],[6.79412,49.33446],[6.76208,49.35327],[6.76256,49.35869],[6.8599,49.3896]]]}},{"type":"Feature","properties":{"id":"sachemont","also":[]},"geometry":{"type":"Polygon","coordinates":[[[6.95277,48.159],[6.98444,48.15349],[6.99963,48.12083],[6.94918,48.09001],[6.92396,48.10519],[6.95277,48.159]]]}},{"type":"Feature","properties":{"id":"sadey","also":[]},"geometry":{"type":"Polygon","coordinates":[[[7.02189,48.22901],[7.03478,48.23021],[7.09681,48.18379],[7.02254,48.20751],[7.02189,48.22901]]]}},{"type":"Feature","properties":{"id":"saffais","also":[]},"geometry":{"type":"Polygon","coordinates":[[[6.32916,48.54467],[6.30487,48.53896],[6.30018,48.57259],[6.31047,48.57685],[6.32916,48.54467]]]}},{"type":"Feature","properties":{"id":"safframenil","also":[]},"geometry":{"type":"Polygon","coordinates":[[[6.36665,48.12501],[6.42096,48.13107],[6.42366,48.12914],[6.42035,48.11741],[6.39331,48.10478],[6.37231,48.10788],[6.36665,48.12501]]]}},{"type":"Feature","properties":{"id":"saint-agnant-sous-les-cotes","also":[]},"geometry":{"type":"Polygon","coordinates":[[[5.58777,48.87237],[5.65031,48.83803],[5.60906,48.83158],[5.60539,48.83219],[5.58777,48.87237]]]}},{"type":"Feature","properties":{"id":"saint-ame","also":[]},"geometry":{"type":"Polygon","coordinates":[[[6.69475,48.07234],[6.6871,48.00889],[6.68058,48.00053],[6.67388,48.00361],[6.65313,48.06545],[6.67351,48.07323],[6.69475,48.07234]]]}},{"type":"Feature","properties":{"id":"saint-aubin-sur-aire","also":[]},"geometry":{"type":"Polygon","coordinates":[[[5.49695,48.71383],[5.47503,48.69762],[5.40453,48.69164],[5.42725,48.75184],[5.49695,48.71383]]]}},{"type":"Feature","properties":{"id":"saint-avold","also":[]},"geometry":{"type":"Polygon","coordinates":[[[6.73332,49.12857],[6.72213,49.09089],[6.6884,49.09762],[6.68115,49.12882],[6.68482,49.13791],[6.73332,49.12857]]]}},{"type":"Feature","properties":{"id":"saint-baslemont","also":[]},"geometry":{"type":"Polygon","coordinates":[[[5.98307,48.17342],[6.02293,48.16481],[6.02856,48.15546],[6.02553,48.13787],[5.98068,48.12614],[5.96083,48.1436],[5.98307,48.17342]]]}},{"type":"Feature","properties":{"id":"saint-baussant","also":[]},"geometry":{"type":"Polygon","coordinates":[[[5.76894,48.91588],[5.835,48.89559],[5.84622,48.88846],[5.84175,48.8658],[5.81658,48.86212],[5.75877,48.91699],[5.76894,48.91588]]]}},{"type":"Feature","properties":{"id":"saint-benoit-en-woevre","also":[]},"geometry":{"type":"Polygon","coordinates":[[[5.78574,49.02554],[5.82299,48.9905],[5.81381,48.96579],[5.807,48.96162],[5.74104,48.95157],[5.75407,49.01155],[5.78574,49.02554]]]}},{"type":"Feature","properties":{"id":"saint-blaise","also":[]},"geometry":{"type":"Polygon","coordinates":[[[6.86905,48.40248],[6.89577,48.3967],[6.88839,48.37065],[6.83429,48.38137],[6.85071,48.39259],[6.86905,48.40248]]]}},{"type":"Feature","properties":{"id":"saint-boingt","also":[]},"geometry":{"type":"Polygon","coordinates":[[[6.44885,48.44129],[6.47142,48.41949],[6.42488,48.41021],[6.40872,48.43215],[6.415,48.439],[6.44885,48.44129]]]}},{"type":"Feature","properties":{"id":"saint-die-des-vosges","also":[]},"geometry":{"type":"Polygon","coordinates":[[[6.91406,48.29008],[6.94373,48.29688],[6.97664,48.29245],[6.97825,48.28918],[6.9464,48.26341],[6.92838,48.26531],[6.91944,48.27075],[6.90825,48.2876],[6.91406,48.29008]]]}},{"type":"Feature","properties":{"id":"saint-elophe","also":[]},"geometry":{"type":"Polygon","coordinates":[[[5.75708,48.43493],[5.77605,48.4228],[5.74791,48.40227],[5.74291,48.40311],[5.73958,48.4135],[5.75292,48.43494],[5.75708,48.43493]]]}},{"type":"Feature","properties":{"id":"saint-etienne-les-remiremont","also":[]},"geometry":{"type":"Polygon","coordinates":[[[6.63429,48.02589],[6.60817,48.00958],[6.59216,48.02522],[6.63415,48.04277],[6.63429,48.02589]]]}},{"type":"Feature","properties":{"id":"saint-firmin","also":[]},"geometry":{"type":"Polygon","coordinates":[[[6.14087,48.44309],[6.15299,48.42432],[6.14752,48.40715],[6.1063,48.40734],[6.10272,48.41135],[6.10365,48.4146],[6.14087,48.44309]]]}},{"type":"Feature","properties":{"id":"saint-genest","also":[]},"geometry":{"type":"Polygon","coordinates":[[[6.52855,48.36527],[6.53695,48.36204],[6.52189,48.33526],[6.49406,48.34239],[6.49549,48.35023],[6.52855,48.36527]]]}},{"type":"Feature","properties":{"id":"saint-germain","also":[]},"geometry":{"type":"Polygon","coordinates":[[[6.32823,48.44637],[6.35615,48.44124],[6.3623,48.41745],[6.34875,48.39607],[6.32713,48.39941],[6.30503,48.42479],[6.30895,48.43913],[6.31218,48.44197],[6.32823,48.44637]]]}},{"type":"Feature","properties":{"id":"saint-gorgon","also":[]},"geometry":{"type":"Polygon","coordinates":[[[6.66286,48.33795],[6.67694,48.31564],[6.66643,48.30876],[6.63304,48.30508],[6.6029,48.32417],[6.6596,48.34006],[6.66286,48.33795]]]}},{"type":"Feature","properties":{"id":"saint-hippolyte","also":[]},"geometry":{"type":"Polygon","coordinates":[[[7.35154,48.27622],[7.40487,48.28117],[7.4186,48.2759],[7.43401,48.26629],[7.44282,48.2575],[7.45027,48.24432],[7.45235,48.23383],[7.45133,48.22327],[7.44725,48.21305],[7.44027,48.20355],[7.43066,48.19514],[7.41878,48.18815],[7.4051,48.18283],[7.39013,48.17941],[7.36919,48.17799],[7.35351,48.17934],[7.33852,48.18271],[7.32481,48.18797],[7.3094,48.19756],[7.30057,48.20634],[7.29636,48.2217],[7.35154,48.27622]]]}},{"type":"Feature","properties":{"id":"saint-jean-d-ormont","also":[]},"geometry":{"type":"Polygon","coordinates":[[[6.98145,48.34249],[7.00232,48.3393],[6.99869,48.31522],[6.98611,48.31243],[6.96389,48.32463],[6.98145,48.34249]]]}},{"type":"Feature","properties":{"id":"saint-jean-du-marche","also":[]},"geometry":{"type":"Polygon","coordinates":[[[6.70703,48.16024],[6.71948,48.14768],[6.71621,48.14023],[6.67427,48.14261],[6.66801,48.14812],[6.6751,48.15778],[6.69342,48.16088],[6.70703,48.16024]]]}},{"type":"Feature","properties":{"id":"saint-jean-les-buzy","also":[]},"geometry":{"type":"Polygon","coordinates":[[[5.74527,49.2096],[5.77688,49.20475],[5.77913,49.15949],[5.71692,49.1618],[5.72605,49.18908],[5.74527,49.2096]]]}},{"type":"Feature","properties":{"id":"saint-jean-rohrbach","also":[]},"geometry":{"type":"Polygon","coordinates":[[[6.86161,49.04717],[6.86647,49.04712],[6.91079,49.03103],[6.91945,49.01087],[6.91705,49.00171],[6.89619,49.00068],[6.87086,49.00712],[6.85071,49.02316],[6.85382,49.04483],[6.86161,49.04717]]]}},{"type":"Feature","properties":{"id":"saint-julien-sous-les-cotes","also":[]},"geometry":{"type":"Polygon","coordinates":[[[5.60906,48.83158],[5.62959,48.81502],[5.60011,48.80139],[5.58655,48.81697],[5.60539,48.83219],[5.60906,48.83158]]]}},{"type":"Feature","properties":{"id":"saint-jure","also":[]},"geometry":{"type":"Polygon","coordinates":[[[6.25932,48.96571],[6.29992,48.95365],[6.30075,48.95011],[6.2052,48.918],[6.19742,48.92028],[6.1665,48.95187],[6.18813,48.96446],[6.25932,48.96571]]]}},{"type":"Feature","properties":{"id":"saint-laurent","also":[]},"geometry":{"type":"Polygon","coordinates":[[[6.50579,48.16271],[6.5053,48.15418],[6.494,48.13804],[6.46663,48.12822],[6.44721,48.12707],[6.42366,48.12914],[6.42096,48.13107],[6.41617,48.15664],[6.42041,48.16086],[6.50579,48.16271]]]}},{"type":"Feature","properties":{"id":"saint-leonard","also":[]},"geometry":{"type":"Polygon","coordinates":[[[6.9422,48.22978],[6.96963,48.22009],[6.97015,48.21385],[6.9306,48.2027],[6.92196,48.20273],[6.90457,48.22272],[6.9133,48.2276],[6.9422,48.22978]]]}},{"type":"Feature","properties":{"id":"saint-mard","also":[]},"geometry":{"type":"Polygon","coordinates":[[[6.28667,48.51567],[6.30068,48.52298],[6.3064,48.52079],[6.32344,48.5024],[6.29187,48.50184],[6.28004,48.50918],[6.28667,48.51567]]]}},{"type":"Feature","properties":{"id":"saint-martin","also":[]},"geometry":{"type":"Polygon","coordinates":[[[6.75786,48.58324],[6.78116,48.57074],[6.77906,48.56336],[6.73164,48.56177],[6.72502,48.56554],[6.75786,48.58324]]]}},{"type":"Feature","properties":{"id":"saint-maurice-aux-forges","also":[]},"geometry":{"type":"Polygon","coordinates":[[[6.80712,48.51305],[6.82324,48.53455],[6.82709,48.53593],[6.84819,48.53306],[6.91219,48.49462],[6.87708,48.46509],[6.84073,48.45862],[6.82279,48.45889],[6.81271,48.46153],[6.81048,48.46317],[6.80838,48.47059],[6.80712,48.51305]]]}},{"type":"Feature","properties":{"id":"saint-maurice-sur-mortagne","also":[]},"geometry":{"type":"Polygon","coordinates":[[[6.6011,48.4135],[6.63194,48.41537],[6.62476,48.37492],[6.62137,48.37304],[6.58896,48.37182],[6.56018,48.39494],[6.6011,48.4135]]]}},{"type":"Feature","properties":{"id":"saint-maurice-sur-moselle","also":[]},"geometry":{"type":"Polygon","coordinates":[[[6.90036,47.84175],[6.88941,47.82677],[6.87525,47.81639],[6.85277,47.80745],[6.83246,47.80411],[6.81156,47.80443],[6.7915,47.80838],[6.77365,47.81569],[6.76021,47.82499],[6.82046,47.88053],[6.90036,47.84175]]]}},{"type":"Feature","properties":{"id":"saint-max","also":[]},"geometry":{"type":"Polygon","coordinates":[[[6.20072,48.70975],[6.2123,48.70657],[6.22034,48.69492],[6.19926,48.69193],[6.19175,48.70106],[6.20072,48.70975]]]}},{"type":"Feature","properties":{"id":"saint-medard","also":[]},"geometry":{"type":"Polygon","coordinates":[[[6.63762,48.83201],[6.6617,48.82791],[6.66367,48.82373],[6.63783,48.79206],[6.62622,48.79797],[6.6057,48.82102],[6.61445,48.82916],[6.63762,48.83201]]]}},{"type":"Feature","properties":{"id":"saint-menge","also":[]},"geometry":{"type":"Polygon","coordinates":[[[5.92314,48.29168],[5.9529,48.30381],[5.97937,48.2906],[5.93776,48.27163],[5.92933,48.27264],[5.91882,48.27977],[5.92314,48.29168]]]}},{"type":"Feature","properties":{"id":"saint-nabord","also":[]},"geometry":{"type":"Polygon","coordinates":[[[6.60134,48.04745],[6.58166,48.03879],[6.54634,48.03826],[6.55277,48.06161],[6.60134,48.04745]]]}},{"type":"Feature","properties":{"id":"saint-nicolas-de-port","also":[]},"geometry":{"type":"Polygon","coordinates":[[[6.29215,48.64865],[6.29804,48.64855],[6.32012,48.61235],[6.30381,48.60656],[6.30078,48.60717],[6.28284,48.6166],[6.26924,48.63388],[6.29215,48.64865]]]}},{"type":"Feature","properties":{"id":"saint-paul","also":[]},"geometry":{"type":"Polygon","coordinates":[[[5.88685,48.3433],[5.904,48.32656],[5.89462,48.3139],[5.88034,48.31314],[5.87188,48.34201],[5.88685,48.3433]]]}},{"type":"Feature","properties":{"id":"saint-pierremont","also":[]},"geometry":{"type":"Polygon","coordinates":[[[6.60891,48.46557],[6.63286,48.41602],[6.6011,48.4135],[6.55269,48.43],[6.60891,48.46557]]]}},{"type":"Feature","properties":{"id":"saint-prancher","also":[]},"geometry":{"type":"Polygon","coordinates":[[[5.94964,48.35541],[5.96419,48.35071],[5.96636,48.33277],[5.93359,48.3349],[5.9287,48.34795],[5.94964,48.35541]]]}},{"type":"Feature","properties":{"id":"saint-privat","also":[]},"geometry":{"type":"Polygon","coordinates":[[[6.11996,49.0898],[6.13802,49.10427],[6.15264,49.10487],[6.1857,49.07736],[6.18425,49.07455],[6.17919,49.07266],[6.13263,49.07566],[6.11583,49.0839],[6.11996,49.0898]]]}},{"type":"Feature","properties":{"id":"saint-remimont","also":[]},"geometry":{"type":"Polygon","coordinates":[[[6.24452,48.51441],[6.27235,48.50681],[6.2655,48.48647],[6.24393,48.48081],[6.23054,48.48518],[6.2247,48.49675],[6.24452,48.51441]]]}},{"type":"Feature","properties":{"id":"saint-remimont-buigneville","also":[]},"geometry":{"type":"Polygon","coordinates":[[[5.89088,48.25424],[5.92361,48.24208],[5.92596,48.23519],[5.91482,48.2317],[5.8708,48.23769],[5.8682,48.24882],[5.89088,48.25424]]]}},{"type":"Feature","properties":{"id":"saint-remy","also":[]},"geometry":{"type":"Polygon","coordinates":[[[6.85768,48.34531],[6.83749,48.3348],[6.75866,48.33634],[6.75553,48.3532],[6.75588,48.37167],[6.7661,48.38182],[6.81824,48.37742],[6.85768,48.34531]]]}},{"type":"Feature","properties":{"id":"saint-remy-aux-bois","also":[]},"geometry":{"type":"Polygon","coordinates":[[[6.40347,48.43213],[6.40872,48.43215],[6.42488,48.41021],[6.40422,48.38003],[6.38476,48.37514],[6.37972,48.37666],[6.36501,48.38461],[6.34875,48.39607],[6.3623,48.41745],[6.40347,48.43213]]]}},{"type":"Feature","properties":{"id":"saint-remy-la-calonne","also":[]},"geometry":{"type":"Polygon","coordinates":[[[5.51937,49.04566],[5.53987,49.07746],[5.60415,49.07931],[5.62025,49.0624],[5.61871,49.04176],[5.54553,49.02733],[5.52133,49.03486],[5.51937,49.04566]]]}},{"type":"Feature","properties":{"id":"saint-sauveur","also":[]},"geometry":{"type":"Polygon","coordinates":[[[7.00715,48.58306],[7.02471,48.57588],[7.03606,48.56845],[7.04499,48.5597],[7.05118,48.54996],[7.05439,48.53959],[7.05449,48.52901],[7.05148,48.51862],[7.04548,48.50882],[7.03673,48.49998],[7.02555,48.49244],[7.01592,48.48786],[6.92618,48.49991],[6.92845,48.54556],[6.93222,48.55482],[7.00715,48.58306]]]}},{"type":"Feature","properties":{"id":"saint-vallier","also":[]},"geometry":{"type":"Polygon","coordinates":[[[6.29819,48.27937],[6.32765,48.29218],[6.33598,48.29368],[6.34209,48.27286],[6.29326,48.2701],[6.2924,48.27178],[6.29819,48.27937]]]}},{"type":"Feature","properties":{"id":"sainte-croix-aux-mines","also":[]},"geometry":{"type":"Polygon","coordinates":[[[7.23346,48.23738],[7.21837,48.23803],[7.21293,48.2445],[7.21796,48.29169],[7.23346,48.23738]]]}},{"type":"Feature","properties":{"id":"sainte-genevieve","also":[]},"geometry":{"type":"Polygon","coordinates":[[[6.08345,48.88148],[6.12175,48.89882],[6.14442,48.89021],[6.16431,48.8644],[6.09073,48.85624],[6.07822,48.86441],[6.07832,48.86982],[6.08345,48.88148]]]}},{"type":"Feature","properties":{"id":"sainte-helene","also":[]},"geometry":{"type":"Polygon","coordinates":[[[6.66643,48.30876],[6.6768,48.2841],[6.66304,48.27549],[6.64181,48.27903],[6.63051,48.28919],[6.63304,48.30508],[6.66643,48.30876]]]}},{"type":"Feature","properties":{"id":"sainte-marguerite","also":[]},"geometry":{"type":"Polygon","coordinates":[[[6.97825,48.28918],[6.98915,48.28393],[6.98854,48.26125],[6.96819,48.25275],[6.96049,48.25449],[6.9464,48.26341],[6.97825,48.28918]]]}},{"type":"Feature","properties":{"id":"sainte-marie-aux-chenes","also":[]},"geometry":{"type":"Polygon","coordinates":[[[6.04413,49.19455],[6.02141,49.17854],[5.97106,49.18121],[5.96487,49.18529],[5.99519,49.23698],[6.04413,49.19455]]]}},{"type":"Feature","properties":{"id":"sainte-marie-aux-mines","also":[]},"geometry":{"type":"Polygon","coordinates":[[[7.14825,48.26261],[7.16641,48.27034],[7.21293,48.2445],[7.21837,48.23803],[7.14222,48.20042],[7.13805,48.22915],[7.14825,48.26261]]]}},{"type":"Feature","properties":{"id":"sainte-ruffine","also":[]},"geometry":{"type":"Polygon","coordinates":[[[6.08865,49.10533],[6.09061,49.11563],[6.09464,49.11716],[6.11996,49.0898],[6.11583,49.0839],[6.10377,49.09056],[6.08865,49.10533]]]}},{"type":"Feature","properties":{"id":"saizerais","also":[]},"geometry":{"type":"Polygon","coordinates":[[[6.02465,48.8076],[6.04896,48.81679],[6.0586,48.81462],[6.07013,48.80501],[6.07824,48.77518],[6.02325,48.76446],[6.01908,48.76596],[6.02465,48.8076]]]}},{"type":"Feature","properties":{"id":"salival","also":[]},"geometry":{"type":"Polygon","coordinates":[[[6.54682,48.82491],[6.58863,48.81635],[6.58248,48.78873],[6.53305,48.79221],[6.52947,48.80165],[6.54682,48.82491]]]}},{"type":"Feature","properties":{"id":"salonnes","also":[]},"geometry":{"type":"Polygon","coordinates":[[[6.49745,48.80722],[6.52947,48.80165],[6.53305,48.79221],[6.51822,48.76145],[6.48295,48.76906],[6.47408,48.80334],[6.49745,48.80722]]]}},{"type":"Feature","properties":{"id":"saltzbronn","also":[]},"geometry":{"type":"Polygon","coordinates":[[[7.0369,49.04181],[7.07084,49.03671],[7.10021,49.00594],[7.11271,48.97477],[7.10513,48.96742],[7.09385,48.95989],[7.08055,48.95396],[7.06575,48.94984],[7.05796,48.94854],[7.01046,49.01702],[7.02143,49.0336],[7.0369,49.04181]]]}},{"type":"Feature","properties":{"id":"sandaucourt","also":[]},"geometry":{"type":"Polygon","coordinates":[[[5.83774,48.27608],[5.8663,48.27522],[5.86776,48.24826],[5.8233,48.2522],[5.82659,48.26846],[5.83774,48.27608]]]}},{"type":"Feature","properties":{"id":"sanzey","also":[]},"geometry":{"type":"Polygon","coordinates":[[[5.78388,48.79156],[5.84112,48.80244],[5.85402,48.77533],[5.84285,48.75228],[5.777,48.75138],[5.77279,48.75239],[5.76999,48.77685],[5.78388,48.79156]]]}},{"type":"Feature","properties":{"id":"sapois","also":[]},"geometry":{"type":"Polygon","coordinates":[[[6.73918,48.06893],[6.76205,48.07159],[6.77381,48.01058],[6.73699,48.01395],[6.73273,48.02089],[6.73918,48.06893]]]}},{"type":"Feature","properties":{"id":"sarraltroff","also":[]},"geometry":{"type":"Polygon","coordinates":[[[7.08608,48.75156],[7.04025,48.75609],[7.04349,48.79845],[7.06378,48.82783],[7.086,48.82564],[7.10993,48.81797],[7.12885,48.80562],[7.139,48.79323],[7.10254,48.75472],[7.08608,48.75156]]]}},{"type":"Feature","properties":{"id":"sarrebourg","also":[]},"geometry":{"type":"Polygon","coordinates":[[[7.04025,48.75609],[7.08608,48.75156],[7.05773,48.71469],[7.05289,48.71502],[7.01598,48.74735],[7.04025,48.75609]]]}},{"type":"Feature","properties":{"id":"sarreguemines","also":[]},"geometry":{"type":"Polygon","coordinates":[[[7.06628,49.12745],[7.0878,49.10573],[7.06682,49.09374],[7.02578,49.09342],[7.02394,49.11247],[7.03228,49.12119],[7.06628,49.12745]]]}},{"type":"Feature","properties":{"id":"sarreinsming","also":[]},"geometry":{"type":"Polygon","coordinates":[[[7.10667,49.10615],[7.12585,49.10671],[7.14194,49.09938],[7.133,49.07432],[7.10341,49.06043],[7.09408,49.07421],[7.10667,49.10615]]]}},{"type":"Feature","properties":{"id":"sartes","also":[]},"geometry":{"type":"Polygon","coordinates":[[[5.71034,48.22037],[5.63235,48.24865],[5.7213,48.25792],[5.71034,48.22037]]]}},{"type":"Feature","properties":{"id":"saulcy-sur-meurthe","also":[]},"geometry":{"type":"Polygon","coordinates":[[[6.96049,48.25449],[6.96819,48.25275],[6.97851,48.24157],[6.97164,48.22188],[6.96963,48.22009],[6.9422,48.22978],[6.96049,48.25449]]]}},{"type":"Feature","properties":{"id":"sauli","also":[]},"geometry":{"type":"Polygon","coordinates":[[[6.69986,47.88624],[6.69132,47.86597],[6.68267,47.85371],[6.67297,47.85472],[6.65804,47.858],[6.64434,47.86317],[6.63241,47.87005],[6.62059,47.88074],[6.69961,47.932],[6.69986,47.88624]]]}},{"type":"Feature","properties":{"id":"saulx-en-voevre","also":[]},"geometry":{"type":"Polygon","coordinates":[[[5.68416,49.11337],[5.71603,49.08613],[5.69917,49.06494],[5.68899,49.05838],[5.65347,49.05336],[5.62025,49.0624],[5.60415,49.07931],[5.67682,49.11608],[5.68416,49.11337]]]}},{"type":"Feature","properties":{"id":"saulxerotte","also":[]},"geometry":{"type":"Polygon","coordinates":[[[5.86435,48.47815],[5.91776,48.49749],[5.95265,48.48591],[5.96571,48.47663],[5.91298,48.44299],[5.86669,48.46522],[5.86356,48.47386],[5.86435,48.47815]]]}},{"type":"Feature","properties":{"id":"saulxures-les-bulgneville","also":[]},"geometry":{"type":"Polygon","coordinates":[[[5.82215,48.1442],[5.80641,48.14325],[5.7907,48.14438],[5.77764,48.14701],[5.73286,48.18647],[5.79886,48.22665],[5.80213,48.22543],[5.84533,48.17218],[5.83719,48.14715],[5.82215,48.1442]]]}},{"type":"Feature","properties":{"id":"saulxures-les-nancy","also":[]},"geometry":{"type":"Polygon","coordinates":[[[6.23936,48.70042],[6.28079,48.68351],[6.27478,48.67695],[6.26377,48.67422],[6.23139,48.67745],[6.22804,48.69317],[6.23936,48.70042]]]}},{"type":"Feature","properties":{"id":"saulxures-les-vannes","also":[]},"geometry":{"type":"Polygon","coordinates":[[[5.82201,48.55419],[5.83995,48.54746],[5.85201,48.53491],[5.85337,48.48234],[5.79067,48.48668],[5.74561,48.50598],[5.82201,48.55419]]]}},{"type":"Feature","properties":{"id":"saurupt","also":[]},"geometry":{"type":"Polygon","coordinates":[[[6.16979,48.68558],[6.19595,48.68631],[6.19993,48.67884],[6.18607,48.66531],[6.18415,48.665],[6.17311,48.66856],[6.16751,48.68055],[6.16979,48.68558]]]}},{"type":"Feature","properties":{"id":"savigny","also":[]},"geometry":{"type":"Polygon","coordinates":[[[6.23176,48.36699],[6.2397,48.35693],[6.2355,48.34742],[6.21198,48.34008],[6.20835,48.34306],[6.19906,48.3618],[6.23176,48.36699]]]}},{"type":"Feature","properties":{"id":"saxon","also":[]},"geometry":{"type":"Polygon","coordinates":[[[6.06165,48.42816],[6.08747,48.43767],[6.10365,48.4146],[6.10272,48.41135],[6.07779,48.41172],[6.07523,48.41276],[6.06165,48.42816]]]}},{"type":"Feature","properties":{"id":"scarupt","also":[]},"geometry":{"type":"Polygon","coordinates":[[[7.02254,48.20751],[7.1052,48.18103],[7.10313,48.1734],[7.03885,48.17255],[6.99646,48.1875],[6.9911,48.19452],[7.02254,48.20751]]]}},{"type":"Feature","properties":{"id":"schmalenthal-les-baerenthal","also":[]},"geometry":{"type":"Polygon","coordinates":[[[7.43802,49.00378],[7.50861,49.00399],[7.53204,48.99034],[7.55127,48.95172],[7.53075,48.94143],[7.51075,48.93646],[7.48948,48.93506],[7.46845,48.93732],[7.43342,48.98902],[7.43802,49.00378]]]}},{"type":"Feature","properties":{"id":"schorbach","also":[]},"geometry":{"type":"Polygon","coordinates":[[[7.3759,49.09515],[7.42913,49.09323],[7.43216,49.09211],[7.44671,49.07863],[7.45133,49.05053],[7.42852,49.03644],[7.38463,49.05624],[7.36307,49.08343],[7.3759,49.09515]]]}},{"type":"Feature","properties":{"id":"schweix","also":[]},"geometry":{"type":"Polygon","coordinates":[[[7.52531,49.1365],[7.51584,49.11398],[7.5131,49.11414],[7.49436,49.13621],[7.50489,49.14249],[7.52531,49.1365]]]}},{"type":"Feature","properties":{"id":"schwemlingen","also":[]},"geometry":{"type":"Polygon","coordinates":[[[6.59433,49.48022],[6.60178,49.4663],[6.58106,49.45986],[6.56719,49.4703],[6.58438,49.4816],[6.59433,49.48022]]]}},{"type":"Feature","properties":{"id":"schwerdorff","also":[]},"geometry":{"type":"Polygon","coordinates":[[[6.55458,49.37091],[6.57606,49.37728],[6.59489,49.3612],[6.59153,49.35644],[6.57631,49.35239],[6.55326,49.36931],[6.55458,49.37091]]]}},{"type":"Feature","properties":{"id":"schweyen","also":[]},"geometry":{"type":"Polygon","coordinates":[[[7.42056,49.15608],[7.40613,49.14711],[7.35042,49.16348],[7.36977,49.21083],[7.38386,49.21238],[7.39363,49.19996],[7.42056,49.15608]]]}},{"type":"Feature","properties":{"id":"sehndorf","also":[]},"geometry":{"type":"Polygon","coordinates":[[[6.36016,49.50406],[6.41796,49.48507],[6.38959,49.47647],[6.33148,49.49117],[6.31584,49.50177],[6.36016,49.50406]]]}},{"type":"Feature","properties":{"id":"seichamps","also":[]},"geometry":{"type":"Polygon","coordinates":[[[6.25581,48.7274],[6.2739,48.73084],[6.30854,48.72621],[6.28619,48.70293],[6.2431,48.71289],[6.24122,48.71651],[6.25581,48.7274]]]}},{"type":"Feature","properties":{"id":"seingbousse","also":[]},"geometry":{"type":"Polygon","coordinates":[[[6.8163,49.12882],[6.83448,49.13177],[6.84647,49.12754],[6.84959,49.09446],[6.82446,49.08968],[6.81013,49.12151],[6.8163,49.12882]]]}},{"type":"Feature","properties":{"id":"selaincourt","also":[]},"geometry":{"type":"Polygon","coordinates":[[[5.99106,48.51253],[5.9897,48.50326],[5.95265,48.48591],[5.91776,48.49749],[5.93462,48.51643],[5.99106,48.51253]]]}},{"type":"Feature","properties":{"id":"senade","also":[]},"geometry":{"type":"Polygon","coordinates":[[[6.44453,48.07854],[6.4914,48.08711],[6.51725,48.07939],[6.46588,48.04046],[6.43525,48.07205],[6.44453,48.07854]]]}},{"type":"Feature","properties":{"id":"senones","also":[]},"geometry":{"type":"Polygon","coordinates":[[[7.02716,48.43994],[7.04043,48.43248],[7.04831,48.42598],[7.01929,48.38639],[7.00951,48.37945],[6.99133,48.37393],[6.94507,48.39225],[6.93577,48.41041],[6.94044,48.41998],[7.02716,48.43994]]]}},{"type":"Feature","properties":{"id":"senonges","also":[]},"geometry":{"type":"Polygon","coordinates":[[[6.06799,48.15873],[6.08224,48.14114],[6.04219,48.1277],[6.02553,48.13787],[6.02856,48.15546],[6.06799,48.15873]]]}},{"type":"Feature","properties":{"id":"seranville","also":[]},"geometry":{"type":"Polygon","coordinates":[[[6.49949,48.47543],[6.52658,48.47758],[6.53531,48.45038],[6.50223,48.45093],[6.49453,48.45776],[6.49949,48.47543]]]}},{"type":"Feature","properties":{"id":"sercoeur","also":[]},"geometry":{"type":"Polygon","coordinates":[[[6.55018,48.26796],[6.54681,48.24387],[6.52708,48.24042],[6.51625,48.25218],[6.53694,48.27666],[6.55018,48.26796]]]}},{"type":"Feature","properties":{"id":"serres","also":[]},"geometry":{"type":"Polygon","coordinates":[[[6.46345,48.70914],[6.4877,48.6976],[6.46392,48.6691],[6.4555,48.66648],[6.44442,48.66897],[6.43109,48.68586],[6.46345,48.70914]]]}},{"type":"Feature","properties":{"id":"seux","also":[]},"geometry":{"type":"Polygon","coordinates":[[[6.60134,48.04745],[6.63798,48.05524],[6.63415,48.04277],[6.59216,48.02522],[6.58166,48.03879],[6.60134,48.04745]]]}},{"type":"Feature","properties":{"id":"seuzey","also":[]},"geometry":{"type":"Polygon","coordinates":[[[5.57776,49.01167],[5.59312,48.98235],[5.58588,48.97855],[5.54522,48.96571],[5.53765,48.96623],[5.53427,48.96766],[5.48607,49.01239],[5.50041,49.025],[5.52133,49.03486],[5.54553,49.02733],[5.57776,49.01167]]]}},{"type":"Feature","properties":{"id":"sexey-aux-forges","also":[]},"geometry":{"type":"Polygon","coordinates":[[[5.99728,48.62792],[6.06453,48.62865],[6.06751,48.60745],[6.0623,48.60084],[5.98516,48.61528],[5.9836,48.61635],[5.99728,48.62792]]]}},{"type":"Feature","properties":{"id":"sexey-les-bois","also":[]},"geometry":{"type":"Polygon","coordinates":[[[6.03566,48.73561],[6.07873,48.71252],[6.00166,48.70809],[5.99791,48.72235],[6.03566,48.73561]]]}},{"type":"Feature","properties":{"id":"sierck","also":[]},"geometry":{"type":"Polygon","coordinates":[[[6.328,49.43309],[6.35705,49.45036],[6.36556,49.44714],[6.36833,49.43018],[6.34778,49.42248],[6.33589,49.4222],[6.328,49.43309]]]}},{"type":"Feature","properties":{"id":"siersberg","also":[]},"geometry":{"type":"Polygon","coordinates":[[[6.66842,49.3683],[6.70127,49.36927],[6.69112,49.35803],[6.66883,49.36332],[6.66842,49.3683]]]}},{"type":"Feature","properties":{"id":"siersdorf","also":[]},"geometry":{"type":"Polygon","coordinates":[[[6.66773,49.37644],[6.66883,49.36332],[6.63696,49.36612],[6.6335,49.36925],[6.66773,49.37644]]]}},{"type":"Feature","properties":{"id":"siersthal","also":[]},"geometry":{"type":"Polygon","coordinates":[[[7.30671,49.04538],[7.38254,49.05562],[7.33694,49.02952],[7.30616,49.03381],[7.30671,49.04538]]]}},{"type":"Feature","properties":{"id":"silvingen","also":[]},"geometry":{"type":"Polygon","coordinates":[[[6.57093,49.43948],[6.59015,49.43033],[6.57984,49.41036],[6.56666,49.41168],[6.55201,49.43335],[6.57093,49.43948]]]}},{"type":"Feature","properties":{"id":"sionviller","also":[]},"geometry":{"type":"Polygon","coordinates":[[[6.51916,48.6344],[6.5513,48.64358],[6.58234,48.63249],[6.55141,48.61716],[6.52673,48.61723],[6.5147,48.62155],[6.51916,48.6344]]]}},{"type":"Feature","properties":{"id":"socourt","also":[]},"geometry":{"type":"Polygon","coordinates":[[[6.23424,48.40745],[6.26287,48.40469],[6.27999,48.38411],[6.23755,48.38062],[6.2264,48.38892],[6.22486,48.39223],[6.23424,48.40745]]]}},{"type":"Feature","properties":{"id":"sommerecourt","also":[]},"geometry":{"type":"Polygon","coordinates":[[[5.63425,48.17479],[5.61094,48.18322],[5.59311,48.19613],[5.58575,48.20549],[5.58127,48.21563],[5.57983,48.22616],[5.58149,48.23669],[5.5862,48.24679],[5.59252,48.2548],[5.63235,48.24865],[5.71034,48.22037],[5.71659,48.19099],[5.63425,48.17479]]]}},{"type":"Feature","properties":{"id":"sommerviller","also":[]},"geometry":{"type":"Polygon","coordinates":[[[6.37884,48.6551],[6.39338,48.62977],[6.3719,48.61348],[6.34703,48.65559],[6.34949,48.65789],[6.37884,48.6551]]]}},{"type":"Feature","properties":{"id":"sorneville","also":[]},"geometry":{"type":"Polygon","coordinates":[[[6.41653,48.778],[6.44734,48.76353],[6.44442,48.73085],[6.39145,48.72136],[6.38779,48.72195],[6.38573,48.73335],[6.41653,48.778]]]}},{"type":"Feature","properties":{"id":"sotzeling","also":[]},"geometry":{"type":"Polygon","coordinates":[[[6.64081,48.87796],[6.66009,48.86608],[6.63692,48.85359],[6.59614,48.87216],[6.64081,48.87796]]]}},{"type":"Feature","properties":{"id":"sotzweiler","also":[]},"geometry":{"type":"Polygon","coordinates":[[[6.9794,49.46378],[6.99275,49.4882],[7.00135,49.48544],[7.0301,49.46419],[7.00771,49.43178],[6.98027,49.45932],[6.9794,49.46378]]]}},{"type":"Feature","properties":{"id":"soulosse","also":[]},"geometry":{"type":"Polygon","coordinates":[[[5.74291,48.40311],[5.72809,48.40376],[5.73958,48.4135],[5.74291,48.40311]]]}},{"type":"Feature","properties":{"id":"soulzbach","also":[]},"geometry":{"type":"Polygon","coordinates":[[[7.27974,48.01886],[7.27282,48.00935],[7.26327,48.00093],[7.25146,47.99391],[7.23785,47.98858],[7.22295,47.98513],[7.20734,47.9837],[7.19162,47.98434],[7.17639,47.98702],[7.16223,47.99165],[7.14969,47.99804],[7.13924,48.00596],[7.1313,48.01509],[7.12615,48.02509],[7.12401,48.03557],[7.12496,48.04614],[7.12897,48.05638],[7.13587,48.06589],[7.14541,48.07433],[7.15752,48.08149],[7.28372,48.0289],[7.27974,48.01886]]]}},{"type":"Feature","properties":{"id":"souveraincourl","also":[]},"geometry":{"type":"Polygon","coordinates":[[[6.02376,48.48472],[6.03325,48.47231],[5.99423,48.46617],[5.98062,48.47208],[5.99777,48.48605],[6.02376,48.48472]]]}},{"type":"Feature","properties":{"id":"spada","also":[]},"geometry":{"type":"Polygon","coordinates":[[[5.53765,48.96623],[5.54522,48.96571],[5.58359,48.93717],[5.56994,48.89879],[5.53273,48.93286],[5.53765,48.96623]]]}},{"type":"Feature","properties":{"id":"spickeren-ou-speichercn","also":[]},"geometry":{"type":"Polygon","coordinates":[[[6.96491,49.21939],[7.00188,49.20621],[6.98002,49.18357],[6.94365,49.18783],[6.95565,49.21322],[6.96491,49.21939]]]}},{"type":"Feature","properties":{"id":"sponville","also":[]},"geometry":{"type":"Polygon","coordinates":[[[5.82561,49.11475],[5.87067,49.07585],[5.79025,49.04335],[5.7648,49.07806],[5.82561,49.11475]]]}},{"type":"Feature","properties":{"id":"steinbach","also":[]},"geometry":{"type":"Polygon","coordinates":[[[6.93849,49.47104],[6.9794,49.46378],[6.98027,49.45932],[6.93775,49.44976],[6.92985,49.45086],[6.92609,49.46165],[6.93849,49.47104]]]}},{"type":"Feature","properties":{"id":"stoncourt","also":[]},"geometry":{"type":"Polygon","coordinates":[[[6.39815,49.07873],[6.44664,49.01972],[6.41975,49.01201],[6.3887,49.07253],[6.39815,49.07873]]]}},{"type":"Feature","properties":{"id":"sturzelbronn","also":[]},"geometry":{"type":"Polygon","coordinates":[[[7.55134,49.08261],[7.63945,49.0978],[7.65559,49.08541],[7.66579,49.06917],[7.66749,49.05162],[7.66053,49.03465],[7.65247,49.02549],[7.64443,49.01923],[7.56391,49.03288],[7.52624,49.05575],[7.53677,49.07187],[7.55134,49.08261]]]}},{"type":"Feature","properties":{"id":"sur-la-cote","also":[]},"geometry":{"type":"Polygon","coordinates":[[[6.89646,48.22331],[6.90457,48.22272],[6.92196,48.20273],[6.91666,48.18747],[6.88114,48.18581],[6.89646,48.22331]]]}},{"type":"Feature","properties":{"id":"taintrux","also":[]},"geometry":{"type":"Polygon","coordinates":[[[6.91944,48.27075],[6.92838,48.26531],[6.9133,48.2276],[6.90457,48.22272],[6.89646,48.22331],[6.85376,48.23213],[6.84958,48.2348],[6.91944,48.27075]]]}},{"type":"Feature","properties":{"id":"tantonville","also":[]},"geometry":{"type":"Polygon","coordinates":[[[6.11812,48.46541],[6.1216,48.48345],[6.12987,48.48662],[6.158,48.47135],[6.14322,48.44505],[6.14102,48.44419],[6.13134,48.4482],[6.11812,48.46541]]]}},{"type":"Feature","properties":{"id":"tarquimpol","also":[]},"geometry":{"type":"Polygon","coordinates":[[[6.78015,48.80085],[6.78541,48.78828],[6.76277,48.76047],[6.72682,48.78639],[6.78015,48.80085]]]}},{"type":"Feature","properties":{"id":"tatignecourt","also":[]},"geometry":{"type":"Polygon","coordinates":[[[6.17201,48.27435],[6.17087,48.25223],[6.15304,48.25894],[6.15802,48.27555],[6.17201,48.27435]]]}},{"type":"Feature","properties":{"id":"tendon","also":[]},"geometry":{"type":"Polygon","coordinates":[[[6.70004,48.12997],[6.70628,48.1296],[6.7009,48.07316],[6.69475,48.07234],[6.67351,48.07323],[6.64636,48.10609],[6.66429,48.12529],[6.70004,48.12997]]]}},{"type":"Feature","properties":{"id":"tenteling","also":[]},"geometry":{"type":"Polygon","coordinates":[[[6.94441,49.14735],[6.95372,49.12216],[6.95173,49.11748],[6.91412,49.11584],[6.91744,49.13703],[6.92975,49.14745],[6.94441,49.14735]]]}},{"type":"Feature","properties":{"id":"teterchen","also":[]},"geometry":{"type":"Polygon","coordinates":[[[6.55864,49.25174],[6.58387,49.24046],[6.58653,49.23384],[6.5807,49.21727],[6.55074,49.2128],[6.53978,49.22645],[6.55864,49.25174]]]}},{"type":"Feature","properties":{"id":"teting","also":[]},"geometry":{"type":"Polygon","coordinates":[[[6.65977,49.07319],[6.69401,49.0585],[6.68123,49.04344],[6.66667,49.04126],[6.63242,49.06162],[6.65977,49.07319]]]}},{"type":"Feature","properties":{"id":"thalexweiler","also":[]},"geometry":{"type":"Polygon","coordinates":[[[6.98027,49.45932],[7.00771,49.43178],[7.00778,49.42788],[6.99235,49.42706],[6.93775,49.44976],[6.98027,49.45932]]]}},{"type":"Feature","properties":{"id":"thalfroschen","also":[]},"geometry":{"type":"Polygon","coordinates":[[[7.61639,49.23391],[7.58231,49.22866],[7.50259,49.23887],[7.49845,49.24721],[7.49633,49.25769],[7.49738,49.26825],[7.50155,49.27847],[7.50869,49.28796],[7.51853,49.29636],[7.53068,49.30334],[7.54469,49.30864],[7.56,49.31204],[7.57819,49.31344],[7.60911,49.27043],[7.61639,49.23391]]]}},{"type":"Feature","properties":{"id":"thanville","also":[]},"geometry":{"type":"Polygon","coordinates":[[[7.26954,48.32548],[7.27145,48.33457],[7.2765,48.3446],[7.28439,48.35379],[7.29481,48.36177],[7.30737,48.36824],[7.32158,48.37296],[7.34744,48.37645],[7.36328,48.37579],[7.37862,48.37308],[7.39287,48.36842],[7.40547,48.362],[7.41595,48.35406],[7.4239,48.34491],[7.42902,48.3349],[7.43111,48.32441],[7.42907,48.31039],[7.42399,48.30036],[7.41609,48.29118],[7.40566,48.28321],[7.40304,48.28167],[7.35154,48.27622],[7.26954,48.32548]]]}},{"type":"Feature","properties":{"id":"thaon-les-vosges","also":[]},"geometry":{"type":"Polygon","coordinates":[[[6.43747,48.24931],[6.40437,48.22984],[6.39619,48.23375],[6.39766,48.25827],[6.41565,48.2662],[6.43747,48.24931]]]}},{"type":"Feature","properties":{"id":"theding","also":[]},"geometry":{"type":"Polygon","coordinates":[[[6.87735,49.13859],[6.91744,49.13703],[6.91412,49.11584],[6.91004,49.11162],[6.88954,49.11107],[6.86922,49.13003],[6.87735,49.13859]]]}},{"type":"Feature","properties":{"id":"theley","also":[]},"geometry":{"type":"Polygon","coordinates":[[[6.98085,49.52635],[7.0043,49.5354],[7.04079,49.52466],[7.05682,49.49615],[7.00135,49.48544],[6.99275,49.4882],[6.97994,49.50156],[6.98085,49.52635]]]}},{"type":"Feature","properties":{"id":"thelod","also":[]},"geometry":{"type":"Polygon","coordinates":[[[6.07764,48.55768],[6.07273,48.54931],[6.02972,48.521],[6.01459,48.52572],[6.00295,48.54707],[6.07764,48.55768]]]}},{"type":"Feature","properties":{"id":"they-sous-monifort","also":[]},"geometry":{"type":"Polygon","coordinates":[[[5.97072,48.24717],[6.00601,48.23792],[5.99783,48.2201],[5.97314,48.21325],[5.95114,48.22486],[5.94929,48.22818],[5.97072,48.24717]]]}},{"type":"Feature","properties":{"id":"they-sous-vaudemont","also":[]},"geometry":{"type":"Polygon","coordinates":[[[6.04628,48.40932],[6.07523,48.41276],[6.07779,48.41172],[6.0708,48.40341],[6.04792,48.39876],[6.04394,48.40661],[6.04628,48.40932]]]}},{"type":"Feature","properties":{"id":"thicourt","also":[]},"geometry":{"type":"Polygon","coordinates":[[[6.57596,49.009],[6.58544,48.99498],[6.54279,48.98109],[6.52761,48.98333],[6.54632,49.00383],[6.57596,49.009]]]}},{"type":"Feature","properties":{"id":"thiebaumenil","also":[]},"geometry":{"type":"Polygon","coordinates":[[[6.62636,48.59935],[6.63226,48.59711],[6.64253,48.56184],[6.63191,48.53742],[6.61133,48.53385],[6.58967,48.54928],[6.58445,48.55718],[6.62636,48.59935]]]}},{"type":"Feature","properties":{"id":"thielouze","also":[]},"geometry":{"type":"Polygon","coordinates":[[[6.339,48.13703],[6.34407,48.13301],[6.33593,48.10098],[6.29545,48.10469],[6.29375,48.11488],[6.339,48.13703]]]}},{"type":"Feature","properties":{"id":"thimonville","also":[]},"geometry":{"type":"Polygon","coordinates":[[[6.40614,48.99722],[6.43782,48.95957],[6.41641,48.90615],[6.31488,48.94934],[6.31539,48.96165],[6.40614,48.99722]]]}},{"type":"Feature","properties":{"id":"thiraucourt","also":[]},"geometry":{"type":"Polygon","coordinates":[[[6.09541,48.29573],[6.10263,48.2909],[6.10356,48.28696],[6.09995,48.27986],[6.08453,48.2733],[6.05365,48.29881],[6.0665,48.304],[6.09541,48.29573]]]}},{"type":"Feature","properties":{"id":"tholey","also":[]},"geometry":{"type":"Polygon","coordinates":[[[7.05682,49.49615],[7.07008,49.48709],[7.06591,49.47181],[7.0301,49.46419],[7.00135,49.48544],[7.05682,49.49615]]]}},{"type":"Feature","properties":{"id":"thonville","also":[]},"geometry":{"type":"Polygon","coordinates":[[[6.58544,48.99498],[6.59391,48.98635],[6.58046,48.96788],[6.54279,48.98109],[6.58544,48.99498]]]}},{"type":"Feature","properties":{"id":"thorey-lyautey","also":[]},"geometry":{"type":"Polygon","coordinates":[[[6.0333,48.45469],[6.04856,48.4421],[6.04625,48.43181],[6.0419,48.42978],[6.00505,48.42686],[6.00068,48.42788],[6.00328,48.44037],[6.00619,48.44468],[6.0333,48.45469]]]}},{"type":"Feature","properties":{"id":"thuilley-aux-groseilles","also":[]},"geometry":{"type":"Polygon","coordinates":[[[5.98516,48.61528],[6.00834,48.57013],[5.99903,48.55085],[5.94143,48.55141],[5.9808,48.61641],[5.98516,48.61528]]]}},{"type":"Feature","properties":{"id":"tilleux","also":[]},"geometry":{"type":"Polygon","coordinates":[[[5.75059,48.30453],[5.72258,48.28598],[5.71485,48.30609],[5.75059,48.30453]]]}},{"type":"Feature","properties":{"id":"tomblaine","also":[]},"geometry":{"type":"Polygon","coordinates":[[[6.22034,48.69492],[6.22804,48.69317],[6.23139,48.67745],[6.22685,48.67479],[6.19993,48.67884],[6.19595,48.68631],[6.19926,48.69193],[6.22034,48.69492]]]}},{"type":"Feature","properties":{"id":"tonnoy","also":[]},"geometry":{"type":"Polygon","coordinates":[[[6.23017,48.56815],[6.26811,48.56875],[6.27017,48.56793],[6.273,48.54612],[6.25641,48.53739],[6.23522,48.53242],[6.20768,48.54213],[6.22302,48.56671],[6.23017,48.56815]]]}},{"type":"Feature","properties":{"id":"torcheville","also":[]},"geometry":{"type":"Polygon","coordinates":[[[6.89444,48.92513],[6.91419,48.90825],[6.92338,48.89437],[6.90148,48.88938],[6.83336,48.89556],[6.82215,48.9311],[6.84,48.93799],[6.89444,48.92513]]]}},{"type":"Feature","properties":{"id":"totainville","also":[]},"geometry":{"type":"Polygon","coordinates":[[[5.99676,48.34044],[6.00868,48.31995],[5.98276,48.31553],[5.97068,48.31867],[5.96773,48.33228],[5.99676,48.34044]]]}},{"type":"Feature","properties":{"id":"toul","also":[]},"geometry":{"type":"Polygon","coordinates":[[[5.8763,48.69412],[5.90194,48.71007],[5.91455,48.7068],[5.93558,48.67071],[5.86285,48.65686],[5.85806,48.66608],[5.85885,48.67157],[5.8763,48.69412]]]}},{"type":"Feature","properties":{"id":"tremonzey","also":[]},"geometry":{"type":"Polygon","coordinates":[[[6.31481,47.96097],[6.30811,47.94874],[6.29958,47.93984],[6.28452,47.93002],[6.27102,47.92457],[6.24588,47.91972],[6.23015,47.91953],[6.21696,47.92101],[6.21843,48.00111],[6.31481,47.96097]]]}},{"type":"Feature","properties":{"id":"tritteling","also":[]},"geometry":{"type":"Polygon","coordinates":[[[6.61882,49.09499],[6.63362,49.06298],[6.62025,49.05701],[6.58413,49.06215],[6.57211,49.08094],[6.61882,49.09499]]]}},{"type":"Feature","properties":{"id":"trois-maisons","also":[]},"geometry":{"type":"Polygon","coordinates":[[[7.12776,48.30402],[7.13211,48.30631],[7.19184,48.296],[7.16641,48.27034],[7.14825,48.26261],[7.13502,48.26884],[7.12776,48.30402]]]}},{"type":"Feature","properties":{"id":"tromborn","also":[]},"geometry":{"type":"Polygon","coordinates":[[[6.57234,49.2695],[6.60741,49.26291],[6.61027,49.25562],[6.58387,49.24046],[6.55864,49.25174],[6.55423,49.25766],[6.57234,49.2695]]]}},{"type":"Feature","properties":{"id":"trougcmont","also":[]},"geometry":{"type":"Polygon","coordinates":[[[6.739,47.99839],[6.79342,47.99456],[6.80443,47.98931],[6.77763,47.95034],[6.74636,47.94508],[6.74441,47.94554],[6.739,47.99839]]]}},{"type":"Feature","properties":{"id":"trulben","also":[]},"geometry":{"type":"Polygon","coordinates":[[[7.56141,49.16357],[7.57338,49.16137],[7.59508,49.14095],[7.54903,49.12663],[7.52531,49.1365],[7.56141,49.16357]]]}},{"type":"Feature","properties":{"id":"tunsdorf","also":[]},"geometry":{"type":"Polygon","coordinates":[[[6.48328,49.49012],[6.50792,49.49965],[6.52216,49.47461],[6.4885,49.46339],[6.48241,49.48825],[6.48328,49.49012]]]}},{"type":"Feature","properties":{"id":"tunting","also":[]},"geometry":{"type":"Polygon","coordinates":[[[6.44979,49.46788],[6.47904,49.45336],[6.47691,49.45032],[6.43145,49.43745],[6.44979,49.46788]]]}},{"type":"Feature","properties":{"id":"ubexy","also":[]},"geometry":{"type":"Polygon","coordinates":[[[6.25279,48.3339],[6.26416,48.34138],[6.29023,48.33497],[6.26103,48.31942],[6.25298,48.32021],[6.25279,48.3339]]]}},{"type":"Feature","properties":{"id":"urbach","also":[]},"geometry":{"type":"Polygon","coordinates":[[[7.2973,49.09693],[7.32952,49.10823],[7.36307,49.08343],[7.3298,49.07755],[7.30447,49.09021],[7.2973,49.09693]]]}},{"type":"Feature","properties":{"id":"urimenil","also":[]},"geometry":{"type":"Polygon","coordinates":[[[6.42714,48.07438],[6.40202,48.07341],[6.39331,48.10478],[6.42035,48.11741],[6.42714,48.07438]]]}},{"type":"Feature","properties":{"id":"uunskirich","also":[]},"geometry":{"type":"Polygon","coordinates":[[[6.96456,48.97402],[7.03877,48.94132],[7.03544,48.92563],[7.0238,48.9098],[7.00509,48.89727],[6.98633,48.89053],[6.96557,48.88722],[6.93987,48.88811],[6.92338,48.89437],[6.91419,48.90825],[6.96456,48.97402]]]}},{"type":"Feature","properties":{"id":"uxegney","also":[]},"geometry":{"type":"Polygon","coordinates":[[[6.36667,48.20578],[6.40296,48.19768],[6.36399,48.17552],[6.35357,48.1834],[6.36667,48.20578]]]}},{"type":"Feature","properties":{"id":"uzemain-les-forges","also":[]},"geometry":{"type":"Polygon","coordinates":[[[6.36584,48.09027],[6.3736,48.08117],[6.32867,48.06061],[6.29853,48.06371],[6.33923,48.09565],[6.36584,48.09027]]]}},{"type":"Feature","properties":{"id":"vacherauville","also":[]},"geometry":{"type":"Polygon","coordinates":[[[5.3672,49.21492],[5.32268,49.2102],[5.35516,49.23978],[5.36571,49.24268],[5.38288,49.22562],[5.3672,49.21492]]]}},{"type":"Feature","properties":{"id":"vagney","also":[]},"geometry":{"type":"Polygon","coordinates":[[[6.6871,48.00889],[6.73273,48.02089],[6.73699,48.01395],[6.73446,48.00203],[6.68173,47.99657],[6.68058,48.00053],[6.6871,48.00889]]]}},{"type":"Feature","properties":{"id":"vahl","also":[]},"geometry":{"type":"Polygon","coordinates":[[[6.78539,48.93729],[6.81634,48.93092],[6.79185,48.90076],[6.74543,48.90307],[6.74356,48.91755],[6.78539,48.93729]]]}},{"type":"Feature","properties":{"id":"vahl-ebersing","also":[]},"geometry":{"type":"Polygon","coordinates":[[[6.7568,49.06647],[6.78021,49.06923],[6.77246,49.04376],[6.73554,49.03493],[6.72655,49.05467],[6.7568,49.06647]]]}},{"type":"Feature","properties":{"id":"vahl-les-faulquemont","also":[]},"geometry":{"type":"Polygon","coordinates":[[[6.62073,49.0403],[6.64226,49.02982],[6.64092,49.01237],[6.62898,49.01303],[6.59629,49.02176],[6.62073,49.0403]]]}},{"type":"Feature","properties":{"id":"valfroicourt","also":[]},"geometry":{"type":"Polygon","coordinates":[[[6.1144,48.20591],[6.11574,48.20292],[6.09579,48.17621],[6.08771,48.17692],[6.05059,48.19857],[6.05028,48.19967],[6.07681,48.21581],[6.1144,48.20591]]]}},{"type":"Feature","properties":{"id":"valhey","also":[]},"geometry":{"type":"Polygon","coordinates":[[[6.49858,48.69771],[6.51182,48.68145],[6.50543,48.66617],[6.46392,48.6691],[6.4877,48.6976],[6.49858,48.69771]]]}},{"type":"Feature","properties":{"id":"vallerange","also":[]},"geometry":{"type":"Polygon","coordinates":[[[6.71851,48.9498],[6.71572,48.93316],[6.70597,48.93142],[6.65726,48.9408],[6.67397,48.95987],[6.71851,48.9498]]]}},{"type":"Feature","properties":{"id":"valleroy","also":[]},"geometry":{"type":"Polygon","coordinates":[[[5.94952,49.2651],[5.97285,49.26007],[5.99232,49.25104],[5.99359,49.24278],[5.89231,49.17968],[5.8625,49.21096],[5.88726,49.23688],[5.94952,49.2651]]]}},{"type":"Feature","properties":{"id":"valleroy-aux-saules","also":[]},"geometry":{"type":"Polygon","coordinates":[[[6.12624,48.25648],[6.14825,48.25712],[6.15019,48.24308],[6.12812,48.23299],[6.11615,48.23975],[6.12624,48.25648]]]}},{"type":"Feature","properties":{"id":"valleroy-le-sec","also":[]},"geometry":{"type":"Polygon","coordinates":[[[6.03609,48.20353],[6.04304,48.20284],[6.05059,48.19857],[6.02293,48.16481],[5.98307,48.17342],[5.9743,48.18435],[5.97736,48.18996],[6.03609,48.20353]]]}},{"type":"Feature","properties":{"id":"vallois","also":[]},"geometry":{"type":"Polygon","coordinates":[[[6.52658,48.47758],[6.56424,48.49663],[6.58817,48.4976],[6.60403,48.47627],[6.54068,48.44632],[6.53531,48.45038],[6.52658,48.47758]]]}},{"type":"Feature","properties":{"id":"valmont","also":[]},"geometry":{"type":"Polygon","coordinates":[[[6.72213,49.09089],[6.72313,49.0896],[6.72253,49.08635],[6.70656,49.06783],[6.68075,49.09047],[6.6884,49.09762],[6.72213,49.09089]]]}},{"type":"Feature","properties":{"id":"valmunster","also":[]},"geometry":{"type":"Polygon","coordinates":[[[6.51929,49.25599],[6.52256,49.25586],[6.51894,49.23147],[6.50356,49.22763],[6.49914,49.23016],[6.48958,49.24907],[6.51929,49.25599]]]}},{"type":"Feature","properties":{"id":"vandelainville","also":[]},"geometry":{"type":"Polygon","coordinates":[[[5.99034,49.03471],[5.97867,49.0039],[5.93801,49.03339],[5.94935,49.04547],[5.99034,49.03471]]]}},{"type":"Feature","properties":{"id":"vandieres","also":[]},"geometry":{"type":"Polygon","coordinates":[[[6.04186,48.97165],[6.05583,48.92898],[6.05098,48.92713],[6.03204,48.92707],[6.00951,48.96098],[6.01647,48.96597],[6.04186,48.97165]]]}},{"type":"Feature","properties":{"id":"vandoeuvre-les-nancy","also":[]},"geometry":{"type":"Polygon","coordinates":[[[6.17311,48.66856],[6.18415,48.665],[6.1808,48.65419],[6.14541,48.64294],[6.13996,48.64679],[6.14074,48.65783],[6.17311,48.66856]]]}},{"type":"Feature","properties":{"id":"vanemont","also":[]},"geometry":{"type":"Polygon","coordinates":[[[6.89646,48.22331],[6.88114,48.18581],[6.87059,48.1857],[6.85376,48.23213],[6.89646,48.22331]]]}},{"type":"Feature","properties":{"id":"vanifosse","also":[]},"geometry":{"type":"Polygon","coordinates":[[[7.02745,48.2779],[7.03263,48.26662],[7.03052,48.26405],[7.01605,48.26304],[7.00572,48.27764],[7.02745,48.2779]]]}},{"type":"Feature","properties":{"id":"vannecourt","also":[]},"geometry":{"type":"Polygon","coordinates":[[[6.54803,48.9109],[6.5884,48.88755],[6.59249,48.87232],[6.58839,48.86804],[6.54796,48.86702],[6.50021,48.88456],[6.54803,48.9109]]]}},{"type":"Feature","properties":{"id":"vannes-le-chatel","also":[]},"geometry":{"type":"Polygon","coordinates":[[[5.82201,48.55419],[5.74561,48.50598],[5.71694,48.51134],[5.70411,48.52556],[5.69832,48.54271],[5.70114,48.5602],[5.70943,48.57317],[5.71882,48.58173],[5.73055,48.5889],[5.74416,48.59442],[5.75914,48.59807],[5.76222,48.59853],[5.7882,48.58816],[5.82201,48.55419]]]}},{"type":"Feature","properties":{"id":"varangeville","also":[]},"geometry":{"type":"Polygon","coordinates":[[[6.3461,48.65513],[6.32234,48.61282],[6.32012,48.61235],[6.29804,48.64855],[6.3461,48.65513]]]}},{"type":"Feature","properties":{"id":"varize","also":[]},"geometry":{"type":"Polygon","coordinates":[[[6.43791,49.14033],[6.45964,49.14643],[6.486,49.13596],[6.42078,49.1069],[6.4163,49.11122],[6.43791,49.14033]]]}},{"type":"Feature","properties":{"id":"varmonzey","also":[]},"geometry":{"type":"Polygon","coordinates":[[[6.29023,48.33497],[6.29101,48.33515],[6.29333,48.31926],[6.28389,48.31131],[6.26103,48.31942],[6.29023,48.33497]]]}},{"type":"Feature","properties":{"id":"varsberg","also":[]},"geometry":{"type":"Polygon","coordinates":[[[6.63209,49.18248],[6.66837,49.1471],[6.6577,49.14624],[6.61055,49.15886],[6.59869,49.16948],[6.59756,49.17504],[6.63209,49.18248]]]}},{"type":"Feature","properties":{"id":"varvinay","also":[]},"geometry":{"type":"Polygon","coordinates":[[[5.58359,48.93717],[5.6142,48.95033],[5.68284,48.90142],[5.57484,48.88766],[5.5719,48.88826],[5.56994,48.89879],[5.58359,48.93717]]]}},{"type":"Feature","properties":{"id":"vatimont","also":[]},"geometry":{"type":"Polygon","coordinates":[[[6.41975,49.01201],[6.46299,49.02429],[6.5083,48.97603],[6.50785,48.97438],[6.48602,48.96158],[6.43782,48.95957],[6.40614,48.99722],[6.41291,49.00838],[6.41975,49.01201]]]}},{"type":"Feature","properties":{"id":"vaubexy","also":[]},"geometry":{"type":"Polygon","coordinates":[[[6.2132,48.29254],[6.254,48.29081],[6.26135,48.28581],[6.24699,48.26829],[6.20363,48.28167],[6.20551,48.28961],[6.2132,48.29254]]]}},{"type":"Feature","properties":{"id":"vaucremont","also":[]},"geometry":{"type":"Polygon","coordinates":[[[6.41975,49.01201],[6.41291,49.00838],[6.35845,49.03248],[6.3661,49.06364],[6.36887,49.06656],[6.3887,49.07253],[6.41975,49.01201]]]}},{"type":"Feature","properties":{"id":"vaudemont","also":[]},"geometry":{"type":"Polygon","coordinates":[[[6.0419,48.42978],[6.04625,48.43181],[6.06165,48.42816],[6.07523,48.41276],[6.04628,48.40932],[6.0419,48.42978]]]}},{"type":"Feature","properties":{"id":"vaudeville","also":[]},"geometry":{"type":"Polygon","coordinates":[[[6.20668,48.47315],[6.22498,48.44799],[6.22419,48.44735],[6.18368,48.44924],[6.18561,48.45967],[6.19859,48.47345],[6.20668,48.47315]]]}},{"type":"Feature","properties":{"id":"vaudeville-epinal","also":[]},"geometry":{"type":"Polygon","coordinates":[[[6.52708,48.24042],[6.54681,48.24387],[6.57098,48.23373],[6.56819,48.22861],[6.5416,48.20933],[6.53317,48.21321],[6.52406,48.23686],[6.52708,48.24042]]]}},{"type":"Feature","properties":{"id":"vaudigny","also":[]},"geometry":{"type":"Polygon","coordinates":[[[6.22419,48.44735],[6.22029,48.42534],[6.19829,48.42106],[6.19389,48.42151],[6.17809,48.44619],[6.18368,48.44924],[6.22419,48.44735]]]}},{"type":"Feature","properties":{"id":"vaux","also":[]},"geometry":{"type":"Polygon","coordinates":[[[6.0738,49.10025],[6.10377,49.09056],[6.11583,49.08385],[6.10881,49.08026],[6.04656,49.09096],[6.0546,49.10129],[6.0738,49.10025]]]}},{"type":"Feature","properties":{"id":"vaux-la-grande","also":[]},"geometry":{"type":"Polygon","coordinates":[[[5.47503,48.69762],[5.46805,48.67546],[5.45356,48.67052],[5.39768,48.68573],[5.40453,48.69164],[5.47503,48.69762]]]}},{"type":"Feature","properties":{"id":"vaux-la-petite","also":[]},"geometry":{"type":"Polygon","coordinates":[[[5.45356,48.67052],[5.44747,48.65428],[5.43491,48.65204],[5.37921,48.67744],[5.39768,48.68573],[5.45356,48.67052]]]}},{"type":"Feature","properties":{"id":"vaxoncourt","also":[]},"geometry":{"type":"Polygon","coordinates":[[[6.40431,48.30322],[6.41519,48.30704],[6.4269,48.29846],[6.4306,48.27846],[6.42167,48.2748],[6.38701,48.29016],[6.40431,48.30322]]]}},{"type":"Feature","properties":{"id":"vaxy","also":[]},"geometry":{"type":"Polygon","coordinates":[[[6.50021,48.88456],[6.54796,48.86702],[6.53461,48.84572],[6.52923,48.84785],[6.49427,48.88345],[6.50021,48.88456]]]}},{"type":"Feature","properties":{"id":"veckring","also":[]},"geometry":{"type":"Polygon","coordinates":[[[6.38984,49.36199],[6.39704,49.34207],[6.36381,49.32146],[6.35212,49.3278],[6.34813,49.34482],[6.38984,49.36199]]]}},{"type":"Feature","properties":{"id":"velaine-en-haye","also":[]},"geometry":{"type":"Polygon","coordinates":[[[6.00166,48.70809],[6.07873,48.71252],[6.09083,48.70797],[6.08807,48.69882],[6.05949,48.67303],[6.02855,48.6678],[5.99668,48.68186],[5.99342,48.69082],[6.00166,48.70809]]]}},{"type":"Feature","properties":{"id":"velle","also":[]},"geometry":{"type":"Polygon","coordinates":[[[6.03597,48.46885],[6.0333,48.45469],[6.00619,48.44468],[6.00261,48.45685],[6.03597,48.46885]]]}},{"type":"Feature","properties":{"id":"velle-sur-moselle","also":[]},"geometry":{"type":"Polygon","coordinates":[[[6.3016,48.53714],[6.30068,48.52298],[6.28667,48.51567],[6.25641,48.53739],[6.273,48.54612],[6.3016,48.53714]]]}},{"type":"Feature","properties":{"id":"velotte-et-tatignecourt","also":[]},"geometry":{"type":"Polygon","coordinates":[[[6.17201,48.27435],[6.19436,48.27561],[6.17438,48.24998],[6.17087,48.25223],[6.17201,48.27435]]]}},{"type":"Feature","properties":{"id":"velving","also":[]},"geometry":{"type":"Polygon","coordinates":[[[6.53842,49.26128],[6.55423,49.25766],[6.55864,49.25174],[6.53978,49.22645],[6.51894,49.23147],[6.52256,49.25586],[6.53842,49.26128]]]}},{"type":"Feature","properties":{"id":"vennezey","also":[]},"geometry":{"type":"Polygon","coordinates":[[[6.47916,48.4527],[6.47592,48.41879],[6.47142,48.41949],[6.44885,48.44129],[6.45482,48.45589],[6.47916,48.4527]]]}},{"type":"Feature","properties":{"id":"ventron","also":[]},"geometry":{"type":"Polygon","coordinates":[[[6.85505,47.95115],[6.94076,47.96875],[6.94914,47.95642],[6.95271,47.94254],[6.95081,47.9285],[6.94358,47.91527],[6.92975,47.90253],[6.83259,47.91765],[6.82274,47.92976],[6.85505,47.95115]]]}},{"type":"Feature","properties":{"id":"verdenal","also":[]},"geometry":{"type":"Polygon","coordinates":[[[6.8139,48.59886],[6.8228,48.59536],[6.82983,48.57953],[6.8241,48.57097],[6.78977,48.57435],[6.79947,48.59659],[6.8139,48.59886]]]}},{"type":"Feature","properties":{"id":"verdun","also":[]},"geometry":{"type":"Polygon","coordinates":[[[5.38598,49.18531],[5.39524,49.18577],[5.43571,49.1603],[5.42396,49.15422],[5.35104,49.13567],[5.34262,49.13784],[5.38598,49.18531]]]}},{"type":"Feature","properties":{"id":"vergaville","also":[]},"geometry":{"type":"Polygon","coordinates":[[[6.75016,48.86764],[6.77376,48.82959],[6.77329,48.82864],[6.73716,48.82417],[6.71693,48.85872],[6.74298,48.87001],[6.75016,48.86764]]]}},{"type":"Feature","properties":{"id":"vertuzey","also":[]},"geometry":{"type":"Polygon","coordinates":[[[5.72655,48.70725],[5.72328,48.70076],[5.70262,48.6897],[5.62659,48.71852],[5.65118,48.75209],[5.72655,48.70725]]]}},{"type":"Feature","properties":{"id":"vervezelle","also":[]},"geometry":{"type":"Polygon","coordinates":[[[6.73856,48.23002],[6.75163,48.22589],[6.75803,48.20487],[6.74736,48.20227],[6.71419,48.22513],[6.73856,48.23002]]]}},{"type":"Feature","properties":{"id":"vezelise","also":[]},"geometry":{"type":"Polygon","coordinates":[[[6.08637,48.50021],[6.09574,48.49684],[6.11017,48.48564],[6.0834,48.47606],[6.06918,48.48721],[6.08637,48.50021]]]}},{"type":"Feature","properties":{"id":"vienville","also":[]},"geometry":{"type":"Polygon","coordinates":[[[6.82848,48.19176],[6.85535,48.17813],[6.85354,48.16041],[6.8161,48.15569],[6.8084,48.16068],[6.82848,48.19176]]]}},{"type":"Feature","properties":{"id":"vieville","also":[]},"geometry":{"type":"Polygon","coordinates":[[[6.18745,48.36142],[6.19906,48.3618],[6.20835,48.34306],[6.17503,48.3429],[6.17603,48.3529],[6.18745,48.36142]]]}},{"type":"Feature","properties":{"id":"vieville-en-haye","also":[]},"geometry":{"type":"Polygon","coordinates":[[[5.88441,48.94303],[5.93781,48.97585],[5.94604,48.97404],[5.96252,48.9598],[5.96299,48.92994],[5.95411,48.92656],[5.88633,48.92524],[5.88372,48.93055],[5.88441,48.94303]]]}},{"type":"Feature","properties":{"id":"vieville-sous-les-cotes","also":[]},"geometry":{"type":"Polygon","coordinates":[[[5.65287,49.00616],[5.70908,49.00515],[5.70657,49.00231],[5.67169,48.98537],[5.65389,48.98946],[5.65287,49.00616]]]}},{"type":"Feature","properties":{"id":"vigneulles","also":[]},"geometry":{"type":"Polygon","coordinates":[[[6.36202,48.57548],[6.35855,48.5516],[6.35084,48.54309],[6.32916,48.54467],[6.3107,48.57704],[6.36202,48.57548]]]}},{"type":"Feature","properties":{"id":"vignot","also":[]},"geometry":{"type":"Polygon","coordinates":[[[5.60059,48.79401],[5.63655,48.78371],[5.64663,48.77617],[5.65034,48.77089],[5.56132,48.74458],[5.55741,48.75279],[5.57385,48.77878],[5.60059,48.79401]]]}},{"type":"Feature","properties":{"id":"villacourt","also":[]},"geometry":{"type":"Polygon","coordinates":[[[6.37396,48.45942],[6.37032,48.45001],[6.35615,48.44124],[6.32823,48.44637],[6.33734,48.4649],[6.37396,48.45942]]]}},{"type":"Feature","properties":{"id":"ville-au-val","also":[]},"geometry":{"type":"Polygon","coordinates":[[[6.16431,48.8644],[6.19128,48.84771],[6.18824,48.84085],[6.13565,48.83393],[6.09792,48.83747],[6.09073,48.85624],[6.16431,48.8644]]]}},{"type":"Feature","properties":{"id":"ville-en-vermois","also":[]},"geometry":{"type":"Polygon","coordinates":[[[6.24915,48.63628],[6.26924,48.63388],[6.28284,48.6166],[6.24492,48.6013],[6.22354,48.60903],[6.23552,48.63295],[6.24915,48.63628]]]}},{"type":"Feature","properties":{"id":"ville-sur-illon","also":[]},"geometry":{"type":"Polygon","coordinates":[[[6.24253,48.19006],[6.24853,48.18383],[6.24793,48.1774],[6.2046,48.15111],[6.18493,48.15672],[6.17629,48.16339],[6.18822,48.17516],[6.24253,48.19006]]]}},{"type":"Feature","properties":{"id":"ville-sur-madon","also":[]},"geometry":{"type":"Polygon","coordinates":[[[6.17861,48.49943],[6.18668,48.49402],[6.18867,48.47937],[6.16679,48.47596],[6.16464,48.48472],[6.17861,48.49943]]]}},{"type":"Feature","properties":{"id":"villecey-sur-mad","also":[]},"geometry":{"type":"Polygon","coordinates":[[[5.91725,49.02035],[5.93801,49.03339],[5.97867,49.0039],[5.98368,48.99558],[5.94604,48.97404],[5.93781,48.97585],[5.92163,48.98999],[5.91725,49.02035]]]}},{"type":"Feature","properties":{"id":"viller-grostenquin","also":[]},"geometry":{"type":"Polygon","coordinates":[[[6.652,49.00523],[6.66904,49.00294],[6.69372,48.99566],[6.67281,48.97707],[6.63528,48.97065],[6.62057,48.98321],[6.652,49.00523]]]}},{"type":"Feature","properties":{"id":"villers","also":[]},"geometry":{"type":"Polygon","coordinates":[[[6.17585,48.32112],[6.1825,48.31979],[6.19976,48.2933],[6.15264,48.29481],[6.15075,48.30681],[6.17585,48.32112]]]}},{"type":"Feature","properties":{"id":"villers-bettnach","also":[]},"geometry":{"type":"Polygon","coordinates":[[[6.37853,49.25553],[6.38106,49.25449],[6.39327,49.23221],[6.39575,49.22465],[6.36721,49.20515],[6.33364,49.21556],[6.32978,49.23008],[6.37853,49.25553]]]}},{"type":"Feature","properties":{"id":"villers-en-haye","also":[]},"geometry":{"type":"Polygon","coordinates":[[[6.04425,48.82653],[6.04896,48.81679],[6.02465,48.8076],[5.97846,48.81402],[6.00239,48.83169],[6.04425,48.82653]]]}},{"type":"Feature","properties":{"id":"villers-ies-moivron","also":[]},"geometry":{"type":"Polygon","coordinates":[[[6.27694,48.81966],[6.27701,48.81881],[6.24605,48.80255],[6.21338,48.81799],[6.27694,48.81966]]]}},{"type":"Feature","properties":{"id":"villers-les-nancy","also":[]},"geometry":{"type":"Polygon","coordinates":[[[6.16751,48.68055],[6.17311,48.66856],[6.14074,48.65783],[6.1246,48.67675],[6.16751,48.68055]]]}},{"type":"Feature","properties":{"id":"villers-sous-preny","also":[]},"geometry":{"type":"Polygon","coordinates":[[[5.96252,48.9598],[6.00951,48.96098],[6.03204,48.92707],[5.99252,48.91818],[5.96299,48.92994],[5.96252,48.9598]]]}},{"type":"Feature","properties":{"id":"villers-stoncourt","also":[]},"geometry":{"type":"Polygon","coordinates":[[[6.46629,49.07984],[6.48065,49.03905],[6.46299,49.02429],[6.44664,49.01972],[6.39815,49.07873],[6.42721,49.09515],[6.46629,49.07984]]]}},{"type":"Feature","properties":{"id":"villey-le-sec","also":[]},"geometry":{"type":"Polygon","coordinates":[[[5.93878,48.66965],[5.99668,48.68186],[6.02855,48.6678],[5.99728,48.62792],[5.9836,48.61635],[5.98021,48.61652],[5.93878,48.66965]]]}},{"type":"Feature","properties":{"id":"villey-saint-etienne","also":[]},"geometry":{"type":"Polygon","coordinates":[[[5.97208,48.75777],[5.99866,48.72324],[5.99791,48.72235],[5.94869,48.71866],[5.96154,48.75331],[5.97208,48.75777]]]}},{"type":"Feature","properties":{"id":"villing-bouzonville","also":[]},"geometry":{"type":"Polygon","coordinates":[[[6.61378,49.2819],[6.62726,49.29414],[6.64012,49.29135],[6.65026,49.28423],[6.63282,49.27273],[6.61437,49.27407],[6.61378,49.2819]]]}},{"type":"Feature","properties":{"id":"villoncourt","also":[]},"geometry":{"type":"Polygon","coordinates":[[[6.53424,48.28077],[6.53694,48.27666],[6.51625,48.25218],[6.49621,48.25475],[6.50639,48.28329],[6.53424,48.28077]]]}},{"type":"Feature","properties":{"id":"vilsberg","also":[]},"geometry":{"type":"Polygon","coordinates":[[[7.18915,48.81844],[7.19837,48.82531],[7.21103,48.8318],[7.22537,48.83652],[7.24082,48.83931],[7.2568,48.84005],[7.27269,48.83872],[7.28788,48.83536],[7.30178,48.8301],[7.31385,48.82316],[7.32364,48.81479],[7.33076,48.80532],[7.33494,48.79511],[7.33501,48.77753],[7.33092,48.7673],[7.32444,48.75844],[7.26225,48.76004],[7.18915,48.81844]]]}},{"type":"Feature","properties":{"id":"vimenil","also":[]},"geometry":{"type":"Polygon","coordinates":[[[6.64108,48.23839],[6.66756,48.2118],[6.65696,48.20174],[6.64818,48.19829],[6.63939,48.19709],[6.61572,48.23261],[6.64108,48.23839]]]}},{"type":"Feature","properties":{"id":"vincey","also":[]},"geometry":{"type":"Polygon","coordinates":[[[6.32885,48.34847],[6.35571,48.32076],[6.34421,48.31131],[6.3386,48.31275],[6.32129,48.32269],[6.30328,48.34178],[6.30449,48.34673],[6.32885,48.34847]]]}},{"type":"Feature","properties":{"id":"vintrange","also":[]},"geometry":{"type":"Polygon","coordinates":[[[6.69372,48.99566],[6.7181,48.99863],[6.739,48.98012],[6.71851,48.9498],[6.67397,48.95987],[6.67281,48.97707],[6.69372,48.99566]]]}},{"type":"Feature","properties":{"id":"viocourt","also":[]},"geometry":{"type":"Polygon","coordinates":[[[5.86802,48.34317],[5.87188,48.34201],[5.88034,48.31314],[5.87421,48.30995],[5.8656,48.30834],[5.84894,48.31309],[5.84538,48.31522],[5.86802,48.34317]]]}},{"type":"Feature","properties":{"id":"viomenil","also":[]},"geometry":{"type":"Polygon","coordinates":[[[6.14323,48.10968],[6.17228,48.11094],[6.22408,48.10137],[6.23724,48.05498],[6.21188,48.04377],[6.19517,48.04048],[6.13866,48.0818],[6.13559,48.10282],[6.14323,48.10968]]]}},{"type":"Feature","properties":{"id":"virecourt","also":[]},"geometry":{"type":"Polygon","coordinates":[[[6.33426,48.47111],[6.33734,48.4649],[6.32823,48.44637],[6.31218,48.44197],[6.3014,48.46593],[6.33426,48.47111]]]}},{"type":"Feature","properties":{"id":"virming","also":[]},"geometry":{"type":"Polygon","coordinates":[[[6.739,48.98012],[6.76809,48.97439],[6.78539,48.93729],[6.74356,48.91755],[6.71572,48.93316],[6.71851,48.9498],[6.739,48.98012]]]}},{"type":"Feature","properties":{"id":"viterne","also":[]},"geometry":{"type":"Polygon","coordinates":[[[6.0623,48.60084],[6.07572,48.57869],[6.00834,48.57013],[5.98516,48.61528],[6.0623,48.60084]]]}},{"type":"Feature","properties":{"id":"vitrey","also":[]},"geometry":{"type":"Polygon","coordinates":[[[6.02376,48.48472],[6.03794,48.50583],[6.06481,48.48723],[6.04244,48.47052],[6.03656,48.4701],[6.03325,48.47231],[6.02376,48.48472]]]}},{"type":"Feature","properties":{"id":"vitrimont","also":[]},"geometry":{"type":"Polygon","coordinates":[[[6.47181,48.61369],[6.47349,48.60305],[6.46455,48.58688],[6.43358,48.57768],[6.41716,48.57719],[6.41558,48.57801],[6.41684,48.59254],[6.42357,48.60114],[6.47181,48.61369]]]}},{"type":"Feature","properties":{"id":"vittel","also":[]},"geometry":{"type":"Polygon","coordinates":[[[5.92369,48.19773],[5.95114,48.22486],[5.97314,48.21325],[5.97736,48.18996],[5.9743,48.18435],[5.92951,48.18322],[5.92618,48.18788],[5.92369,48.19773]]]}},{"type":"Feature","properties":{"id":"vittersbourg","also":[]},"geometry":{"type":"Polygon","coordinates":[[[6.90278,48.9588],[6.93749,48.98298],[6.96127,48.97679],[6.96456,48.97402],[6.91419,48.90825],[6.89444,48.92513],[6.90278,48.9588]]]}},{"type":"Feature","properties":{"id":"viviers-le-gras","also":[]},"geometry":{"type":"Polygon","coordinates":[[[5.96083,48.1436],[5.98068,48.12614],[5.9738,48.10713],[5.90995,48.07499],[5.89051,48.08251],[5.87581,48.09257],[5.8655,48.10484],[5.85982,48.122],[5.86129,48.13556],[5.905,48.15035],[5.96083,48.1436]]]}},{"type":"Feature","properties":{"id":"viviers-les-offroicourt","also":[]},"geometry":{"type":"Polygon","coordinates":[[[6.01221,48.2902],[6.04098,48.26743],[6.03096,48.25763],[5.9965,48.27311],[5.99929,48.28519],[6.01221,48.2902]]]}},{"type":"Feature","properties":{"id":"voelfling-les-bouzonville","also":[]},"geometry":{"type":"Polygon","coordinates":[[[6.62387,49.29875],[6.62726,49.29414],[6.61378,49.2819],[6.58209,49.2933],[6.60035,49.30176],[6.62387,49.29875]]]}},{"type":"Feature","properties":{"id":"void","also":[]},"geometry":{"type":"Polygon","coordinates":[[[5.55024,48.71227],[5.56035,48.72112],[5.62659,48.71852],[5.70182,48.68943],[5.70106,48.68159],[5.6973,48.6713],[5.69059,48.6617],[5.68119,48.65314],[5.66945,48.64597],[5.65583,48.64044],[5.63016,48.63543],[5.55674,48.68091],[5.55024,48.71227]]]}},{"type":"Feature","properties":{"id":"void-d-escles","also":[]},"geometry":{"type":"Polygon","coordinates":[[[6.22221,48.13568],[6.23187,48.11594],[6.22408,48.10137],[6.17228,48.11094],[6.20609,48.1491],[6.22221,48.13568]]]}},{"type":"Feature","properties":{"id":"voinemont","also":[]},"geometry":{"type":"Polygon","coordinates":[[[6.18706,48.51801],[6.17332,48.50528],[6.1611,48.50527],[6.14253,48.52101],[6.14688,48.52681],[6.18706,48.51801]]]}},{"type":"Feature","properties":{"id":"volmerange","also":[]},"geometry":{"type":"Polygon","coordinates":[[[6.42895,49.17856],[6.45039,49.17928],[6.46991,49.17478],[6.46455,49.16302],[6.46075,49.16018],[6.44153,49.16137],[6.42895,49.17856]]]}},{"type":"Feature","properties":{"id":"volmunster","also":[]},"geometry":{"type":"Polygon","coordinates":[[[7.33792,49.14839],[7.38831,49.12599],[7.37584,49.10405],[7.33348,49.12209],[7.32181,49.14237],[7.33792,49.14839]]]}},{"type":"Feature","properties":{"id":"vomecourl","also":[]},"geometry":{"type":"Polygon","coordinates":[[[6.15324,48.37997],[6.16317,48.37782],[6.18745,48.36142],[6.17603,48.3529],[6.14957,48.35784],[6.13503,48.36939],[6.13637,48.37241],[6.15324,48.37997]]]}},{"type":"Feature","properties":{"id":"vouxey","also":[]},"geometry":{"type":"Polygon","coordinates":[[[5.84893,48.34666],[5.83401,48.3395],[5.79589,48.35602],[5.82014,48.36407],[5.84893,48.34666]]]}},{"type":"Feature","properties":{"id":"vroncourt","also":[]},"geometry":{"type":"Polygon","coordinates":[[[6.08297,48.47613],[6.09397,48.46409],[6.08149,48.45056],[6.07152,48.45264],[6.06314,48.46369],[6.08297,48.47613]]]}},{"type":"Feature","properties":{"id":"vroville","also":[]},"geometry":{"type":"Polygon","coordinates":[[[6.15264,48.29481],[6.19976,48.2933],[6.20551,48.28961],[6.20363,48.28167],[6.19968,48.27697],[6.19436,48.27561],[6.17201,48.27435],[6.15802,48.27555],[6.15496,48.27755],[6.14949,48.28989],[6.15264,48.29481]]]}},{"type":"Feature","properties":{"id":"vuisse","also":[]},"geometry":{"type":"Polygon","coordinates":[[[6.66009,48.86608],[6.68269,48.86194],[6.69402,48.85471],[6.69134,48.8508],[6.6617,48.82791],[6.63762,48.83201],[6.63692,48.85359],[6.66009,48.86608]]]}},{"type":"Feature","properties":{"id":"vvallerfangen","also":[]},"geometry":{"type":"Polygon","coordinates":[[[6.6841,49.33625],[6.6929,49.34182],[6.72129,49.3417],[6.7394,49.33949],[6.73899,49.33517],[6.72139,49.30801],[6.69109,49.31164],[6.68134,49.32132],[6.6841,49.33625]]]}},{"type":"Feature","properties":{"id":"wadrill","also":[]},"geometry":{"type":"Polygon","coordinates":[[[6.90261,49.5678],[6.85623,49.55128],[6.80549,49.59458],[6.80922,49.60359],[6.81627,49.61313],[6.83391,49.62646],[6.85721,49.63541],[6.8837,49.639],[6.91056,49.63688],[6.93477,49.62931],[6.90559,49.57096],[6.90261,49.5678]]]}},{"type":"Feature","properties":{"id":"waldeck","also":[]},"geometry":{"type":"Polygon","coordinates":[[[7.56391,49.03288],[7.53204,48.99034],[7.50861,49.00399],[7.51558,49.05286],[7.52624,49.05575],[7.56391,49.03288]]]}},{"type":"Feature","properties":{"id":"waldhausen","also":[]},"geometry":{"type":"Polygon","coordinates":[[[7.46211,49.16144],[7.48288,49.13318],[7.48093,49.13197],[7.44706,49.13287],[7.4391,49.15228],[7.46211,49.16144]]]}},{"type":"Feature","properties":{"id":"waldwisse","also":[]},"geometry":{"type":"Polygon","coordinates":[[[6.53518,49.42826],[6.54441,49.40238],[6.54002,49.39741],[6.51981,49.39532],[6.51346,49.397],[6.51958,49.4191],[6.53518,49.42826]]]}},{"type":"Feature","properties":{"id":"walschbronn","also":[]},"geometry":{"type":"Polygon","coordinates":[[[7.50489,49.14249],[7.49436,49.13621],[7.48288,49.13318],[7.46211,49.16144],[7.5016,49.18214],[7.50489,49.14249]]]}},{"type":"Feature","properties":{"id":"walsheim","also":[]},"geometry":{"type":"Polygon","coordinates":[[[7.17214,49.19058],[7.18422,49.19759],[7.19816,49.20293],[7.21737,49.20692],[7.27609,49.15602],[7.28288,49.14334],[7.2467,49.13218],[7.23886,49.13356],[7.16263,49.17493],[7.16237,49.18213],[7.17214,49.19058]]]}},{"type":"Feature","properties":{"id":"wehingen","also":[]},"geometry":{"type":"Polygon","coordinates":[[[6.52898,49.45614],[6.50399,49.44998],[6.48217,49.45427],[6.4885,49.46339],[6.52216,49.47461],[6.53575,49.46625],[6.52898,49.45614]]]}},{"type":"Feature","properties":{"id":"weidesheim","also":[]},"geometry":{"type":"Polygon","coordinates":[[[7.1575,49.03943],[7.15666,49.03734],[7.10021,49.00594],[7.07084,49.03671],[7.10341,49.06043],[7.1575,49.03943]]]}},{"type":"Feature","properties":{"id":"weiler","also":[]},"geometry":{"type":"Polygon","coordinates":[[[6.56719,49.4703],[6.58106,49.45986],[6.58281,49.45194],[6.57093,49.43948],[6.56897,49.43932],[6.54599,49.46743],[6.55323,49.4701],[6.56719,49.4703]]]}},{"type":"Feature","properties":{"id":"weiskirch","also":[]},"geometry":{"type":"Polygon","coordinates":[[[7.37584,49.10405],[7.3759,49.09515],[7.36307,49.08343],[7.32952,49.10823],[7.33348,49.12209],[7.37584,49.10405]]]}},{"type":"Feature","properties":{"id":"weiten","also":[]},"geometry":{"type":"Polygon","coordinates":[[[6.54496,49.58396],[6.56881,49.58086],[6.59239,49.57228],[6.61047,49.55923],[6.62014,49.5454],[6.5666,49.51652],[6.52334,49.50739],[6.51338,49.50739],[6.49839,49.52633],[6.54496,49.58396]]]}},{"type":"Feature","properties":{"id":"wellingen","also":[]},"geometry":{"type":"Polygon","coordinates":[[[6.52898,49.45614],[6.54176,49.43335],[6.53666,49.43075],[6.51018,49.43537],[6.50399,49.44998],[6.52898,49.45614]]]}},{"type":"Feature","properties":{"id":"wetschhausen","also":[]},"geometry":{"type":"Polygon","coordinates":[[[7.22266,49.47381],[7.29494,49.46171],[7.29656,49.46066],[7.30648,49.45229],[7.3137,49.44282],[7.31794,49.43262],[7.31905,49.42207],[7.31699,49.41158],[7.31183,49.40155],[7.30377,49.39237],[7.29314,49.38439],[7.28032,49.37791],[7.26582,49.37319],[7.2502,49.37041],[7.23404,49.36967],[7.21798,49.371],[7.20262,49.37434],[7.18856,49.37958],[7.17633,49.38651],[7.1664,49.39487],[7.15916,49.40432],[7.15488,49.41452],[7.15373,49.42507],[7.15517,49.43368],[7.18159,49.46274],[7.22266,49.47381]]]}},{"type":"Feature","properties":{"id":"wies","also":[]},"geometry":{"type":"Polygon","coordinates":[[[6.38056,49.53404],[6.30549,49.5115],[6.29742,49.52471],[6.29494,49.5387],[6.29904,49.55454],[6.383,49.53859],[6.38056,49.53404]]]}},{"type":"Feature","properties":{"id":"wiesbach","also":[]},"geometry":{"type":"Polygon","coordinates":[[[6.99735,49.38889],[7.00009,49.31809],[6.97737,49.31636],[6.95609,49.31853],[6.93639,49.32423],[6.91603,49.3357],[6.90238,49.35084],[6.89805,49.36103],[6.89685,49.36926],[6.91719,49.37939],[6.99735,49.38889]]]}},{"type":"Feature","properties":{"id":"wiesviller","also":[]},"geometry":{"type":"Polygon","coordinates":[[[7.18837,49.06732],[7.18699,49.06461],[7.17348,49.06174],[7.133,49.07432],[7.14194,49.09938],[7.14772,49.1005],[7.18837,49.06732]]]}},{"type":"Feature","properties":{"id":"winterbach","also":[]},"geometry":{"type":"Polygon","coordinates":[[[7.08584,49.49037],[7.17613,49.46707],[7.18159,49.46274],[7.15517,49.43368],[7.13717,49.4263],[7.12137,49.42278],[7.06591,49.47181],[7.07008,49.48709],[7.08584,49.49037]]]}},{"type":"Feature","properties":{"id":"winzeln","also":[]},"geometry":{"type":"Polygon","coordinates":[[[7.58044,49.19818],[7.59184,49.18262],[7.57338,49.16137],[7.56141,49.16357],[7.50986,49.18547],[7.58044,49.19818]]]}},{"type":"Feature","properties":{"id":"wisembach","also":[]},"geometry":{"type":"Polygon","coordinates":[[[7.10422,48.2747],[7.13502,48.26884],[7.14825,48.26261],[7.13805,48.22915],[7.09461,48.25022],[7.09537,48.27145],[7.10422,48.2747]]]}},{"type":"Feature","properties":{"id":"wittring","also":[]},"geometry":{"type":"Polygon","coordinates":[[[7.17348,49.06174],[7.1575,49.03943],[7.10353,49.06045],[7.133,49.07432],[7.17348,49.06174]]]}},{"type":"Feature","properties":{"id":"wochern","also":[]},"geometry":{"type":"Polygon","coordinates":[[[6.43147,49.52837],[6.43498,49.52724],[6.43839,49.49943],[6.4239,49.48401],[6.41796,49.48507],[6.36016,49.50406],[6.41897,49.52516],[6.43147,49.52837]]]}},{"type":"Feature","properties":{"id":"woel","also":[]},"geometry":{"type":"Polygon","coordinates":[[[5.7648,49.07806],[5.79025,49.04335],[5.79209,49.03732],[5.78574,49.02554],[5.75407,49.01155],[5.72653,49.01534],[5.69917,49.06494],[5.71603,49.08613],[5.7648,49.07806]]]}},{"type":"Feature","properties":{"id":"woelfling","also":[]},"geometry":{"type":"Polygon","coordinates":[[[7.21088,49.09311],[7.18837,49.06732],[7.14772,49.1005],[7.17977,49.11097],[7.21088,49.09311]]]}},{"type":"Feature","properties":{"id":"xammes","also":[]},"geometry":{"type":"Polygon","coordinates":[[[5.85218,48.99436],[5.87418,48.98534],[5.86619,48.95657],[5.81381,48.96579],[5.82299,48.9905],[5.85218,48.99436]]]}},{"type":"Feature","properties":{"id":"xamontarupt","also":[]},"geometry":{"type":"Polygon","coordinates":[[[6.63878,48.14309],[6.65667,48.14255],[6.66441,48.1316],[6.66429,48.12529],[6.64636,48.10609],[6.62397,48.11805],[6.62678,48.12857],[6.63878,48.14309]]]}},{"type":"Feature","properties":{"id":"xaronval","also":[]},"geometry":{"type":"Polygon","coordinates":[[[6.20003,48.37826],[6.19906,48.3618],[6.18745,48.36142],[6.16317,48.37782],[6.18923,48.38362],[6.20003,48.37826]]]}},{"type":"Feature","properties":{"id":"xermamenil","also":[]},"geometry":{"type":"Polygon","coordinates":[[[6.49322,48.54396],[6.49951,48.54101],[6.50268,48.53639],[6.50189,48.52659],[6.47638,48.51318],[6.46308,48.51513],[6.45108,48.54295],[6.46137,48.54694],[6.49322,48.54396]]]}},{"type":"Feature","properties":{"id":"xertigny","also":[]},"geometry":{"type":"Polygon","coordinates":[[[6.42714,48.07438],[6.43525,48.07205],[6.46588,48.04046],[6.47071,48.0177],[6.4559,48.0129],[6.38039,47.99757],[6.3745,48.02048],[6.39046,48.05984],[6.40185,48.07338],[6.42714,48.07438]]]}},{"type":"Feature","properties":{"id":"xirocourt","also":[]},"geometry":{"type":"Polygon","coordinates":[[[6.14322,48.44505],[6.17809,48.44619],[6.19389,48.42151],[6.18978,48.42019],[6.15299,48.42432],[6.14102,48.44419],[6.14322,48.44505]]]}},{"type":"Feature","properties":{"id":"xivray-et-marvoisin","also":[]},"geometry":{"type":"Polygon","coordinates":[[[5.78816,48.85404],[5.7676,48.83701],[5.69467,48.84404],[5.68297,48.90087],[5.68885,48.90442],[5.78816,48.85404]]]}},{"type":"Feature","properties":{"id":"xonville","also":[]},"geometry":{"type":"Polygon","coordinates":[[[5.87067,49.07585],[5.87997,49.07241],[5.87218,49.04768],[5.82132,49.0356],[5.79209,49.03732],[5.79025,49.04335],[5.87067,49.07585]]]}},{"type":"Feature","properties":{"id":"xoulce","also":[]},"geometry":{"type":"Polygon","coordinates":[[[6.94016,47.97357],[6.94076,47.96875],[6.85505,47.95115],[6.83982,47.99127],[6.94016,47.97357]]]}},{"type":"Feature","properties":{"id":"xousse","also":[]},"geometry":{"type":"Polygon","coordinates":[[[6.71404,48.70704],[6.72633,48.64123],[6.72066,48.63913],[6.64748,48.65516],[6.67234,48.70153],[6.71404,48.70704]]]}},{"type":"Feature","properties":{"id":"yvoux","also":[]},"geometry":{"type":"Polygon","coordinates":[[[6.793,48.17242],[6.80203,48.19032],[6.81548,48.19643],[6.82479,48.19693],[6.82848,48.19176],[6.8084,48.16068],[6.80248,48.16216],[6.793,48.17242]]]}},{"type":"Feature","properties":{"id":"zainvillers","also":[]},"geometry":{"type":"Polygon","coordinates":[[[6.68173,47.99657],[6.73446,48.00203],[6.69235,47.95914],[6.67668,47.9653],[6.68173,47.99657]]]}},{"type":"Feature","properties":{"id":"zarbeling","also":[]},"geometry":{"type":"Polygon","coordinates":[[[6.6772,48.90614],[6.70642,48.89543],[6.68089,48.88005],[6.67443,48.8879],[6.6772,48.90614]]]}},{"type":"Feature","properties":{"id":"zeurange","also":[]},"geometry":{"type":"Polygon","coordinates":[[[6.54002,49.39741],[6.54638,49.39346],[6.55458,49.37091],[6.55326,49.36931],[6.52522,49.36667],[6.51981,49.39532],[6.54002,49.39741]]]}},{"type":"Feature","properties":{"id":"zimmerbach","also":[]},"geometry":{"type":"Polygon","coordinates":[[[7.16148,48.09153],[7.1684,48.10105],[7.17795,48.10948],[7.18977,48.1165],[7.20342,48.12184],[7.21835,48.12529],[7.234,48.12672],[7.24976,48.12608],[7.26503,48.12339],[7.27922,48.11874],[7.29178,48.11234],[7.30222,48.10441],[7.31015,48.09526],[7.31527,48.08525],[7.31737,48.07477],[7.31638,48.0642],[7.31234,48.05397],[7.3054,48.04446],[7.29584,48.03604],[7.28372,48.0289],[7.15752,48.08149],[7.16148,48.09153]]]}},{"type":"Feature","properties":{"id":"zincourt","also":[]},"geometry":{"type":"Polygon","coordinates":[[[6.43156,48.32782],[6.46616,48.30454],[6.4269,48.29846],[6.41519,48.30704],[6.42104,48.32685],[6.43156,48.32782]]]}},{"type":"Feature","properties":{"id":"zinzing","also":[]},"geometry":{"type":"Polygon","coordinates":[[[7.02798,49.17186],[6.99901,49.15596],[6.9917,49.1562],[6.98683,49.16678],[7.01928,49.18639],[7.02798,49.17186]]]}},{"type":"Feature","properties":{"id":"zommange","also":[]},"geometry":{"type":"Polygon","coordinates":[[[6.81068,48.84119],[6.84305,48.82422],[6.84055,48.81251],[6.78301,48.80683],[6.77376,48.82959],[6.81068,48.84119]]]}},{"type":"Feature","properties":{"id":"zugmantel","also":[]},"geometry":{"type":"Polygon","coordinates":[[[7.2325,48.31633],[7.23567,48.31617],[7.26759,48.23526],[7.23346,48.23738],[7.21796,48.29169],[7.21911,48.30801],[7.2325,48.31633]]]}}]}