{"type":"FeatureCollection","features":[{"type":"Feature","properties":{"id":"bailiwick-allemagne","hierarchy":"admin","place_type":"bailiwick","level":1,"settlements":422,"shared":["bassing","bettingen","bietzen","biringen","bising","bockange","chemery","colmen","conde","cutting","diebling","dourd-hal","drogny","eimersdorf","einu-ciller-cl-enweillcr","eisweiler","evendorff","filstroff","freistroff","gudesweiler","guenviller","guerstling","guirlange","hahnweiler","halstroff","harlingen","hellimer","holling","insming","kerling-les-sierck","lemestroff","loudrefing","megange","merchingen","merschweiller","mondorf","monneren","niedaltdorf","northen","oberesch","oberkirchen","oberleuken","piblange","racrange","roden","sierck","sotzeling","sotzweiler","teterchen","theley","valdweistroff","velving","wehingen","wochern","zeurange"]},"geometry":{"type":"MultiPolygon","coordinates":[[[[6.35561,49.13708],[6.35818,49.151],[6.3944,49.1598],[6.39755,49.16341],[6.39987,49.17853],[6.37122,49.19395],[6.36721,49.20515],[6.33364,49.21556],[6.32978,49.23008],[6.28977,49.26306],[6.2864,49.26326],[6.26635,49.27215],[6.24316,49.28821],[6.22616,49.30425],[6.23035,49.31615],[6.23725,49.32572],[6.25063,49.33677],[6.26495,49.34401],[6.25255,49.3564],[6.23641,49.36481],[6.22354,49.3761],[6.21559,49.38919],[6.21309,49.40317],[6.21553,49.43407],[6.22046,49.44415],[6.22832,49.4534],[6.24705,49.46606],[6.26878,49.47359],[6.27726,49.48384],[6.29176,49.49429],[6.31211,49.50255],[6.30074,49.518],[6.29627,49.52816],[6.29494,49.5387],[6.2981,49.55263],[6.30812,49.56872],[6.32158,49.57976],[6.33898,49.58816],[6.36072,49.59357],[6.35286,49.60338],[6.34839,49.61355],[6.34706,49.62409],[6.34893,49.6346],[6.35391,49.64467],[6.36227,49.6543],[6.36539,49.66732],[6.37138,49.67716],[6.38022,49.68605],[6.39583,49.69584],[6.41994,49.70387],[6.43589,49.7061],[6.45219,49.70626],[6.46823,49.70436],[6.48338,49.70046],[6.49707,49.69472],[6.50983,49.68747],[6.51993,49.67917],[6.52734,49.66976],[6.53178,49.65958],[6.53307,49.64904],[6.52815,49.63176],[6.52116,49.6222],[6.51187,49.61406],[6.50643,49.60206],[6.52654,49.59543],[6.54497,49.58395],[6.55839,49.58281],[6.57385,49.57956],[6.59652,49.56999],[6.61047,49.55923],[6.62011,49.54541],[6.64897,49.53383],[6.66395,49.52367],[6.67224,49.51458],[6.67835,49.50241],[6.68279,49.49725],[6.70358,49.50498],[6.71921,49.50784],[6.73145,49.50863],[6.72066,49.52128],[6.7151,49.53848],[6.71698,49.55251],[6.72477,49.56621],[6.70945,49.5619],[6.68813,49.55944],[6.66656,49.56064],[6.64621,49.56543],[6.62845,49.57349],[6.6145,49.58425],[6.60531,49.597],[6.60151,49.61086],[6.6047,49.62832],[6.61073,49.63814],[6.61961,49.64701],[6.63098,49.65459],[6.64441,49.66058],[6.65939,49.66475],[6.67533,49.66695],[6.70237,49.66601],[6.72276,49.66121],[6.74053,49.65314],[6.75447,49.64236],[6.76363,49.6296],[6.76739,49.61573],[6.76549,49.6017],[6.75768,49.58801],[6.77825,49.59326],[6.80553,49.59458],[6.80922,49.60359],[6.81627,49.61313],[6.82605,49.62158],[6.83819,49.62864],[6.86234,49.63657],[6.87828,49.63874],[6.89456,49.63884],[6.91572,49.63577],[6.93478,49.62931],[6.95147,49.62802],[6.96693,49.62471],[6.98343,49.61835],[7.0086,49.61174],[7.02158,49.60537],[7.03061,49.59896],[7.04201,49.60135],[7.05813,49.60281],[7.07437,49.60219],[7.09011,49.59952],[7.10928,49.59297],[7.12586,49.58283],[7.13516,49.58966],[7.14801,49.59615],[7.17293,49.60297],[7.19448,49.60443],[7.2167,49.60203],[7.22915,49.60468],[7.24527,49.60611],[7.2721,49.6039],[7.29186,49.59814],[7.3048,49.59173],[7.3186,49.58088],[7.32891,49.56493],[7.34516,49.55822],[7.36,49.54798],[7.37025,49.53557],[7.37449,49.52537],[7.37559,49.51482],[7.37212,49.50091],[7.36325,49.48807],[7.34552,49.47481],[7.32221,49.46597],[7.29493,49.46171],[7.30648,49.45229],[7.31545,49.43949],[7.31867,49.42912],[7.31803,49.41504],[7.31183,49.40155],[7.30377,49.39237],[7.28908,49.38205],[7.27565,49.37613],[7.25549,49.37111],[7.23404,49.36967],[7.21275,49.37189],[7.18856,49.37958],[7.16943,49.39194],[7.15916,49.40432],[7.15414,49.41802],[7.15521,49.4337],[7.13717,49.4263],[7.12134,49.42277],[7.10692,49.41088],[7.08509,49.40117],[7.09558,49.38697],[7.09926,49.36956],[7.09417,49.35229],[7.08087,49.33701],[7.00316,49.31771],[6.98277,49.31639],[6.96662,49.31699],[6.94595,49.32096],[6.93188,49.32617],[6.91603,49.3357],[6.90692,49.34444],[6.89915,49.35758],[6.89688,49.36925],[6.88236,49.37306],[6.88711,49.36001],[6.88727,49.34962],[6.89273,49.34316],[6.89806,49.33318],[6.90434,49.31598],[6.90554,49.30544],[6.90222,49.29152],[6.89616,49.28171],[6.8873,49.27286],[6.87435,49.26448],[6.87707,49.26407],[6.89178,49.21185],[6.88962,49.20827],[6.91679,49.18497],[6.93205,49.18442],[6.94027,49.18561],[6.94365,49.18783],[6.95565,49.21322],[6.96491,49.21939],[7.00188,49.20621],[7.01406,49.20606],[7.02285,49.20926],[7.06255,49.24162],[7.11724,49.24078],[7.13029,49.23156],[7.14052,49.21918],[7.14552,49.20548],[7.14543,49.19401],[7.16237,49.18213],[7.16263,49.17493],[7.16055,49.16926],[7.18081,49.11685],[7.17977,49.11097],[7.14194,49.09938],[7.133,49.07432],[7.17348,49.06174],[7.15804,49.03975],[7.10353,49.06045],[7.07084,49.03671],[7.0369,49.04181],[7.02143,49.0336],[7.01046,49.01702],[6.99079,49.00511],[6.96127,48.97679],[6.96456,48.97402],[7.03877,48.94132],[7.03544,48.92563],[7.0238,48.9098],[7.01331,48.9018],[7.00066,48.89529],[6.98633,48.89053],[6.97087,48.88771],[6.95487,48.88693],[6.93984,48.88811],[6.94824,48.88085],[6.95545,48.87141],[6.96084,48.85419],[6.95827,48.83851],[6.95934,48.83761],[6.94263,48.77902],[6.88123,48.75213],[6.87267,48.75334],[6.86259,48.74041],[6.84397,48.72786],[6.8302,48.72247],[6.81512,48.71897],[6.79396,48.71744],[6.77162,48.71987],[6.7509,48.71326],[6.73297,48.71201],[6.70347,48.75891],[6.67452,48.76956],[6.67258,48.77327],[6.64149,48.78458],[6.63783,48.79206],[6.66367,48.82373],[6.6617,48.82791],[6.63762,48.83201],[6.61445,48.82916],[6.6057,48.82102],[6.58863,48.81635],[6.54682,48.82491],[6.5461,48.82774],[6.58801,48.86122],[6.58839,48.86804],[6.59249,48.87232],[6.5884,48.88755],[6.54803,48.9109],[6.54936,48.92465],[6.54678,48.92803],[6.54834,48.94605],[6.58006,48.96445],[6.58046,48.96788],[6.59391,48.98635],[6.58544,48.99498],[6.57596,49.009],[6.54632,49.00383],[6.52761,48.98333],[6.5083,48.97603],[6.46299,49.02429],[6.48065,49.03905],[6.50459,49.04235],[6.56261,49.0852],[6.55869,49.08906],[6.50034,49.09651],[6.46629,49.07984],[6.42721,49.09515],[6.42078,49.1069],[6.4163,49.11122],[6.41007,49.11375],[6.40697,49.11665],[6.35561,49.13708]],[[6.68115,49.12882],[6.6884,49.09762],[6.68075,49.09047],[6.66337,49.08487],[6.65977,49.07319],[6.61749,49.0574],[6.62,49.03975],[6.64226,49.02982],[6.64092,49.01237],[6.62898,49.01303],[6.59729,48.98633],[6.62057,48.98321],[6.652,49.00523],[6.66904,49.00294],[6.69372,48.99566],[6.7181,48.99863],[6.739,48.98012],[6.76809,48.97439],[6.79787,48.98229],[6.80628,49.00857],[6.80842,49.01085],[6.7962,49.02907],[6.82847,49.05248],[6.80226,49.07548],[6.79178,49.07584],[6.77409,49.09195],[6.76944,49.10752],[6.79104,49.11765],[6.81013,49.12151],[6.82446,49.08968],[6.84959,49.09446],[6.86179,49.09278],[6.88954,49.11107],[6.86922,49.13003],[6.87735,49.13859],[6.91744,49.13703],[6.92975,49.14745],[6.92071,49.15535],[6.89507,49.16377],[6.89151,49.17388],[6.87917,49.1812],[6.87334,49.19568],[6.79209,49.19741],[6.78407,49.19306],[6.72617,49.20682],[6.71225,49.20517],[6.67563,49.1467],[6.68482,49.13791],[6.68115,49.12882]],[[6.52879,49.14528],[6.5403,49.14251],[6.57237,49.12602],[6.57576,49.12626],[6.60884,49.12045],[6.6577,49.14624],[6.61055,49.15886],[6.59869,49.16948],[6.59756,49.17504],[6.59092,49.18176],[6.53572,49.18448],[6.52578,49.16461],[6.52879,49.14528]],[[6.45039,49.17928],[6.45466,49.20013],[6.44616,49.20489],[6.43416,49.20295],[6.41653,49.18181],[6.42895,49.17856],[6.45039,49.17928]],[[6.90237,49.06321],[6.8909,49.08121],[6.87029,49.08519],[6.86161,49.04717],[6.86647,49.04712],[6.90237,49.06321]],[[6.84097,48.98583],[6.86114,48.97636],[6.86949,48.97721],[6.89619,49.00068],[6.87086,49.00712],[6.84472,48.99157],[6.84097,48.98583]]],[[[6.81821,49.17301],[6.85442,49.1694],[6.86978,49.15351],[6.83859,49.14861],[6.83448,49.13177],[6.8163,49.12882],[6.77725,49.15796],[6.78607,49.18829],[6.81821,49.17301]]]]}},{"type":"Feature","properties":{"id":"bailiwick-apremont","hierarchy":"admin","place_type":"bailiwick","level":1,"settlements":125,"shared":["bayonville-sur-mad","blenod-les-pont-a-mousson","chonville","cuvry","deuxnouds-aux-bois","jezainville","parfondrupt","saint-aubin-sur-aire","sanzey","vigneulies-les-hatloncliatcl-ch-l-de-canton"]},"geometry":{"type":"MultiPolygon","coordinates":[[[[5.42817,48.5885],[5.38118,48.59918],[5.36768,48.60479],[5.35608,48.61204],[5.34216,48.62699],[5.33759,48.63712],[5.33608,48.64765],[5.3377,48.65818],[5.343,48.66917],[5.32383,48.67861],[5.31093,48.6898],[5.30285,48.70282],[5.30033,48.72032],[5.30455,48.73413],[5.31403,48.74675],[5.33226,48.75956],[5.35075,48.76657],[5.37135,48.77018],[5.39266,48.77014],[5.41322,48.76646],[5.43033,48.75999],[5.44823,48.7605],[5.4691,48.7577],[5.48364,48.7533],[5.49659,48.7471],[5.50745,48.73935],[5.51698,48.72862],[5.45686,48.68418],[5.40325,48.68824],[5.37921,48.67744],[5.43491,48.65204],[5.44747,48.65428],[5.47851,48.63833],[5.4936,48.65865],[5.54145,48.67114],[5.55674,48.68091],[5.63016,48.63543],[5.62577,48.6207],[5.61624,48.60811],[5.59799,48.59535],[5.57953,48.58837],[5.55898,48.5848],[5.54305,48.58451],[5.52734,48.58628],[5.51126,48.59048],[5.49533,48.59156],[5.48301,48.59394],[5.47019,48.59022],[5.45464,48.58786],[5.42817,48.5885]]],[[[5.70182,48.68943],[5.62659,48.71852],[5.55519,48.72132],[5.54584,48.73774],[5.58299,48.76834],[5.60174,48.77658],[5.60011,48.80139],[5.58655,48.81697],[5.55887,48.82112],[5.56026,48.79428],[5.4674,48.80995],[5.47086,48.81924],[5.47755,48.82886],[5.49063,48.84],[5.50328,48.84675],[5.50973,48.85862],[5.52316,48.87133],[5.5714,48.88791],[5.68295,48.90086],[5.7063,48.91805],[5.72345,48.92602],[5.7358,48.9482],[5.74104,48.95157],[5.807,48.96162],[5.81381,48.96579],[5.82299,48.9905],[5.78574,49.02554],[5.79209,49.03732],[5.79025,49.04335],[5.7648,49.07806],[5.71603,49.08613],[5.68416,49.11337],[5.67682,49.11608],[5.60415,49.07931],[5.53987,49.07746],[5.53383,49.09059],[5.59946,49.15267],[5.61111,49.15891],[5.59309,49.19942],[5.60438,49.21553],[5.61867,49.22606],[5.63663,49.23382],[5.65705,49.23826],[5.68029,49.23897],[5.67723,49.25387],[5.68105,49.27344],[5.75876,49.29964],[5.73304,49.3728],[5.75554,49.37909],[5.77552,49.38079],[5.79,49.38665],[5.80522,49.39029],[5.82123,49.39192],[5.83741,49.39149],[5.85316,49.38899],[5.86784,49.38454],[5.88482,49.37586],[5.89496,49.36762],[5.90244,49.35825],[5.9078,49.34461],[5.90816,49.33404],[5.90534,49.3236],[5.91516,49.31985],[5.92755,49.31306],[5.94296,49.29867],[5.95047,49.2818],[5.94952,49.26509],[5.97285,49.26007],[5.99232,49.25104],[5.99519,49.23698],[6.04413,49.19455],[6.02141,49.17854],[5.97106,49.18121],[5.98017,49.1556],[5.95995,49.1263],[5.93894,49.12106],[5.88931,49.1448],[5.82966,49.12371],[5.82561,49.11475],[5.87067,49.07585],[5.87997,49.07241],[5.87218,49.04768],[5.82132,49.0356],[5.86747,49.01594],[5.89693,49.02379],[5.91725,49.02035],[5.92163,48.98999],[5.87418,48.98534],[5.86619,48.95657],[5.88441,48.94303],[5.88372,48.93055],[5.88633,48.92524],[5.88127,48.91173],[5.84622,48.88846],[5.84175,48.8658],[5.87394,48.84406],[5.87954,48.82146],[5.90998,48.80711],[5.90172,48.76263],[5.85438,48.74864],[5.84285,48.75228],[5.777,48.75138],[5.77279,48.75239],[5.73704,48.7235],[5.72401,48.70133],[5.70182,48.68943]],[[5.65293,49.14052],[5.66631,49.12922],[5.71692,49.1618],[5.77913,49.15949],[5.77688,49.20475],[5.74527,49.2096],[5.70726,49.2242],[5.66604,49.15314],[5.65293,49.14052]]],[[[5.59312,48.98235],[5.57776,49.01167],[5.54553,49.02733],[5.61871,49.04176],[5.63778,49.02526],[5.64036,49.01892],[5.65057,49.01432],[5.65287,49.00616],[5.65389,48.98946],[5.63055,48.97406],[5.62719,48.97342],[5.59312,48.98235]]],[[[5.47227,49.01456],[5.46048,49.00736],[5.44189,49.00037],[5.42649,48.99733],[5.41048,48.99633],[5.38927,48.99821],[5.37425,49.00196],[5.36057,49.0076],[5.37254,49.05733],[5.41389,49.06119],[5.46603,49.04874],[5.48891,49.03378],[5.48171,49.02314],[5.47227,49.01456]]],[[[5.32268,49.2102],[5.35516,49.23978],[5.36571,49.24268],[5.38288,49.22562],[5.3672,49.21492],[5.32268,49.2102]]],[[[5.3814,49.39119],[5.36541,49.38949],[5.34921,49.38986],[5.33345,49.39228],[5.31871,49.39667],[5.30556,49.40284],[5.29451,49.41057],[5.28598,49.41956],[5.28031,49.42946],[5.2777,49.43989],[5.27827,49.45046],[5.28199,49.46076],[5.28872,49.47038],[5.29821,49.47897],[5.31009,49.48619],[5.3239,49.49176],[5.33911,49.49546],[5.35514,49.49716],[5.37137,49.49679],[5.38717,49.49436],[5.40193,49.48997],[5.41509,49.48379],[5.42614,49.47605],[5.43465,49.46705],[5.4403,49.45714],[5.44287,49.4467],[5.44227,49.43613],[5.43851,49.42584],[5.43176,49.41622],[5.42226,49.40765],[5.41038,49.40044],[5.39659,49.39488],[5.3814,49.39119]]],[[[5.81904,48.69652],[5.85885,48.67157],[5.85806,48.66608],[5.76388,48.67949],[5.81904,48.69652]]],[[[6.09792,48.83747],[6.0586,48.81462],[6.04896,48.81679],[6.04425,48.82653],[6.03855,48.84851],[6.01494,48.85604],[5.99829,48.86606],[6.00049,48.87685],[6.01922,48.88237],[6.02758,48.88785],[6.06066,48.89591],[6.05098,48.92713],[6.05583,48.92898],[6.10834,48.9384],[6.12175,48.89882],[6.08345,48.88148],[6.07832,48.86982],[6.07822,48.86441],[6.09073,48.85624],[6.16431,48.8644],[6.19128,48.84771],[6.18824,48.84085],[6.13565,48.83393],[6.09792,48.83747]]],[[[6.2052,48.918],[6.19742,48.92028],[6.1665,48.95187],[6.18813,48.96446],[6.25932,48.96571],[6.29992,48.95365],[6.30075,48.95009],[6.30564,48.94683],[6.29877,48.92344],[6.22231,48.89155],[6.2052,48.918]]],[[[6.30839,48.98357],[6.3159,49.023],[6.34147,49.03238],[6.35845,49.03248],[6.41291,49.00838],[6.40614,48.99722],[6.31539,48.96165],[6.30839,48.98357]]],[[[6.05096,49.0082],[6.06905,49.01175],[6.07908,48.99821],[6.08056,48.99075],[6.05627,48.97626],[6.04955,48.9763],[6.03478,48.99612],[6.05096,49.0082]]],[[[6.01398,49.0324],[6.00776,48.99992],[6.00105,48.99702],[5.98368,48.99558],[5.97867,49.0039],[5.99034,49.03471],[6.01398,49.0324]]],[[[6.12739,49.03773],[6.13752,49.04825],[6.1672,49.05497],[6.1767,49.03946],[6.17519,49.03021],[6.12962,49.03322],[6.12739,49.03773]]],[[[6.26379,49.08116],[6.282,49.07532],[6.28606,49.06257],[6.26422,49.05679],[6.23598,49.06604],[6.23926,49.0739],[6.26379,49.08116]]],[[[6.0633,49.06843],[6.07464,49.04635],[6.02972,49.04486],[6.02577,49.07837],[6.02795,49.07995],[6.0633,49.06843]]],[[[6.11583,49.08385],[6.10881,49.08026],[6.04656,49.09096],[6.0546,49.10129],[6.05673,49.11348],[6.09061,49.11563],[6.09464,49.11716],[6.10191,49.12491],[6.13007,49.1171],[6.13802,49.10427],[6.15264,49.10487],[6.1857,49.07736],[6.18425,49.07455],[6.17919,49.07266],[6.13263,49.07566],[6.11583,49.08385]]],[[[6.34852,49.09625],[6.34373,49.09423],[6.32401,49.10652],[6.33598,49.12155],[6.35749,49.10657],[6.34852,49.09625]]],[[[6.02793,49.2985],[6.02655,49.30903],[6.02833,49.31955],[6.03322,49.32963],[6.04103,49.3389],[6.05145,49.347],[6.06409,49.35361],[6.07847,49.35848],[6.09403,49.36143],[6.11016,49.36233],[6.12625,49.36116],[6.14168,49.35796],[6.15585,49.35286],[6.16822,49.34604],[6.1783,49.33778],[6.18572,49.32838],[6.1902,49.31822],[6.19142,49.3059],[6.10576,49.26598],[6.07197,49.26726],[6.04623,49.2734],[6.03243,49.28834],[6.02793,49.2985]]],[[[6.03874,49.38995],[6.02272,49.38835],[6.00654,49.38881],[5.99081,49.39133],[5.97613,49.3958],[5.96306,49.40205],[5.95212,49.40984],[5.94372,49.41888],[5.93817,49.42882],[5.93571,49.43927],[5.93642,49.44983],[5.94028,49.46011],[5.94714,49.46969],[5.95674,49.47823],[5.96872,49.48537],[5.9826,49.49086],[5.99786,49.49448],[6.01391,49.49608],[6.03013,49.49562],[6.0459,49.4931],[6.0606,49.48862],[6.07367,49.48236],[6.08461,49.47455],[6.093,49.46551],[6.09852,49.45556],[6.10095,49.44511],[6.1002,49.43454],[6.09631,49.42427],[6.08943,49.4147],[6.07981,49.40617],[6.06784,49.39904],[6.05397,49.39356],[6.03874,49.38995]]]]}},{"type":"Feature","properties":{"id":"bailiwick-chatel-sur-moselle","hierarchy":"admin","place_type":"bailiwick","level":1,"settlements":34,"shared":["battexey","chamagne","damas-aux-bois","lebeuville","marainville-sur-madon","montzey","rozelieures","saint-germain","saint-remy-aux-bois","villacourt"]},"geometry":{"type":"MultiPolygon","coordinates":[[[[6.33598,48.29368],[6.34457,48.30957],[6.34421,48.31131],[6.35571,48.32076],[6.32885,48.34847],[6.30449,48.34673],[6.29919,48.35331],[6.36501,48.38461],[6.34875,48.39607],[6.32713,48.39941],[6.28526,48.38269],[6.27999,48.38411],[6.26287,48.40469],[6.27279,48.4232],[6.26396,48.42706],[6.22839,48.42103],[6.22029,48.42534],[6.22498,48.44799],[6.24947,48.45417],[6.25632,48.45248],[6.26336,48.45354],[6.30895,48.43913],[6.31218,48.44197],[6.32823,48.44637],[6.33734,48.4649],[6.37396,48.45942],[6.37032,48.45001],[6.40347,48.43213],[6.40872,48.43215],[6.415,48.439],[6.41286,48.4569],[6.42691,48.46515],[6.4501,48.46249],[6.45482,48.45589],[6.44885,48.44129],[6.47142,48.41949],[6.49999,48.41738],[6.53904,48.42945],[6.5558,48.39432],[6.56018,48.39494],[6.58896,48.37182],[6.56046,48.36112],[6.548,48.39101],[6.51689,48.39034],[6.52855,48.36527],[6.49549,48.35023],[6.49406,48.34239],[6.52189,48.33526],[6.54555,48.32355],[6.48828,48.30231],[6.48089,48.30551],[6.46616,48.30454],[6.43156,48.32782],[6.42104,48.32685],[6.41519,48.30704],[6.40431,48.30322],[6.38701,48.29016],[6.371,48.26887],[6.34968,48.26565],[6.34209,48.27286],[6.33598,48.29368]]],[[[6.21198,48.34008],[6.2355,48.34742],[6.25279,48.3339],[6.25298,48.32021],[6.23083,48.31855],[6.2098,48.32847],[6.21198,48.34008]]],[[[6.18745,48.36142],[6.16317,48.37782],[6.15324,48.37997],[6.14931,48.40565],[6.17678,48.40631],[6.18222,48.39835],[6.19278,48.39506],[6.20369,48.39771],[6.22486,48.39223],[6.2264,48.38892],[6.23755,48.38062],[6.23176,48.36699],[6.19915,48.36186],[6.18745,48.36142]]]]}},{"type":"Feature","properties":{"id":"bailiwick-epinal","hierarchy":"admin","place_type":"bailiwick","level":1,"settlements":30,"shared":["archettes","gigney","moussoux","villoncourt","vincey","vomecourl"]},"geometry":{"type":"MultiPolygon","coordinates":[[[[6.4038,48.19781],[6.36667,48.20578],[6.35804,48.21306],[6.36309,48.22627],[6.32119,48.22456],[6.31372,48.2366],[6.36367,48.23554],[6.36822,48.23209],[6.39619,48.23375],[6.39766,48.25827],[6.371,48.26887],[6.38701,48.29016],[6.40431,48.30322],[6.41519,48.30704],[6.42104,48.32685],[6.43156,48.32782],[6.46822,48.30401],[6.44876,48.27687],[6.46227,48.26867],[6.46673,48.24858],[6.47011,48.24592],[6.49621,48.25475],[6.50639,48.28329],[6.50183,48.28504],[6.48828,48.30231],[6.54555,48.32355],[6.56696,48.3197],[6.57128,48.32194],[6.5975,48.32553],[6.6029,48.32417],[6.6596,48.34006],[6.66286,48.33795],[6.67694,48.31564],[6.66643,48.30876],[6.6768,48.2841],[6.66304,48.27549],[6.64181,48.27903],[6.63051,48.28919],[6.59587,48.27738],[6.59247,48.26659],[6.58726,48.26445],[6.55018,48.26796],[6.54681,48.24387],[6.57098,48.23373],[6.56819,48.22861],[6.5416,48.20933],[6.55028,48.18582],[6.56421,48.18583],[6.59266,48.15234],[6.58165,48.14509],[6.57659,48.13267],[6.56013,48.12937],[6.55244,48.11783],[6.54716,48.1134],[6.49542,48.13956],[6.5053,48.15418],[6.50579,48.16271],[6.42041,48.16086],[6.42246,48.1783],[6.4038,48.19781]]],[[[6.30328,48.34178],[6.30449,48.34673],[6.32885,48.34847],[6.35571,48.32076],[6.34421,48.31131],[6.3386,48.31275],[6.32129,48.32269],[6.30328,48.34178]]],[[[6.13503,48.36939],[6.13637,48.37241],[6.15324,48.37997],[6.16317,48.37782],[6.18745,48.36142],[6.17603,48.3529],[6.14957,48.35784],[6.13503,48.36939]]],[[[6.52855,48.36527],[6.53695,48.36204],[6.52189,48.33526],[6.49406,48.34239],[6.49549,48.35023],[6.52855,48.36527]]]]}},{"type":"Feature","properties":{"id":"bailiwick-hattonchatel","hierarchy":"admin","place_type":"bailiwick","level":1,"settlements":30,"shared":["deuxnouds-aux-bois","maizey","relincourt","senonville","spada","vigneulies-les-hatloncliatcl-ch-l-de-canton"]},"geometry":{"type":"Polygon","coordinates":[[[5.57484,48.88766],[5.57189,48.88827],[5.52316,48.87133],[5.50053,48.87126],[5.47994,48.87497],[5.45314,48.88364],[5.43154,48.89393],[5.42143,48.90213],[5.41393,48.91147],[5.40933,48.9216],[5.40783,48.93213],[5.41071,48.94609],[5.41734,48.95708],[5.42013,48.97333],[5.42841,48.98633],[5.43783,48.9949],[5.44961,49.00211],[5.46821,49.0091],[5.48607,49.01239],[5.50041,49.025],[5.52134,49.03487],[5.51937,49.04566],[5.53987,49.07746],[5.60415,49.07931],[5.67682,49.11608],[5.68416,49.11337],[5.71603,49.08613],[5.7648,49.07806],[5.79025,49.04335],[5.79209,49.03732],[5.78574,49.02554],[5.82299,48.9905],[5.81381,48.96579],[5.807,48.96162],[5.74104,48.95157],[5.7358,48.9482],[5.72345,48.92602],[5.7063,48.91805],[5.68885,48.90442],[5.68283,48.90142],[5.57484,48.88766]],[[5.64036,49.01892],[5.63778,49.02526],[5.61871,49.04176],[5.54553,49.02733],[5.57776,49.01167],[5.64036,49.01892]]]}},{"type":"Feature","properties":{"id":"bailiwick-nancy","hierarchy":"admin","place_type":"bailiwick","level":1,"settlements":510,"shared":["athienville","aubripaire","azerailles","bayonville-sur-mad","blainville-sur-reau","blenod-les-pont-a-mousson","braconeelle","chamagne","chonville","clefcy","combrimont","contramoulin","cuvry","damas-aux-bois","domevre-sur-vezouze","domjevin","flin","fouchifol","froville","gelacourt","gemainfaing","giriviller","herbaupaire","houdelmont","jevoncourt","jezainville","la-caefiee-sue","la-pariee","la-trouchc","la-verpelliere","lamath","laveline","laycgotttlc","le-vie","lesseux","lusse","montzey","nayemont-lez-fosses","neuviller-sur-moselle","neuvillers-sur-fave","parey-saint-cesaire","parfondrupt","provencheres-sur-fave","quebrux","raon-l-etape","regnieville","rozelieures","sachemont","sadey","saint-aubin-sur-aire","saint-die-des-vosges","saint-leonard","saint-remy-aux-bois","sainte-marguerite","sanzey","scarupt","vanifosse","wisembach","xousse"]},"geometry":{"type":"MultiPolygon","coordinates":[[[[5.86243,48.19259],[5.86865,48.20771],[5.89925,48.21014],[5.92369,48.19773],[5.92618,48.18788],[5.86243,48.19259]]],[[[5.76774,48.39894],[5.75592,48.3799],[5.71543,48.3794],[5.69838,48.38975],[5.71398,48.4018],[5.72809,48.40376],[5.74291,48.40311],[5.76774,48.39894]]],[[[5.70411,48.52556],[5.6988,48.5392],[5.69898,48.55328],[5.70273,48.56357],[5.71227,48.57616],[5.72641,48.58668],[5.74416,48.59442],[5.76223,48.59853],[5.75928,48.61144],[5.85121,48.63175],[5.86438,48.60246],[5.89623,48.61695],[5.92968,48.60506],[5.96177,48.61484],[5.98021,48.61652],[5.93878,48.66965],[5.93558,48.67071],[5.91455,48.7068],[5.94443,48.71526],[5.94869,48.71866],[5.96154,48.75331],[5.90812,48.75745],[5.90172,48.76263],[5.90998,48.80711],[5.87954,48.82146],[5.87394,48.84406],[5.84175,48.8658],[5.84622,48.88846],[5.88127,48.91173],[5.88633,48.92524],[5.88372,48.93055],[5.88441,48.94303],[5.86619,48.95657],[5.87418,48.98534],[5.92163,48.98999],[5.91725,49.02035],[5.89693,49.02379],[5.86747,49.01594],[5.82132,49.0356],[5.87218,49.04768],[5.87997,49.07241],[5.87067,49.07585],[5.82561,49.11475],[5.82966,49.12371],[5.88931,49.1448],[5.93894,49.12106],[5.93756,49.0785],[5.94617,49.07152],[5.94935,49.04547],[5.99034,49.03471],[6.01444,49.03254],[6.05096,49.0082],[6.03478,48.99612],[6.04955,48.9763],[6.05627,48.97626],[6.08056,48.99075],[6.124,48.97852],[6.13323,48.95275],[6.1665,48.95187],[6.19742,48.92028],[6.2052,48.918],[6.22231,48.89155],[6.29877,48.92344],[6.30564,48.94683],[6.31488,48.94934],[6.31539,48.96165],[6.40614,48.99722],[6.41291,49.00838],[6.35845,49.03248],[6.3661,49.06364],[6.36887,49.06656],[6.34115,49.0785],[6.33716,49.08778],[6.31592,49.08891],[6.31039,49.09047],[6.31126,49.10315],[6.32401,49.10652],[6.34373,49.09423],[6.34852,49.09625],[6.35749,49.10657],[6.41007,49.11375],[6.4163,49.11122],[6.42078,49.1069],[6.42721,49.09515],[6.46629,49.07984],[6.48065,49.03905],[6.46299,49.02429],[6.5083,48.97603],[6.52761,48.98333],[6.54632,49.00383],[6.57596,49.009],[6.58544,48.99498],[6.59391,48.98635],[6.58046,48.96788],[6.58006,48.96445],[6.54834,48.94605],[6.54678,48.92803],[6.54936,48.92465],[6.54803,48.9109],[6.5884,48.88755],[6.59249,48.87232],[6.58839,48.86804],[6.58801,48.86122],[6.5461,48.82774],[6.54682,48.82491],[6.52947,48.80165],[6.53305,48.79221],[6.51822,48.76145],[6.48295,48.76906],[6.47408,48.80334],[6.49745,48.80722],[6.49612,48.8282],[6.46931,48.83914],[6.44516,48.81271],[6.4134,48.807],[6.41018,48.78578],[6.41653,48.778],[6.44734,48.76353],[6.44442,48.73085],[6.45769,48.72504],[6.50485,48.73644],[6.5208,48.75551],[6.57168,48.71853],[6.60782,48.72123],[6.6048,48.7672],[6.62187,48.77131],[6.65527,48.74537],[6.65522,48.71017],[6.67234,48.70153],[6.71404,48.70704],[6.72633,48.64123],[6.72066,48.63913],[6.64748,48.65516],[6.64434,48.6527],[6.6885,48.60258],[6.70328,48.60269],[6.70759,48.5987],[6.72123,48.56594],[6.69601,48.55492],[6.67365,48.5327],[6.63191,48.53742],[6.61133,48.53385],[6.58817,48.4976],[6.60687,48.47411],[6.60891,48.46557],[6.63286,48.41602],[6.62476,48.37492],[6.62137,48.37304],[6.5975,48.32553],[6.57128,48.32194],[6.56696,48.3197],[6.54555,48.32355],[6.52189,48.33526],[6.53695,48.36204],[6.52855,48.36527],[6.51689,48.39034],[6.548,48.39101],[6.56046,48.36112],[6.58896,48.37182],[6.56018,48.39494],[6.5558,48.39432],[6.53904,48.42945],[6.49999,48.41738],[6.47619,48.41869],[6.46084,48.38006],[6.43462,48.37448],[6.40422,48.38003],[6.38476,48.37514],[6.37972,48.37666],[6.36501,48.38461],[6.34875,48.39607],[6.3623,48.41745],[6.40347,48.43213],[6.37032,48.45001],[6.37396,48.45942],[6.33734,48.4649],[6.32823,48.44637],[6.31218,48.44197],[6.30895,48.43913],[6.26336,48.45354],[6.25632,48.45248],[6.24947,48.45417],[6.22419,48.44735],[6.22029,48.42534],[6.18978,48.42019],[6.17678,48.40631],[6.14931,48.40565],[6.14752,48.40715],[6.15299,48.42432],[6.14087,48.44309],[6.14322,48.44505],[6.158,48.47135],[6.12987,48.48662],[6.13312,48.49065],[6.14388,48.49467],[6.1611,48.50527],[6.14253,48.52101],[6.14863,48.53067],[6.12793,48.54081],[6.11039,48.53699],[6.10846,48.52328],[6.08349,48.51752],[6.07989,48.51513],[6.03708,48.51559],[6.02972,48.521],[6.07273,48.54931],[6.07764,48.55768],[6.00295,48.54707],[6.01459,48.52572],[5.99106,48.51253],[5.9897,48.50326],[5.95265,48.48591],[5.91776,48.49749],[5.86435,48.47815],[5.85337,48.48234],[5.79067,48.48668],[5.75708,48.43493],[5.72911,48.43705],[5.69728,48.50477],[5.71695,48.51134],[5.70411,48.52556]],[[6.40872,48.43215],[6.42488,48.41021],[6.47142,48.41949],[6.44885,48.44129],[6.415,48.439],[6.40872,48.43215]],[[6.09792,48.83747],[6.13565,48.83393],[6.18824,48.84085],[6.19128,48.84771],[6.16431,48.8644],[6.09073,48.85624],[6.07822,48.86441],[6.03855,48.84851],[6.04425,48.82653],[6.04896,48.81679],[6.0586,48.81462],[6.09792,48.83747]],[[6.09425,48.71007],[6.10642,48.72391],[6.09332,48.76143],[6.08678,48.77198],[6.07824,48.77518],[6.02325,48.76446],[6.03566,48.73561],[6.07873,48.71252],[6.09083,48.70797],[6.09425,48.71007]],[[6.08345,48.88148],[6.12175,48.89882],[6.10834,48.9384],[6.05583,48.92898],[6.05098,48.92713],[6.06066,48.89591],[6.08345,48.88148]],[[6.42857,48.89333],[6.43124,48.89348],[6.4232,48.89738],[6.42275,48.89274],[6.42857,48.89333]]],[[[5.4429,48.76063],[5.45881,48.75955],[5.48364,48.7533],[5.50409,48.74209],[5.51697,48.72862],[5.53338,48.72383],[5.54955,48.7156],[5.55519,48.72132],[5.62659,48.71852],[5.70182,48.68943],[5.69889,48.67468],[5.69059,48.6617],[5.67751,48.65058],[5.6651,48.64393],[5.64596,48.63778],[5.63016,48.63543],[5.55674,48.68091],[5.54145,48.67114],[5.4936,48.65865],[5.47851,48.63833],[5.44747,48.65428],[5.43491,48.65204],[5.37921,48.67744],[5.40325,48.68824],[5.43033,48.75999],[5.4429,48.76063]]],[[[5.77279,48.75239],[5.76999,48.77685],[5.78388,48.79156],[5.84112,48.80244],[5.85402,48.77533],[5.84285,48.75228],[5.85438,48.74864],[5.86686,48.72365],[5.82723,48.70762],[5.80983,48.72958],[5.777,48.75138],[5.77279,48.75239]]],[[[5.49842,48.74695],[5.48612,48.7537],[5.47604,48.7619],[5.46857,48.77125],[5.464,48.78138],[5.46252,48.79191],[5.46417,48.80243],[5.4674,48.80995],[5.56026,48.79428],[5.55887,48.82112],[5.58655,48.81697],[5.60011,48.80139],[5.60174,48.77658],[5.58299,48.76834],[5.54584,48.73774],[5.52776,48.7388],[5.51248,48.74192],[5.49842,48.74695]]],[[[5.74527,49.2096],[5.77688,49.20475],[5.7802,49.15545],[5.68416,49.11337],[5.67682,49.11608],[5.66631,49.12922],[5.65293,49.14052],[5.66604,49.15314],[5.70726,49.2242],[5.74527,49.2096]]],[[[5.64843,49.29884],[5.64251,49.31598],[5.64534,49.33346],[5.65374,49.34643],[5.67096,49.35995],[5.68898,49.36769],[5.70946,49.37213],[5.73304,49.3728],[5.75876,49.29964],[5.68105,49.27344],[5.67002,49.27883],[5.65906,49.28659],[5.64843,49.29884]]],[[[6.07101,49.17808],[6.10366,49.19319],[6.12284,49.18288],[6.1318,49.17169],[6.0761,49.16937],[6.07101,49.17808]]],[[[6.32713,48.39941],[6.28526,48.38269],[6.27999,48.38411],[6.26287,48.40469],[6.27279,48.4232],[6.30503,48.42479],[6.32713,48.39941]]],[[[6.22252,49.0004],[6.23478,48.99722],[6.25932,48.96571],[6.18813,48.96446],[6.18879,48.97877],[6.19578,48.99236],[6.22252,49.0004]]],[[[6.1482,49.00294],[6.13427,49.00199],[6.12688,49.0105],[6.12345,49.01764],[6.12962,49.03322],[6.12739,49.03773],[6.13752,49.04825],[6.1672,49.05497],[6.1767,49.03946],[6.17519,49.03021],[6.18481,49.02232],[6.17906,49.01282],[6.1482,49.00294]]],[[[6.87059,48.1857],[6.85376,48.23213],[6.81847,48.25539],[6.81945,48.26806],[6.75493,48.31762],[6.75866,48.33634],[6.75553,48.3532],[6.75588,48.37167],[6.76611,48.38182],[6.76057,48.39184],[6.81478,48.45717],[6.82279,48.45889],[6.84073,48.45862],[6.87708,48.46509],[6.94044,48.41998],[6.93577,48.41041],[6.94507,48.39225],[6.99133,48.37393],[7.00951,48.37945],[7.01929,48.38639],[7.04831,48.42598],[7.06565,48.42543],[7.08102,48.42277],[7.09974,48.41621],[7.11851,48.40385],[7.1303,48.38813],[7.13388,48.37155],[7.136,48.36959],[7.15392,48.37063],[7.17478,48.36841],[7.19407,48.36267],[7.21046,48.35379],[7.22017,48.34542],[7.22724,48.33596],[7.23248,48.31873],[7.2325,48.31633],[7.21911,48.30801],[7.19184,48.296],[7.16641,48.27034],[7.14825,48.26261],[7.13805,48.22915],[7.14198,48.20052],[7.13122,48.19508],[7.11669,48.19025],[7.10518,48.18102],[7.10313,48.17342],[7.10639,48.16021],[7.10545,48.14964],[7.10144,48.1394],[7.09167,48.12697],[7.09882,48.11744],[7.10299,48.10723],[7.10411,48.09668],[7.1008,48.08276],[7.09484,48.07296],[7.08615,48.06412],[7.07506,48.05658],[7.062,48.05064],[7.03723,48.04487],[7.01103,48.04474],[6.98615,48.05026],[6.96525,48.06085],[6.95857,48.06622],[6.94918,48.09001],[6.92396,48.10519],[6.95277,48.159],[6.9494,48.16313],[6.92582,48.17014],[6.91666,48.18747],[6.92196,48.20273],[6.90457,48.22272],[6.89646,48.22331],[6.88114,48.18581],[6.87059,48.1857]],[[7.01806,48.31316],[7.02964,48.29509],[7.03272,48.29376],[7.04182,48.29284],[7.05739,48.30307],[7.06111,48.31018],[7.03013,48.3199],[7.01806,48.31316]]],[[[6.79118,48.46534],[6.73585,48.46245],[6.71502,48.46777],[6.68731,48.45572],[6.65886,48.47661],[6.63713,48.47558],[6.68023,48.52855],[6.6906,48.52202],[6.71275,48.51686],[6.71945,48.50026],[6.79118,48.46534]]],[[[6.79947,48.59659],[6.8139,48.59886],[6.8228,48.59536],[6.82983,48.57953],[6.8241,48.57097],[6.83331,48.55674],[6.82709,48.53593],[6.82324,48.53455],[6.78126,48.55181],[6.77906,48.56336],[6.78116,48.57074],[6.78977,48.57435],[6.79947,48.59659]]],[[[6.62825,49.03664],[6.62,49.03975],[6.61749,49.0574],[6.63459,49.06336],[6.65414,49.04871],[6.62825,49.03664]]],[[[7.2876,48.3566],[7.29878,48.36411],[7.31195,48.37002],[7.3266,48.3741],[7.34215,48.3762],[7.35803,48.37624],[7.3736,48.3742],[7.38827,48.37018],[7.40148,48.36433],[7.41272,48.35686],[7.42155,48.34808],[7.42764,48.33831],[7.43076,48.32794],[7.43078,48.31735],[7.4277,48.30697],[7.42166,48.29719],[7.41287,48.28838],[7.40304,48.28167],[7.35154,48.27622],[7.26954,48.32548],[7.2728,48.33798],[7.27882,48.34777],[7.2876,48.3566]]]]}},{"type":"Feature","properties":{"id":"bailiwick-vaudemont","hierarchy":"admin","place_type":"bailiwick","level":1,"settlements":51,"shared":["blemerey","chef-haut","houdelmont","parey-saint-cesaire","rouvres-en-xaintois"]},"geometry":{"type":"MultiPolygon","coordinates":[[[[6.0107,48.31898],[6.03778,48.32442],[6.04724,48.29832],[6.03934,48.29444],[6.01368,48.29128],[6.0107,48.31898]]],[[[5.96773,48.33228],[5.96636,48.33277],[5.96419,48.35071],[5.94964,48.35541],[5.96801,48.38402],[5.95978,48.39635],[5.94603,48.40698],[5.94702,48.41217],[5.93325,48.42996],[5.91298,48.44299],[5.86669,48.46522],[5.86356,48.47386],[5.86435,48.47815],[5.91776,48.49749],[5.95265,48.48591],[5.9897,48.50326],[5.99106,48.51253],[6.01459,48.52572],[6.00295,48.54707],[6.07764,48.55768],[6.08407,48.56313],[6.11039,48.53699],[6.12793,48.54081],[6.14863,48.53067],[6.14253,48.52101],[6.1611,48.50527],[6.14388,48.49467],[6.13312,48.49065],[6.12987,48.48662],[6.158,48.47135],[6.14322,48.44505],[6.10365,48.4146],[6.10272,48.41135],[6.1063,48.40734],[6.14752,48.40715],[6.14931,48.40565],[6.15324,48.37997],[6.13637,48.37241],[6.13503,48.36939],[6.11463,48.35612],[6.11233,48.34963],[6.0813,48.34205],[6.07729,48.33862],[6.04154,48.3432],[6.03439,48.34718],[5.9981,48.34301],[5.99676,48.34044],[5.96773,48.33228]]]]}},{"type":"Feature","properties":{"id":"bailiwick-vosges","hierarchy":"admin","place_type":"bailiwick","level":1,"settlements":493,"shared":["archettes","aydoilles","bains-les-bains","bainville-aux-saules","bamont","bayecourt","bellegney-devant-dompaire","belmont-sur-buttant","biffontaine","blemerey","bocquegney","boulier","bouxieres-aux-bois","bouzemont","brouvelieures","bulgneville","charmois-devant-bruyeres","charniois-rorgueilicux","chef-haut","circourt","derbamont","destord","domevre-sur-durbion","domfaing","dompierre","ferdrupt","fomerey","fontenay","franould","fremifontaine","gerbamont","geromenil","gigney","girecourt-sur-durbion","gorhey","grandvillers","granges-sur-vologne","hagecourt","hennecourt","jevoncourt","jorxey","la-neuveville-sous-montfort","la-poirie-dommarlin","la-prclle","la-roche","laveline-devant-bruyeres","le-menil-harol","lepangc","les-ainias","les-poulieres","memenil","mortagne","moussoux","naimont","nonzeville","pecaviller","planois","plombieres-les-bains","pubas","ramecourt","rancourt","raon-aux-bois","rehaupal","renauvoid","rochesson","rouvres-en-xaintois","saint-ame","saint-etienne-les-remiremont","saint-maurice-sur-moselle","sur-la-cote","tatignecourt","uzemain-les-forges","vichibure","vieville","villoncourt","vimenil","vincey","vomecourl","zainvillers"]},"geometry":{"type":"MultiPolygon","coordinates":[[[[5.9098,47.95011],[5.90078,47.95878],[5.89445,47.96846],[5.89059,47.9823],[5.8922,47.99636],[5.89842,48.00858],[5.89237,48.02351],[5.89261,48.0376],[5.9005,48.05438],[5.91246,48.06608],[5.90995,48.07499],[5.8992,48.07853],[5.88647,48.08478],[5.87006,48.09848],[5.86108,48.115],[5.8597,48.12553],[5.8613,48.13558],[5.85003,48.13985],[5.83721,48.14715],[5.82215,48.1442],[5.80641,48.14325],[5.7907,48.14438],[5.77764,48.14701],[5.73286,48.18647],[5.71659,48.19099],[5.63425,48.17479],[5.62909,48.1761],[5.6152,48.18115],[5.59947,48.1905],[5.59035,48.19914],[5.58393,48.2088],[5.58044,48.21912],[5.58004,48.22969],[5.58273,48.24012],[5.58841,48.25],[5.59687,48.25895],[5.60778,48.26663],[5.62073,48.27274],[5.6339,48.27673],[5.62865,48.29026],[5.62965,48.30757],[5.62042,48.31437],[5.61215,48.32339],[5.60667,48.33331],[5.6042,48.34376],[5.60484,48.35433],[5.61252,48.37709],[5.61822,48.38697],[5.62708,48.39622],[5.62151,48.40626],[5.61904,48.4167],[5.62134,48.43283],[5.61682,48.44765],[5.61836,48.46171],[5.62531,48.47502],[5.63722,48.48668],[5.65325,48.4959],[5.67233,48.50205],[5.69728,48.50477],[5.72911,48.43705],[5.75708,48.43493],[5.79067,48.48668],[5.85337,48.48234],[5.85534,48.48125],[5.86356,48.47386],[5.86669,48.46522],[5.91298,48.44299],[5.93325,48.42996],[5.94702,48.41217],[5.94603,48.40698],[5.95978,48.39635],[5.96801,48.38402],[5.94964,48.35541],[5.96419,48.35071],[5.96636,48.33277],[5.96773,48.33228],[5.99676,48.34044],[5.9981,48.34301],[5.99087,48.35601],[5.99202,48.36835],[6.01531,48.37123],[6.0304,48.36236],[6.05984,48.37247],[6.06737,48.36339],[6.04077,48.34413],[6.04154,48.3432],[6.07729,48.33862],[6.0813,48.34205],[6.11233,48.34963],[6.11463,48.35612],[6.13503,48.36939],[6.13637,48.37241],[6.15324,48.37997],[6.16317,48.37782],[6.18745,48.36142],[6.19906,48.3618],[6.23176,48.36699],[6.23755,48.38062],[6.2264,48.38892],[6.22486,48.39223],[6.20369,48.39771],[6.19278,48.39506],[6.18222,48.39835],[6.17678,48.40631],[6.14931,48.40565],[6.14752,48.40715],[6.1063,48.40734],[6.10272,48.41135],[6.10365,48.4146],[6.14087,48.44309],[6.15299,48.42432],[6.18978,48.42019],[6.22029,48.42534],[6.22839,48.42103],[6.26396,48.42706],[6.27279,48.4232],[6.26287,48.40469],[6.27999,48.38411],[6.28526,48.38269],[6.32713,48.39941],[6.34875,48.39607],[6.36501,48.38461],[6.29919,48.35331],[6.30449,48.34673],[6.32885,48.34847],[6.35571,48.32076],[6.34421,48.31131],[6.34457,48.30957],[6.33598,48.29368],[6.34209,48.27286],[6.34968,48.26565],[6.371,48.26887],[6.39766,48.25827],[6.39619,48.23375],[6.36822,48.23209],[6.36309,48.22627],[6.35804,48.21306],[6.36667,48.20578],[6.4038,48.19781],[6.42246,48.1783],[6.42041,48.16086],[6.50579,48.16271],[6.50651,48.16398],[6.52802,48.1717],[6.58165,48.14509],[6.59266,48.15234],[6.56421,48.18583],[6.55028,48.18582],[6.5416,48.20933],[6.56819,48.22861],[6.57098,48.23373],[6.54681,48.24387],[6.55018,48.26796],[6.58726,48.26445],[6.59247,48.26659],[6.59587,48.27738],[6.63051,48.28919],[6.64181,48.27903],[6.66304,48.27549],[6.6768,48.2841],[6.71976,48.28086],[6.75493,48.31762],[6.81945,48.26806],[6.81847,48.25539],[6.85376,48.23213],[6.87059,48.1857],[6.88114,48.18581],[6.89646,48.22331],[6.90457,48.22272],[6.92196,48.20273],[6.91666,48.18747],[6.92582,48.17014],[6.9494,48.16313],[6.95277,48.159],[6.92396,48.10519],[6.94918,48.09001],[6.95857,48.06622],[6.95216,48.05039],[6.94058,48.03787],[6.95085,48.02531],[6.95615,48.00809],[6.95292,47.99063],[6.947,47.98082],[6.94015,47.97357],[6.94076,47.96873],[6.94741,47.95976],[6.9516,47.94956],[6.95275,47.939],[6.95081,47.9285],[6.94358,47.91527],[6.92974,47.90253],[6.93335,47.89135],[6.93347,47.88077],[6.93053,47.87037],[6.92204,47.85748],[6.91257,47.84903],[6.90034,47.84174],[6.89229,47.82972],[6.88284,47.82127],[6.86679,47.81222],[6.84782,47.80628],[6.83246,47.80411],[6.81676,47.804],[6.80134,47.80596],[6.78678,47.80991],[6.77365,47.81569],[6.76024,47.82498],[6.74557,47.82967],[6.72982,47.83812],[6.70739,47.84224],[6.6937,47.84742],[6.68269,47.8537],[6.66291,47.85668],[6.64434,47.86317],[6.63241,47.87005],[6.62061,47.88073],[6.60487,47.88927],[6.59409,47.89877],[6.58595,47.88878],[6.57574,47.88073],[6.56339,47.87417],[6.54443,47.86818],[6.52906,47.86597],[6.51335,47.86582],[6.4979,47.86773],[6.48067,47.87263],[6.47402,47.86057],[6.46206,47.84899],[6.4504,47.84189],[6.43209,47.83506],[6.4118,47.83164],[6.3961,47.83147],[6.38065,47.83337],[6.36147,47.83898],[6.3451,47.84774],[6.33265,47.85905],[6.32498,47.87215],[6.3226,47.88615],[6.32569,47.90009],[6.33688,47.916],[6.35508,47.92864],[6.37565,47.93603],[6.36651,47.94735],[6.36144,47.96102],[6.36181,47.97511],[6.36749,47.98848],[6.35169,47.98458],[6.33856,47.98316],[6.32967,47.97183],[6.3148,47.96096],[6.30811,47.94874],[6.29618,47.93714],[6.27569,47.92619],[6.25108,47.92024],[6.2354,47.91936],[6.21697,47.92102],[6.20318,47.9197],[6.17489,47.91936],[6.15926,47.92054],[6.14428,47.92374],[6.13051,47.92886],[6.11849,47.93567],[6.10956,47.94309],[6.09488,47.92997],[6.07808,47.92153],[6.05862,47.9163],[6.03257,47.91479],[6.01709,47.91663],[5.99933,47.92162],[5.98601,47.92212],[5.97074,47.92464],[5.9254,47.94071],[5.9098,47.95011]],[[6.2098,48.32847],[6.23083,48.31855],[6.25298,48.32021],[6.25279,48.3339],[6.2355,48.34742],[6.21198,48.34008],[6.2098,48.32847]],[[6.23324,48.05253],[6.23287,48.05233],[6.24044,48.05415],[6.23714,48.05491],[6.23324,48.05253]],[[6.19516,48.04048],[6.18661,48.02689],[6.19231,48.02736],[6.20061,48.03598],[6.21193,48.0438],[6.19516,48.04048]],[[5.92618,48.18788],[5.92369,48.19773],[5.89925,48.21014],[5.86865,48.20771],[5.86243,48.19259],[5.92618,48.18788]],[[5.72809,48.40376],[5.71398,48.4018],[5.69838,48.38975],[5.71543,48.3794],[5.75592,48.3799],[5.76774,48.39894],[5.74291,48.40311],[5.72809,48.40376]],[[6.80005,48.08395],[6.80416,48.09264],[6.80148,48.0923],[6.79127,48.08298],[6.77966,48.076],[6.79828,48.07559],[6.80005,48.08395]]],[[[5.48816,48.28868],[5.47232,48.28838],[5.4567,48.29015],[5.4419,48.29391],[5.42848,48.29953],[5.41697,48.30679],[5.40779,48.31541],[5.40132,48.32506],[5.39779,48.33537],[5.39734,48.34594],[5.4,48.35638],[5.40566,48.36627],[5.4141,48.37523],[5.42501,48.38293],[5.43796,48.38906],[5.45246,48.39339],[5.46795,48.39575],[5.48382,48.39606],[5.49947,48.39429],[5.5143,48.39052],[5.52773,48.38489],[5.53925,48.37762],[5.54841,48.36899],[5.55487,48.35933],[5.55837,48.34901],[5.55878,48.33844],[5.55609,48.32801],[5.55041,48.31813],[5.54195,48.30917],[5.53104,48.30148],[5.51809,48.29536],[5.50362,48.29104],[5.48816,48.28868]]],[[[6.46227,48.26867],[6.44876,48.27687],[6.46822,48.30401],[6.48089,48.30551],[6.48828,48.30231],[6.50183,48.28504],[6.50639,48.28329],[6.53424,48.28077],[6.53694,48.27666],[6.51625,48.25218],[6.49621,48.25475],[6.47011,48.24592],[6.46673,48.24858],[6.46227,48.26867]]],[[[7.03075,48.45153],[7.02716,48.43994],[6.94044,48.41998],[6.87708,48.46509],[6.91219,48.49462],[6.92618,48.49991],[7.01592,48.48786],[7.0257,48.47581],[7.02992,48.46561],[7.03075,48.45153]]]]}},{"type":"Feature","properties":{"id":"ban-anould","hierarchy":"admin","place_type":"ban","level":3,"settlements":21,"shared":["braconeelle","la-trouchc","la-verpelliere","laveline","le-vie","quebrux","sadey","sainte-marguerite"]},"geometry":{"type":"MultiPolygon","coordinates":[[[[7.10639,48.16021],[7.10545,48.14964],[7.10144,48.1394],[7.09167,48.12698],[7.05529,48.12757],[7.00722,48.1603],[7.03885,48.17255],[7.10313,48.1734],[7.10639,48.16021]]],[[[6.91666,48.18747],[6.92196,48.20273],[6.9306,48.2027],[6.97015,48.21385],[6.98958,48.19474],[6.97041,48.18669],[6.9494,48.16313],[6.92582,48.17014],[6.91666,48.18747]]],[[[7.09461,48.25022],[7.13805,48.22915],[7.14198,48.20052],[7.13122,48.19508],[7.11669,48.19025],[7.1052,48.18103],[7.02254,48.20751],[7.02189,48.22901],[7.05672,48.23278],[7.05321,48.25215],[7.06561,48.25703],[7.07719,48.24975],[7.06227,48.23114],[7.08232,48.21909],[7.08305,48.2488],[7.09461,48.25022]]],[[[6.96049,48.25449],[6.9464,48.26341],[6.97825,48.28918],[6.98915,48.28393],[6.98854,48.26125],[6.96819,48.25275],[6.96049,48.25449]]]]}},{"type":"Feature","properties":{"id":"ban-arches","hierarchy":"admin","place_type":"ban","level":3,"settlements":19,"shared":["archettes","geromenil"]},"geometry":{"type":"Polygon","coordinates":[[[6.44453,48.07854],[6.45401,48.08953],[6.44721,48.12707],[6.46663,48.12822],[6.494,48.13804],[6.5053,48.15418],[6.56013,48.12937],[6.55244,48.11783],[6.58835,48.10251],[6.60355,48.1169],[6.62397,48.11805],[6.64636,48.10609],[6.67351,48.07323],[6.64468,48.06255],[6.57585,48.08231],[6.5625,48.08018],[6.55278,48.07516],[6.51854,48.07977],[6.46588,48.04046],[6.43525,48.07205],[6.44453,48.07854]]]}},{"type":"Feature","properties":{"id":"ban-ban-le-duc","hierarchy":"admin","place_type":"ban","level":3,"settlements":6,"shared":["braconeelle","clefcy","le-vie","sachemont"]},"geometry":{"type":"Polygon","coordinates":[[[6.9494,48.16313],[6.97041,48.18669],[6.9911,48.19452],[6.99646,48.1875],[6.99766,48.16088],[6.98444,48.15349],[6.99963,48.12083],[6.94918,48.09001],[6.92396,48.10519],[6.95277,48.159],[6.9494,48.16313]]]}},{"type":"Feature","properties":{"id":"ban-bayecourt","hierarchy":"admin","place_type":"ban","level":3,"settlements":23,"shared":["bayecourt","belmont-sur-buttant","brouvelieures","domevre-sur-durbion","domfaing","fremifontaine","girecourt-sur-durbion","granges-sur-vologne","mortagne","sur-la-cote","vichibure","villoncourt"]},"geometry":{"type":"MultiPolygon","coordinates":[[[[6.67727,48.13686],[6.67427,48.14261],[6.71621,48.14023],[6.70628,48.1296],[6.70004,48.12997],[6.67727,48.13686]]],[[[6.60355,48.1169],[6.57659,48.13267],[6.58165,48.14509],[6.59266,48.15234],[6.59768,48.15317],[6.62678,48.12857],[6.62397,48.11805],[6.60355,48.1169]]],[[[6.70962,48.19086],[6.73677,48.18446],[6.7078,48.16219],[6.69868,48.18441],[6.70962,48.19086]]],[[[6.69342,48.16088],[6.6751,48.15778],[6.66436,48.1619],[6.64818,48.19829],[6.65327,48.19991],[6.69342,48.16088]]],[[[6.6969,48.24632],[6.67193,48.25497],[6.66304,48.27549],[6.6768,48.2841],[6.71976,48.28086],[6.75493,48.31762],[6.81945,48.26806],[6.81847,48.25539],[6.81383,48.2536],[6.78046,48.21241],[6.76177,48.20464],[6.75803,48.20487],[6.74736,48.20227],[6.71419,48.22513],[6.69581,48.22898],[6.6969,48.24632]]],[[[6.59762,48.23212],[6.57677,48.23564],[6.58726,48.26445],[6.59247,48.26659],[6.61499,48.25761],[6.60881,48.23422],[6.59762,48.23212]]],[[[6.48828,48.30231],[6.50183,48.28504],[6.50639,48.28329],[6.53424,48.28077],[6.53694,48.27666],[6.51625,48.25218],[6.49621,48.25475],[6.47011,48.24592],[6.46673,48.24858],[6.46227,48.26867],[6.44876,48.27687],[6.46822,48.30401],[6.48089,48.30551],[6.48828,48.30231]]],[[[6.88114,48.18581],[6.89646,48.22331],[6.90457,48.22272],[6.92196,48.20273],[6.91666,48.18747],[6.92582,48.17014],[6.9494,48.16313],[6.95277,48.159],[6.92396,48.10519],[6.88774,48.11424],[6.80149,48.0923],[6.76386,48.15112],[6.80248,48.16216],[6.8084,48.16068],[6.8161,48.15569],[6.85354,48.16041],[6.88104,48.14426],[6.8951,48.15631],[6.8833,48.18526],[6.88114,48.18581]]],[[[6.82848,48.19176],[6.82479,48.19693],[6.85097,48.23323],[6.85376,48.23213],[6.87059,48.1857],[6.85535,48.17813],[6.82848,48.19176]]]]}},{"type":"Feature","properties":{"id":"ban-bellefontaine","hierarchy":"admin","place_type":"ban","level":3,"settlements":7,"shared":["plombieres-les-bains"]},"geometry":{"type":"MultiPolygon","coordinates":[[[[6.77763,47.95034],[6.82274,47.92976],[6.83259,47.91765],[6.82135,47.90104],[6.75307,47.90972],[6.74626,47.9353],[6.74636,47.94508],[6.77763,47.95034]]],[[[6.51452,47.98879],[6.48996,47.95349],[6.45003,47.94064],[6.4559,48.0129],[6.47071,48.0177],[6.5109,48.00608],[6.51452,47.98879]]]]}},{"type":"Feature","properties":{"id":"ban-belmont","hierarchy":"admin","place_type":"ban","level":3,"settlements":9,"shared":["belmont-sur-buttant","biffontaine","brouvelieures","destord","domfaing","les-poulieres","mortagne","nonzeville","rehaupal"]},"geometry":{"type":"MultiPolygon","coordinates":[[[[6.79127,48.08298],[6.7797,48.07602],[6.76205,48.07159],[6.73918,48.06893],[6.7009,48.07316],[6.70628,48.1296],[6.7179,48.14179],[6.80149,48.0923],[6.79127,48.08298]]],[[[6.76177,48.20464],[6.75803,48.20487],[6.75163,48.22589],[6.73856,48.23002],[6.71419,48.22513],[6.69581,48.22898],[6.6969,48.24632],[6.71918,48.26062],[6.71976,48.28086],[6.75493,48.31762],[6.81945,48.26806],[6.81847,48.25539],[6.85097,48.23323],[6.82479,48.19693],[6.81548,48.19643],[6.80203,48.19032],[6.77311,48.19317],[6.76177,48.20464]]],[[[6.63051,48.28919],[6.64181,48.27903],[6.64482,48.27782],[6.63845,48.25245],[6.61499,48.25761],[6.59247,48.26659],[6.59587,48.27738],[6.63051,48.28919]]]]}},{"type":"Feature","properties":{"id":"ban-bouxieres","hierarchy":"admin","place_type":"ban","level":3,"settlements":5,"shared":["bocquegney","bouxieres-aux-bois","fomerey","gorhey","hennecourt"]},"geometry":{"type":"MultiPolygon","coordinates":[[[[6.28033,48.2218],[6.28241,48.23417],[6.30759,48.24106],[6.31372,48.2366],[6.32119,48.22456],[6.36309,48.22627],[6.35804,48.21306],[6.32151,48.20319],[6.31775,48.19935],[6.31846,48.19373],[6.31223,48.18701],[6.24853,48.18383],[6.24738,48.18628],[6.27165,48.20136],[6.27806,48.22016],[6.28033,48.2218]]],[[[6.30908,48.24424],[6.29326,48.2701],[6.34209,48.27286],[6.34968,48.26565],[6.34803,48.26207],[6.30908,48.24424]]]]}},{"type":"Feature","properties":{"id":"ban-clefcy","hierarchy":"admin","place_type":"ban","level":3,"settlements":6,"shared":["clefcy","neuvillers-sur-fave","sachemont","vanifosse"]},"geometry":{"type":"MultiPolygon","coordinates":[[[[6.97041,48.18669],[6.95725,48.19047],[6.9306,48.2027],[6.97015,48.21385],[6.9911,48.19452],[6.99646,48.1875],[6.99766,48.16088],[6.98444,48.15349],[6.99963,48.12083],[6.94918,48.09001],[6.92396,48.10519],[6.95277,48.159],[6.9494,48.16313],[6.97041,48.18669]]],[[[7.05238,48.28499],[7.05163,48.28147],[7.04111,48.26973],[7.03263,48.26662],[7.03052,48.26405],[7.01605,48.26304],[7.00572,48.27764],[7.02745,48.2779],[7.03272,48.29376],[7.04182,48.29284],[7.05238,48.28499]]]]}},{"type":"Feature","properties":{"id":"ban-escles","hierarchy":"admin","place_type":"ban","level":3,"settlements":4,"shared":[]},"geometry":{"type":"Polygon","coordinates":[[[6.23187,48.11594],[6.22408,48.10137],[6.23724,48.05498],[6.21188,48.04377],[6.19517,48.04048],[6.13866,48.0818],[6.13559,48.10282],[6.14323,48.10968],[6.14339,48.11805],[6.12368,48.14249],[6.13756,48.1554],[6.1711,48.16424],[6.1742,48.16416],[6.18493,48.15672],[6.2046,48.15111],[6.22221,48.13568],[6.23187,48.11594]]]}},{"type":"Feature","properties":{"id":"ban-etival","hierarchy":"admin","place_type":"ban","level":3,"settlements":22,"shared":[]},"geometry":{"type":"Polygon","coordinates":[[[6.75493,48.31762],[6.75866,48.33634],[6.75553,48.3532],[6.75602,48.37187],[6.7661,48.38182],[6.81824,48.37742],[6.83429,48.38137],[6.85071,48.39259],[6.86905,48.40248],[6.89577,48.3967],[6.93577,48.41041],[6.94507,48.39225],[6.99133,48.37393],[6.98753,48.368],[6.97383,48.35751],[6.98145,48.34249],[6.96389,48.32463],[6.95033,48.32627],[6.94183,48.32958],[6.95457,48.35515],[6.94605,48.3598],[6.90078,48.35689],[6.8964,48.35784],[6.87412,48.34584],[6.90104,48.31914],[6.88522,48.2952],[6.86793,48.29483],[6.81945,48.26806],[6.75493,48.31762]]]}},{"type":"Feature","properties":{"id":"ban-fraize","hierarchy":"admin","place_type":"ban","level":3,"settlements":12,"shared":["aubripaire","scarupt"]},"geometry":{"type":"Polygon","coordinates":[[[6.99766,48.16088],[6.99646,48.1875],[6.9911,48.19452],[7.02254,48.20751],[7.1052,48.18103],[7.10313,48.1734],[7.03885,48.17255],[7.00722,48.1603],[7.05529,48.12757],[7.09167,48.12698],[7.10054,48.1141],[7.10411,48.09668],[7.10213,48.08618],[7.09714,48.07613],[7.08933,48.06693],[7.079,48.05893],[7.05729,48.04906],[7.03202,48.04438],[7.00586,48.0454],[6.98158,48.052],[6.969,48.05837],[6.95857,48.06622],[6.94918,48.09001],[6.99963,48.12083],[6.98444,48.15349],[6.99766,48.16088]]]}},{"type":"Feature","properties":{"id":"ban-girancourt","hierarchy":"admin","place_type":"ban","level":3,"settlements":34,"shared":["blemerey","bouzemont","derbamont","gigney","hagecourt","hennecourt","jorxey","la-neuveville-sous-montfort","naimont","rancourt","uzemain-les-forges"]},"geometry":{"type":"MultiPolygon","coordinates":[[[[6.24793,48.1774],[6.2046,48.15111],[6.18493,48.15672],[6.17629,48.16339],[6.18822,48.17516],[6.24253,48.19006],[6.24853,48.18383],[6.31223,48.18701],[6.31153,48.18129],[6.34073,48.14525],[6.33815,48.1409],[6.339,48.13703],[6.34407,48.13301],[6.36665,48.12501],[6.37231,48.10788],[6.36584,48.09027],[6.3736,48.08117],[6.32867,48.06061],[6.29853,48.06371],[6.27872,48.06173],[6.29545,48.10469],[6.29375,48.11488],[6.27362,48.12257],[6.27648,48.14405],[6.26505,48.14816],[6.24793,48.1774]]],[[[6.13588,48.18462],[6.15491,48.19418],[6.1518,48.19897],[6.14777,48.20134],[6.14896,48.22078],[6.13478,48.22431],[6.1144,48.20591],[6.07681,48.21581],[6.07895,48.22205],[6.10918,48.23952],[6.11615,48.23975],[6.12624,48.25648],[6.14825,48.25712],[6.15019,48.24308],[6.17946,48.24132],[6.18613,48.23639],[6.18269,48.22285],[6.19469,48.21085],[6.16838,48.18813],[6.1742,48.16416],[6.1711,48.16424],[6.13517,48.18059],[6.13588,48.18462]]],[[[6.20932,48.24657],[6.21217,48.25339],[6.24769,48.26147],[6.24699,48.26829],[6.20363,48.28167],[6.20551,48.28961],[6.2132,48.29254],[6.23083,48.31855],[6.25407,48.31968],[6.254,48.29081],[6.26135,48.28581],[6.2924,48.27178],[6.29819,48.27937],[6.32765,48.29218],[6.33598,48.29368],[6.34209,48.27286],[6.29326,48.2701],[6.25857,48.25335],[6.26119,48.24213],[6.23997,48.23379],[6.23897,48.22933],[6.20145,48.21971],[6.23188,48.23657],[6.20932,48.24657]]],[[[6.00601,48.23792],[6.01344,48.24045],[6.03,48.24193],[6.04304,48.20284],[6.03609,48.20353],[5.99783,48.2201],[6.00601,48.23792]]],[[[6.0304,48.36236],[6.05984,48.37247],[6.06737,48.36339],[6.04077,48.34413],[6.03439,48.34718],[6.0304,48.36236]]],[[[6.32151,48.20319],[6.35804,48.21306],[6.36667,48.20578],[6.35357,48.1834],[6.31846,48.19373],[6.31775,48.19935],[6.32151,48.20319]]],[[[6.31744,48.19945],[6.27165,48.20136],[6.27806,48.22016],[6.28033,48.2218],[6.31744,48.19945]]],[[[6.30759,48.24106],[6.30908,48.24424],[6.34803,48.26207],[6.36367,48.23554],[6.36822,48.23209],[6.36309,48.22627],[6.32119,48.22456],[6.31372,48.2366],[6.30759,48.24106]]],[[[6.29023,48.33497],[6.29101,48.33515],[6.29333,48.31926],[6.28389,48.31131],[6.26103,48.31942],[6.29023,48.33497]]]]}},{"type":"Feature","properties":{"id":"ban-grandvillers-et-dompierre","hierarchy":"admin","place_type":"ban","level":3,"settlements":6,"shared":["aydoilles","dompierre","fontenay","grandvillers","memenil","vimenil"]},"geometry":{"type":"Polygon","coordinates":[[[6.54681,48.24387],[6.55018,48.26796],[6.58726,48.26445],[6.57677,48.23564],[6.59762,48.23212],[6.60881,48.23422],[6.61572,48.23261],[6.64108,48.23839],[6.64431,48.249],[6.67193,48.25497],[6.6969,48.24632],[6.69581,48.22898],[6.68249,48.21777],[6.66756,48.2118],[6.65696,48.20174],[6.65327,48.19991],[6.63939,48.19709],[6.62195,48.19122],[6.60515,48.19383],[6.59964,48.19363],[6.56421,48.18583],[6.55028,48.18582],[6.5416,48.20933],[6.56819,48.22861],[6.57098,48.23373],[6.54681,48.24387]]]}},{"type":"Feature","properties":{"id":"ban-harol","hierarchy":"admin","place_type":"ban","level":3,"settlements":19,"shared":["bainville-aux-saules","bocquegney","charniois-rorgueilicux","circourt","derbamont","fomerey","hennecourt","le-menil-harol","renauvoid"]},"geometry":{"type":"MultiPolygon","coordinates":[[[[6.25999,48.05377],[6.23724,48.05498],[6.22408,48.10137],[6.23187,48.11594],[6.22221,48.13568],[6.2046,48.15111],[6.24793,48.1774],[6.26505,48.14816],[6.27648,48.14405],[6.27362,48.12257],[6.29375,48.11488],[6.29545,48.10469],[6.27872,48.06173],[6.25999,48.05377]]],[[[6.10839,48.17415],[6.08771,48.17692],[6.05028,48.19967],[6.07681,48.21581],[6.1144,48.20591],[6.13478,48.22431],[6.14896,48.22078],[6.14777,48.20134],[6.12862,48.19798],[6.13588,48.18462],[6.13517,48.18059],[6.10839,48.17415]]],[[[6.23208,48.19934],[6.24101,48.21328],[6.27806,48.22016],[6.28033,48.2218],[6.28241,48.23417],[6.26119,48.24213],[6.25857,48.25335],[6.24769,48.26147],[6.24699,48.26829],[6.26135,48.28581],[6.2924,48.27178],[6.30908,48.24424],[6.30759,48.24106],[6.31372,48.2366],[6.32119,48.22456],[6.36309,48.22627],[6.35804,48.21306],[6.32151,48.20319],[6.31775,48.19935],[6.27165,48.20136],[6.24738,48.18628],[6.23208,48.19934]]],[[[6.36665,48.12501],[6.34407,48.13301],[6.339,48.13703],[6.33815,48.1409],[6.34073,48.14525],[6.36548,48.16291],[6.41617,48.15664],[6.42096,48.13107],[6.36665,48.12501]]]]}},{"type":"Feature","properties":{"id":"ban-longchamp","hierarchy":"admin","place_type":"ban","level":3,"settlements":15,"shared":["ferdrupt","franould","la-poirie-dommarlin","la-roche","lepangc"]},"geometry":{"type":"Polygon","coordinates":[[[6.69132,47.86597],[6.68267,47.85371],[6.67813,47.85407],[6.65804,47.858],[6.64015,47.86529],[6.62891,47.87267],[6.62061,47.88073],[6.60862,47.8868],[6.59811,47.89466],[6.59409,47.89876],[6.59075,47.9298],[6.61824,47.95198],[6.67668,47.9653],[6.71478,47.94857],[6.74636,47.94508],[6.74626,47.9353],[6.75201,47.91106],[6.69132,47.86597]]]}},{"type":"Feature","properties":{"id":"ban-madonne","hierarchy":"admin","place_type":"ban","level":3,"settlements":13,"shared":["bellegney-devant-dompaire","bocquegney","circourt","derbamont","gigney","le-menil-harol","naimont","renauvoid","tatignecourt"]},"geometry":{"type":"MultiPolygon","coordinates":[[[[6.23187,48.11594],[6.22221,48.13568],[6.26505,48.14816],[6.27648,48.14405],[6.27362,48.12257],[6.23187,48.11594]]],[[[6.1742,48.16416],[6.16838,48.18813],[6.19469,48.21085],[6.21039,48.20278],[6.18822,48.17516],[6.17629,48.16339],[6.1742,48.16416]]],[[[6.12862,48.19798],[6.14777,48.20134],[6.1518,48.19897],[6.15491,48.19418],[6.13588,48.18462],[6.12862,48.19798]]],[[[6.30759,48.24106],[6.31372,48.2366],[6.36367,48.23554],[6.34803,48.26207],[6.34968,48.26565],[6.371,48.26887],[6.39766,48.25827],[6.39619,48.23375],[6.36822,48.23209],[6.36309,48.22627],[6.32119,48.22456],[6.32151,48.20319],[6.31775,48.19935],[6.28033,48.2218],[6.27806,48.22016],[6.24101,48.21328],[6.23897,48.22933],[6.23997,48.23379],[6.26119,48.24213],[6.25857,48.25335],[6.24769,48.26147],[6.24699,48.26829],[6.26135,48.28581],[6.2924,48.27178],[6.30908,48.24424],[6.30759,48.24106]]],[[[6.17201,48.27435],[6.17087,48.25223],[6.15304,48.25894],[6.15802,48.27555],[6.17201,48.27435]]],[[[6.31153,48.18129],[6.31223,48.18701],[6.31846,48.19373],[6.35357,48.1834],[6.36399,48.17552],[6.36548,48.16291],[6.41617,48.15664],[6.42096,48.13107],[6.36665,48.12501],[6.37231,48.10788],[6.36584,48.09027],[6.33923,48.09565],[6.33593,48.10098],[6.34407,48.13301],[6.339,48.13703],[6.33815,48.1409],[6.34073,48.14525],[6.31153,48.18129]]]]}},{"type":"Feature","properties":{"id":"ban-maizey","hierarchy":"admin","place_type":"ban","level":2,"settlements":4,"shared":["maizey","relincourt","senonville","spada"]},"geometry":{"type":"Polygon","coordinates":[[[5.53765,48.96623],[5.54522,48.96571],[5.58359,48.93717],[5.56994,48.89879],[5.5719,48.88826],[5.52188,48.8712],[5.50586,48.8709],[5.49005,48.87267],[5.47508,48.87644],[5.46455,48.8806],[5.50664,48.93617],[5.53273,48.93286],[5.53765,48.96623]]]}},{"type":"Feature","properties":{"id":"ban-molin","hierarchy":"admin","place_type":"ban","level":3,"settlements":9,"shared":["saint-ame","saint-etienne-les-remiremont"]},"geometry":{"type":"MultiPolygon","coordinates":[[[[6.51236,48.00651],[6.54634,48.03826],[6.58166,48.03879],[6.60134,48.04745],[6.63798,48.05524],[6.63415,48.04277],[6.63429,48.02589],[6.60817,48.00958],[6.59215,48.02522],[6.53971,48.00481],[6.51236,48.00651]]],[[[6.68058,48.00053],[6.67388,48.00361],[6.65313,48.06545],[6.67351,48.07323],[6.69475,48.07234],[6.6871,48.00889],[6.68058,48.00053]]]]}},{"type":"Feature","properties":{"id":"ban-ramonchamp","hierarchy":"admin","place_type":"ban","level":3,"settlements":18,"shared":["franould","raon-aux-bois","saint-ame","saint-etienne-les-remiremont","saint-maurice-sur-moselle"]},"geometry":{"type":"MultiPolygon","coordinates":[[[[6.63415,48.04277],[6.63429,48.02589],[6.64844,48.01319],[6.67388,48.00361],[6.65313,48.06545],[6.67351,48.07323],[6.69475,48.07234],[6.6871,48.00889],[6.68058,48.00053],[6.68173,47.99657],[6.67655,47.96801],[6.6312,47.99828],[6.59996,47.99642],[6.59658,47.99407],[6.61824,47.95198],[6.59075,47.9298],[6.58561,47.93195],[6.51452,47.98879],[6.5109,48.00608],[6.47071,48.0177],[6.46588,48.04046],[6.51854,48.07977],[6.55278,48.07516],[6.55277,48.06161],[6.54634,48.03826],[6.51236,48.00651],[6.53971,48.00481],[6.63415,48.04277]]],[[[6.88626,47.82395],[6.87112,47.81421],[6.85277,47.80745],[6.83246,47.80411],[6.81156,47.80443],[6.7915,47.80838],[6.77365,47.81569],[6.76021,47.82499],[6.82046,47.88053],[6.81683,47.89182],[6.83259,47.91765],[6.92975,47.90253],[6.93374,47.88783],[6.93053,47.87037],[6.92204,47.85748],[6.91257,47.84903],[6.90034,47.84174],[6.89716,47.83598],[6.88626,47.82395]]],[[[6.76075,47.88006],[6.72985,47.8381],[6.71724,47.83983],[6.70266,47.84377],[6.68267,47.85371],[6.69132,47.86597],[6.75201,47.91106],[6.75708,47.90303],[6.76075,47.88006]]],[[[7.02744,48.47247],[7.03065,48.46211],[7.03075,48.45153],[7.02716,48.43994],[6.94044,48.41998],[6.87708,48.46509],[6.91219,48.49462],[6.92618,48.49991],[7.01592,48.48786],[7.02744,48.47247]]]]}},{"type":"Feature","properties":{"id":"ban-sainct-pierre","hierarchy":"admin","place_type":"ban","level":3,"settlements":11,"shared":["xousse"]},"geometry":{"type":"MultiPolygon","coordinates":[[[[6.64748,48.65516],[6.67234,48.70153],[6.71404,48.70704],[6.72633,48.64123],[6.72066,48.63913],[6.64748,48.65516]]],[[[6.37604,48.81574],[6.33938,48.84933],[6.34082,48.86089],[6.41062,48.88407],[6.41339,48.807],[6.37604,48.81574]]],[[[6.22519,48.86138],[6.22231,48.89155],[6.29877,48.92344],[6.30045,48.878],[6.23575,48.86094],[6.22519,48.86138]]],[[[6.54834,48.94605],[6.50785,48.97438],[6.5083,48.97603],[6.52761,48.98333],[6.54279,48.98109],[6.58544,48.99498],[6.59391,48.98635],[6.58046,48.96788],[6.58006,48.96445],[6.54834,48.94605]]],[[[6.3661,49.06364],[6.36887,49.06656],[6.3887,49.07253],[6.42721,49.09515],[6.46629,49.07984],[6.48065,49.03905],[6.46299,49.02429],[6.41975,49.01201],[6.41291,49.00838],[6.35845,49.03248],[6.3661,49.06364]]]]}},{"type":"Feature","properties":{"id":"ban-saint-die","hierarchy":"admin","place_type":"ban","level":3,"settlements":5,"shared":["saint-die-des-vosges"]},"geometry":{"type":"Polygon","coordinates":[[[6.98611,48.31243],[6.97664,48.29245],[6.97825,48.28918],[6.9464,48.26341],[6.92838,48.26531],[6.91944,48.27075],[6.90825,48.2876],[6.88522,48.2952],[6.90104,48.31914],[6.92736,48.33183],[6.94183,48.32958],[6.95033,48.32627],[6.96389,48.32463],[6.98611,48.31243]]]}},{"type":"Feature","properties":{"id":"ban-sardey","hierarchy":"admin","place_type":"ban","level":3,"settlements":38,"shared":["aubripaire","combrimont","gemainfaing","herbaupaire","la-pariee","la-trouchc","la-verpelliere","laveline","lesseux","lusse","nayemont-lez-fosses","neuvillers-sur-fave","provencheres-sur-fave","quebrux","sadey","saint-leonard","wisembach"]},"geometry":{"type":"MultiPolygon","coordinates":[[[[7.03052,48.26405],[7.03263,48.26662],[7.02745,48.2779],[7.00572,48.27764],[6.99684,48.28332],[7.02964,48.29509],[7.03272,48.29376],[7.04182,48.29284],[7.05238,48.28499],[7.06834,48.285],[7.07696,48.29298],[7.05739,48.30307],[7.06111,48.31018],[7.07707,48.32359],[7.08765,48.32497],[7.13046,48.36049],[7.13211,48.30631],[7.19184,48.296],[7.16641,48.27034],[7.14825,48.26261],[7.13805,48.22915],[7.14198,48.20052],[7.13122,48.19508],[7.11674,48.19027],[7.08232,48.21909],[7.06227,48.23114],[7.05672,48.23278],[7.03478,48.23021],[7.09681,48.18379],[7.02254,48.20751],[7.02189,48.22901],[7.01947,48.23376],[7.0391,48.25422],[7.03052,48.26405]],[[7.05163,48.28147],[7.04111,48.26973],[7.06814,48.26391],[7.06561,48.25703],[7.07719,48.24975],[7.08305,48.2488],[7.09461,48.25022],[7.09537,48.27145],[7.08326,48.27128],[7.0683,48.26406],[7.05163,48.28147]]],[[[6.90457,48.22272],[6.9133,48.2276],[6.92838,48.26531],[6.9464,48.26341],[6.96049,48.25449],[6.9422,48.22978],[6.96963,48.22009],[6.97015,48.21385],[6.9306,48.2027],[6.92196,48.20273],[6.90457,48.22272]]],[[[7.04115,48.33763],[7.03013,48.3199],[7.01806,48.31316],[6.99869,48.31522],[6.98611,48.31243],[6.96389,48.32463],[6.98145,48.34249],[7.00232,48.3393],[7.00925,48.34292],[7.03011,48.34502],[7.03977,48.34213],[7.04115,48.33763]]],[[[6.92736,48.33183],[6.90104,48.31914],[6.87412,48.34584],[6.8964,48.35784],[6.90078,48.35689],[6.94605,48.3598],[6.95457,48.35515],[6.94183,48.32958],[6.92736,48.33183]]],[[[7.2765,48.3446],[7.28439,48.35379],[7.29481,48.36177],[7.30737,48.36824],[7.32158,48.37296],[7.3369,48.37573],[7.35274,48.37646],[7.36848,48.37511],[7.38352,48.37174],[7.39728,48.36647],[7.40922,48.35951],[7.4189,48.35113],[7.42593,48.34165],[7.43006,48.33144],[7.43112,48.32088],[7.42907,48.31039],[7.41902,48.29412],[7.40304,48.28167],[7.35154,48.27622],[7.26954,48.32548],[7.27145,48.33457],[7.2765,48.3446]]],[[[7.09531,48.41815],[7.11526,48.40664],[7.12857,48.39147],[7.13276,48.38127],[7.13388,48.37155],[7.05922,48.35506],[7.01929,48.38639],[7.04831,48.42598],[7.07086,48.42477],[7.09531,48.41815]]]]}},{"type":"Feature","properties":{"id":"ban-sept","hierarchy":"admin","place_type":"ban","level":3,"settlements":14,"shared":["contramoulin","fouchifol","gemainfaing"]},"geometry":{"type":"MultiPolygon","coordinates":[[[[7.0391,48.25422],[7.01947,48.23376],[7.00956,48.24019],[7.00714,48.25799],[7.01605,48.26304],[7.03052,48.26405],[7.0391,48.25422]]],[[[6.98145,48.34249],[6.97383,48.35751],[6.98753,48.368],[6.99133,48.37393],[7.00951,48.37945],[7.01929,48.38639],[7.05922,48.35506],[7.03977,48.34213],[7.04115,48.33763],[7.03013,48.3199],[7.01806,48.31316],[7.02964,48.29509],[6.99684,48.28332],[6.98915,48.28393],[6.97825,48.28918],[6.97664,48.29245],[6.98611,48.31243],[6.99869,48.31522],[7.00232,48.3393],[6.98145,48.34249]]]]}},{"type":"Feature","properties":{"id":"ban-taintrux","hierarchy":"admin","place_type":"ban","level":3,"settlements":7,"shared":[]},"geometry":{"type":"MultiPolygon","coordinates":[[[[6.95725,48.19047],[6.92071,48.18115],[6.91666,48.18747],[6.92196,48.20273],[6.9306,48.2027],[6.95725,48.19047]]],[[[6.9133,48.2276],[6.90457,48.22272],[6.89646,48.22331],[6.85376,48.23213],[6.81847,48.25539],[6.81945,48.26806],[6.86793,48.29483],[6.88522,48.2952],[6.90825,48.2876],[6.91944,48.27075],[6.92838,48.26531],[6.9133,48.2276]]],[[[7.03013,48.3199],[7.04115,48.33763],[7.07707,48.32359],[7.0619,48.31052],[7.03013,48.3199]]]]}},{"type":"Feature","properties":{"id":"ban-tendon","hierarchy":"admin","place_type":"ban","level":3,"settlements":8,"shared":["laveline-devant-bruyeres"]},"geometry":{"type":"MultiPolygon","coordinates":[[[[6.7009,48.07316],[6.69475,48.07234],[6.67351,48.07323],[6.64636,48.10609],[6.62397,48.11805],[6.62678,48.12857],[6.63878,48.14309],[6.65667,48.14255],[6.66441,48.1316],[6.67727,48.13686],[6.70004,48.12997],[6.70628,48.1296],[6.7009,48.07316]]],[[[6.77311,48.19317],[6.77469,48.17838],[6.75775,48.17153],[6.73702,48.18455],[6.74699,48.20199],[6.75803,48.20487],[6.76177,48.20464],[6.77311,48.19317]]]]}},{"type":"Feature","properties":{"id":"ban-uxegney","hierarchy":"admin","place_type":"ban","level":3,"settlements":12,"shared":["bainville-aux-saules","rancourt"]},"geometry":{"type":"MultiPolygon","coordinates":[[[[6.41617,48.15664],[6.36548,48.16291],[6.36399,48.17552],[6.35357,48.1834],[6.36667,48.20578],[6.4038,48.19781],[6.42246,48.1783],[6.42041,48.16086],[6.50579,48.16271],[6.5053,48.15418],[6.494,48.13804],[6.46663,48.12822],[6.44721,48.12707],[6.42366,48.12914],[6.42035,48.11741],[6.39331,48.10478],[6.40202,48.07341],[6.3736,48.08117],[6.36584,48.09027],[6.37231,48.10788],[6.36665,48.12501],[6.42096,48.13107],[6.41617,48.15664]]],[[[6.10839,48.17415],[6.13517,48.18059],[6.1711,48.16424],[6.13756,48.1554],[6.10839,48.17415]]],[[[6.11574,48.20292],[6.1144,48.20591],[6.07681,48.21581],[6.07895,48.22205],[6.10918,48.23952],[6.11615,48.23975],[6.12812,48.23299],[6.13478,48.22431],[6.14896,48.22078],[6.14777,48.20134],[6.12862,48.19798],[6.11574,48.20292]]]]}},{"type":"Feature","properties":{"id":"ban-vagney","hierarchy":"admin","place_type":"ban","level":3,"settlements":27,"shared":["bains-les-bains","bamont","gerbamont","la-prclle","les-ainias","pecaviller","planois","pubas","rochesson","zainvillers"]},"geometry":{"type":"MultiPolygon","coordinates":[[[[6.67668,47.9653],[6.61824,47.95198],[6.59658,47.99407],[6.59996,47.99642],[6.6312,47.99828],[6.67655,47.96801],[6.68173,47.99657],[6.68058,48.00053],[6.6871,48.00889],[6.69475,48.07234],[6.7009,48.07316],[6.73918,48.06893],[6.76205,48.07159],[6.7797,48.07602],[6.79323,48.076],[6.79828,48.07559],[6.84141,48.03967],[6.82418,47.99731],[6.83982,47.99127],[6.94016,47.97357],[6.94076,47.96873],[6.95054,47.95302],[6.95244,47.93548],[6.94586,47.91845],[6.9381,47.90924],[6.92975,47.90253],[6.83259,47.91765],[6.82274,47.92976],[6.77763,47.95034],[6.80443,47.98931],[6.79342,47.99456],[6.739,47.99839],[6.74441,47.94554],[6.71478,47.94857],[6.67668,47.9653]]],[[[6.25999,48.05377],[6.33856,47.98316],[6.32967,47.97183],[6.31481,47.96097],[6.21843,48.00111],[6.19233,48.02738],[6.20061,48.03598],[6.21156,48.0436],[6.23292,48.05236],[6.24044,48.05415],[6.25999,48.05377]]],[[[6.63415,48.04277],[6.63798,48.05524],[6.64468,48.06255],[6.65313,48.06545],[6.67388,48.00361],[6.64844,48.01319],[6.63429,48.02589],[6.63415,48.04277]]]]}},{"type":"Feature","properties":{"id":"ban-vaudicourt","hierarchy":"admin","place_type":"ban","level":3,"settlements":6,"shared":["boulier","charmois-devant-bruyeres","fontenay","girecourt-sur-durbion","nonzeville"]},"geometry":{"type":"Polygon","coordinates":[[[6.59768,48.15317],[6.59266,48.15234],[6.56421,48.18583],[6.59964,48.19363],[6.56819,48.22861],[6.57098,48.23373],[6.57677,48.23564],[6.58726,48.26445],[6.59247,48.26659],[6.61356,48.25881],[6.64181,48.27903],[6.64482,48.27782],[6.63845,48.25245],[6.61499,48.25761],[6.60881,48.23422],[6.59762,48.23212],[6.60515,48.19383],[6.62195,48.19122],[6.62163,48.16483],[6.59768,48.15317]]]}},{"type":"Feature","properties":{"id":"castellany-conde-et-val-des-faulx","hierarchy":"admin","place_type":"castellany","level":2,"settlements":6,"shared":[]},"geometry":{"type":"Polygon","coordinates":[[[6.11926,48.78431],[6.12458,48.80194],[6.11328,48.809],[6.09792,48.83747],[6.13565,48.83393],[6.18824,48.84085],[6.18892,48.83531],[6.21049,48.8189],[6.24605,48.80255],[6.25318,48.78921],[6.24971,48.78599],[6.23526,48.77795],[6.20721,48.77076],[6.18663,48.77025],[6.17806,48.77343],[6.15908,48.77331],[6.11926,48.78431]]]}},{"type":"Feature","properties":{"id":"castellany-dieuze","hierarchy":"admin","place_type":"castellany","level":2,"settlements":31,"shared":["bassing","cutting","insming","loudrefing","sotzeling"]},"geometry":{"type":"MultiPolygon","coordinates":[[[[6.74752,48.71263],[6.73297,48.71201],[6.70347,48.75891],[6.67452,48.76956],[6.67258,48.77327],[6.64149,48.78458],[6.63783,48.79206],[6.66367,48.82373],[6.6617,48.82791],[6.63762,48.83201],[6.61445,48.82916],[6.6057,48.82102],[6.58863,48.81635],[6.54682,48.82491],[6.5461,48.82774],[6.58801,48.86122],[6.58839,48.86804],[6.59249,48.87232],[6.64081,48.87796],[6.66009,48.86608],[6.68269,48.86194],[6.69402,48.85471],[6.71693,48.85872],[6.73716,48.82417],[6.77329,48.82864],[6.75016,48.86764],[6.76513,48.86823],[6.81064,48.88618],[6.81537,48.88566],[6.82153,48.87499],[6.8039,48.85581],[6.81069,48.84678],[6.83767,48.85883],[6.85807,48.84227],[6.87878,48.87608],[6.90148,48.88938],[6.83336,48.89556],[6.82215,48.9311],[6.84,48.93799],[6.84142,48.94978],[6.88331,48.96506],[6.90278,48.9588],[6.89444,48.92513],[6.91419,48.90825],[6.92338,48.89437],[6.93987,48.88811],[6.94523,48.88377],[6.95336,48.87466],[6.95863,48.86467],[6.96084,48.85419],[6.95827,48.83851],[6.95934,48.83761],[6.94263,48.77902],[6.88123,48.75213],[6.87267,48.75334],[6.86814,48.74644],[6.85938,48.73759],[6.84818,48.73003],[6.83497,48.72407],[6.8099,48.71824],[6.78864,48.71763],[6.77162,48.71987],[6.74752,48.71263]]],[[[6.67281,48.97707],[6.69372,48.99566],[6.7181,48.99863],[6.739,48.98012],[6.71851,48.9498],[6.71572,48.93316],[6.70597,48.93142],[6.65726,48.9408],[6.67397,48.95987],[6.67281,48.97707]]],[[[6.78539,48.93729],[6.81634,48.93092],[6.79185,48.90076],[6.74543,48.90307],[6.74356,48.91755],[6.78539,48.93729]]],[[[6.89619,49.00068],[6.87086,49.00712],[6.85071,49.02316],[6.85382,49.04483],[6.86161,49.04717],[6.86647,49.04712],[6.91079,49.03103],[6.91945,49.01087],[6.91705,49.00171],[6.89619,49.00068]]]]}},{"type":"Feature","properties":{"id":"castellany-hombourg-et-saint-avold","hierarchy":"admin","place_type":"castellany","level":1,"settlements":44,"shared":["dourd-hal","guenviller","teterchen"]},"geometry":{"type":"MultiPolygon","coordinates":[[[[6.63459,49.06336],[6.65977,49.07319],[6.66337,49.08487],[6.64145,49.09961],[6.68115,49.12882],[6.68482,49.13791],[6.67563,49.1467],[6.71225,49.20517],[6.72617,49.20682],[6.78407,49.19306],[6.79209,49.19741],[6.87334,49.19568],[6.87917,49.1812],[6.89151,49.17388],[6.89507,49.16377],[6.92071,49.15535],[6.92975,49.14745],[6.91744,49.13703],[6.87735,49.13859],[6.86922,49.13003],[6.88954,49.11107],[6.86179,49.09278],[6.84959,49.09446],[6.82446,49.08968],[6.80226,49.07548],[6.82847,49.05248],[6.7962,49.02907],[6.80842,49.01085],[6.80628,49.00857],[6.79787,48.98229],[6.76809,48.97439],[6.739,48.98012],[6.7181,48.99863],[6.69372,48.99566],[6.66904,49.00294],[6.652,49.00523],[6.62057,48.98321],[6.59729,48.98633],[6.62898,49.01303],[6.64092,49.01237],[6.64226,49.02982],[6.62825,49.03664],[6.65414,49.04871],[6.63459,49.06336]],[[6.8163,49.12882],[6.83448,49.13177],[6.83859,49.14861],[6.86978,49.15351],[6.85442,49.1694],[6.81821,49.17301],[6.78607,49.18829],[6.77725,49.15796],[6.8163,49.12882]]],[[[6.46629,49.07984],[6.50034,49.09651],[6.55869,49.08906],[6.56261,49.0852],[6.50459,49.04235],[6.48135,49.03904],[6.46629,49.07984]]],[[[6.52879,49.14528],[6.52578,49.16461],[6.53572,49.18448],[6.59092,49.18176],[6.59756,49.17504],[6.59869,49.16948],[6.61055,49.15886],[6.6577,49.14624],[6.60884,49.12045],[6.57576,49.12626],[6.57237,49.12602],[6.5403,49.14251],[6.52879,49.14528]]],[[[6.44616,49.20489],[6.45466,49.20013],[6.45039,49.17928],[6.42895,49.17856],[6.41653,49.18181],[6.43416,49.20295],[6.44616,49.20489]]],[[[6.53978,49.22645],[6.55864,49.25174],[6.58387,49.24046],[6.58653,49.23384],[6.5807,49.21727],[6.55074,49.2128],[6.53978,49.22645]]],[[[6.87029,49.08519],[6.8909,49.08121],[6.90237,49.06321],[6.86647,49.04712],[6.86161,49.04717],[6.87029,49.08519]]]]}},{"type":"Feature","properties":{"id":"castellany-marimont","hierarchy":"admin","place_type":"castellany","level":2,"settlements":25,"shared":["bassing","cutting","hellimer","insming","loudrefing","racrange"]},"geometry":{"type":"MultiPolygon","coordinates":[[[[6.81068,48.84119],[6.81069,48.84678],[6.8039,48.85581],[6.76513,48.86823],[6.75016,48.86764],[6.77329,48.82864],[6.73716,48.82417],[6.71693,48.85872],[6.74298,48.87001],[6.73965,48.89252],[6.74543,48.90307],[6.79185,48.90076],[6.81634,48.93092],[6.78539,48.93729],[6.74356,48.91755],[6.71572,48.93316],[6.71851,48.9498],[6.739,48.98012],[6.76809,48.97439],[6.79787,48.98229],[6.80628,49.00857],[6.80842,49.01085],[6.7962,49.02907],[6.82847,49.05248],[6.85382,49.04483],[6.85071,49.02316],[6.87086,49.00712],[6.84472,48.99157],[6.84097,48.98583],[6.86114,48.97636],[6.86949,48.97721],[6.89619,49.00068],[6.91705,49.00171],[6.93749,48.98298],[6.96127,48.97679],[6.96456,48.97402],[7.03877,48.94132],[7.03679,48.92905],[7.03173,48.919],[7.0238,48.9098],[7.00931,48.89945],[6.99604,48.8935],[6.97611,48.88843],[6.96023,48.88696],[6.93984,48.88811],[6.95096,48.87781],[6.95863,48.86467],[6.96089,48.85066],[6.95827,48.83851],[6.93293,48.83506],[6.8593,48.83438],[6.84305,48.82422],[6.81068,48.84119]],[[6.83336,48.89556],[6.90148,48.88938],[6.92338,48.89437],[6.91419,48.90825],[6.89444,48.92513],[6.84,48.93799],[6.82215,48.9311],[6.83336,48.89556]]],[[[6.65362,48.90491],[6.65548,48.94044],[6.70597,48.93142],[6.67749,48.9062],[6.6619,48.90312],[6.65362,48.90491]]],[[[6.62934,48.91441],[6.60528,48.91081],[6.59789,48.92972],[6.61386,48.9375],[6.62934,48.91441]]]]}},{"type":"Feature","properties":{"id":"county-blamont","hierarchy":"feudal","place_type":"county","level":1,"settlements":30,"shared":[]},"geometry":{"type":"Polygon","coordinates":[[[6.71275,48.51686],[6.6906,48.52202],[6.67365,48.5327],[6.69601,48.55492],[6.67651,48.58742],[6.68023,48.59776],[6.6885,48.60258],[6.64434,48.6527],[6.64748,48.65516],[6.72066,48.63913],[6.72633,48.64123],[6.71404,48.70704],[6.73297,48.71201],[6.74752,48.71263],[6.7595,48.71098],[6.77432,48.70704],[6.78463,48.70279],[6.79762,48.70448],[6.8136,48.70459],[6.8293,48.70263],[6.84411,48.69868],[6.86152,48.69059],[6.87515,48.67979],[6.88234,48.67035],[6.89196,48.64912],[6.90991,48.64707],[6.92466,48.64313],[6.89951,48.57194],[6.93222,48.55482],[7.00715,48.58306],[7.02471,48.57588],[7.03932,48.56567],[7.04944,48.55329],[7.05439,48.53959],[7.05282,48.52204],[7.04548,48.50882],[7.03325,48.49731],[7.01592,48.48786],[6.92618,48.49991],[6.91219,48.49462],[6.87708,48.46509],[6.84073,48.45862],[6.82279,48.45889],[6.81271,48.46153],[6.81048,48.46317],[6.80838,48.47059],[6.80712,48.51305],[6.74514,48.52751],[6.73207,48.52119],[6.71275,48.51686]],[[6.8241,48.57097],[6.82983,48.57953],[6.8228,48.59536],[6.8139,48.59886],[6.79947,48.59659],[6.78977,48.57435],[6.8241,48.57097]]]}},{"type":"Feature","properties":{"id":"county-chaligny","hierarchy":"feudal","place_type":"county","level":1,"settlements":6,"shared":[]},"geometry":{"type":"MultiPolygon","coordinates":[[[[6.32155,48.4886],[6.30396,48.48551],[6.29187,48.50184],[6.32344,48.5024],[6.32924,48.49893],[6.32155,48.4886]]],[[[6.1139,48.57779],[6.08694,48.57253],[6.07572,48.57869],[6.0623,48.60084],[6.06751,48.60745],[6.06453,48.62865],[6.07807,48.64936],[6.10008,48.64043],[6.13996,48.64679],[6.14541,48.64294],[6.14886,48.63841],[6.14248,48.62445],[6.12201,48.61701],[6.11879,48.60592],[6.12285,48.59479],[6.1139,48.57779]]]]}},{"type":"Feature","properties":{"id":"county-vaudemont","hierarchy":"feudal","place_type":"county","level":1,"settlements":51,"shared":[]},"geometry":{"type":"MultiPolygon","coordinates":[[[[6.0107,48.31898],[6.03778,48.32442],[6.04724,48.29832],[6.03934,48.29444],[6.01368,48.29128],[6.0107,48.31898]]],[[[5.96773,48.33228],[5.96636,48.33277],[5.96419,48.35071],[5.94964,48.35541],[5.96801,48.38402],[5.95978,48.39635],[5.94603,48.40698],[5.94702,48.41217],[5.93325,48.42996],[5.91298,48.44299],[5.86669,48.46522],[5.86356,48.47386],[5.86435,48.47815],[5.91776,48.49749],[5.95265,48.48591],[5.9897,48.50326],[5.99106,48.51253],[6.01459,48.52572],[6.00295,48.54707],[6.07764,48.55768],[6.08407,48.56313],[6.11039,48.53699],[6.12793,48.54081],[6.14863,48.53067],[6.14253,48.52101],[6.1611,48.50527],[6.14388,48.49467],[6.13312,48.49065],[6.12987,48.48662],[6.158,48.47135],[6.14322,48.44505],[6.10365,48.4146],[6.10272,48.41135],[6.1063,48.40734],[6.14752,48.40715],[6.14931,48.40565],[6.15324,48.37997],[6.13637,48.37241],[6.13503,48.36939],[6.11463,48.35612],[6.11233,48.34963],[6.0813,48.34205],[6.07729,48.33862],[6.04154,48.3432],[6.03439,48.34718],[5.9981,48.34301],[5.99676,48.34044],[5.96773,48.33228]]]]}},{"type":"Feature","properties":{"id":"district-bainville-aux-miroirs","hierarchy":"admin","place_type":"district","level":2,"settlements":10,"shared":["battexey","chamagne","lebeuville","marainville-sur-madon","saint-germain","villacourt"]},"geometry":{"type":"MultiPolygon","coordinates":[[[[6.19906,48.3618],[6.18745,48.36142],[6.16317,48.37782],[6.15324,48.37997],[6.14931,48.40565],[6.17678,48.40631],[6.18222,48.39835],[6.19278,48.39506],[6.20369,48.39771],[6.22486,48.39223],[6.2264,48.38892],[6.23755,48.38062],[6.23176,48.36699],[6.19906,48.3618]]],[[[6.22839,48.42103],[6.22029,48.42534],[6.22419,48.44735],[6.24947,48.45417],[6.25632,48.45248],[6.26336,48.45354],[6.30895,48.43913],[6.31218,48.44197],[6.32823,48.44637],[6.33734,48.4649],[6.37396,48.45942],[6.37032,48.45001],[6.35615,48.44124],[6.3623,48.41745],[6.34875,48.39607],[6.32713,48.39941],[6.28526,48.38269],[6.27999,48.38411],[6.26287,48.40469],[6.27279,48.4232],[6.26396,48.42706],[6.22839,48.42103]]]]}},{"type":"Feature","properties":{"id":"district-beaurains","hierarchy":"admin","place_type":"district","level":2,"settlements":28,"shared":["guerstling","holling","teterchen","velving"]},"geometry":{"type":"MultiPolygon","coordinates":[[[[6.53978,49.22645],[6.51894,49.23147],[6.52256,49.25586],[6.53842,49.26128],[6.55423,49.25766],[6.57234,49.2695],[6.57567,49.28036],[6.5753,49.2925],[6.56631,49.29695],[6.5634,49.31396],[6.55646,49.33708],[6.56681,49.34114],[6.59454,49.33146],[6.61239,49.33732],[6.6242,49.31953],[6.62928,49.31752],[6.64423,49.32552],[6.68137,49.32152],[6.68223,49.31938],[6.65189,49.30874],[6.65216,49.30273],[6.67846,49.29324],[6.67542,49.28037],[6.71011,49.27675],[6.72714,49.3031],[6.75339,49.28875],[6.77417,49.27098],[6.7462,49.25794],[6.72617,49.20682],[6.71225,49.20517],[6.70301,49.20834],[6.6977,49.21357],[6.6393,49.24314],[6.63806,49.24673],[6.61027,49.25562],[6.58387,49.24046],[6.58653,49.23384],[6.5807,49.21727],[6.55074,49.2128],[6.53978,49.22645]]],[[[6.48065,49.25352],[6.48208,49.27026],[6.49429,49.27172],[6.51929,49.25599],[6.48958,49.24907],[6.49914,49.23016],[6.47682,49.22995],[6.46894,49.23323],[6.48719,49.24968],[6.48065,49.25352]]],[[[6.45852,49.2869],[6.465,49.28771],[6.47195,49.27599],[6.45046,49.26141],[6.43049,49.27698],[6.45852,49.2869]]],[[[6.55749,49.29462],[6.5313,49.27669],[6.5135,49.28549],[6.50352,49.30354],[6.55749,49.29462]]]]}},{"type":"Feature","properties":{"id":"district-bitche","hierarchy":"admin","place_type":"district","level":1,"settlements":91,"shared":["merschweiller","waldeck"]},"geometry":{"type":"MultiPolygon","coordinates":[[[[7.2868,48.97177],[7.26956,48.98451],[7.24501,48.98356],[7.22595,48.9863],[7.18893,48.97208],[7.16318,48.96744],[7.1418,48.96781],[7.12129,48.97182],[7.11271,48.97477],[7.10021,49.00594],[7.07084,49.03671],[7.10353,49.06045],[7.1575,49.03943],[7.17348,49.06174],[7.133,49.07432],[7.14194,49.09938],[7.17977,49.11097],[7.18081,49.11685],[7.16055,49.16926],[7.16263,49.17493],[7.16237,49.18213],[7.16535,49.18509],[7.17593,49.19309],[7.18868,49.19957],[7.20312,49.2043],[7.21738,49.20692],[7.22726,49.21704],[7.24289,49.22672],[7.26182,49.23342],[7.2774,49.2362],[7.30424,49.23627],[7.32483,49.23224],[7.33884,49.22698],[7.36976,49.21083],[7.38384,49.21237],[7.39461,49.21941],[7.40802,49.22531],[7.43341,49.231],[7.46024,49.23103],[7.47585,49.22831],[7.48732,49.22478],[7.49422,49.2324],[7.50259,49.23887],[7.49845,49.24721],[7.49633,49.25769],[7.49738,49.26825],[7.50155,49.27847],[7.51169,49.2909],[7.53068,49.30334],[7.55479,49.31113],[7.57817,49.31343],[7.58909,49.32052],[7.60255,49.3264],[7.62802,49.33204],[7.64416,49.33273],[7.6602,49.33134],[7.67552,49.32793],[7.68951,49.32263],[7.7052,49.31299],[7.71654,49.30101],[7.72274,49.28753],[7.72485,49.26997],[7.74195,49.26552],[7.75536,49.25962],[7.76675,49.25213],[7.77569,49.24332],[7.7832,49.23012],[7.78487,49.21258],[7.77992,49.19887],[7.76974,49.18646],[7.75501,49.1762],[7.73297,49.16777],[7.7309,49.15796],[7.72568,49.14795],[7.71075,49.13335],[7.69861,49.12638],[7.67967,49.11976],[7.6641,49.11703],[7.64435,49.11651],[7.64328,49.10731],[7.63945,49.09779],[7.65261,49.08835],[7.66064,49.07919],[7.66579,49.06917],[7.66785,49.05515],[7.66573,49.04466],[7.66053,49.03465],[7.65247,49.02549],[7.64443,49.01923],[7.64737,49.00662],[7.64629,48.99606],[7.64005,48.98258],[7.632,48.97342],[7.61311,48.961],[7.58917,48.95323],[7.56807,48.95093],[7.55127,48.95172],[7.53075,48.94143],[7.51075,48.93646],[7.48948,48.93506],[7.46842,48.93733],[7.45415,48.9234],[7.43765,48.91445],[7.41821,48.9086],[7.39714,48.90627],[7.38113,48.90694],[7.36562,48.90965],[7.35122,48.91429],[7.33846,48.92071],[7.32785,48.92864],[7.31978,48.93778],[7.31352,48.95124],[7.31248,48.96248],[7.2868,48.97177]]],[[[6.89619,49.00068],[6.86949,48.97721],[6.86114,48.97636],[6.84097,48.98583],[6.84472,48.99157],[6.87086,49.00712],[6.89619,49.00068]]]]}},{"type":"Feature","properties":{"id":"district-blamont","hierarchy":"admin","place_type":"district","level":1,"settlements":30,"shared":["domevre-sur-vezouze","domjevin"]},"geometry":{"type":"Polygon","coordinates":[[[6.71275,48.51686],[6.6906,48.52202],[6.67365,48.5327],[6.69601,48.55492],[6.67651,48.58742],[6.68023,48.59776],[6.6885,48.60258],[6.64434,48.6527],[6.64748,48.65516],[6.72066,48.63913],[6.72633,48.64123],[6.71404,48.70704],[6.73297,48.71201],[6.74752,48.71263],[6.7595,48.71098],[6.77432,48.70704],[6.78463,48.70279],[6.79762,48.70448],[6.8136,48.70459],[6.8293,48.70263],[6.84411,48.69868],[6.86152,48.69059],[6.87515,48.67979],[6.88234,48.67035],[6.89196,48.64912],[6.90991,48.64707],[6.92466,48.64313],[6.89951,48.57194],[6.93222,48.55482],[7.00715,48.58306],[7.02471,48.57588],[7.03932,48.56567],[7.04944,48.55329],[7.05439,48.53959],[7.05282,48.52204],[7.04548,48.50882],[7.03325,48.49731],[7.01592,48.48786],[6.92618,48.49991],[6.91219,48.49462],[6.87708,48.46509],[6.84073,48.45862],[6.82279,48.45889],[6.81271,48.46153],[6.81048,48.46317],[6.80838,48.47059],[6.80712,48.51305],[6.74514,48.52751],[6.73207,48.52119],[6.71275,48.51686]],[[6.8241,48.57097],[6.82983,48.57953],[6.8228,48.59536],[6.8139,48.59886],[6.79947,48.59659],[6.78977,48.57435],[6.8241,48.57097]]]}},{"type":"Feature","properties":{"id":"district-faulquemont","hierarchy":"admin","place_type":"district","level":2,"settlements":7,"shared":["guenviller"]},"geometry":{"type":"MultiPolygon","coordinates":[[[[6.58544,48.99498],[6.57596,49.009],[6.58116,49.01941],[6.56398,49.039],[6.58413,49.06215],[6.57211,49.08094],[6.61882,49.09499],[6.63345,49.06336],[6.61749,49.0574],[6.62,49.03975],[6.64226,49.02982],[6.64092,49.01237],[6.62898,49.01303],[6.59729,48.98633],[6.59391,48.98635],[6.58544,48.99498]]],[[[6.80226,49.07548],[6.79178,49.07584],[6.77409,49.09195],[6.76944,49.10752],[6.79104,49.11765],[6.81013,49.12151],[6.82446,49.08968],[6.80226,49.07548]]],[[[6.46629,49.07984],[6.42721,49.09515],[6.42078,49.1069],[6.486,49.13596],[6.51141,49.13571],[6.50034,49.09651],[6.46629,49.07984]]]]}},{"type":"Feature","properties":{"id":"district-forbach","hierarchy":"admin","place_type":"district","level":2,"settlements":14,"shared":[]},"geometry":{"type":"Polygon","coordinates":[[[6.94441,49.14735],[6.92975,49.14745],[6.92071,49.15535],[6.89507,49.16377],[6.89151,49.17388],[6.87917,49.1812],[6.87334,49.19568],[6.79209,49.19741],[6.84798,49.26037],[6.87437,49.26448],[6.87707,49.26407],[6.89178,49.21185],[6.88962,49.20827],[6.91679,49.18497],[6.93205,49.18442],[6.94027,49.18561],[6.94365,49.18783],[6.95565,49.21322],[6.96491,49.21939],[7.00188,49.20621],[7.01406,49.20606],[7.02285,49.20926],[7.07996,49.176],[7.07014,49.16911],[7.02798,49.17186],[6.99901,49.15596],[6.9917,49.1562],[6.97677,49.14794],[6.98562,49.12941],[6.95372,49.12216],[6.94441,49.14735]]]}},{"type":"Feature","properties":{"id":"district-merzig","hierarchy":"admin","place_type":"district","level":2,"settlements":6,"shared":["bietzen","harlingen","merchingen"]},"geometry":{"type":"Polygon","coordinates":[[[6.64628,49.39744],[6.63223,49.3981],[6.63951,49.41112],[6.64071,49.43036],[6.62839,49.4322],[6.62626,49.44999],[6.63256,49.46151],[6.66044,49.47253],[6.68101,49.49221],[6.70947,49.444],[6.71288,49.42103],[6.7068,49.41995],[6.6741,49.39028],[6.64628,49.39744]]]}},{"type":"Feature","properties":{"id":"district-morhange","hierarchy":"admin","place_type":"district","level":2,"settlements":14,"shared":["racrange","sotzeling"]},"geometry":{"type":"Polygon","coordinates":[[[6.59249,48.87232],[6.5884,48.88755],[6.54803,48.9109],[6.54936,48.92465],[6.54678,48.92803],[6.54834,48.94605],[6.58006,48.96445],[6.58046,48.96788],[6.59391,48.98635],[6.62057,48.98321],[6.652,49.00523],[6.66904,49.00294],[6.69372,48.99566],[6.67281,48.97707],[6.67397,48.95987],[6.65726,48.9408],[6.70597,48.93142],[6.71572,48.93316],[6.74356,48.91755],[6.74543,48.90307],[6.73965,48.89252],[6.74298,48.87001],[6.71693,48.85872],[6.69402,48.85471],[6.68269,48.86194],[6.66009,48.86608],[6.63692,48.85359],[6.59614,48.87216],[6.59249,48.87232]],[[6.59789,48.92972],[6.60528,48.91081],[6.62934,48.91441],[6.61386,48.9375],[6.59789,48.92972]]]}},{"type":"Feature","properties":{"id":"district-perl","hierarchy":"admin","place_type":"district","level":3,"settlements":59,"shared":["bettingen","chemery","colmen","conde","drogny","eimersdorf","filstroff","freistroff","guerstling","guirlange","megange","niedaltdorf","northen","oberleuken","piblange","wochern","zeurange"]},"geometry":{"type":"MultiPolygon","coordinates":[[[[6.37122,49.19395],[6.36721,49.20515],[6.39575,49.22465],[6.4034,49.2238],[6.44569,49.23447],[6.44741,49.23342],[6.46894,49.23323],[6.47682,49.22995],[6.47438,49.21559],[6.45471,49.21607],[6.44616,49.20489],[6.43416,49.20295],[6.41653,49.18181],[6.42895,49.17856],[6.44153,49.16137],[6.43815,49.15866],[6.43701,49.13978],[6.41601,49.15738],[6.39755,49.16341],[6.39987,49.17853],[6.37122,49.19395]]],[[[6.32978,49.23008],[6.28977,49.26306],[6.2864,49.26326],[6.26635,49.27215],[6.24316,49.28821],[6.22616,49.30425],[6.23233,49.31944],[6.24687,49.33423],[6.26494,49.34402],[6.29566,49.34094],[6.32706,49.29916],[6.37529,49.30855],[6.37678,49.305],[6.37329,49.28562],[6.41974,49.2836],[6.42676,49.27702],[6.4115,49.26156],[6.43825,49.2493],[6.41741,49.24374],[6.39327,49.23221],[6.38106,49.25449],[6.37853,49.25553],[6.32978,49.23008]]],[[[6.36556,49.44714],[6.35705,49.45036],[6.35784,49.46083],[6.38643,49.45034],[6.36556,49.44714]]],[[[6.3108,49.50397],[6.29891,49.52132],[6.29547,49.53165],[6.29582,49.54574],[6.30118,49.55916],[6.31106,49.57169],[6.3256,49.58214],[6.33898,49.58816],[6.36071,49.59358],[6.39355,49.58502],[6.4808,49.59469],[6.50643,49.60207],[6.52654,49.59543],[6.54496,49.58396],[6.49839,49.52633],[6.51338,49.50739],[6.50792,49.49965],[6.52216,49.47461],[6.4885,49.46339],[6.48241,49.48825],[6.48328,49.49012],[6.43839,49.49943],[6.4239,49.48401],[6.42591,49.47785],[6.44979,49.46788],[6.43145,49.43745],[6.47691,49.45032],[6.48114,49.42433],[6.47106,49.4204],[6.44102,49.42398],[6.42907,49.43405],[6.39216,49.45423],[6.39521,49.4602],[6.38954,49.46338],[6.35156,49.47462],[6.33148,49.49117],[6.3108,49.50397]]],[[[6.45852,49.2869],[6.42615,49.30177],[6.42908,49.30676],[6.40492,49.32052],[6.41337,49.33058],[6.4397,49.3349],[6.44962,49.32695],[6.45395,49.31725],[6.47987,49.3046],[6.49963,49.30711],[6.50646,49.3145],[6.51193,49.33968],[6.50535,49.34642],[6.50341,49.3523],[6.52522,49.36667],[6.51981,49.39532],[6.51346,49.397],[6.51958,49.4191],[6.53518,49.42826],[6.54441,49.40238],[6.54002,49.39741],[6.54638,49.39346],[6.58532,49.38997],[6.57606,49.37728],[6.59489,49.3612],[6.59153,49.35644],[6.61385,49.33987],[6.61239,49.33732],[6.59454,49.33146],[6.58978,49.3197],[6.5634,49.31396],[6.56631,49.29695],[6.55749,49.29462],[6.50352,49.30354],[6.5135,49.28549],[6.49429,49.27172],[6.48208,49.27026],[6.48065,49.25352],[6.45087,49.25109],[6.45046,49.26141],[6.47195,49.27599],[6.465,49.28771],[6.45852,49.2869]],[[6.57631,49.35239],[6.55326,49.36931],[6.55041,49.3685],[6.54584,49.33909],[6.55646,49.33708],[6.56681,49.34114],[6.57631,49.35239]]],[[[6.67698,49.38569],[6.66773,49.37644],[6.6335,49.36925],[6.62273,49.37432],[6.6192,49.39504],[6.63223,49.3981],[6.64628,49.39744],[6.6741,49.39028],[6.67698,49.38569]]],[[[6.85901,49.39098],[6.8202,49.41227],[6.86797,49.46101],[6.88811,49.42986],[6.85901,49.39098]]],[[[6.57065,49.49298],[6.55274,49.4878],[6.52334,49.50739],[6.5666,49.51652],[6.57065,49.49298]]]]}},{"type":"Feature","properties":{"id":"district-phalsbourg","hierarchy":"admin","place_type":"district","level":1,"settlements":7,"shared":[]},"geometry":{"type":"Polygon","coordinates":[[[7.15082,48.79244],[7.16166,48.80402],[7.17293,48.81154],[7.18915,48.81844],[7.2066,48.82982],[7.22044,48.83515],[7.23558,48.8386],[7.2568,48.84005],[7.27269,48.83872],[7.29268,48.83381],[7.30603,48.82797],[7.32364,48.81479],[7.33076,48.80532],[7.33494,48.79511],[7.33501,48.77753],[7.33092,48.7673],[7.32443,48.75843],[7.32935,48.75031],[7.33252,48.73994],[7.33256,48.72937],[7.32948,48.71898],[7.32341,48.70919],[7.31457,48.70038],[7.30331,48.69287],[7.28631,48.68572],[7.28531,48.67703],[7.28123,48.6668],[7.27422,48.65729],[7.26455,48.64887],[7.24357,48.63811],[7.22885,48.63401],[7.21322,48.6319],[7.18676,48.63295],[7.16684,48.63784],[7.14572,48.64847],[7.13216,48.66124],[7.15999,48.70465],[7.1971,48.72294],[7.19859,48.73934],[7.15082,48.79244]]]}},{"type":"Feature","properties":{"id":"district-puttelange","hierarchy":"admin","place_type":"district","level":2,"settlements":21,"shared":["diebling","hellimer"]},"geometry":{"type":"MultiPolygon","coordinates":[[[[6.79787,48.98229],[6.80628,49.00857],[6.80842,49.01085],[6.82292,49.01292],[6.84472,48.99157],[6.84097,48.98583],[6.8115,48.97894],[6.79787,48.98229]]],[[[6.91945,49.01087],[6.91079,49.03103],[6.86647,49.04712],[6.90237,49.06321],[6.8909,49.08121],[6.87029,49.08519],[6.86161,49.04717],[6.85382,49.04483],[6.82847,49.05248],[6.80226,49.07548],[6.82446,49.08968],[6.84959,49.09446],[6.86179,49.09278],[6.88954,49.11107],[6.91004,49.11162],[6.91412,49.11584],[6.95173,49.11748],[6.95372,49.12216],[6.98562,49.12941],[6.99504,49.12115],[7.02394,49.11247],[7.02578,49.09342],[7.01688,49.08236],[6.97754,49.08264],[6.95335,49.05891],[6.95371,49.0575],[7.02554,49.03655],[7.02143,49.0336],[7.01046,49.01702],[6.99079,49.00511],[6.96127,48.97679],[6.93749,48.98298],[6.91705,49.00171],[6.91945,49.01087]]]]}},{"type":"Feature","properties":{"id":"district-raon-l-etape","hierarchy":"admin","place_type":"district","level":3,"settlements":4,"shared":["raon-l-etape"]},"geometry":{"type":"Polygon","coordinates":[[[6.81824,48.37742],[6.7661,48.38182],[6.76057,48.39184],[6.81478,48.45717],[6.82279,48.45889],[6.84073,48.45862],[6.87708,48.46509],[6.94044,48.41998],[6.93577,48.41041],[6.89577,48.3967],[6.86905,48.40248],[6.85071,48.39259],[6.83429,48.38137],[6.81824,48.37742]]]}},{"type":"Feature","properties":{"id":"district-saargau","hierarchy":"admin","place_type":"district","level":2,"settlements":16,"shared":["bettingen","mondorf","wehingen"]},"geometry":{"type":"MultiPolygon","coordinates":[[[[6.51314,49.39709],[6.48413,49.42395],[6.49112,49.42531],[6.51958,49.4191],[6.51314,49.39709]]],[[[6.55201,49.43335],[6.54176,49.43335],[6.53666,49.43075],[6.51018,49.43537],[6.50399,49.44998],[6.48217,49.45427],[6.47904,49.45336],[6.45175,49.46768],[6.48241,49.48825],[6.4885,49.46339],[6.52216,49.47461],[6.53575,49.46625],[6.54599,49.46743],[6.55323,49.4701],[6.56719,49.4703],[6.58438,49.4816],[6.59433,49.48022],[6.60178,49.4663],[6.6147,49.46216],[6.63256,49.46151],[6.62626,49.44999],[6.62839,49.4322],[6.61187,49.42778],[6.6192,49.39504],[6.59916,49.39601],[6.57984,49.41036],[6.56666,49.41168],[6.55201,49.43335]]],[[[6.86797,49.46101],[6.88811,49.42986],[6.85901,49.39098],[6.8202,49.41227],[6.86797,49.46101]]],[[[6.69354,49.55971],[6.67728,49.55958],[6.6613,49.56151],[6.64621,49.56543],[6.63258,49.57119],[6.62093,49.57857],[6.61173,49.58729],[6.60531,49.597],[6.60193,49.60735],[6.60172,49.61792],[6.6047,49.62832],[6.61073,49.63814],[6.61961,49.64701],[6.63098,49.65459],[6.64441,49.66058],[6.65939,49.66475],[6.67533,49.66695],[6.69162,49.66708],[6.70763,49.66514],[6.72276,49.66121],[6.7364,49.65544],[6.74804,49.64805],[6.75724,49.63932],[6.76363,49.6296],[6.76697,49.61925],[6.76715,49.60868],[6.76414,49.59828],[6.75808,49.58847],[6.72476,49.5662],[6.70945,49.5619],[6.69354,49.55971]]]]}},{"type":"Feature","properties":{"id":"district-saint-hippolyte","hierarchy":"admin","place_type":"district","level":1,"settlements":1,"shared":[]},"geometry":{"type":"Polygon","coordinates":[[[7.35154,48.27622],[7.40487,48.28117],[7.4186,48.2759],[7.43401,48.26629],[7.44282,48.2575],[7.45027,48.24432],[7.45235,48.23383],[7.45133,48.22327],[7.44725,48.21305],[7.44027,48.20355],[7.43066,48.19514],[7.41878,48.18815],[7.4051,48.18283],[7.39013,48.17941],[7.36919,48.17799],[7.35351,48.17934],[7.33852,48.18271],[7.32481,48.18797],[7.3094,48.19756],[7.30057,48.20634],[7.29636,48.2217],[7.35154,48.27622]]]}},{"type":"Feature","properties":{"id":"district-sarralbe","hierarchy":"admin","place_type":"district","level":1,"settlements":5,"shared":[]},"geometry":{"type":"Polygon","coordinates":[[[7.01046,49.01702],[7.02143,49.0336],[7.0369,49.04181],[7.07084,49.03671],[7.10021,49.00594],[7.11271,48.97477],[7.10162,48.96475],[7.08961,48.95773],[7.07576,48.95237],[7.05796,48.94855],[7.03877,48.94132],[6.96456,48.97402],[6.96127,48.97679],[6.99079,49.00511],[7.01046,49.01702]]]}},{"type":"Feature","properties":{"id":"district-sarreck","hierarchy":"admin","place_type":"district","level":1,"settlements":10,"shared":["gosselming","nitting"]},"geometry":{"type":"MultiPolygon","coordinates":[[[[7.09913,48.64266],[7.08575,48.63171],[7.06855,48.62342],[7.04351,48.61765],[7.017,48.61752],[6.99664,48.6215],[6.98785,48.62454],[6.96817,48.63549],[6.96259,48.64029],[7.0073,48.69327],[7.10538,48.66187],[7.10909,48.65882],[7.09913,48.64266]]],[[[7.15082,48.79244],[7.19859,48.73934],[7.1971,48.72294],[7.15999,48.70465],[7.11356,48.73396],[7.07869,48.70302],[7.05773,48.71469],[7.08608,48.75156],[7.04025,48.75609],[7.01598,48.74735],[6.99917,48.75074],[6.96344,48.71653],[6.88972,48.71185],[6.88629,48.71617],[6.87919,48.73311],[6.87905,48.74369],[6.88123,48.75213],[6.94263,48.77902],[6.95934,48.83761],[6.96853,48.84091],[6.98366,48.8444],[7.00488,48.84589],[7.02077,48.84459],[7.03598,48.84127],[7.04991,48.83605],[7.06376,48.82783],[7.086,48.82564],[7.10993,48.81797],[7.12885,48.80562],[7.13944,48.79241],[7.15082,48.79244]]]]}},{"type":"Feature","properties":{"id":"district-soultzbach","hierarchy":"admin","place_type":"district","level":1,"settlements":3,"shared":[]},"geometry":{"type":"Polygon","coordinates":[[[7.27282,48.00935],[7.25956,47.99842],[7.24255,47.99016],[7.2178,47.98443],[7.19162,47.98434],[7.17152,47.98835],[7.15366,47.99573],[7.1363,48.00888],[7.12926,48.01834],[7.12439,48.03205],[7.12496,48.04614],[7.12897,48.05638],[7.14196,48.07166],[7.15752,48.08149],[7.16347,48.0948],[7.1713,48.104],[7.18166,48.11199],[7.19414,48.11848],[7.20828,48.12321],[7.22352,48.126],[7.23927,48.12674],[7.25494,48.12541],[7.26991,48.12205],[7.28361,48.11679],[7.29551,48.10985],[7.30516,48.10148],[7.31218,48.092],[7.31631,48.08179],[7.31738,48.07123],[7.31536,48.06074],[7.3054,48.04446],[7.29584,48.03604],[7.28372,48.0289],[7.27282,48.00935]]]}},{"type":"Feature","properties":{"id":"district-spitzemberg","hierarchy":"admin","place_type":"district","level":1,"settlements":3,"shared":["nayemont-lez-fosses"]},"geometry":{"type":"Polygon","coordinates":[[[7.01806,48.31316],[7.03013,48.3199],[7.06111,48.31018],[7.05739,48.30307],[7.04182,48.29284],[7.03272,48.29376],[7.02964,48.29509],[7.01806,48.31316]]]}},{"type":"Feature","properties":{"id":"duchy-lorraine","hierarchy":"admin","place_type":"duchy","level":0,"settlements":1888,"shared":["archettes","athienville","aubripaire","aydoilles","azerailles","bains-les-bains","bainville-aux-saules","bamont","bassing","battexey","bayecourt","bayonville-sur-mad","bellegney-devant-dompaire","belmont-sur-buttant","bettingen","bietzen","biffontaine","biringen","bising","blainville-sur-reau","blemerey","blenod-les-pont-a-mousson","bockange","bocquegney","boulier","bouxieres-aux-bois","bouzemont","braconeelle","brouvelieures","bulgneville","chamagne","charmois-devant-bruyeres","charniois-rorgueilicux","chef-haut","chemery","chonville","circourt","clefcy","colmen","combrimont","conde","contramoulin","cutting","cuvry","damas-aux-bois","derbamont","destord","deuxnouds-aux-bois","diebling","domevre-sur-durbion","domevre-sur-vezouze","domfaing","domjevin","dompierre","dourd-hal","drogny","eimersdorf","einu-ciller-cl-enweillcr","eisweiler","evendorff","ferdrupt","filstroff","flin","fomerey","fontenay","fouchifol","franould","freistroff","fremifontaine","froville","gelacourt","gemainfaing","gerbamont","geromenil","gigney","girecourt-sur-durbion","giriviller","gorhey","gosselming","grandvillers","granges-sur-vologne","gudesweiler","guenviller","guerstling","guirlange","hagecourt","hahnweiler","halstroff","harlingen","hellimer","hennecourt","herbaupaire","holling","houdelmont","insming","jevoncourt","jezainville","jorxey","kerling-les-sierck","la-caefiee-sue","la-neuveville-sous-montfort","la-pariee","la-poirie-dommarlin","la-prclle","la-roche","la-trouchc","la-verpelliere","lamath","laveline","laveline-devant-bruyeres","laycgotttlc","le-menil-harol","le-vie","lebeuville","lemestroff","lepangc","les-ainias","les-poulieres","lesseux","loudrefing","lusse","maizey","marainville-sur-madon","megange","memenil","merchingen","merschweiller","mondorf","monneren","montzey","mortagne","moussoux","naimont","nayemont-lez-fosses","neuviller-sur-moselle","neuvillers-sur-fave","niedaltdorf","nitting","nonzeville","northen","oberesch","oberkirchen","oberleuken","parey-saint-cesaire","parfondrupt","pecaviller","piblange","planois","plombieres-les-bains","provencheres-sur-fave","pubas","quebrux","racrange","ramecourt","rancourt","raon-aux-bois","raon-l-etape","regnieville","rehaupal","relincourt","renauvoid","rochesson","roden","rouvres-en-xaintois","rozelieures","sachemont","sadey","saint-ame","saint-aubin-sur-aire","saint-die-des-vosges","saint-etienne-les-remiremont","saint-germain","saint-leonard","saint-maurice-sur-moselle","saint-remy-aux-bois","sainte-marguerite","sanzey","scarupt","senonville","sierck","sotzeling","sotzweiler","spada","sur-la-cote","tatignecourt","teterchen","theley","uzemain-les-forges","valdweistroff","vanifosse","velving","vichibure","vieville","vigneulies-les-hatloncliatcl-ch-l-de-canton","villacourt","villoncourt","vimenil","vincey","vomecourl","waldeck","wehingen","wisembach","wochern","xousse","zainvillers","zeurange"]},"geometry":{"type":"MultiPolygon","coordinates":[[[[5.77764,48.14701],[5.73286,48.18647],[5.71659,48.19099],[5.63425,48.17479],[5.61966,48.17927],[5.60305,48.18791],[5.59311,48.19613],[5.58393,48.2088],[5.58044,48.21912],[5.58004,48.22969],[5.58273,48.24012],[5.58841,48.25],[5.59687,48.25895],[5.60778,48.26663],[5.62073,48.27274],[5.6339,48.27673],[5.62865,48.29026],[5.62965,48.30757],[5.62042,48.31437],[5.61215,48.32339],[5.60667,48.33331],[5.6042,48.34376],[5.60484,48.35433],[5.61252,48.37709],[5.61822,48.38697],[5.62708,48.39622],[5.62151,48.40626],[5.61904,48.4167],[5.62134,48.43283],[5.61682,48.44765],[5.61836,48.46171],[5.62785,48.47812],[5.63722,48.48668],[5.64891,48.49387],[5.66735,48.50083],[5.68261,48.50383],[5.69729,48.50477],[5.71695,48.51134],[5.70626,48.52234],[5.69962,48.53571],[5.69819,48.54624],[5.70114,48.5602],[5.70943,48.57317],[5.72249,48.58429],[5.73945,48.59278],[5.76223,48.59853],[5.75928,48.61144],[5.85121,48.63175],[5.86438,48.60246],[5.89623,48.61695],[5.92968,48.60506],[5.96177,48.61484],[5.98021,48.61652],[5.93878,48.66965],[5.93558,48.67071],[5.91455,48.7068],[5.94443,48.71526],[5.94869,48.71866],[5.96154,48.75331],[5.90812,48.75745],[5.90172,48.76263],[5.85438,48.74864],[5.86686,48.72365],[5.82723,48.70762],[5.80983,48.72958],[5.777,48.75138],[5.77279,48.75239],[5.73704,48.7235],[5.72401,48.70133],[5.71568,48.6958],[5.70182,48.68943],[5.70106,48.68159],[5.6973,48.6713],[5.69059,48.6617],[5.68119,48.65314],[5.66945,48.64597],[5.65583,48.64044],[5.63013,48.63543],[5.62736,48.62408],[5.62163,48.6142],[5.61311,48.60525],[5.60212,48.59757],[5.57953,48.58837],[5.55368,48.58447],[5.53251,48.58546],[5.51126,48.59048],[5.49533,48.59156],[5.48301,48.59394],[5.4599,48.58842],[5.43341,48.58791],[5.41791,48.59035],[5.40493,48.5942],[5.38602,48.59772],[5.36768,48.60479],[5.34963,48.61765],[5.33878,48.63368],[5.33627,48.65118],[5.33893,48.66161],[5.343,48.66917],[5.3277,48.67619],[5.31373,48.68679],[5.30439,48.69944],[5.3003,48.71326],[5.30087,48.72383],[5.30455,48.73413],[5.31119,48.74375],[5.32055,48.75234],[5.33226,48.75956],[5.34588,48.76512],[5.36087,48.76882],[5.37667,48.77052],[5.40312,48.76875],[5.41807,48.76499],[5.43033,48.75999],[5.45354,48.76014],[5.47409,48.75644],[5.48816,48.75142],[5.50046,48.74467],[5.51054,48.73647],[5.51697,48.72862],[5.53338,48.72383],[5.54955,48.7156],[5.5552,48.72131],[5.54584,48.73776],[5.52776,48.7388],[5.51248,48.74192],[5.49842,48.74695],[5.48612,48.7537],[5.47075,48.76803],[5.46316,48.78487],[5.46327,48.79895],[5.47277,48.82254],[5.48695,48.83743],[5.50328,48.84675],[5.50973,48.85862],[5.52318,48.87134],[5.50586,48.8709],[5.48494,48.87371],[5.44843,48.88532],[5.43544,48.89151],[5.42452,48.89925],[5.41393,48.91147],[5.40849,48.92509],[5.40858,48.93917],[5.41229,48.94947],[5.41734,48.95708],[5.41799,48.96642],[5.42171,48.97671],[5.43441,48.99218],[5.44545,48.99988],[5.45856,49.00601],[5.47324,49.01033],[5.48607,49.01239],[5.50041,49.025],[5.52134,49.03487],[5.51937,49.04566],[5.53987,49.07746],[5.53383,49.09059],[5.59946,49.15267],[5.61111,49.15891],[5.59309,49.19942],[5.6015,49.21254],[5.61867,49.22606],[5.63663,49.23382],[5.65705,49.23826],[5.68029,49.23897],[5.67723,49.25387],[5.68105,49.27345],[5.66611,49.28126],[5.65595,49.28948],[5.64843,49.29884],[5.64301,49.31246],[5.64259,49.32303],[5.64534,49.33346],[5.65663,49.34942],[5.67517,49.36217],[5.69393,49.36913],[5.7148,49.37268],[5.73305,49.3728],[5.75554,49.37909],[5.77552,49.38079],[5.79,49.38665],[5.81049,49.39106],[5.82663,49.39201],[5.848,49.39005],[5.86784,49.38454],[5.88091,49.3783],[5.89496,49.36762],[5.90581,49.35155],[5.90839,49.33757],[5.90534,49.3236],[5.91516,49.31985],[5.92755,49.31306],[5.93767,49.30482],[5.94513,49.29544],[5.95047,49.2818],[5.94952,49.26509],[5.97285,49.26007],[5.99232,49.25104],[5.99519,49.23698],[6.04413,49.19455],[6.02141,49.17854],[5.97106,49.18121],[5.98017,49.1556],[5.95995,49.1263],[5.93894,49.12106],[5.93756,49.0785],[5.94617,49.07152],[5.94935,49.04547],[5.99034,49.03471],[6.01444,49.03254],[6.05096,49.0082],[6.06905,49.01175],[6.07908,48.99821],[6.08056,48.99075],[6.124,48.97852],[6.13323,48.95275],[6.1665,48.95187],[6.18813,48.96446],[6.18879,48.97877],[6.19578,48.99236],[6.22252,49.0004],[6.23478,48.99722],[6.25932,48.96571],[6.29992,48.95365],[6.30075,48.95009],[6.30562,48.94682],[6.31488,48.94934],[6.31539,48.96165],[6.30839,48.98357],[6.3159,49.023],[6.34147,49.03238],[6.35845,49.03248],[6.3661,49.06364],[6.36887,49.06656],[6.34115,49.0785],[6.33716,49.08778],[6.31592,49.08891],[6.31039,49.09047],[6.31126,49.10315],[6.32401,49.10652],[6.33598,49.12155],[6.35749,49.10657],[6.41007,49.11375],[6.40697,49.11665],[6.35561,49.13708],[6.35818,49.151],[6.3944,49.1598],[6.39755,49.16341],[6.39987,49.17853],[6.37122,49.19395],[6.36721,49.20515],[6.33364,49.21556],[6.32978,49.23008],[6.28977,49.26306],[6.2864,49.26326],[6.26635,49.27215],[6.24316,49.28821],[6.22616,49.30425],[6.23035,49.31615],[6.23725,49.32572],[6.25063,49.33677],[6.26495,49.34401],[6.25255,49.3564],[6.2403,49.36236],[6.22941,49.37018],[6.21891,49.38247],[6.21318,49.39965],[6.2149,49.41365],[6.21395,49.42709],[6.22046,49.44415],[6.23504,49.45894],[6.2515,49.46807],[6.26878,49.47359],[6.27726,49.48384],[6.28775,49.49191],[6.30046,49.4985],[6.31211,49.50255],[6.30074,49.518],[6.29627,49.52816],[6.29494,49.5387],[6.2981,49.55263],[6.30812,49.56872],[6.32158,49.57976],[6.33898,49.58816],[6.36072,49.59357],[6.35502,49.60015],[6.34954,49.6101],[6.34715,49.62056],[6.34795,49.63112],[6.35391,49.64467],[6.36227,49.6543],[6.36407,49.6639],[6.36906,49.67397],[6.37698,49.68321],[6.38753,49.69128],[6.40031,49.69785],[6.41482,49.70268],[6.4305,49.70558],[6.44676,49.70644],[6.46295,49.70522],[6.47847,49.70198],[6.4927,49.69683],[6.50983,49.68747],[6.51993,49.67917],[6.52734,49.66976],[6.53178,49.65958],[6.53307,49.64904],[6.52815,49.63176],[6.52116,49.6222],[6.51187,49.61406],[6.50643,49.60206],[6.52654,49.59543],[6.54497,49.58395],[6.55839,49.58281],[6.57385,49.57956],[6.59652,49.56999],[6.61047,49.55923],[6.62011,49.54541],[6.64897,49.53383],[6.66395,49.52367],[6.67224,49.51458],[6.67835,49.50241],[6.68279,49.49725],[6.70358,49.50498],[6.71921,49.50784],[6.73145,49.50863],[6.72066,49.52128],[6.7151,49.53848],[6.71698,49.55251],[6.72477,49.56621],[6.70945,49.5619],[6.68813,49.55944],[6.66656,49.56064],[6.64621,49.56543],[6.62845,49.57349],[6.6145,49.58425],[6.60531,49.597],[6.60151,49.61086],[6.6047,49.62832],[6.61635,49.64418],[6.63525,49.65678],[6.64926,49.66218],[6.66462,49.66571],[6.68619,49.66726],[6.7128,49.66405],[6.73205,49.65756],[6.7514,49.64527],[6.76183,49.63293],[6.76739,49.61573],[6.76549,49.6017],[6.75768,49.58801],[6.77825,49.59326],[6.80553,49.59458],[6.80922,49.60359],[6.81627,49.61313],[6.83391,49.62646],[6.85721,49.63541],[6.8837,49.639],[6.91056,49.63688],[6.93478,49.62931],[6.95147,49.62802],[6.96693,49.62471],[6.98343,49.61835],[7.0086,49.61174],[7.02158,49.60537],[7.03061,49.59896],[7.04201,49.60135],[7.05813,49.60281],[7.07437,49.60219],[7.09011,49.59952],[7.10928,49.59297],[7.12586,49.58283],[7.13922,49.592],[7.15269,49.59793],[7.16769,49.60204],[7.18363,49.60416],[7.19991,49.60422],[7.2167,49.60203],[7.23447,49.60538],[7.25612,49.60591],[7.27725,49.60278],[7.29639,49.59619],[7.31557,49.58381],[7.32375,49.57467],[7.32891,49.56493],[7.34925,49.5559],[7.36302,49.54505],[7.372,49.53224],[7.37559,49.51482],[7.37351,49.50433],[7.36833,49.4943],[7.3534,49.47965],[7.34123,49.47265],[7.3272,49.46733],[7.31186,49.4639],[7.29493,49.46171],[7.30648,49.45229],[7.3137,49.44282],[7.31794,49.43262],[7.31905,49.42207],[7.31561,49.40816],[7.30945,49.39837],[7.3005,49.38956],[7.28908,49.38205],[7.26582,49.37319],[7.24484,49.36993],[7.21798,49.371],[7.19307,49.37764],[7.17274,49.38915],[7.16125,49.40107],[7.15414,49.41802],[7.15521,49.4337],[7.13717,49.4263],[7.12134,49.42277],[7.10692,49.41088],[7.08509,49.40117],[7.09558,49.38697],[7.09926,49.36956],[7.09417,49.35229],[7.0871,49.34278],[7.08024,49.33654],[7.00316,49.31771],[6.98277,49.31639],[6.96662,49.31699],[6.95096,49.31964],[6.93639,49.32423],[6.92347,49.3306],[6.9127,49.33848],[6.90449,49.34759],[6.89915,49.35758],[6.89688,49.36925],[6.88236,49.37306],[6.88711,49.36001],[6.88727,49.34962],[6.89273,49.34316],[6.89806,49.33318],[6.90434,49.31598],[6.90554,49.30544],[6.90222,49.29152],[6.89616,49.28171],[6.8873,49.27286],[6.87435,49.26448],[6.87707,49.26407],[6.89178,49.21185],[6.88962,49.20827],[6.91679,49.18497],[6.93205,49.18442],[6.94027,49.18561],[6.94365,49.18783],[6.95565,49.21322],[6.96491,49.21939],[7.00188,49.20621],[7.01406,49.20606],[7.02285,49.20926],[7.06255,49.24162],[7.11724,49.24078],[7.11957,49.23946],[7.13029,49.23156],[7.14052,49.21918],[7.14552,49.20548],[7.14543,49.19401],[7.16234,49.1821],[7.17214,49.19058],[7.18422,49.19759],[7.19816,49.20293],[7.21738,49.20692],[7.22726,49.21704],[7.24289,49.22672],[7.26182,49.23342],[7.2774,49.2362],[7.30424,49.23627],[7.32483,49.23224],[7.33884,49.22698],[7.36976,49.21083],[7.38384,49.21237],[7.39461,49.21941],[7.40802,49.22531],[7.43341,49.231],[7.46024,49.23103],[7.47585,49.22831],[7.48732,49.22478],[7.49422,49.2324],[7.50259,49.23887],[7.49845,49.24721],[7.49633,49.25769],[7.49982,49.27513],[7.50869,49.28796],[7.51853,49.29636],[7.53068,49.30334],[7.54469,49.30864],[7.56,49.31204],[7.57817,49.31343],[7.59338,49.32267],[7.60739,49.32796],[7.62272,49.33136],[7.63876,49.33273],[7.6602,49.33134],[7.68036,49.32636],[7.69784,49.31814],[7.71147,49.30724],[7.7217,49.29099],[7.72485,49.26997],[7.74195,49.26552],[7.75941,49.25729],[7.77002,49.24932],[7.7801,49.23688],[7.78423,49.22666],[7.78524,49.2161],[7.78308,49.20562],[7.77785,49.19561],[7.76974,49.18646],[7.75907,49.17852],[7.74625,49.1721],[7.73297,49.16777],[7.7309,49.15796],[7.72568,49.14795],[7.71759,49.1388],[7.70694,49.13085],[7.69413,49.12443],[7.67967,49.11976],[7.6641,49.11703],[7.64435,49.11651],[7.64328,49.10731],[7.63945,49.09779],[7.65261,49.08835],[7.66269,49.07592],[7.66752,49.0622],[7.66678,49.04812],[7.65815,49.03148],[7.64443,49.01923],[7.64702,49.01014],[7.647,48.99956],[7.64005,48.98258],[7.6252,48.96797],[7.60401,48.95727],[7.57873,48.95162],[7.56271,48.95093],[7.55127,48.95172],[7.53075,48.94143],[7.51075,48.93646],[7.48948,48.93506],[7.46842,48.93733],[7.45415,48.9234],[7.43765,48.91445],[7.41821,48.9086],[7.39178,48.90626],[7.37587,48.90762],[7.36067,48.91099],[7.33846,48.92071],[7.32785,48.92864],[7.31772,48.94104],[7.31352,48.95124],[7.31248,48.96248],[7.30019,48.96592],[7.2868,48.97177],[7.26956,48.98451],[7.24501,48.98356],[7.22595,48.9863],[7.18893,48.97208],[7.16318,48.96744],[7.13653,48.96848],[7.1127,48.97477],[7.10162,48.96475],[7.08961,48.95773],[7.07576,48.95237],[7.05796,48.94855],[7.03876,48.94132],[7.03679,48.92905],[7.0294,48.91583],[7.02057,48.90699],[7.00509,48.89727],[6.99126,48.89191],[6.97611,48.88843],[6.96023,48.88696],[6.93984,48.88811],[6.95096,48.87781],[6.95863,48.86467],[6.96084,48.85419],[6.95827,48.83851],[6.95933,48.83761],[6.9785,48.84345],[6.99419,48.8456],[7.01552,48.84525],[7.03103,48.84259],[7.04991,48.83605],[7.06376,48.82783],[7.086,48.82564],[7.10993,48.81797],[7.12885,48.80562],[7.13944,48.79241],[7.15081,48.79243],[7.16517,48.80668],[7.17715,48.8137],[7.18915,48.81844],[7.20237,48.82765],[7.21565,48.83358],[7.23558,48.8386],[7.2568,48.84005],[7.27786,48.83782],[7.29732,48.83205],[7.31739,48.82051],[7.33076,48.80532],[7.33565,48.79161],[7.33399,48.77406],[7.32443,48.75843],[7.32935,48.75031],[7.33252,48.73994],[7.33085,48.7224],[7.32341,48.70919],[7.31457,48.70038],[7.30331,48.69287],[7.28631,48.68572],[7.28429,48.67357],[7.27687,48.66036],[7.26805,48.65154],[7.25259,48.64186],[7.23389,48.63516],[7.2185,48.63237],[7.20258,48.63163],[7.18676,48.63295],[7.16684,48.63784],[7.15353,48.64367],[7.14219,48.65111],[7.1322,48.66125],[7.1091,48.65884],[7.10176,48.64573],[7.09298,48.63689],[7.07756,48.62719],[7.06379,48.62184],[7.04872,48.61836],[7.0276,48.61688],[7.01177,48.61818],[6.99664,48.6215],[6.98785,48.62454],[6.96817,48.63549],[6.9626,48.64029],[6.93856,48.6435],[6.91974,48.65003],[6.90766,48.65693],[6.89783,48.66527],[6.89065,48.67471],[6.88565,48.6884],[6.88551,48.69898],[6.88973,48.71185],[6.88245,48.72276],[6.87919,48.73311],[6.87905,48.74369],[6.88127,48.75212],[6.87267,48.75334],[6.86551,48.74337],[6.85589,48.73491],[6.84397,48.72786],[6.8302,48.72247],[6.81512,48.71897],[6.7993,48.71748],[6.78334,48.71806],[6.77162,48.71987],[6.76084,48.71582],[6.74751,48.71263],[6.76457,48.70989],[6.78463,48.70279],[6.80294,48.70475],[6.81889,48.70416],[6.83436,48.70153],[6.84876,48.69695],[6.86532,48.68812],[6.87515,48.67979],[6.88234,48.67035],[6.89196,48.64912],[6.90991,48.64707],[6.92466,48.64313],[6.89951,48.57194],[6.93222,48.55482],[7.00715,48.58306],[7.02047,48.57801],[7.03252,48.57109],[7.0423,48.56275],[7.04944,48.55329],[7.05366,48.54309],[7.0548,48.53254],[7.04981,48.51527],[7.03673,48.49998],[7.02555,48.49244],[7.01591,48.48787],[7.0257,48.47581],[7.02992,48.46561],[7.03075,48.45153],[7.02716,48.43994],[6.94044,48.41998],[6.93577,48.41041],[6.94507,48.39225],[6.99133,48.37393],[7.00951,48.37945],[7.01929,48.38639],[7.04831,48.42598],[7.06565,48.42543],[7.08102,48.42277],[7.09974,48.41621],[7.11851,48.40385],[7.1303,48.38813],[7.13388,48.37155],[7.136,48.36959],[7.15392,48.37063],[7.17478,48.36841],[7.19407,48.36267],[7.21046,48.35379],[7.22017,48.34542],[7.22724,48.33596],[7.23141,48.32575],[7.2325,48.31633],[7.23567,48.31617],[7.25377,48.32266],[7.26957,48.32548],[7.27449,48.34133],[7.28439,48.35379],[7.29878,48.36411],[7.31669,48.37159],[7.33171,48.37503],[7.35274,48.37646],[7.3736,48.3742],[7.39287,48.36842],[7.40547,48.362],[7.41595,48.35406],[7.42593,48.34165],[7.43006,48.33144],[7.43078,48.31735],[7.42601,48.30362],[7.41609,48.29118],[7.40304,48.28167],[7.4186,48.2759],[7.43052,48.26894],[7.44018,48.26056],[7.4489,48.24773],[7.452,48.23736],[7.45133,48.22327],[7.44524,48.20978],[7.43734,48.20061],[7.42296,48.1903],[7.4051,48.18283],[7.38496,48.17871],[7.36392,48.17821],[7.3434,48.18136],[7.32481,48.18797],[7.3094,48.19756],[7.30049,48.20645],[7.29783,48.19801],[7.29182,48.18821],[7.27589,48.17422],[7.26338,48.16774],[7.24923,48.16302],[7.22349,48.15951],[7.19743,48.16171],[7.17382,48.16941],[7.15516,48.18177],[7.14718,48.19091],[7.14195,48.20053],[7.13122,48.19508],[7.11669,48.19025],[7.10518,48.18102],[7.10313,48.17342],[7.10639,48.16021],[7.10545,48.14964],[7.10144,48.1394],[7.09167,48.12697],[7.10054,48.1141],[7.10408,48.10021],[7.10213,48.08618],[7.09484,48.07296],[7.08615,48.06412],[7.0709,48.05441],[7.05244,48.04768],[7.03202,48.04438],[7.01103,48.04474],[6.99089,48.04872],[6.97298,48.05607],[6.95854,48.06624],[6.95216,48.05039],[6.94058,48.03787],[6.95085,48.02531],[6.95577,48.01161],[6.95588,48.00103],[6.95292,47.99063],[6.947,47.98082],[6.94015,47.97357],[6.94076,47.96873],[6.95054,47.95302],[6.95275,47.939],[6.95081,47.9285],[6.94586,47.91845],[6.9381,47.90924],[6.92974,47.90253],[6.93263,47.89485],[6.93378,47.88429],[6.92888,47.86701],[6.91916,47.85453],[6.90889,47.84651],[6.90034,47.84174],[6.89229,47.82972],[6.87916,47.81875],[6.86679,47.81222],[6.85277,47.80745],[6.82723,47.80385],[6.80641,47.80508],[6.7915,47.80838],[6.77365,47.81569],[6.76024,47.82498],[6.74557,47.82967],[6.72982,47.83812],[6.70739,47.84224],[6.6937,47.84742],[6.68269,47.8537],[6.66291,47.85668],[6.64874,47.86125],[6.63241,47.87005],[6.62061,47.88073],[6.60487,47.88927],[6.59409,47.89877],[6.58595,47.88878],[6.57574,47.88073],[6.56339,47.87417],[6.54443,47.86818],[6.52906,47.86597],[6.51335,47.86582],[6.4979,47.86773],[6.48067,47.87263],[6.47402,47.86057],[6.46206,47.84899],[6.4504,47.84189],[6.43209,47.83506],[6.4118,47.83164],[6.3961,47.83147],[6.38065,47.83337],[6.36147,47.83898],[6.3451,47.84774],[6.33265,47.85905],[6.32498,47.87215],[6.3226,47.88615],[6.32569,47.90009],[6.33688,47.916],[6.35508,47.92864],[6.37565,47.93603],[6.36651,47.94735],[6.36144,47.96102],[6.36181,47.97511],[6.36749,47.98848],[6.35169,47.98458],[6.33856,47.98316],[6.32967,47.97183],[6.3148,47.96096],[6.30811,47.94874],[6.29618,47.93714],[6.2802,47.92801],[6.25621,47.92099],[6.2354,47.91936],[6.21697,47.92102],[6.20318,47.9197],[6.17489,47.91936],[6.15926,47.92054],[6.14428,47.92374],[6.13051,47.92886],[6.11849,47.93567],[6.10956,47.94309],[6.09853,47.93252],[6.08689,47.92538],[6.06861,47.91849],[6.05349,47.91554],[6.03782,47.91463],[6.02219,47.91579],[5.99933,47.92162],[5.98084,47.92273],[5.96109,47.92741],[5.94652,47.93383],[5.92983,47.93882],[5.91714,47.94507],[5.90351,47.95576],[5.89445,47.96846],[5.89105,47.97879],[5.89071,47.98936],[5.89345,47.99979],[5.89842,48.00858],[5.89237,48.02351],[5.89261,48.0376],[5.9005,48.05438],[5.91246,48.06608],[5.90995,48.07499],[5.8992,48.07853],[5.88647,48.08478],[5.87581,48.09257],[5.86762,48.10161],[5.86028,48.11849],[5.8613,48.13558],[5.85003,48.13985],[5.83721,48.14715],[5.81168,48.14334],[5.78558,48.14521],[5.77764,48.14701]],[[6.42779,48.89542],[6.4232,48.89738],[6.42272,48.89274],[6.43124,48.89348],[6.42779,48.89542]],[[6.4134,48.807],[6.41018,48.78578],[6.41653,48.778],[6.44734,48.76353],[6.44442,48.73085],[6.45769,48.72504],[6.50485,48.73644],[6.5208,48.75551],[6.57168,48.71853],[6.60782,48.72123],[6.6048,48.7672],[6.59285,48.77087],[6.58248,48.78873],[6.58863,48.81635],[6.54682,48.82491],[6.52947,48.80165],[6.53305,48.79221],[6.51822,48.76145],[6.48295,48.76906],[6.47408,48.80334],[6.49745,48.80722],[6.49612,48.8282],[6.46931,48.83914],[6.44516,48.81271],[6.4134,48.807]],[[6.07824,48.77518],[6.02325,48.76446],[6.03566,48.73561],[6.07873,48.71252],[6.09083,48.70797],[6.09425,48.71007],[6.10642,48.72391],[6.09332,48.76143],[6.08678,48.77198],[6.07824,48.77518]],[[6.19136,48.03312],[6.18661,48.02689],[6.19231,48.02736],[6.20061,48.03598],[6.21193,48.0438],[6.19489,48.03977],[6.19136,48.03312]],[[5.86234,48.47514],[5.86355,48.47381],[5.86435,48.47815],[5.85532,48.48125],[5.86234,48.47514]],[[5.57189,48.88827],[5.57138,48.88791],[5.5714,48.88791],[5.57189,48.88827]],[[5.68295,48.90086],[5.68514,48.90238],[5.68468,48.90216],[5.68295,48.90086]],[[6.23899,48.05387],[6.24044,48.05415],[6.23726,48.05499],[6.23292,48.05236],[6.23899,48.05387]],[[6.81956,48.45829],[6.82279,48.45889],[6.81271,48.46153],[6.81475,48.45716],[6.81956,48.45829]],[[6.74845,48.38999],[6.70158,48.41216],[6.73585,48.46245],[6.71502,48.46777],[6.68731,48.45572],[6.67888,48.41861],[6.63194,48.41537],[6.62476,48.37492],[6.62137,48.37304],[6.5975,48.32553],[6.6029,48.32417],[6.6596,48.34006],[6.66286,48.33795],[6.67694,48.31564],[6.66643,48.30876],[6.6768,48.2841],[6.71976,48.28086],[6.75493,48.31762],[6.75866,48.33634],[6.75553,48.3532],[6.75588,48.37167],[6.76611,48.38182],[6.76059,48.39184],[6.74845,48.38999]],[[6.79127,48.08298],[6.77966,48.076],[6.79832,48.07558],[6.80005,48.08395],[6.80416,48.09264],[6.80149,48.0923],[6.79127,48.08298]]],[[[5.47761,48.28825],[5.46185,48.28933],[5.44671,48.29244],[5.43277,48.29746],[5.42056,48.3042],[5.41057,48.3124],[5.40316,48.32175],[5.39862,48.33188],[5.39714,48.34242],[5.39877,48.35294],[5.40345,48.36305],[5.41099,48.37237],[5.42112,48.38052],[5.43345,48.38721],[5.44749,48.39216],[5.46271,48.39519],[5.47852,48.39619],[5.49432,48.3951],[5.50949,48.39199],[5.52344,48.38696],[5.53565,48.38021],[5.54565,48.372],[5.55304,48.36264],[5.55754,48.3525],[5.55899,48.34197],[5.55733,48.33144],[5.55262,48.32134],[5.54506,48.31203],[5.53492,48.30389],[5.5226,48.29721],[5.50858,48.29227],[5.49339,48.28924],[5.47761,48.28825]]],[[[5.76388,48.67949],[5.81904,48.69652],[5.85885,48.67157],[5.85806,48.66608],[5.76388,48.67949]]],[[[5.45153,49.00346],[5.43686,48.99913],[5.42119,48.99677],[5.40512,48.99645],[5.38927,48.99821],[5.36498,49.0055],[5.36057,49.0076],[5.37254,49.05733],[5.41389,49.06119],[5.46603,49.04874],[5.48891,49.03378],[5.48171,49.02314],[5.47227,49.01456],[5.45153,49.00346]]],[[[5.32268,49.2102],[5.35516,49.23978],[5.36571,49.24268],[5.38288,49.22562],[5.3672,49.21492],[5.32268,49.2102]]],[[[5.36,49.38938],[5.34388,49.39044],[5.32839,49.39353],[5.31412,49.39854],[5.30162,49.40526],[5.29137,49.41344],[5.28376,49.42277],[5.27909,49.4329],[5.27754,49.44342],[5.27916,49.45394],[5.28391,49.46406],[5.29159,49.47338],[5.30192,49.48154],[5.3145,49.48824],[5.32884,49.49321],[5.34439,49.49626],[5.36056,49.49727],[5.37671,49.49621],[5.39223,49.49311],[5.40652,49.4881],[5.41903,49.48137],[5.42927,49.47317],[5.43686,49.46383],[5.4415,49.4537],[5.44302,49.44317],[5.44136,49.43265],[5.43658,49.42254],[5.42888,49.41323],[5.41854,49.40508],[5.40597,49.3984],[5.39165,49.39344],[5.37613,49.39039],[5.36,49.38938]]],[[[6.02814,49.07999],[6.0633,49.06843],[6.07464,49.04635],[6.02972,49.04486],[6.02577,49.07837],[6.02814,49.07999]]],[[[6.05673,49.11348],[6.09061,49.11563],[6.09464,49.11716],[6.10191,49.12491],[6.13007,49.1171],[6.13802,49.10427],[6.15264,49.10487],[6.1857,49.07736],[6.18425,49.07455],[6.17919,49.07266],[6.13263,49.07566],[6.11583,49.08385],[6.10881,49.08026],[6.04656,49.09096],[6.0546,49.10129],[6.05673,49.11348]]],[[[6.02272,49.38835],[6.00654,49.38881],[5.99081,49.39133],[5.97613,49.3958],[5.96306,49.40205],[5.95212,49.40984],[5.94372,49.41888],[5.93817,49.42882],[5.93571,49.43927],[5.93642,49.44983],[5.94028,49.46011],[5.94714,49.46969],[5.95674,49.47823],[5.96872,49.48537],[5.9826,49.49086],[5.99786,49.49448],[6.01391,49.49608],[6.03013,49.49562],[6.0459,49.4931],[6.0606,49.48862],[6.07367,49.48236],[6.08461,49.47455],[6.093,49.46551],[6.09852,49.45556],[6.10095,49.44511],[6.1002,49.43454],[6.09631,49.42427],[6.08943,49.4147],[6.07981,49.40617],[6.06784,49.39904],[6.05397,49.39356],[6.03874,49.38995],[6.02272,49.38835]]],[[[6.12688,49.0105],[6.12345,49.01764],[6.12962,49.03322],[6.12739,49.03773],[6.13752,49.04825],[6.1672,49.05497],[6.1767,49.03946],[6.17519,49.03021],[6.18481,49.02232],[6.17906,49.01282],[6.1482,49.00294],[6.13427,49.00199],[6.12688,49.0105]]],[[[6.12284,49.18288],[6.1318,49.17169],[6.0761,49.16937],[6.07101,49.17808],[6.10366,49.19319],[6.12284,49.18288]]],[[[6.02655,49.30903],[6.02833,49.31955],[6.03322,49.32963],[6.04103,49.3389],[6.05145,49.347],[6.06409,49.35361],[6.07847,49.35848],[6.09403,49.36143],[6.11016,49.36233],[6.12625,49.36116],[6.14168,49.35796],[6.15585,49.35286],[6.16822,49.34604],[6.1783,49.33778],[6.18572,49.32838],[6.1902,49.31822],[6.19142,49.3059],[6.10576,49.26598],[6.07197,49.26726],[6.04623,49.2734],[6.0346,49.28511],[6.02793,49.2985],[6.02655,49.30903]]],[[[6.23926,49.0739],[6.26379,49.08116],[6.282,49.07532],[6.28606,49.06257],[6.26422,49.05679],[6.23598,49.06604],[6.23926,49.0739]]],[[[7.24255,47.99016],[7.22295,47.98513],[7.20209,47.98368],[7.18138,47.9859],[7.16223,47.99165],[7.14595,48.00052],[7.13365,48.01193],[7.12615,48.02509],[7.12401,48.03557],[7.12496,48.04614],[7.12897,48.05638],[7.13587,48.06589],[7.14541,48.07433],[7.15752,48.08149],[7.16578,48.09798],[7.17795,48.10948],[7.19414,48.11848],[7.21835,48.12529],[7.234,48.12672],[7.24976,48.12608],[7.26503,48.12339],[7.27922,48.11874],[7.29178,48.11234],[7.30222,48.10441],[7.31015,48.09526],[7.31527,48.08525],[7.31705,48.06771],[7.31033,48.0507],[7.2993,48.03871],[7.28372,48.0289],[7.27543,48.01242],[7.25956,47.99842],[7.24255,47.99016]]]]}},{"type":"Feature","properties":{"id":"fief-keltern-ostern","hierarchy":"feudal","place_type":"fief","level":1,"settlements":23,"shared":[]},"geometry":{"type":"MultiPolygon","coordinates":[[[[6.99735,49.38889],[6.91719,49.37939],[6.94823,49.41476],[6.99235,49.42706],[7.00778,49.42788],[7.03208,49.41069],[6.99735,49.38889]]],[[[7.0043,49.5354],[7.03063,49.59897],[7.04201,49.60135],[7.05813,49.60281],[7.08496,49.60064],[7.10928,49.59297],[7.12586,49.58284],[7.12628,49.56783],[7.1178,49.55741],[7.12352,49.50946],[7.09558,49.51574],[7.08677,49.53696],[7.04995,49.52632],[7.04079,49.52466],[7.05682,49.49615],[7.00135,49.48544],[7.0301,49.46419],[7.00771,49.43178],[6.98027,49.45932],[6.9794,49.46378],[6.99275,49.4882],[6.97994,49.50156],[6.98085,49.52635],[7.0043,49.5354]]],[[[6.78894,49.59449],[6.80553,49.59458],[6.81125,49.60687],[6.82251,49.61891],[6.83819,49.62864],[6.85721,49.63541],[6.87828,49.63874],[6.89456,49.63884],[6.91572,49.63577],[6.93477,49.62931],[6.90559,49.57096],[6.90261,49.5678],[6.85623,49.55128],[6.86229,49.51772],[6.82775,49.49504],[6.81096,49.49152],[6.76344,49.49852],[6.73144,49.50864],[6.72279,49.51804],[6.7174,49.52801],[6.7151,49.53848],[6.71598,49.54904],[6.72001,49.55929],[6.72476,49.5662],[6.7577,49.58801],[6.77302,49.59231],[6.78894,49.59449]]],[[[7.22266,49.47381],[7.18159,49.46274],[7.17613,49.46707],[7.1639,49.48237],[7.13145,49.5062],[7.16016,49.53273],[7.16557,49.52718],[7.20187,49.51811],[7.20395,49.53871],[7.22052,49.54757],[7.21667,49.60204],[7.21877,49.6026],[7.23985,49.60586],[7.26151,49.60547],[7.28227,49.60144],[7.29639,49.59619],[7.31557,49.58381],[7.32375,49.57467],[7.32891,49.56493],[7.34084,49.56036],[7.3531,49.55342],[7.36302,49.54505],[7.37025,49.53557],[7.37521,49.52187],[7.37525,49.51129],[7.37212,49.50091],[7.36325,49.48807],[7.34958,49.47715],[7.33674,49.47068],[7.31708,49.46482],[7.29621,49.46194],[7.22266,49.47381]]]]}},{"type":"Feature","properties":{"id":"lordship-beaurains","hierarchy":"feudal","place_type":"lordship","level":1,"settlements":28,"shared":["teterchen"]},"geometry":{"type":"MultiPolygon","coordinates":[[[[6.53978,49.22645],[6.51894,49.23147],[6.52256,49.25586],[6.53842,49.26128],[6.55423,49.25766],[6.57234,49.2695],[6.57567,49.28036],[6.5753,49.2925],[6.56631,49.29695],[6.5634,49.31396],[6.55646,49.33708],[6.56681,49.34114],[6.59454,49.33146],[6.61239,49.33732],[6.6242,49.31953],[6.62928,49.31752],[6.64423,49.32552],[6.68137,49.32152],[6.68223,49.31938],[6.65189,49.30874],[6.65216,49.30273],[6.67846,49.29324],[6.67542,49.28037],[6.71011,49.27675],[6.72714,49.3031],[6.75339,49.28875],[6.77417,49.27098],[6.7462,49.25794],[6.72617,49.20682],[6.71225,49.20517],[6.70301,49.20834],[6.6977,49.21357],[6.6393,49.24314],[6.63806,49.24673],[6.61027,49.25562],[6.58387,49.24046],[6.58653,49.23384],[6.5807,49.21727],[6.55074,49.2128],[6.53978,49.22645]]],[[[6.48065,49.25352],[6.48208,49.27026],[6.49429,49.27172],[6.51929,49.25599],[6.48958,49.24907],[6.49914,49.23016],[6.47682,49.22995],[6.46894,49.23323],[6.48719,49.24968],[6.48065,49.25352]]],[[[6.45852,49.2869],[6.465,49.28771],[6.47195,49.27599],[6.45046,49.26141],[6.43049,49.27698],[6.45852,49.2869]]],[[[6.55749,49.29462],[6.5313,49.27669],[6.5135,49.28549],[6.50352,49.30354],[6.55749,49.29462]]]]}},{"type":"Feature","properties":{"id":"lordship-bitche","hierarchy":"feudal","place_type":"lordship","level":1,"settlements":91,"shared":[]},"geometry":{"type":"MultiPolygon","coordinates":[[[[7.2868,48.97177],[7.26956,48.98451],[7.24501,48.98356],[7.22595,48.9863],[7.18893,48.97208],[7.16318,48.96744],[7.1418,48.96781],[7.12129,48.97182],[7.11271,48.97477],[7.10021,49.00594],[7.07084,49.03671],[7.10353,49.06045],[7.1575,49.03943],[7.17348,49.06174],[7.133,49.07432],[7.14194,49.09938],[7.17977,49.11097],[7.18081,49.11685],[7.16055,49.16926],[7.16263,49.17493],[7.16237,49.18213],[7.16535,49.18509],[7.17593,49.19309],[7.18868,49.19957],[7.20312,49.2043],[7.21738,49.20692],[7.22726,49.21704],[7.24289,49.22672],[7.26182,49.23342],[7.2774,49.2362],[7.30424,49.23627],[7.32483,49.23224],[7.33884,49.22698],[7.36976,49.21083],[7.38384,49.21237],[7.39461,49.21941],[7.40802,49.22531],[7.43341,49.231],[7.46024,49.23103],[7.47585,49.22831],[7.48732,49.22478],[7.49422,49.2324],[7.50259,49.23887],[7.49845,49.24721],[7.49633,49.25769],[7.49738,49.26825],[7.50155,49.27847],[7.51169,49.2909],[7.53068,49.30334],[7.55479,49.31113],[7.57817,49.31343],[7.58909,49.32052],[7.60255,49.3264],[7.62802,49.33204],[7.64416,49.33273],[7.6602,49.33134],[7.67552,49.32793],[7.68951,49.32263],[7.7052,49.31299],[7.71654,49.30101],[7.72274,49.28753],[7.72485,49.26997],[7.74195,49.26552],[7.75536,49.25962],[7.76675,49.25213],[7.77569,49.24332],[7.7832,49.23012],[7.78487,49.21258],[7.77992,49.19887],[7.76974,49.18646],[7.75501,49.1762],[7.73297,49.16777],[7.7309,49.15796],[7.72568,49.14795],[7.71075,49.13335],[7.69861,49.12638],[7.67967,49.11976],[7.6641,49.11703],[7.64435,49.11651],[7.64328,49.10731],[7.63945,49.09779],[7.65261,49.08835],[7.66064,49.07919],[7.66579,49.06917],[7.66785,49.05515],[7.66573,49.04466],[7.66053,49.03465],[7.65247,49.02549],[7.64443,49.01923],[7.64737,49.00662],[7.64629,48.99606],[7.64005,48.98258],[7.632,48.97342],[7.61311,48.961],[7.58917,48.95323],[7.56807,48.95093],[7.55127,48.95172],[7.53075,48.94143],[7.51075,48.93646],[7.48948,48.93506],[7.46842,48.93733],[7.45415,48.9234],[7.43765,48.91445],[7.41821,48.9086],[7.39714,48.90627],[7.38113,48.90694],[7.36562,48.90965],[7.35122,48.91429],[7.33846,48.92071],[7.32785,48.92864],[7.31978,48.93778],[7.31352,48.95124],[7.31248,48.96248],[7.2868,48.97177]]],[[[6.89619,49.00068],[6.86949,48.97721],[6.86114,48.97636],[6.84097,48.98583],[6.84472,48.99157],[6.87086,49.00712],[6.89619,49.00068]]]]}},{"type":"Feature","properties":{"id":"lordship-commercy","hierarchy":"feudal","place_type":"lordship","level":1,"settlements":11,"shared":[]},"geometry":{"type":"MultiPolygon","coordinates":[[[[5.44747,48.65428],[5.43491,48.65204],[5.37921,48.67744],[5.40325,48.68824],[5.43032,48.75999],[5.4429,48.76063],[5.45881,48.75955],[5.48364,48.7533],[5.50409,48.74209],[5.51697,48.72862],[5.53338,48.72383],[5.54954,48.7156],[5.55674,48.68091],[5.54145,48.67114],[5.4936,48.65865],[5.47851,48.63833],[5.44747,48.65428]]],[[[5.52776,48.7388],[5.50763,48.74339],[5.4941,48.74902],[5.47912,48.75902],[5.46857,48.77125],[5.46316,48.78487],[5.46327,48.79895],[5.4674,48.80995],[5.56026,48.79428],[5.58299,48.76834],[5.54584,48.73776],[5.52776,48.7388]]]]}},{"type":"Feature","properties":{"id":"lordship-deneuvre","hierarchy":"feudal","place_type":"lordship","level":1,"settlements":14,"shared":[]},"geometry":{"type":"Polygon","coordinates":[[[6.81478,48.45717],[6.8102,48.45122],[6.76057,48.39184],[6.74845,48.38999],[6.70158,48.41216],[6.73585,48.46245],[6.71502,48.46777],[6.71075,48.47869],[6.66998,48.48405],[6.65886,48.47661],[6.68731,48.45572],[6.67888,48.41861],[6.63286,48.41602],[6.60891,48.46557],[6.60687,48.47411],[6.58817,48.4976],[6.61133,48.53385],[6.63191,48.53742],[6.67365,48.5327],[6.6906,48.52202],[6.71275,48.51686],[6.73207,48.52119],[6.74514,48.52751],[6.80712,48.51305],[6.80838,48.47059],[6.81048,48.46317],[6.81478,48.45717]]]}},{"type":"Feature","properties":{"id":"lordship-faucompierre","hierarchy":"feudal","place_type":"lordship","level":1,"settlements":4,"shared":[]},"geometry":{"type":"Polygon","coordinates":[[[6.66441,48.1316],[6.65667,48.14255],[6.63878,48.14309],[6.63227,48.15795],[6.66436,48.1619],[6.6751,48.15778],[6.69342,48.16088],[6.70703,48.16024],[6.71948,48.14768],[6.71621,48.14023],[6.67427,48.14261],[6.67727,48.13686],[6.66441,48.1316]]]}},{"type":"Feature","properties":{"id":"lordship-faulquemont","hierarchy":"feudal","place_type":"lordship","level":1,"settlements":7,"shared":["guenviller"]},"geometry":{"type":"MultiPolygon","coordinates":[[[[6.58544,48.99498],[6.57596,49.009],[6.58116,49.01941],[6.56398,49.039],[6.58413,49.06215],[6.57211,49.08094],[6.61882,49.09499],[6.63345,49.06336],[6.61749,49.0574],[6.62,49.03975],[6.64226,49.02982],[6.64092,49.01237],[6.62898,49.01303],[6.59729,48.98633],[6.59391,48.98635],[6.58544,48.99498]]],[[[6.80226,49.07548],[6.79178,49.07584],[6.77409,49.09195],[6.76944,49.10752],[6.79104,49.11765],[6.81013,49.12151],[6.82446,49.08968],[6.80226,49.07548]]],[[[6.46629,49.07984],[6.42721,49.09515],[6.42078,49.1069],[6.486,49.13596],[6.51141,49.13571],[6.50034,49.09651],[6.46629,49.07984]]]]}},{"type":"Feature","properties":{"id":"lordship-fontenoy-le-chateau","hierarchy":"feudal","place_type":"lordship","level":1,"settlements":5,"shared":[]},"geometry":{"type":"Polygon","coordinates":[[[6.30811,47.94874],[6.29618,47.93714],[6.28452,47.93002],[6.2662,47.92316],[6.24065,47.91942],[6.21697,47.92102],[6.20318,47.9197],[6.17489,47.91936],[6.15926,47.92054],[6.14428,47.92374],[6.13051,47.92886],[6.11849,47.93567],[6.10956,47.94309],[6.10614,47.98916],[6.1234,48.00624],[6.18663,48.02692],[6.19233,48.02738],[6.21843,48.00111],[6.31481,47.96097],[6.30811,47.94874]]]}},{"type":"Feature","properties":{"id":"lordship-forbach","hierarchy":"feudal","place_type":"lordship","level":1,"settlements":14,"shared":[]},"geometry":{"type":"Polygon","coordinates":[[[6.94441,49.14735],[6.92975,49.14745],[6.92071,49.15535],[6.89507,49.16377],[6.89151,49.17388],[6.87917,49.1812],[6.87334,49.19568],[6.79209,49.19741],[6.84798,49.26037],[6.87437,49.26448],[6.87707,49.26407],[6.89178,49.21185],[6.88962,49.20827],[6.91679,49.18497],[6.93205,49.18442],[6.94027,49.18561],[6.94365,49.18783],[6.95565,49.21322],[6.96491,49.21939],[7.00188,49.20621],[7.01406,49.20606],[7.02285,49.20926],[7.07996,49.176],[7.07014,49.16911],[7.02798,49.17186],[6.99901,49.15596],[6.9917,49.1562],[6.97677,49.14794],[6.98562,49.12941],[6.95372,49.12216],[6.94441,49.14735]]]}},{"type":"Feature","properties":{"id":"lordship-hey","hierarchy":"feudal","place_type":"lordship","level":1,"settlements":8,"shared":["fey-en-haye","mamey","montauville","regnieville","remenauville"]},"geometry":{"type":"Polygon","coordinates":[[[6.05098,48.92713],[6.06066,48.89591],[6.02758,48.88785],[6.01922,48.88237],[6.00049,48.87685],[5.99829,48.86606],[5.97763,48.85805],[5.92658,48.86686],[5.91568,48.86085],[5.87394,48.84406],[5.84175,48.8658],[5.84622,48.88846],[5.88127,48.91173],[5.88633,48.92524],[5.95411,48.92656],[5.96299,48.92994],[5.99252,48.91818],[6.03204,48.92707],[6.05098,48.92713]]]}},{"type":"Feature","properties":{"id":"lordship-hombourg-et-saint-avold","hierarchy":"feudal","place_type":"lordship","level":1,"settlements":33,"shared":["folschwiller","guenviller","teterchen","teting"]},"geometry":{"type":"MultiPolygon","coordinates":[[[[6.7181,48.99863],[6.72075,49.00421],[6.72419,49.00707],[6.73554,49.03493],[6.72655,49.05467],[6.70519,49.06178],[6.69401,49.0585],[6.68123,49.04344],[6.66667,49.04126],[6.64226,49.02982],[6.62825,49.03664],[6.65414,49.04871],[6.63459,49.06336],[6.65977,49.07319],[6.66337,49.08487],[6.64145,49.09961],[6.68115,49.12882],[6.68482,49.13791],[6.67563,49.1467],[6.71225,49.20517],[6.72617,49.20682],[6.78407,49.19306],[6.79209,49.19741],[6.87334,49.19568],[6.87917,49.1812],[6.89151,49.17388],[6.89507,49.16377],[6.92071,49.15535],[6.92975,49.14745],[6.91744,49.13703],[6.87735,49.13859],[6.86922,49.13003],[6.88954,49.11107],[6.86179,49.09278],[6.84959,49.09446],[6.82446,49.08968],[6.80226,49.07548],[6.82847,49.05248],[6.7962,49.02907],[6.80842,49.01085],[6.80628,49.00857],[6.79787,48.98229],[6.76809,48.97439],[6.739,48.98012],[6.7181,48.99863]],[[6.8163,49.12882],[6.83448,49.13177],[6.83859,49.14861],[6.86978,49.15351],[6.85442,49.1694],[6.81821,49.17301],[6.78607,49.18829],[6.77725,49.15796],[6.8163,49.12882]]],[[[6.48065,49.03905],[6.46629,49.07984],[6.50034,49.09651],[6.55869,49.08906],[6.56261,49.0852],[6.50459,49.04235],[6.48065,49.03905]]],[[[6.55074,49.2128],[6.53978,49.22645],[6.55864,49.25174],[6.58387,49.24046],[6.58653,49.23384],[6.5807,49.21727],[6.55074,49.2128]]],[[[6.87029,49.08519],[6.8909,49.08121],[6.90237,49.06321],[6.86647,49.04712],[6.86161,49.04717],[6.87029,49.08519]]]]}},{"type":"Feature","properties":{"id":"lordship-l-alleu","hierarchy":"feudal","place_type":"lordship","level":1,"settlements":11,"shared":[]},"geometry":{"type":"Polygon","coordinates":[[[6.47146,47.85748],[6.45841,47.84645],[6.44158,47.83807],[6.42211,47.8329],[6.40133,47.8313],[6.38065,47.83337],[6.36147,47.83898],[6.34158,47.85035],[6.33265,47.85905],[6.32642,47.86876],[6.32311,47.8791],[6.32347,47.89319],[6.32923,47.90674],[6.34001,47.91884],[6.35508,47.92864],[6.37565,47.93603],[6.36651,47.94735],[6.36144,47.96102],[6.36181,47.97511],[6.36749,47.98848],[6.35169,47.98458],[6.33856,47.98316],[6.25999,48.05377],[6.27872,48.06173],[6.29853,48.06371],[6.32867,48.06061],[6.33935,48.05435],[6.39046,48.05984],[6.40185,48.07338],[6.42714,48.07438],[6.43525,48.07205],[6.46588,48.04046],[6.47071,48.0177],[6.4559,48.0129],[6.45003,47.94064],[6.42465,47.92567],[6.47219,47.88579],[6.48067,47.87262],[6.47146,47.85748]]]}},{"type":"Feature","properties":{"id":"lordship-l-avant-garde","hierarchy":"feudal","place_type":"lordship","level":1,"settlements":4,"shared":[]},"geometry":{"type":"Polygon","coordinates":[[[6.15176,48.76625],[6.09332,48.76143],[6.08678,48.77198],[6.07824,48.77518],[6.02325,48.76446],[6.01908,48.76596],[6.02465,48.8076],[6.04896,48.81679],[6.0586,48.81462],[6.07013,48.80501],[6.11333,48.80899],[6.12458,48.80194],[6.11926,48.78431],[6.15879,48.77347],[6.15176,48.76625]]]}},{"type":"Feature","properties":{"id":"lordship-le-chatelet","hierarchy":"feudal","place_type":"lordship","level":1,"settlements":10,"shared":[]},"geometry":{"type":"MultiPolygon","coordinates":[[[[5.92369,48.19773],[5.92618,48.18788],[5.86243,48.19259],[5.86865,48.20771],[5.89925,48.21014],[5.92369,48.19773]]],[[[5.76774,48.39894],[5.75592,48.3799],[5.71543,48.3794],[5.69838,48.38975],[5.71398,48.4018],[5.72809,48.40376],[5.74291,48.40311],[5.76774,48.39894]]],[[[6.65414,49.04871],[6.62825,49.03664],[6.62,49.03975],[6.61749,49.0574],[6.63459,49.06336],[6.65414,49.04871]]]]}},{"type":"Feature","properties":{"id":"lordship-morhange","hierarchy":"feudal","place_type":"lordship","level":1,"settlements":14,"shared":[]},"geometry":{"type":"Polygon","coordinates":[[[6.59249,48.87232],[6.5884,48.88755],[6.54803,48.9109],[6.54936,48.92465],[6.54678,48.92803],[6.54834,48.94605],[6.58006,48.96445],[6.58046,48.96788],[6.59391,48.98635],[6.62057,48.98321],[6.652,49.00523],[6.66904,49.00294],[6.69372,48.99566],[6.67281,48.97707],[6.67397,48.95987],[6.65726,48.9408],[6.70597,48.93142],[6.71572,48.93316],[6.74356,48.91755],[6.74543,48.90307],[6.73965,48.89252],[6.74298,48.87001],[6.71693,48.85872],[6.69402,48.85471],[6.68269,48.86194],[6.66009,48.86608],[6.63692,48.85359],[6.59614,48.87216],[6.59249,48.87232]],[[6.59789,48.92972],[6.60528,48.91081],[6.62934,48.91441],[6.61386,48.9375],[6.59789,48.92972]]]}},{"type":"Feature","properties":{"id":"lordship-phalsbourg","hierarchy":"feudal","place_type":"lordship","level":1,"settlements":7,"shared":[]},"geometry":{"type":"Polygon","coordinates":[[[7.15082,48.79244],[7.16166,48.80402],[7.17293,48.81154],[7.18915,48.81844],[7.2066,48.82982],[7.22044,48.83515],[7.23558,48.8386],[7.2568,48.84005],[7.27269,48.83872],[7.29268,48.83381],[7.30603,48.82797],[7.32364,48.81479],[7.33076,48.80532],[7.33494,48.79511],[7.33501,48.77753],[7.33092,48.7673],[7.32443,48.75843],[7.32935,48.75031],[7.33252,48.73994],[7.33256,48.72937],[7.32948,48.71898],[7.32341,48.70919],[7.31457,48.70038],[7.30331,48.69287],[7.28631,48.68572],[7.28531,48.67703],[7.28123,48.6668],[7.27422,48.65729],[7.26455,48.64887],[7.24357,48.63811],[7.22885,48.63401],[7.21322,48.6319],[7.18676,48.63295],[7.16684,48.63784],[7.14572,48.64847],[7.13216,48.66124],[7.15999,48.70465],[7.1971,48.72294],[7.19859,48.73934],[7.15082,48.79244]]]}},{"type":"Feature","properties":{"id":"lordship-pierrefort","hierarchy":"feudal","place_type":"lordship","level":1,"settlements":17,"shared":["fey-en-haye","mamey","montauville","regnieville","remenauville"]},"geometry":{"type":"MultiPolygon","coordinates":[[[[5.91568,48.86085],[5.92658,48.86686],[5.93102,48.88833],[5.88127,48.91173],[5.88633,48.92524],[5.95411,48.92656],[5.96299,48.92994],[5.99252,48.91818],[6.03346,48.92689],[6.02758,48.88785],[6.06066,48.89591],[6.08345,48.88148],[6.12175,48.89882],[6.14442,48.89021],[6.16431,48.8644],[6.09073,48.85624],[6.07822,48.86441],[6.03855,48.84851],[6.04425,48.82653],[6.04896,48.81679],[6.02465,48.8076],[6.01908,48.76596],[5.98156,48.76568],[5.97208,48.75777],[5.96154,48.75331],[5.90812,48.75745],[5.90172,48.76263],[5.90998,48.80711],[5.87954,48.82146],[5.87394,48.84406],[5.91568,48.86085]]],[[[6.09737,48.83682],[6.11328,48.809],[6.07013,48.80501],[6.0586,48.81462],[6.09737,48.83682]]]]}},{"type":"Feature","properties":{"id":"lordship-puttelange","hierarchy":"feudal","place_type":"lordship","level":1,"settlements":21,"shared":[]},"geometry":{"type":"MultiPolygon","coordinates":[[[[6.79787,48.98229],[6.80628,49.00857],[6.80842,49.01085],[6.82292,49.01292],[6.84472,48.99157],[6.84097,48.98583],[6.8115,48.97894],[6.79787,48.98229]]],[[[6.91945,49.01087],[6.91079,49.03103],[6.86647,49.04712],[6.90237,49.06321],[6.8909,49.08121],[6.87029,49.08519],[6.86161,49.04717],[6.85382,49.04483],[6.82847,49.05248],[6.80226,49.07548],[6.82446,49.08968],[6.84959,49.09446],[6.86179,49.09278],[6.88954,49.11107],[6.91004,49.11162],[6.91412,49.11584],[6.95173,49.11748],[6.95372,49.12216],[6.98562,49.12941],[6.99504,49.12115],[7.02394,49.11247],[7.02578,49.09342],[7.01688,49.08236],[6.97754,49.08264],[6.95335,49.05891],[6.95371,49.0575],[7.02554,49.03655],[7.02143,49.0336],[7.01046,49.01702],[6.99079,49.00511],[6.96127,48.97679],[6.93749,48.98298],[6.91705,49.00171],[6.91945,49.01087]]]]}},{"type":"Feature","properties":{"id":"lordship-sarralbe","hierarchy":"feudal","place_type":"lordship","level":1,"settlements":5,"shared":[]},"geometry":{"type":"Polygon","coordinates":[[[7.01046,49.01702],[7.02143,49.0336],[7.0369,49.04181],[7.07084,49.03671],[7.10021,49.00594],[7.11271,48.97477],[7.10162,48.96475],[7.08961,48.95773],[7.07576,48.95237],[7.05796,48.94855],[7.03877,48.94132],[6.96456,48.97402],[6.96127,48.97679],[6.99079,49.00511],[7.01046,49.01702]]]}},{"type":"Feature","properties":{"id":"lordship-sarreck","hierarchy":"feudal","place_type":"lordship","level":1,"settlements":10,"shared":[]},"geometry":{"type":"MultiPolygon","coordinates":[[[[7.09913,48.64266],[7.08575,48.63171],[7.06855,48.62342],[7.04351,48.61765],[7.017,48.61752],[6.99664,48.6215],[6.98785,48.62454],[6.96817,48.63549],[6.96259,48.64029],[7.0073,48.69327],[7.10538,48.66187],[7.10909,48.65882],[7.09913,48.64266]]],[[[7.15082,48.79244],[7.19859,48.73934],[7.1971,48.72294],[7.15999,48.70465],[7.11356,48.73396],[7.07869,48.70302],[7.05773,48.71469],[7.08608,48.75156],[7.04025,48.75609],[7.01598,48.74735],[6.99917,48.75074],[6.96344,48.71653],[6.88972,48.71185],[6.88629,48.71617],[6.87919,48.73311],[6.87905,48.74369],[6.88123,48.75213],[6.94263,48.77902],[6.95934,48.83761],[6.96853,48.84091],[6.98366,48.8444],[7.00488,48.84589],[7.02077,48.84459],[7.03598,48.84127],[7.04991,48.83605],[7.06376,48.82783],[7.086,48.82564],[7.10993,48.81797],[7.12885,48.80562],[7.13944,48.79241],[7.15082,48.79244]]]]}},{"type":"Feature","properties":{"id":"lordship-spitzemberg","hierarchy":"feudal","place_type":"lordship","level":1,"settlements":3,"shared":[]},"geometry":{"type":"Polygon","coordinates":[[[7.01806,48.31316],[7.03013,48.3199],[7.06111,48.31018],[7.05739,48.30307],[7.04182,48.29284],[7.03272,48.29376],[7.02964,48.29509],[7.01806,48.31316]]]}},{"type":"Feature","properties":{"id":"lordship-varsberg","hierarchy":"feudal","place_type":"lordship","level":1,"settlements":4,"shared":[]},"geometry":{"type":"Polygon","coordinates":[[[6.67563,49.1467],[6.6577,49.14624],[6.61055,49.15886],[6.59869,49.16948],[6.59756,49.17504],[6.59092,49.18176],[6.60129,49.20508],[6.62246,49.20808],[6.62352,49.2319],[6.6393,49.24314],[6.6977,49.21357],[6.70301,49.20834],[6.71225,49.20517],[6.67563,49.1467]]]}},{"type":"Feature","properties":{"id":"lordship-warde-de-wisembach","hierarchy":"feudal","place_type":"lordship","level":1,"settlements":6,"shared":[]},"geometry":{"type":"Polygon","coordinates":[[[7.13502,48.26884],[7.14825,48.26261],[7.13805,48.22915],[7.09461,48.25022],[7.08305,48.2488],[7.07719,48.24975],[7.06561,48.25703],[7.0683,48.26406],[7.05163,48.28147],[7.05238,48.28499],[7.06834,48.285],[7.08326,48.27128],[7.09537,48.27145],[7.10401,48.27469],[7.13502,48.26884]]]}},{"type":"Feature","properties":{"id":"lordship-warde-du-saulcy","hierarchy":"feudal","place_type":"lordship","level":1,"settlements":1,"shared":[]},"geometry":{"type":"Polygon","coordinates":[[[7.15392,48.37063],[7.16966,48.36931],[7.18947,48.36442],[7.2027,48.35859],[7.21721,48.34835],[7.2252,48.33921],[7.23035,48.32921],[7.2325,48.31633],[7.21911,48.30801],[7.19184,48.296],[7.13211,48.30631],[7.13046,48.36049],[7.136,48.36959],[7.15392,48.37063]]]}},{"type":"Feature","properties":{"id":"mayoralty-altheim","hierarchy":"admin","place_type":"mayoralty","level":2,"settlements":1,"shared":[]},"geometry":{"type":"Polygon","coordinates":[[[7.35141,49.21973],[7.36977,49.21083],[7.35042,49.16348],[7.33792,49.14839],[7.32181,49.14237],[7.28897,49.14123],[7.28288,49.14334],[7.27609,49.15602],[7.35141,49.21973]]]}},{"type":"Feature","properties":{"id":"mayoralty-bertrimoutier","hierarchy":"admin","place_type":"mayoralty","level":3,"settlements":9,"shared":["herbaupaire","la-pariee","laycgotttlc","lesseux","lusse","provencheres-sur-fave","vanifosse"]},"geometry":{"type":"MultiPolygon","coordinates":[[[[7.01605,48.26304],[7.00572,48.27764],[7.02745,48.2779],[7.03263,48.26662],[7.03052,48.26405],[7.01605,48.26304]]],[[[7.04111,48.26973],[7.05163,48.28147],[7.0683,48.26406],[7.04111,48.26973]]],[[[7.08326,48.27128],[7.06834,48.285],[7.05238,48.28499],[7.04182,48.29284],[7.05739,48.30307],[7.07696,48.29298],[7.08618,48.29923],[7.0619,48.31052],[7.07707,48.32359],[7.08765,48.32497],[7.09886,48.30559],[7.1168,48.30263],[7.12776,48.30402],[7.13502,48.26884],[7.10422,48.2747],[7.09537,48.27145],[7.08326,48.27128]]]]}},{"type":"Feature","properties":{"id":"mayoralty-berungen","hierarchy":"admin","place_type":"mayoralty","level":2,"settlements":10,"shared":[]},"geometry":{"type":"Polygon","coordinates":[[[7.43342,48.98902],[7.34117,48.97546],[7.31248,48.96247],[7.30019,48.96592],[7.2868,48.97177],[7.26956,48.98451],[7.24501,48.98356],[7.22595,48.9863],[7.2078,48.98003],[7.19372,48.97366],[7.17374,48.96863],[7.15247,48.96716],[7.13135,48.96937],[7.11271,48.97477],[7.10021,49.00594],[7.15666,49.03734],[7.17348,49.06174],[7.18699,49.06461],[7.21088,49.09311],[7.22586,49.0933],[7.23327,49.05157],[7.24149,49.05281],[7.25512,49.05844],[7.28291,49.05845],[7.30613,49.04695],[7.30671,49.04538],[7.38463,49.05624],[7.42852,49.03644],[7.43802,49.00378],[7.43342,48.98902]]]}},{"type":"Feature","properties":{"id":"mayoralty-bousseviller","hierarchy":"admin","place_type":"mayoralty","level":2,"settlements":2,"shared":[]},"geometry":{"type":"Polygon","coordinates":[[[7.48108,49.11032],[7.45197,49.11382],[7.4432,49.12828],[7.41757,49.12204],[7.39357,49.12752],[7.40613,49.14711],[7.42056,49.15608],[7.4391,49.15228],[7.44706,49.13287],[7.48093,49.13197],[7.48108,49.11032]]]}},{"type":"Feature","properties":{"id":"mayoralty-hilsperg","hierarchy":"admin","place_type":"mayoralty","level":2,"settlements":37,"shared":["merschweiller","waldeck"]},"geometry":{"type":"MultiPolygon","coordinates":[[[[7.45768,48.92606],[7.44635,48.91857],[7.42328,48.90975],[7.39714,48.90627],[7.3707,48.90852],[7.34676,48.91625],[7.32785,48.92864],[7.31598,48.94438],[7.3128,48.95474],[7.31248,48.96247],[7.34117,48.97546],[7.43342,48.98902],[7.46845,48.93732],[7.45768,48.92606]]],[[[6.84472,48.99157],[6.87086,49.00712],[6.89619,49.00068],[6.86949,48.97721],[6.86114,48.97636],[6.84097,48.98583],[6.84472,48.99157]]],[[[7.52624,49.05575],[7.53677,49.07187],[7.55134,49.08261],[7.63945,49.0978],[7.65261,49.08835],[7.66269,49.07592],[7.66683,49.0657],[7.66785,49.05515],[7.66573,49.04466],[7.65815,49.03148],[7.64443,49.01923],[7.64736,49.00309],[7.64211,48.98584],[7.632,48.97342],[7.61311,48.961],[7.5992,48.95571],[7.58399,48.95231],[7.56807,48.95093],[7.55127,48.95172],[7.53204,48.99034],[7.50861,49.00399],[7.51558,49.05286],[7.52624,49.05575]]],[[[7.10353,49.06045],[7.1575,49.03943],[7.15666,49.03734],[7.10021,49.00594],[7.07084,49.03671],[7.10353,49.06045]]],[[[7.17977,49.11097],[7.18081,49.11685],[7.16055,49.16926],[7.16263,49.17493],[7.23886,49.13356],[7.2467,49.13218],[7.23618,49.10271],[7.22586,49.0933],[7.21088,49.09311],[7.18699,49.06461],[7.17348,49.06174],[7.133,49.07432],[7.14194,49.09938],[7.17977,49.11097]]],[[[7.35042,49.16348],[7.36977,49.21083],[7.38384,49.21237],[7.39461,49.21941],[7.40802,49.22531],[7.43341,49.231],[7.46024,49.23103],[7.47585,49.22831],[7.48732,49.22478],[7.49422,49.2324],[7.50259,49.23887],[7.49669,49.25417],[7.49738,49.26825],[7.50361,49.28173],[7.51497,49.2937],[7.5264,49.30119],[7.53984,49.30708],[7.56,49.31204],[7.57817,49.31343],[7.59787,49.32463],[7.6175,49.33044],[7.63876,49.33273],[7.6602,49.33134],[7.68036,49.32636],[7.69784,49.31814],[7.70848,49.31018],[7.71859,49.29775],[7.72274,49.28753],[7.72485,49.26997],[7.74195,49.26552],[7.75941,49.25729],[7.773,49.24638],[7.78182,49.23354],[7.78492,49.22316],[7.78487,49.21258],[7.78167,49.20221],[7.77274,49.18939],[7.75501,49.1762],[7.73297,49.16777],[7.7309,49.15796],[7.72568,49.14795],[7.71075,49.13335],[7.69413,49.12443],[7.67457,49.11863],[7.65877,49.11658],[7.64436,49.11651],[7.62899,49.12735],[7.59508,49.14095],[7.57338,49.16137],[7.56141,49.16357],[7.50986,49.18547],[7.50528,49.18677],[7.5016,49.18214],[7.46502,49.16369],[7.39363,49.19996],[7.42056,49.15608],[7.40613,49.14711],[7.39357,49.12752],[7.38831,49.12599],[7.33792,49.14839],[7.35042,49.16348]]]]}},{"type":"Feature","properties":{"id":"mayoralty-longchamp","hierarchy":"admin","place_type":"mayoralty","level":3,"settlements":17,"shared":["bamont","charniois-rorgueilicux","ferdrupt","franould","la-poirie-dommarlin","la-roche","lepangc","saint-maurice-sur-moselle"]},"geometry":{"type":"MultiPolygon","coordinates":[[[[6.89229,47.82972],[6.87916,47.81875],[6.86679,47.81222],[6.84782,47.80628],[6.83246,47.80411],[6.81156,47.80443],[6.7915,47.80838],[6.77784,47.81357],[6.76024,47.82498],[6.74557,47.82967],[6.72985,47.8381],[6.76075,47.88006],[6.75708,47.90303],[6.75307,47.90972],[6.82135,47.90104],[6.81683,47.89182],[6.82046,47.88053],[6.90034,47.84174],[6.89229,47.82972]]],[[[6.69986,47.88624],[6.69961,47.932],[6.71478,47.94857],[6.74636,47.94508],[6.74626,47.9353],[6.69986,47.88624]]],[[[6.27872,48.06173],[6.25999,48.05377],[6.23724,48.05498],[6.22408,48.10137],[6.23187,48.11594],[6.27362,48.12257],[6.29375,48.11488],[6.29545,48.10469],[6.27872,48.06173]]]]}},{"type":"Feature","properties":{"id":"mayoralty-mandray","hierarchy":"admin","place_type":"mayoralty","level":3,"settlements":10,"shared":["fouchifol","la-caefiee-sue"]},"geometry":{"type":"Polygon","coordinates":[[[6.9911,48.19452],[6.97015,48.21385],[6.96963,48.22009],[6.97164,48.22188],[6.97851,48.24157],[6.96819,48.25275],[6.98854,48.26125],[7.00714,48.25799],[7.00956,48.24019],[7.01947,48.23376],[7.02189,48.22901],[7.02254,48.20751],[6.9911,48.19452]]]}},{"type":"Feature","properties":{"id":"mayoralty-meurthe","hierarchy":"admin","place_type":"mayoralty","level":3,"settlements":9,"shared":["contramoulin","saint-leonard","scarupt"]},"geometry":{"type":"MultiPolygon","coordinates":[[[[7.1052,48.18103],[7.10313,48.1734],[7.03885,48.17255],[6.99646,48.1875],[6.9911,48.19452],[7.02254,48.20751],[7.1052,48.18103]]],[[[6.87059,48.1857],[6.85376,48.23213],[6.89646,48.22331],[6.88114,48.18581],[6.87059,48.1857]]],[[[6.96819,48.25275],[6.97851,48.24157],[6.97164,48.22188],[6.96963,48.22009],[6.97015,48.21385],[6.9306,48.2027],[6.92196,48.20273],[6.90457,48.22272],[6.9133,48.2276],[6.9422,48.22978],[6.96049,48.25449],[6.96819,48.25275]]]]}},{"type":"Feature","properties":{"id":"mayoralty-rolbing","hierarchy":"admin","place_type":"mayoralty","level":2,"settlements":7,"shared":["waldeck"]},"geometry":{"type":"MultiPolygon","coordinates":[[[[7.56391,49.03288],[7.53204,48.99034],[7.55127,48.95172],[7.53075,48.94143],[7.51075,48.93646],[7.48948,48.93506],[7.46845,48.93732],[7.43342,48.98902],[7.43802,49.00378],[7.42852,49.03644],[7.45133,49.05053],[7.51558,49.05286],[7.52624,49.05575],[7.56391,49.03288]]],[[[7.43216,49.09211],[7.42913,49.09323],[7.41757,49.12204],[7.4432,49.12828],[7.45197,49.11382],[7.43216,49.09211]]],[[[7.4391,49.15228],[7.42056,49.15608],[7.39363,49.19996],[7.46502,49.16369],[7.46211,49.16144],[7.4391,49.15228]]]]}},{"type":"Feature","properties":{"id":"mayoralty-sainte-marguerite","hierarchy":"admin","place_type":"mayoralty","level":3,"settlements":8,"shared":["la-caefiee-sue","sainte-marguerite"]},"geometry":{"type":"MultiPolygon","coordinates":[[[[7.00572,48.27764],[7.01605,48.26304],[7.00714,48.25799],[6.98854,48.26125],[6.96819,48.25275],[6.96049,48.25449],[6.9464,48.26341],[6.97825,48.28918],[6.98915,48.28393],[6.99684,48.28332],[7.00572,48.27764]]],[[[7.136,48.36959],[7.13046,48.36049],[7.08765,48.32497],[7.07707,48.32359],[7.04115,48.33763],[7.03977,48.34213],[7.05922,48.35506],[7.13388,48.37155],[7.136,48.36959]]]]}},{"type":"Feature","properties":{"id":"mayoralty-schorbach","hierarchy":"admin","place_type":"mayoralty","level":2,"settlements":5,"shared":[]},"geometry":{"type":"Polygon","coordinates":[[[7.37584,49.10405],[7.38831,49.12599],[7.39357,49.12752],[7.41757,49.12204],[7.42913,49.09323],[7.43216,49.09211],[7.45197,49.11382],[7.48108,49.11032],[7.48439,49.10711],[7.48384,49.10115],[7.44671,49.07863],[7.45133,49.05053],[7.42852,49.03644],[7.38463,49.05624],[7.36302,49.08333],[7.3759,49.09515],[7.37584,49.10405]]]}},{"type":"Feature","properties":{"id":"mayoralty-usuaires","hierarchy":"admin","place_type":"mayoralty","level":3,"settlements":14,"shared":["gerbamont","la-prclle","les-ainias","pecaviller","planois","pubas","rochesson","zainvillers"]},"geometry":{"type":"Polygon","coordinates":[[[6.74636,47.94508],[6.71478,47.94857],[6.67668,47.9653],[6.68173,47.99657],[6.73446,48.00203],[6.73699,48.01395],[6.77381,48.01058],[6.76205,48.07159],[6.7797,48.07602],[6.79832,48.07558],[6.80137,48.08737],[6.80537,48.09331],[6.88774,48.11424],[6.92396,48.10519],[6.94918,48.09001],[6.95857,48.06622],[6.95216,48.05039],[6.94058,48.03787],[6.95085,48.02531],[6.95615,48.00809],[6.95292,47.99063],[6.94441,47.97774],[6.94016,47.97357],[6.83982,47.99127],[6.82418,47.99731],[6.80443,47.98931],[6.77763,47.95034],[6.74636,47.94508]]]}},{"type":"Feature","properties":{"id":"mayoralty-walschbronn","hierarchy":"admin","place_type":"mayoralty","level":2,"settlements":10,"shared":[]},"geometry":{"type":"Polygon","coordinates":[[[7.48093,49.13197],[7.44706,49.13287],[7.4391,49.15228],[7.46211,49.16144],[7.5016,49.18214],[7.50528,49.18677],[7.56141,49.16357],[7.57338,49.16137],[7.59508,49.14095],[7.62899,49.12735],[7.64436,49.11651],[7.64328,49.10731],[7.63945,49.0978],[7.55134,49.08261],[7.53677,49.07187],[7.52624,49.05575],[7.51558,49.05286],[7.45133,49.05053],[7.44671,49.07863],[7.48384,49.10115],[7.48439,49.10711],[7.48108,49.11032],[7.48093,49.13197]]]}},{"type":"Feature","properties":{"id":"office-boulay","hierarchy":"admin","place_type":"office","level":2,"settlements":47,"shared":["bockange","dourd-hal","filstroff","holling","megange","teterchen","velving"]},"geometry":{"type":"MultiPolygon","coordinates":[[[[6.48065,49.03905],[6.50459,49.04235],[6.56261,49.0852],[6.55869,49.08906],[6.50034,49.09651],[6.51141,49.13571],[6.486,49.13596],[6.42078,49.1069],[6.4163,49.11122],[6.41007,49.11375],[6.40697,49.11665],[6.35561,49.13708],[6.35818,49.151],[6.3944,49.1598],[6.39755,49.16341],[6.41601,49.15738],[6.43701,49.13978],[6.43791,49.14033],[6.43815,49.15866],[6.44153,49.16137],[6.42895,49.17856],[6.45039,49.17928],[6.45466,49.20013],[6.44616,49.20489],[6.43416,49.20295],[6.4034,49.2238],[6.39575,49.22465],[6.39327,49.23221],[6.41741,49.24374],[6.43825,49.2493],[6.4457,49.24718],[6.44569,49.23447],[6.44741,49.23342],[6.45471,49.21607],[6.47438,49.21559],[6.47682,49.22995],[6.49914,49.23016],[6.48958,49.24907],[6.48065,49.25352],[6.48208,49.27026],[6.49429,49.27172],[6.5135,49.28549],[6.5313,49.27669],[6.53842,49.26128],[6.55423,49.25766],[6.55864,49.25174],[6.58387,49.24046],[6.61027,49.25562],[6.63806,49.24673],[6.6393,49.24314],[6.6977,49.21357],[6.70301,49.20834],[6.71225,49.20517],[6.67563,49.1467],[6.68482,49.13791],[6.68115,49.12882],[6.6884,49.09762],[6.68075,49.09047],[6.66337,49.08487],[6.65977,49.07319],[6.63459,49.06336],[6.61882,49.09499],[6.57211,49.08094],[6.58413,49.06215],[6.56398,49.039],[6.58116,49.01941],[6.57596,49.009],[6.54632,49.00383],[6.52761,48.98333],[6.5083,48.97603],[6.46299,49.02429],[6.48065,49.03905]],[[6.52578,49.16461],[6.52879,49.14528],[6.5403,49.14251],[6.57237,49.12602],[6.57576,49.12626],[6.60884,49.12045],[6.6577,49.14624],[6.61055,49.15886],[6.59869,49.16948],[6.59756,49.17504],[6.59092,49.18176],[6.53572,49.18448],[6.52578,49.16461]]],[[[6.55646,49.33708],[6.5626,49.31275],[6.50646,49.3145],[6.51193,49.33968],[6.54584,49.33909],[6.55041,49.3685],[6.55326,49.36931],[6.57631,49.35239],[6.56681,49.34114],[6.55646,49.33708]]],[[[6.87735,49.13859],[6.91744,49.13703],[6.91412,49.11584],[6.91004,49.11162],[6.88954,49.11107],[6.86922,49.13003],[6.87735,49.13859]]],[[[6.81821,49.17301],[6.85442,49.1694],[6.86978,49.15351],[6.83859,49.14861],[6.83448,49.13177],[6.8163,49.12882],[6.77725,49.15796],[6.78607,49.18829],[6.81821,49.17301]]],[[[6.77417,49.27098],[6.80306,49.27353],[6.84798,49.26037],[6.79209,49.19741],[6.78407,49.19306],[6.72617,49.20682],[6.7462,49.25794],[6.77417,49.27098]]],[[[6.68223,49.31938],[6.69109,49.31164],[6.67846,49.29324],[6.65216,49.30273],[6.65189,49.30874],[6.68223,49.31938]]],[[[6.62273,49.37432],[6.62562,49.37241],[6.61737,49.34108],[6.61385,49.33987],[6.59153,49.35644],[6.59489,49.3612],[6.62273,49.37432]]]]}},{"type":"Feature","properties":{"id":"office-sarreguemines","hierarchy":"admin","place_type":"office","level":2,"settlements":18,"shared":["diebling"]},"geometry":{"type":"MultiPolygon","coordinates":[[[[6.99504,49.12115],[6.98562,49.12941],[6.97677,49.14794],[6.9917,49.1562],[6.99901,49.15596],[7.02798,49.17186],[7.07014,49.16911],[7.07996,49.176],[7.02285,49.20926],[7.06255,49.24162],[7.11724,49.24078],[7.13029,49.23156],[7.14052,49.21918],[7.14552,49.20548],[7.14543,49.19401],[7.16237,49.18213],[7.16263,49.17493],[7.16055,49.16926],[7.18081,49.11685],[7.17977,49.11097],[7.14194,49.09938],[7.133,49.07432],[7.17348,49.06174],[7.15804,49.03975],[7.10353,49.06045],[7.07084,49.03671],[7.0369,49.04181],[7.02554,49.03655],[6.95371,49.0575],[6.95335,49.05891],[6.97754,49.08264],[7.01688,49.08236],[7.02578,49.09342],[7.02394,49.11247],[6.99504,49.12115]]],[[[6.91004,49.11162],[6.91412,49.11584],[6.91744,49.13703],[6.92975,49.14745],[6.94441,49.14735],[6.95372,49.12216],[6.94648,49.09204],[6.93449,49.09175],[6.92085,49.09714],[6.91004,49.11162]]]]}},{"type":"Feature","properties":{"id":"office-schaumbourg","hierarchy":"admin","place_type":"office","level":2,"settlements":62,"shared":["bettingen","einu-ciller-cl-enweillcr","eisweiler","gudesweiler","hahnweiler","harlingen","mondorf","oberkirchen","sotzweiler","theley","wehingen"]},"geometry":{"type":"MultiPolygon","coordinates":[[[[6.97198,49.31656],[6.95609,49.31853],[6.94109,49.3225],[6.92756,49.32829],[6.9127,49.33848],[6.90449,49.34759],[6.89915,49.35758],[6.89688,49.36925],[6.88238,49.37305],[6.85901,49.39098],[6.8202,49.41227],[6.80179,49.41984],[6.81096,49.49152],[6.76344,49.49852],[6.73107,49.50894],[6.72066,49.52128],[6.7151,49.53848],[6.71698,49.55251],[6.72476,49.5662],[6.75806,49.58815],[6.78357,49.59399],[6.80553,49.59458],[6.8136,49.61005],[6.82986,49.62411],[6.85221,49.63402],[6.87828,49.63874],[6.9053,49.63776],[6.92076,49.63445],[6.93478,49.62931],[6.94613,49.62868],[6.96189,49.62603],[6.98343,49.61835],[7.0086,49.61174],[7.02158,49.60537],[7.03061,49.59896],[7.04201,49.60135],[7.05813,49.60281],[7.07437,49.60219],[7.09011,49.59952],[7.10928,49.59297],[7.12586,49.58283],[7.13922,49.592],[7.15269,49.59793],[7.16769,49.60204],[7.18363,49.60416],[7.19991,49.60422],[7.2167,49.60203],[7.23447,49.60538],[7.25612,49.60591],[7.27725,49.60278],[7.29639,49.59619],[7.31557,49.58381],[7.32375,49.57467],[7.32891,49.56493],[7.34925,49.5559],[7.36302,49.54505],[7.372,49.53224],[7.37558,49.51835],[7.37456,49.50779],[7.37039,49.49757],[7.36325,49.48807],[7.3534,49.47965],[7.34123,49.47265],[7.3272,49.46733],[7.31186,49.4639],[7.29493,49.46171],[7.30345,49.45522],[7.31161,49.44608],[7.31867,49.42912],[7.31872,49.41854],[7.31561,49.40816],[7.30377,49.39237],[7.2848,49.37989],[7.26071,49.37204],[7.23404,49.36967],[7.21798,49.371],[7.20262,49.37434],[7.18017,49.38403],[7.16367,49.39791],[7.15488,49.41452],[7.15373,49.42507],[7.15521,49.4337],[7.13717,49.4263],[7.12134,49.42277],[7.10692,49.41088],[7.08509,49.40117],[7.09558,49.38697],[7.09926,49.36956],[7.09417,49.35229],[7.0871,49.34278],[7.08024,49.33654],[7.00316,49.31771],[6.97198,49.31656]]],[[[6.59916,49.39601],[6.57984,49.41036],[6.59015,49.43033],[6.60297,49.43086],[6.61187,49.42778],[6.61892,49.39487],[6.59916,49.39601]]],[[[6.65871,49.43478],[6.67318,49.42603],[6.63951,49.41112],[6.64071,49.43036],[6.65871,49.43478]]],[[[6.52898,49.45614],[6.50399,49.44998],[6.48217,49.45427],[6.4885,49.46339],[6.52216,49.47461],[6.53575,49.46625],[6.52898,49.45614]]]]}},{"type":"Feature","properties":{"id":"office-siersberg","hierarchy":"admin","place_type":"office","level":2,"settlements":29,"shared":["bietzen","eimersdorf","merchingen","roden"]},"geometry":{"type":"MultiPolygon","coordinates":[[[[6.63223,49.3981],[6.63951,49.41112],[6.67318,49.42603],[6.65871,49.43478],[6.66044,49.47253],[6.63256,49.46151],[6.6147,49.46216],[6.60178,49.4663],[6.59433,49.48022],[6.58438,49.4816],[6.56719,49.4703],[6.55323,49.4701],[6.54599,49.46743],[6.53575,49.46625],[6.52216,49.47461],[6.50792,49.49965],[6.51338,49.50739],[6.52334,49.50739],[6.55274,49.4878],[6.57065,49.49298],[6.5666,49.51652],[6.62014,49.5454],[6.64463,49.53594],[6.6606,49.52644],[6.67224,49.51458],[6.67835,49.50241],[6.68279,49.49725],[6.70358,49.50498],[6.71921,49.50784],[6.73144,49.50864],[6.76344,49.49852],[6.81096,49.49152],[6.80179,49.41984],[6.76741,49.41618],[6.74808,49.41021],[6.74042,49.38192],[6.76256,49.35869],[6.76208,49.35327],[6.7394,49.33949],[6.72129,49.3417],[6.6929,49.34182],[6.6841,49.33625],[6.68137,49.32152],[6.64423,49.32552],[6.62928,49.31752],[6.6242,49.31953],[6.61239,49.33732],[6.61385,49.33987],[6.61737,49.34108],[6.62562,49.37241],[6.62273,49.37432],[6.61892,49.39487],[6.63223,49.3981]],[[6.7068,49.41995],[6.67853,49.42399],[6.64628,49.39744],[6.6741,49.39028],[6.7068,49.41995]]],[[[6.50643,49.60207],[6.4808,49.59469],[6.39355,49.58502],[6.36071,49.59358],[6.35286,49.60338],[6.34839,49.61355],[6.34706,49.62409],[6.34893,49.6346],[6.35391,49.64467],[6.36227,49.6543],[6.36407,49.6639],[6.36906,49.67397],[6.37698,49.68321],[6.39157,49.69365],[6.40498,49.69967],[6.41994,49.70387],[6.43589,49.7061],[6.45219,49.70626],[6.46823,49.70436],[6.48338,49.70046],[6.49707,49.69472],[6.51348,49.68485],[6.52734,49.66976],[6.53178,49.65958],[6.53307,49.64904],[6.52815,49.63176],[6.52116,49.6222],[6.51187,49.61406],[6.50643,49.60207]]],[[[6.72139,49.30801],[6.73899,49.33517],[6.7679,49.3132],[6.72884,49.30274],[6.72139,49.30801]]]]}},{"type":"Feature","properties":{"id":"office-vaudrevange","hierarchy":"admin","place_type":"office","level":2,"settlements":10,"shared":["roden"]},"geometry":{"type":"Polygon","coordinates":[[[6.90549,49.30897],[6.90222,49.29152],[6.89054,49.27568],[6.87437,49.26448],[6.84798,49.26037],[6.80306,49.27353],[6.77417,49.27098],[6.75339,49.28875],[6.72714,49.3031],[6.71011,49.27675],[6.67542,49.28037],[6.67846,49.29324],[6.69109,49.31164],[6.68137,49.32152],[6.6841,49.33625],[6.6929,49.34182],[6.72129,49.3417],[6.7394,49.33949],[6.76208,49.35327],[6.76256,49.35869],[6.74042,49.38192],[6.74808,49.41021],[6.76741,49.41618],[6.80179,49.41984],[6.8202,49.41227],[6.85901,49.39098],[6.88238,49.37305],[6.88711,49.36001],[6.88727,49.34962],[6.89484,49.33991],[6.90549,49.30897]]]}},{"type":"Feature","properties":{"id":"provostship-amance","hierarchy":"admin","place_type":"provostship","level":2,"settlements":60,"shared":["xousse"]},"geometry":{"type":"MultiPolygon","coordinates":[[[[6.24971,48.78599],[6.25318,48.78921],[6.24605,48.80255],[6.21049,48.8189],[6.18892,48.83531],[6.18824,48.84085],[6.19128,48.84771],[6.16431,48.8644],[6.14442,48.89021],[6.12175,48.89882],[6.10834,48.9384],[6.11094,48.94113],[6.05627,48.97626],[6.08056,48.99075],[6.124,48.97852],[6.13323,48.95275],[6.1665,48.95187],[6.19742,48.92028],[6.2052,48.918],[6.22231,48.89155],[6.29877,48.92344],[6.30564,48.94683],[6.31488,48.94934],[6.31539,48.96165],[6.40614,48.99722],[6.41291,49.00838],[6.35845,49.03248],[6.3661,49.06364],[6.36887,49.06656],[6.34115,49.0785],[6.33716,49.08778],[6.31592,49.08891],[6.31039,49.09047],[6.31126,49.10315],[6.32401,49.10652],[6.34373,49.09423],[6.34852,49.09625],[6.35749,49.10657],[6.41007,49.11375],[6.4163,49.11122],[6.42078,49.1069],[6.42721,49.09515],[6.46629,49.07984],[6.48065,49.03905],[6.46299,49.02429],[6.5083,48.97603],[6.52761,48.98333],[6.54632,49.00383],[6.57596,49.009],[6.58544,48.99498],[6.59391,48.98635],[6.58046,48.96788],[6.58006,48.96445],[6.54834,48.94605],[6.54678,48.92803],[6.54936,48.92465],[6.54803,48.9109],[6.5884,48.88755],[6.59249,48.87232],[6.58839,48.86804],[6.58801,48.86122],[6.5461,48.82774],[6.54682,48.82491],[6.52947,48.80165],[6.53305,48.79221],[6.51822,48.76145],[6.48295,48.76906],[6.47408,48.80334],[6.49745,48.80722],[6.49612,48.8282],[6.46931,48.83914],[6.44516,48.81271],[6.4134,48.807],[6.41018,48.78578],[6.41653,48.778],[6.44734,48.76353],[6.44442,48.73085],[6.45769,48.72504],[6.46345,48.70914],[6.43109,48.68586],[6.42666,48.68731],[6.40112,48.68],[6.355,48.69687],[6.34345,48.67677],[6.28248,48.68447],[6.28619,48.70293],[6.30854,48.72621],[6.2739,48.73084],[6.25581,48.7274],[6.24122,48.71651],[6.23553,48.71789],[6.2099,48.731],[6.21538,48.73674],[6.23869,48.74424],[6.24296,48.7502],[6.21636,48.77322],[6.23526,48.77795],[6.24971,48.78599]],[[6.42857,48.89333],[6.43124,48.89348],[6.4232,48.89738],[6.42272,48.89274],[6.42857,48.89333]]],[[[6.18879,48.97877],[6.19578,48.99236],[6.22252,49.0004],[6.23478,48.99722],[6.25932,48.96571],[6.18813,48.96446],[6.18879,48.97877]]],[[[6.72633,48.64123],[6.72066,48.63913],[6.64748,48.65516],[6.67234,48.70153],[6.71404,48.70704],[6.72633,48.64123]]]]}},{"type":"Feature","properties":{"id":"provostship-arches","hierarchy":"admin","place_type":"provostship","level":2,"settlements":162,"shared":["archettes","bains-les-bains","bamont","charniois-rorgueilicux","ferdrupt","franould","gerbamont","geromenil","la-poirie-dommarlin","la-prclle","la-roche","laveline-devant-bruyeres","lepangc","les-ainias","moussoux","pecaviller","planois","plombieres-les-bains","pubas","raon-aux-bois","rochesson","saint-ame","saint-etienne-les-remiremont","saint-maurice-sur-moselle","uzemain-les-forges","zainvillers"]},"geometry":{"type":"MultiPolygon","coordinates":[[[[6.5794,47.88326],[6.56771,47.87618],[6.5542,47.87076],[6.53938,47.86722],[6.52383,47.86569],[6.50814,47.86623],[6.49291,47.86882],[6.48067,47.87263],[6.47402,47.86057],[6.46206,47.84899],[6.4504,47.84189],[6.43209,47.83506],[6.40657,47.83136],[6.38065,47.83337],[6.35707,47.84089],[6.33833,47.85312],[6.32818,47.86543],[6.32268,47.88262],[6.32569,47.90009],[6.33688,47.916],[6.35508,47.92864],[6.37565,47.93603],[6.36651,47.94735],[6.36144,47.96102],[6.36181,47.97511],[6.36749,47.98848],[6.35169,47.98458],[6.33856,47.98316],[6.32967,47.97183],[6.3148,47.96096],[6.30811,47.94874],[6.29958,47.93984],[6.28863,47.93222],[6.27569,47.92619],[6.26126,47.92197],[6.24588,47.91972],[6.23015,47.91953],[6.21697,47.92102],[6.20318,47.9197],[6.17489,47.91936],[6.15417,47.92139],[6.13953,47.92524],[6.12227,47.93323],[6.10956,47.94309],[6.10614,47.98916],[6.1234,48.00624],[6.18663,48.02692],[6.19231,48.02736],[6.20061,48.03598],[6.21156,48.0436],[6.23292,48.05236],[6.24044,48.05415],[6.23724,48.05498],[6.22408,48.10137],[6.23187,48.11594],[6.27362,48.12257],[6.29375,48.11488],[6.29545,48.10469],[6.27872,48.06173],[6.29853,48.06371],[6.33923,48.09565],[6.36584,48.09027],[6.3736,48.08117],[6.40202,48.07341],[6.39331,48.10478],[6.42035,48.11741],[6.42366,48.12914],[6.44721,48.12707],[6.46663,48.12822],[6.494,48.13804],[6.5053,48.15418],[6.50651,48.16398],[6.52802,48.1717],[6.58165,48.14509],[6.57659,48.13267],[6.60355,48.1169],[6.62397,48.11805],[6.62678,48.12857],[6.63878,48.14309],[6.65667,48.14255],[6.66441,48.1316],[6.67727,48.13686],[6.70004,48.12997],[6.70628,48.1296],[6.7009,48.07316],[6.73918,48.06893],[6.76205,48.07159],[6.7797,48.07602],[6.79832,48.07558],[6.80137,48.08737],[6.80537,48.09331],[6.88774,48.11424],[6.92396,48.10519],[6.94918,48.09001],[6.95857,48.06622],[6.95216,48.05039],[6.94058,48.03787],[6.94644,48.03171],[6.95258,48.02197],[6.95619,48.00455],[6.95127,47.98728],[6.94015,47.97357],[6.94076,47.96873],[6.94741,47.95976],[6.9516,47.94956],[6.95179,47.93197],[6.94358,47.91527],[6.92974,47.90253],[6.93263,47.89485],[6.93378,47.88429],[6.93184,47.87379],[6.92691,47.86374],[6.916,47.8517],[6.90034,47.84174],[6.88941,47.82677],[6.87525,47.81639],[6.85759,47.80883],[6.83764,47.80461],[6.81676,47.804],[6.79636,47.80706],[6.77784,47.81357],[6.76024,47.82498],[6.74557,47.82967],[6.72982,47.83812],[6.70739,47.84224],[6.6937,47.84742],[6.68269,47.8537],[6.66291,47.85668],[6.64434,47.86317],[6.63241,47.87005],[6.62061,47.88073],[6.60487,47.88927],[6.59409,47.89877],[6.58882,47.89175],[6.5794,47.88326]]],[[[6.75803,48.20487],[6.76177,48.20464],[6.77311,48.19317],[6.77469,48.17838],[6.75775,48.17153],[6.73702,48.18455],[6.74699,48.20199],[6.75803,48.20487]]],[[[7.03106,48.45506],[7.02716,48.43994],[6.94044,48.41998],[6.87708,48.46509],[6.91219,48.49462],[6.92618,48.49991],[7.01592,48.48786],[7.02744,48.47247],[7.03106,48.45506]]]]}},{"type":"Feature","properties":{"id":"provostship-azerailles","hierarchy":"admin","place_type":"provostship","level":2,"settlements":5,"shared":["azerailles","flin","gelacourt"]},"geometry":{"type":"Polygon","coordinates":[[[6.73585,48.46245],[6.71502,48.46777],[6.71075,48.47869],[6.66998,48.48405],[6.65886,48.47661],[6.63713,48.47558],[6.68023,48.52855],[6.6906,48.52202],[6.71275,48.51686],[6.71945,48.50026],[6.79118,48.46534],[6.73585,48.46245]]]}},{"type":"Feature","properties":{"id":"provostship-bruyeres","hierarchy":"admin","place_type":"provostship","level":2,"settlements":70,"shared":["aydoilles","bayecourt","belmont-sur-buttant","biffontaine","boulier","brouvelieures","charmois-devant-bruyeres","destord","domevre-sur-durbion","domfaing","dompierre","fontenay","fremifontaine","girecourt-sur-durbion","grandvillers","granges-sur-vologne","laveline-devant-bruyeres","les-poulieres","memenil","mortagne","nonzeville","rehaupal","sur-la-cote","vichibure","villoncourt","vimenil"]},"geometry":{"type":"MultiPolygon","coordinates":[[[[6.62397,48.11805],[6.60355,48.1169],[6.57659,48.13267],[6.58165,48.14509],[6.59266,48.15234],[6.56421,48.18583],[6.55028,48.18582],[6.5416,48.20933],[6.56819,48.22861],[6.57098,48.23373],[6.54681,48.24387],[6.55018,48.26796],[6.58726,48.26445],[6.59247,48.26659],[6.59587,48.27738],[6.63051,48.28919],[6.64181,48.27903],[6.66304,48.27549],[6.6768,48.2841],[6.71976,48.28086],[6.75493,48.31762],[6.81945,48.26806],[6.81847,48.25539],[6.85376,48.23213],[6.87059,48.1857],[6.88114,48.18581],[6.89646,48.22331],[6.90457,48.22272],[6.92196,48.20273],[6.91666,48.18747],[6.92582,48.17014],[6.9494,48.16313],[6.95277,48.159],[6.92396,48.10519],[6.88774,48.11424],[6.80148,48.0923],[6.79127,48.08298],[6.7797,48.07602],[6.76205,48.07159],[6.73918,48.06893],[6.7009,48.07316],[6.70628,48.1296],[6.70004,48.12997],[6.67727,48.13686],[6.66441,48.1316],[6.65667,48.14255],[6.63878,48.14309],[6.62678,48.12857],[6.62397,48.11805]]],[[[6.49621,48.25475],[6.47011,48.24592],[6.46673,48.24858],[6.46227,48.26867],[6.44876,48.27687],[6.46822,48.30401],[6.48089,48.30551],[6.48828,48.30231],[6.50183,48.28504],[6.50639,48.28329],[6.53424,48.28077],[6.53694,48.27666],[6.51625,48.25218],[6.49621,48.25475]]]]}},{"type":"Feature","properties":{"id":"provostship-charmes","hierarchy":"admin","place_type":"provostship","level":2,"settlements":21,"shared":["jevoncourt","vieville","vincey"]},"geometry":{"type":"Polygon","coordinates":[[[6.21198,48.34008],[6.20835,48.34306],[6.17503,48.3429],[6.17603,48.3529],[6.18745,48.36142],[6.19906,48.3618],[6.23176,48.36699],[6.23755,48.38062],[6.2264,48.38892],[6.22486,48.39223],[6.20369,48.39771],[6.19278,48.39506],[6.18222,48.39835],[6.17678,48.40631],[6.14931,48.40565],[6.14752,48.40715],[6.1063,48.40734],[6.10272,48.41135],[6.10365,48.4146],[6.14087,48.44309],[6.15299,48.42432],[6.18978,48.42019],[6.22029,48.42534],[6.22839,48.42103],[6.26396,48.42706],[6.27279,48.4232],[6.26287,48.40469],[6.27999,48.38411],[6.28526,48.38269],[6.32713,48.39941],[6.34875,48.39607],[6.36501,48.38461],[6.29919,48.35331],[6.30449,48.34673],[6.32885,48.34847],[6.35571,48.32076],[6.34421,48.31131],[6.34457,48.30957],[6.33598,48.29368],[6.32765,48.29218],[6.29517,48.29556],[6.2884,48.30081],[6.26129,48.28599],[6.254,48.29081],[6.25279,48.3339],[6.2355,48.34742],[6.21198,48.34008]],[[6.29101,48.33515],[6.26103,48.31942],[6.28389,48.31131],[6.29333,48.31926],[6.29101,48.33515]]]}},{"type":"Feature","properties":{"id":"provostship-chatenois-et-neufchateau","hierarchy":"admin","place_type":"provostship","level":2,"settlements":70,"shared":["bulgneville","chef-haut","rouvres-en-xaintois"]},"geometry":{"type":"MultiPolygon","coordinates":[[[[5.7959,48.14377],[5.77764,48.14701],[5.73286,48.18647],[5.71659,48.19099],[5.63425,48.17479],[5.62909,48.1761],[5.6152,48.18115],[5.59947,48.1905],[5.59035,48.19914],[5.58243,48.21218],[5.57996,48.22263],[5.58059,48.2332],[5.58841,48.25],[5.59687,48.25895],[5.60778,48.26663],[5.62073,48.27274],[5.6339,48.27673],[5.62865,48.29026],[5.62965,48.30757],[5.62042,48.31437],[5.61215,48.32339],[5.60667,48.33331],[5.6042,48.34376],[5.60484,48.35433],[5.61252,48.37709],[5.61822,48.38697],[5.62708,48.39622],[5.62151,48.40626],[5.61904,48.4167],[5.62134,48.43283],[5.61682,48.44765],[5.61836,48.46171],[5.62785,48.47812],[5.64088,48.48925],[5.65779,48.49775],[5.67743,48.50305],[5.69728,48.50477],[5.72911,48.43705],[5.75708,48.43493],[5.79067,48.48668],[5.85337,48.48234],[5.86356,48.47386],[5.86669,48.46522],[5.91298,48.44299],[5.93325,48.42996],[5.94702,48.41217],[5.94603,48.40698],[5.95978,48.39635],[5.96801,48.38402],[5.94964,48.35541],[5.96419,48.35071],[5.96636,48.33277],[5.96773,48.33228],[5.99676,48.34044],[6.00868,48.31995],[5.98276,48.31553],[5.98457,48.2901],[5.99929,48.28519],[5.9965,48.27311],[5.99422,48.27073],[5.97038,48.25726],[5.93776,48.27163],[5.92933,48.27264],[5.92361,48.24208],[5.92596,48.23519],[5.94929,48.22818],[5.95114,48.22486],[5.92369,48.19773],[5.89925,48.21014],[5.86865,48.20771],[5.86243,48.19259],[5.84533,48.17218],[5.83719,48.14715],[5.81168,48.14334],[5.7959,48.14377]],[[5.72809,48.40376],[5.71398,48.4018],[5.69838,48.38975],[5.71543,48.3794],[5.75592,48.3799],[5.76774,48.39894],[5.74291,48.40311],[5.72809,48.40376]],[[5.8663,48.27522],[5.8682,48.24882],[5.89088,48.25424],[5.91994,48.27839],[5.91882,48.27977],[5.89548,48.28147],[5.8663,48.27522]]],[[[5.49855,48.29003],[5.4829,48.28835],[5.46706,48.28874],[5.45165,48.29119],[5.43724,48.29559],[5.42441,48.30178],[5.41363,48.30953],[5.40532,48.31853],[5.3998,48.32844],[5.39729,48.33889],[5.39788,48.34946],[5.40156,48.35975],[5.40817,48.36938],[5.41748,48.37795],[5.42912,48.38516],[5.44265,48.39071],[5.45754,48.3944],[5.47322,48.39609],[5.48909,48.39569],[5.50454,48.39325],[5.51896,48.38884],[5.53181,48.38263],[5.54259,48.37488],[5.55088,48.36586],[5.55637,48.35594],[5.55885,48.3455],[5.55823,48.33492],[5.55452,48.32463],[5.54788,48.31502],[5.53856,48.30645],[5.52692,48.29926],[5.51341,48.29371],[5.49855,48.29003]]],[[[6.03879,48.32386],[6.04724,48.29832],[6.03934,48.29444],[6.01368,48.29128],[6.0107,48.31898],[6.03879,48.32386]]],[[[6.01531,48.37123],[6.0304,48.36236],[6.03439,48.34718],[5.9981,48.34301],[5.99087,48.35601],[5.99202,48.36835],[6.01531,48.37123]]]]}},{"type":"Feature","properties":{"id":"provostship-conde-sierck","hierarchy":"admin","place_type":"provostship","level":3,"settlements":9,"shared":["bockange","conde","drogny","freistroff","guirlange","megange","northen","piblange"]},"geometry":{"type":"MultiPolygon","coordinates":[[[[6.39755,49.16341],[6.39987,49.17853],[6.41653,49.18181],[6.42895,49.17856],[6.44153,49.16137],[6.43815,49.15866],[6.43701,49.13978],[6.41601,49.15738],[6.39755,49.16341]]],[[[6.47682,49.22995],[6.47438,49.21559],[6.45471,49.21607],[6.44616,49.20489],[6.43416,49.20295],[6.4034,49.2238],[6.39575,49.22465],[6.36721,49.20515],[6.33364,49.21556],[6.32978,49.23008],[6.37853,49.25553],[6.38106,49.25449],[6.4115,49.26156],[6.43825,49.2493],[6.4457,49.24718],[6.44569,49.23447],[6.44741,49.23342],[6.46894,49.23323],[6.47682,49.22995]]],[[[6.49429,49.27172],[6.48208,49.27026],[6.47195,49.27599],[6.465,49.28771],[6.47987,49.3046],[6.49963,49.30711],[6.50352,49.30354],[6.5135,49.28549],[6.49429,49.27172]]]]}},{"type":"Feature","properties":{"id":"provostship-darney","hierarchy":"admin","place_type":"provostship","level":2,"settlements":48,"shared":["bulgneville"]},"geometry":{"type":"MultiPolygon","coordinates":[[[[5.96584,47.92592],[5.94652,47.93383],[5.9254,47.94071],[5.90652,47.95287],[5.89624,47.96514],[5.89184,47.97529],[5.89048,47.98584],[5.8922,47.99636],[5.89842,48.00858],[5.89317,48.02002],[5.89204,48.03409],[5.89828,48.05118],[5.91246,48.06608],[5.90995,48.07499],[5.8992,48.07853],[5.88647,48.08478],[5.87581,48.09257],[5.86762,48.10161],[5.86028,48.11849],[5.8613,48.13558],[5.85003,48.13985],[5.83719,48.14715],[5.84533,48.17218],[5.80213,48.22543],[5.86065,48.22015],[5.86865,48.20771],[5.86243,48.19259],[5.92618,48.18788],[5.92951,48.18322],[5.905,48.15035],[5.96083,48.1436],[5.98307,48.17342],[6.02293,48.16481],[6.05059,48.19857],[6.08771,48.17692],[6.10839,48.17415],[6.13756,48.1554],[6.12368,48.14249],[6.14339,48.11805],[6.14323,48.10968],[6.13559,48.10282],[6.13866,48.0818],[6.19517,48.04048],[6.19136,48.03312],[6.18632,48.02677],[6.1234,48.00624],[6.10614,47.98916],[6.10956,47.94309],[6.10192,47.93522],[6.091,47.92759],[6.06861,47.91849],[6.0483,47.91501],[6.02735,47.91517],[6.01208,47.9177],[5.99933,47.92162],[5.99123,47.92174],[5.96584,47.92592]]],[[[5.89088,48.25424],[5.8682,48.24882],[5.8663,48.27522],[5.86738,48.27606],[5.89548,48.28147],[5.91882,48.27977],[5.91994,48.27839],[5.89088,48.25424]]]]}},{"type":"Feature","properties":{"id":"provostship-deneuvre","hierarchy":"admin","place_type":"provostship","level":1,"settlements":14,"shared":["azerailles","flin","gelacourt"]},"geometry":{"type":"Polygon","coordinates":[[[6.81478,48.45717],[6.8102,48.45122],[6.76057,48.39184],[6.74845,48.38999],[6.70158,48.41216],[6.73585,48.46245],[6.71502,48.46777],[6.71075,48.47869],[6.66998,48.48405],[6.65886,48.47661],[6.68731,48.45572],[6.67888,48.41861],[6.63286,48.41602],[6.60891,48.46557],[6.60687,48.47411],[6.58817,48.4976],[6.61133,48.53385],[6.63191,48.53742],[6.67365,48.5327],[6.6906,48.52202],[6.71275,48.51686],[6.73207,48.52119],[6.74514,48.52751],[6.80712,48.51305],[6.80838,48.47059],[6.81048,48.46317],[6.81478,48.45717]]]}},{"type":"Feature","properties":{"id":"provostship-dompaire-et-valfroicourt","hierarchy":"admin","place_type":"provostship","level":2,"settlements":91,"shared":["bainville-aux-saules","bellegney-devant-dompaire","blemerey","bocquegney","bouxieres-aux-bois","bouzemont","charniois-rorgueilicux","circourt","derbamont","fomerey","gigney","gorhey","hagecourt","hennecourt","jorxey","la-neuveville-sous-montfort","le-menil-harol","naimont","rancourt","renauvoid","tatignecourt","uzemain-les-forges","vomecourl"]},"geometry":{"type":"MultiPolygon","coordinates":[[[[6.09579,48.17621],[6.08771,48.17692],[6.05059,48.19857],[6.02293,48.16481],[5.98307,48.17342],[5.9743,48.18435],[5.97736,48.18996],[6.03609,48.20353],[5.99783,48.2201],[6.00601,48.23792],[6.01344,48.24045],[6.03,48.24193],[6.04304,48.20284],[6.05028,48.19967],[6.07681,48.21581],[6.07895,48.22205],[6.06392,48.23839],[6.08636,48.25455],[6.10918,48.23952],[6.11615,48.23975],[6.12624,48.25648],[6.14825,48.25712],[6.15304,48.25894],[6.15802,48.27555],[6.17201,48.27435],[6.19436,48.27561],[6.19968,48.27697],[6.20363,48.28167],[6.20551,48.28961],[6.19976,48.2933],[6.1825,48.31979],[6.2098,48.32847],[6.23083,48.31855],[6.25407,48.31968],[6.254,48.29081],[6.26129,48.28599],[6.2884,48.30081],[6.29517,48.29556],[6.32765,48.29218],[6.33598,48.29368],[6.34209,48.27286],[6.34968,48.26565],[6.371,48.26887],[6.39766,48.25827],[6.39619,48.23375],[6.36822,48.23209],[6.36309,48.22627],[6.35804,48.21306],[6.36667,48.20578],[6.4038,48.19781],[6.42246,48.1783],[6.42041,48.16086],[6.50579,48.16271],[6.5053,48.15418],[6.494,48.13804],[6.46663,48.12822],[6.44721,48.12707],[6.42366,48.12914],[6.42035,48.11741],[6.39331,48.10478],[6.40202,48.07341],[6.3736,48.08117],[6.32867,48.06061],[6.29853,48.06371],[6.27872,48.06173],[6.25999,48.05377],[6.23726,48.05499],[6.21188,48.04377],[6.19517,48.04048],[6.13866,48.0818],[6.13559,48.10282],[6.14323,48.10968],[6.14339,48.11805],[6.12368,48.14249],[6.13756,48.1554],[6.10839,48.17415],[6.09858,48.17486],[6.09579,48.17621]]],[[[6.06737,48.36339],[6.04077,48.34413],[6.03439,48.34718],[6.0304,48.36236],[6.05984,48.37247],[6.06737,48.36339]]],[[[6.13637,48.37241],[6.15324,48.37997],[6.16317,48.37782],[6.18745,48.36142],[6.17603,48.3529],[6.14957,48.35784],[6.13503,48.36939],[6.13637,48.37241]]],[[[6.29333,48.31926],[6.28389,48.31131],[6.26103,48.31942],[6.29023,48.33497],[6.29333,48.31926]]]]}},{"type":"Feature","properties":{"id":"provostship-einville","hierarchy":"admin","place_type":"provostship","level":2,"settlements":25,"shared":["athienville","xousse"]},"geometry":{"type":"Polygon","coordinates":[[[6.41558,48.57801],[6.41684,48.59254],[6.42357,48.60114],[6.42614,48.6234],[6.43469,48.62696],[6.41994,48.64637],[6.41682,48.65439],[6.38441,48.65621],[6.37884,48.6551],[6.34949,48.65789],[6.34345,48.67677],[6.355,48.69687],[6.40112,48.68],[6.42666,48.68731],[6.43109,48.68586],[6.44442,48.66897],[6.4555,48.66648],[6.46392,48.6691],[6.4877,48.6976],[6.46345,48.70914],[6.45769,48.72504],[6.50485,48.73644],[6.5208,48.75551],[6.57168,48.71853],[6.60782,48.72123],[6.6048,48.7672],[6.62187,48.77131],[6.65527,48.74537],[6.65522,48.71017],[6.67234,48.70153],[6.71404,48.70704],[6.72633,48.64123],[6.72066,48.63913],[6.64748,48.65516],[6.64434,48.6527],[6.60724,48.64141],[6.59996,48.63492],[6.58234,48.63249],[6.55141,48.61716],[6.52673,48.61723],[6.5147,48.62155],[6.47192,48.61481],[6.47349,48.60305],[6.46455,48.58688],[6.43358,48.57768],[6.41716,48.57719],[6.41558,48.57801]]]}},{"type":"Feature","properties":{"id":"provostship-gondreville","hierarchy":"admin","place_type":"provostship","level":2,"settlements":30,"shared":["sanzey"]},"geometry":{"type":"MultiPolygon","coordinates":[[[[5.71695,48.51134],[5.70626,48.52234],[5.69962,48.53571],[5.69841,48.54977],[5.70273,48.56357],[5.71227,48.57616],[5.72641,48.58668],[5.74416,48.59442],[5.76223,48.59853],[5.75928,48.61144],[5.85121,48.63175],[5.86438,48.60246],[5.89623,48.61695],[5.92968,48.60506],[5.96177,48.61484],[5.98021,48.61652],[5.93878,48.66965],[5.93558,48.67071],[5.91455,48.7068],[5.94443,48.71526],[5.94869,48.71866],[5.96154,48.75331],[5.97208,48.75777],[5.98156,48.76568],[6.01908,48.76596],[6.02325,48.76446],[6.03566,48.73561],[6.07873,48.71252],[6.09083,48.70797],[6.08807,48.69882],[6.05949,48.67303],[6.02855,48.6678],[5.99728,48.62792],[6.06453,48.62865],[6.06751,48.60745],[6.0623,48.60084],[6.07572,48.57869],[6.08694,48.57253],[6.08407,48.56313],[6.07764,48.55768],[6.00295,48.54707],[6.01459,48.52572],[5.99106,48.51253],[5.9897,48.50326],[5.95265,48.48591],[5.91776,48.49749],[5.86435,48.47815],[5.85337,48.48234],[5.79067,48.48668],[5.75708,48.43493],[5.72911,48.43705],[5.69728,48.50477],[5.71695,48.51134]]],[[[5.62659,48.71852],[5.70182,48.68943],[5.70106,48.68159],[5.6973,48.6713],[5.6846,48.65586],[5.6736,48.64819],[5.66055,48.64208],[5.64596,48.63778],[5.63016,48.63543],[5.55674,48.68091],[5.54954,48.7156],[5.5552,48.72131],[5.62659,48.71852]]],[[[5.86686,48.72365],[5.82723,48.70762],[5.80983,48.72958],[5.777,48.75138],[5.77279,48.75239],[5.76999,48.77685],[5.78388,48.79156],[5.84112,48.80244],[5.85402,48.77533],[5.84285,48.75228],[5.85438,48.74864],[5.86686,48.72365]]]]}},{"type":"Feature","properties":{"id":"provostship-keltern-ostern","hierarchy":"admin","place_type":"provostship","level":3,"settlements":23,"shared":["einu-ciller-cl-enweillcr","eisweiler","gudesweiler","hahnweiler","oberkirchen","sotzweiler","theley"]},"geometry":{"type":"MultiPolygon","coordinates":[[[[6.99735,49.38889],[6.91719,49.37939],[6.94823,49.41476],[6.99235,49.42706],[7.00778,49.42788],[7.03208,49.41069],[6.99735,49.38889]]],[[[7.0043,49.5354],[7.03063,49.59897],[7.04201,49.60135],[7.05813,49.60281],[7.08496,49.60064],[7.10928,49.59297],[7.12586,49.58284],[7.12628,49.56783],[7.1178,49.55741],[7.12352,49.50946],[7.09558,49.51574],[7.08677,49.53696],[7.04995,49.52632],[7.04079,49.52466],[7.05682,49.49615],[7.00135,49.48544],[7.0301,49.46419],[7.00771,49.43178],[6.98027,49.45932],[6.9794,49.46378],[6.99275,49.4882],[6.97994,49.50156],[6.98085,49.52635],[7.0043,49.5354]]],[[[6.78894,49.59449],[6.80553,49.59458],[6.81125,49.60687],[6.82251,49.61891],[6.83819,49.62864],[6.85721,49.63541],[6.87828,49.63874],[6.89456,49.63884],[6.91572,49.63577],[6.93477,49.62931],[6.90559,49.57096],[6.90261,49.5678],[6.85623,49.55128],[6.86229,49.51772],[6.82775,49.49504],[6.81096,49.49152],[6.76344,49.49852],[6.73144,49.50864],[6.72279,49.51804],[6.7174,49.52801],[6.7151,49.53848],[6.71598,49.54904],[6.72001,49.55929],[6.72476,49.5662],[6.7577,49.58801],[6.77302,49.59231],[6.78894,49.59449]]],[[[7.22266,49.47381],[7.18159,49.46274],[7.17613,49.46707],[7.1639,49.48237],[7.13145,49.5062],[7.16016,49.53273],[7.16557,49.52718],[7.20187,49.51811],[7.20395,49.53871],[7.22052,49.54757],[7.21667,49.60204],[7.21877,49.6026],[7.23985,49.60586],[7.26151,49.60547],[7.28227,49.60144],[7.29639,49.59619],[7.31557,49.58381],[7.32375,49.57467],[7.32891,49.56493],[7.34084,49.56036],[7.3531,49.55342],[7.36302,49.54505],[7.37025,49.53557],[7.37521,49.52187],[7.37525,49.51129],[7.37212,49.50091],[7.36325,49.48807],[7.34958,49.47715],[7.33674,49.47068],[7.31708,49.46482],[7.29621,49.46194],[7.22266,49.47381]]]]}},{"type":"Feature","properties":{"id":"provostship-luneville","hierarchy":"admin","place_type":"provostship","level":2,"settlements":31,"shared":["athienville","blainville-sur-reau","domevre-sur-vezouze","domjevin","giriviller","lamath"]},"geometry":{"type":"MultiPolygon","coordinates":[[[[6.49999,48.41738],[6.47592,48.41879],[6.47916,48.4527],[6.49453,48.45776],[6.50223,48.45093],[6.50217,48.41878],[6.49999,48.41738]]],[[[6.46308,48.51513],[6.43433,48.51417],[6.41303,48.52453],[6.41796,48.53891],[6.41451,48.54485],[6.41716,48.57719],[6.43358,48.57768],[6.46455,48.58688],[6.47349,48.60305],[6.47192,48.61481],[6.5147,48.62155],[6.52673,48.61723],[6.55141,48.61716],[6.58234,48.63249],[6.59996,48.63492],[6.60724,48.64141],[6.64434,48.6527],[6.6885,48.60258],[6.70328,48.60269],[6.70759,48.5987],[6.72123,48.56594],[6.69601,48.55492],[6.67365,48.5327],[6.63191,48.53742],[6.61133,48.53385],[6.58967,48.54928],[6.50268,48.53639],[6.50189,48.52659],[6.5241,48.51307],[6.48657,48.48183],[6.47669,48.48505],[6.47638,48.51318],[6.46308,48.51513]]],[[[6.4877,48.6976],[6.46392,48.6691],[6.4555,48.66648],[6.44442,48.66897],[6.43109,48.68586],[6.46345,48.70914],[6.45769,48.72504],[6.50485,48.73644],[6.51629,48.70896],[6.49858,48.69771],[6.4877,48.6976]]],[[[6.65886,48.47661],[6.66998,48.48405],[6.71075,48.47869],[6.71502,48.46777],[6.68731,48.45572],[6.65886,48.47661]]],[[[6.78126,48.55181],[6.77906,48.56336],[6.78116,48.57074],[6.78977,48.57435],[6.79947,48.59659],[6.8139,48.59886],[6.8228,48.59536],[6.82983,48.57953],[6.8241,48.57097],[6.83331,48.55674],[6.82709,48.53593],[6.82324,48.53455],[6.78126,48.55181]]]]}},{"type":"Feature","properties":{"id":"provostship-mirecourt-et-remoncourt","hierarchy":"admin","place_type":"provostship","level":2,"settlements":37,"shared":["la-neuveville-sous-montfort","ramecourt","vieville"]},"geometry":{"type":"Polygon","coordinates":[[[5.92618,48.18788],[5.92369,48.19773],[5.95114,48.22486],[5.94929,48.22818],[5.92596,48.23519],[5.92361,48.24208],[5.92933,48.27264],[5.93776,48.27163],[5.97038,48.25726],[5.99422,48.27073],[5.9965,48.27311],[5.99929,48.28519],[5.98457,48.2901],[5.98276,48.31553],[6.00868,48.31995],[5.99676,48.34044],[5.9981,48.34301],[6.03439,48.34718],[6.04154,48.3432],[6.07729,48.33862],[6.0813,48.34205],[6.11233,48.34963],[6.11463,48.35612],[6.13503,48.36939],[6.14957,48.35784],[6.17603,48.3529],[6.18745,48.36142],[6.19906,48.3618],[6.20835,48.34306],[6.21198,48.34008],[6.2098,48.32847],[6.1825,48.31979],[6.19976,48.2933],[6.20551,48.28961],[6.20363,48.28167],[6.19968,48.27697],[6.19436,48.27561],[6.17201,48.27435],[6.15802,48.27555],[6.15304,48.25894],[6.14825,48.25712],[6.12624,48.25648],[6.11615,48.23975],[6.10918,48.23952],[6.08636,48.25455],[6.06392,48.23839],[6.07895,48.22205],[6.07681,48.21581],[6.05028,48.19967],[6.04304,48.20284],[6.03609,48.20353],[5.97736,48.18996],[5.9743,48.18435],[5.98307,48.17342],[5.96083,48.1436],[5.905,48.15035],[5.92951,48.18322],[5.92618,48.18788]],[[6.03934,48.29444],[6.04724,48.29832],[6.03778,48.32442],[6.0107,48.31898],[6.01368,48.29128],[6.03934,48.29444]]]}},{"type":"Feature","properties":{"id":"provostship-nancy","hierarchy":"admin","place_type":"provostship","level":2,"settlements":130,"shared":["blenod-les-pont-a-mousson","chonville","froville","houdelmont","jevoncourt","jezainville","neuviller-sur-moselle","parey-saint-cesaire","regnieville","saint-aubin-sur-aire"]},"geometry":{"type":"MultiPolygon","coordinates":[[[[5.92369,48.19773],[5.92618,48.18788],[5.86243,48.19259],[5.86865,48.20771],[5.89925,48.21014],[5.92369,48.19773]]],[[[5.72809,48.40376],[5.74291,48.40311],[5.76774,48.39894],[5.75592,48.3799],[5.71543,48.3794],[5.69838,48.38975],[5.71398,48.4018],[5.72809,48.40376]]],[[[6.08407,48.56313],[6.08694,48.57253],[6.07572,48.57869],[6.0623,48.60084],[6.06751,48.60745],[6.06453,48.62865],[5.99728,48.62792],[6.02855,48.6678],[6.05949,48.67303],[6.08807,48.69882],[6.09083,48.70797],[6.09425,48.71007],[6.10642,48.72391],[6.09332,48.76143],[6.08678,48.77198],[6.07824,48.77518],[6.02325,48.76446],[6.01908,48.76596],[5.98156,48.76568],[5.97208,48.75777],[5.96154,48.75331],[5.90812,48.75745],[5.9016,48.76326],[5.90998,48.80711],[5.87954,48.82146],[5.87394,48.84406],[5.84175,48.8658],[5.84622,48.88846],[5.88127,48.91173],[5.88633,48.92524],[5.95411,48.92656],[5.96299,48.92994],[5.99252,48.91818],[6.03204,48.92707],[6.05098,48.92713],[6.06066,48.89591],[6.08345,48.88148],[6.12175,48.89882],[6.14442,48.89021],[6.16431,48.8644],[6.09073,48.85624],[6.07822,48.86441],[6.03855,48.84851],[6.04425,48.82653],[6.04896,48.81679],[6.0586,48.81462],[6.09737,48.83682],[6.11328,48.809],[6.12458,48.80194],[6.11926,48.78431],[6.15908,48.77331],[6.17806,48.77343],[6.18663,48.77025],[6.20721,48.77076],[6.21636,48.77322],[6.24296,48.7502],[6.23869,48.74424],[6.21538,48.73674],[6.2099,48.731],[6.23553,48.71789],[6.24122,48.71651],[6.25581,48.7274],[6.2739,48.73084],[6.30854,48.72621],[6.28619,48.70293],[6.28248,48.68447],[6.34345,48.67677],[6.34949,48.65789],[6.37884,48.6551],[6.38441,48.65621],[6.41682,48.65439],[6.41994,48.64637],[6.43469,48.62696],[6.42614,48.6234],[6.42357,48.60114],[6.41684,48.59254],[6.41558,48.57801],[6.37046,48.58125],[6.36191,48.60413],[6.32234,48.61282],[6.30381,48.60656],[6.30078,48.60717],[6.26537,48.5894],[6.26811,48.56875],[6.23017,48.56815],[6.22302,48.56671],[6.20768,48.54213],[6.23522,48.53242],[6.25641,48.53739],[6.28667,48.51567],[6.28004,48.50918],[6.29187,48.50184],[6.32344,48.5024],[6.32924,48.49893],[6.32155,48.4886],[6.30396,48.48551],[6.29003,48.47577],[6.29058,48.47265],[6.3014,48.46593],[6.31218,48.44197],[6.30895,48.43913],[6.26336,48.45354],[6.25632,48.45248],[6.24947,48.45417],[6.22498,48.44799],[6.22029,48.42534],[6.18978,48.42019],[6.17678,48.40631],[6.14931,48.40565],[6.14752,48.40715],[6.15299,48.42432],[6.14102,48.44419],[6.14322,48.44505],[6.158,48.47135],[6.12987,48.48662],[6.13312,48.49065],[6.14388,48.49467],[6.1611,48.50527],[6.14253,48.52101],[6.14863,48.53067],[6.12793,48.54081],[6.11039,48.53699],[6.10846,48.52328],[6.08349,48.51752],[6.07989,48.51513],[6.03708,48.51559],[6.02972,48.521],[6.07273,48.54931],[6.07764,48.55768],[6.08407,48.56313]]],[[[5.4429,48.76063],[5.45881,48.75955],[5.48364,48.7533],[5.50409,48.74209],[5.51697,48.72862],[5.53338,48.72383],[5.54954,48.7156],[5.55674,48.68091],[5.54145,48.67114],[5.4936,48.65865],[5.47851,48.63833],[5.44747,48.65428],[5.43491,48.65204],[5.37921,48.67744],[5.40325,48.68824],[5.43032,48.75999],[5.4429,48.76063]]],[[[5.51248,48.74192],[5.49842,48.74695],[5.48249,48.75628],[5.47324,48.76491],[5.46671,48.77456],[5.46266,48.78838],[5.46327,48.79895],[5.4674,48.80995],[5.56026,48.79428],[5.58299,48.76834],[5.54584,48.73774],[5.53302,48.73821],[5.51248,48.74192]]],[[[6.33426,48.47111],[6.33517,48.47422],[6.35113,48.47882],[6.37522,48.47964],[6.37955,48.47557],[6.38057,48.46477],[6.37396,48.45942],[6.33734,48.4649],[6.33426,48.47111]]],[[[6.65414,49.04871],[6.62825,49.03664],[6.62,49.03975],[6.61749,49.0574],[6.63345,49.06336],[6.65414,49.04871]]]]}},{"type":"Feature","properties":{"id":"provostship-preny","hierarchy":"admin","place_type":"provostship","level":2,"settlements":26,"shared":["bayonville-sur-mad","cuvry","parfondrupt","regnieville"]},"geometry":{"type":"MultiPolygon","coordinates":[[[[5.58299,48.76834],[5.56026,48.79428],[5.55887,48.82112],[5.58655,48.81697],[5.60011,48.80139],[5.60174,48.77658],[5.58299,48.76834]]],[[[5.88441,48.94303],[5.86619,48.95657],[5.87418,48.98534],[5.92163,48.98999],[5.91725,49.02035],[5.89693,49.02379],[5.86747,49.01594],[5.82132,49.0356],[5.87218,49.04768],[5.87997,49.07241],[5.87067,49.07585],[5.82561,49.11475],[5.82966,49.12371],[5.88931,49.1448],[5.93894,49.12106],[5.93756,49.0785],[5.94617,49.07152],[5.94935,49.04547],[5.99034,49.03471],[6.01444,49.03254],[6.05096,49.0082],[6.03478,48.99612],[6.04955,48.9763],[6.05627,48.97626],[6.11094,48.94113],[6.10834,48.9384],[6.05583,48.92898],[6.05098,48.92713],[6.03204,48.92707],[5.99252,48.91818],[5.96299,48.92994],[5.95411,48.92656],[5.93836,48.89148],[5.93102,48.88833],[5.88127,48.91173],[5.88633,48.92524],[5.88372,48.93055],[5.88441,48.94303]]],[[[5.65293,49.14052],[5.66604,49.15314],[5.70726,49.2242],[5.74527,49.2096],[5.77688,49.20475],[5.7802,49.15545],[5.68416,49.11337],[5.67682,49.11608],[5.66631,49.12922],[5.65293,49.14052]]],[[[5.65595,49.28948],[5.64503,49.30553],[5.64259,49.32303],[5.64889,49.34012],[5.66327,49.35499],[5.6842,49.36605],[5.70946,49.37213],[5.73304,49.3728],[5.75876,49.29964],[5.68105,49.27344],[5.67002,49.27883],[5.65595,49.28948]]],[[[6.13427,49.00199],[6.12688,49.0105],[6.12345,49.01764],[6.12962,49.03322],[6.12739,49.03773],[6.13752,49.04825],[6.1672,49.05497],[6.1767,49.03946],[6.17519,49.03021],[6.18481,49.02232],[6.17906,49.01282],[6.1482,49.00294],[6.13427,49.00199]]],[[[6.10366,49.19319],[6.12284,49.18288],[6.1318,49.17169],[6.0761,49.16937],[6.07101,49.17808],[6.10366,49.19319]]]]}},{"type":"Feature","properties":{"id":"provostship-rimling","hierarchy":"admin","place_type":"provostship","level":2,"settlements":17,"shared":[]},"geometry":{"type":"Polygon","coordinates":[[[7.24149,49.05281],[7.23327,49.05157],[7.22586,49.0933],[7.23618,49.10271],[7.2467,49.13218],[7.23886,49.13356],[7.16263,49.17493],[7.16237,49.18213],[7.17214,49.19058],[7.18422,49.19759],[7.19816,49.20293],[7.21738,49.20692],[7.2308,49.21971],[7.25202,49.23048],[7.2774,49.2362],[7.30424,49.23627],[7.32968,49.23069],[7.34313,49.22484],[7.35141,49.21973],[7.27609,49.15602],[7.28288,49.14334],[7.28897,49.14123],[7.32181,49.14237],[7.33792,49.14839],[7.38831,49.12599],[7.37584,49.10405],[7.3759,49.09515],[7.36302,49.08333],[7.38463,49.05624],[7.30671,49.04538],[7.30613,49.04695],[7.28291,49.05845],[7.25512,49.05844],[7.24149,49.05281]]]}},{"type":"Feature","properties":{"id":"provostship-rosieres","hierarchy":"admin","place_type":"provostship","level":2,"settlements":55,"shared":["blainville-sur-reau","chamagne","damas-aux-bois","froville","giriviller","lamath","montzey","neuviller-sur-moselle","rozelieures","saint-remy-aux-bois"]},"geometry":{"type":"MultiPolygon","coordinates":[[[[6.27999,48.38411],[6.26287,48.40469],[6.27279,48.4232],[6.30503,48.42479],[6.32713,48.39941],[6.28526,48.38269],[6.27999,48.38411]]],[[[6.29003,48.47577],[6.2655,48.48647],[6.27235,48.50681],[6.28004,48.50918],[6.28667,48.51567],[6.25641,48.53739],[6.23522,48.53242],[6.20768,48.54213],[6.22302,48.56671],[6.23017,48.56815],[6.26811,48.56875],[6.26537,48.5894],[6.30078,48.60717],[6.30381,48.60656],[6.32012,48.61235],[6.32234,48.61282],[6.36191,48.60413],[6.37046,48.58125],[6.41716,48.57719],[6.41451,48.54485],[6.41796,48.53891],[6.45108,48.54295],[6.46308,48.51513],[6.47638,48.51318],[6.47669,48.48505],[6.48657,48.48183],[6.5241,48.51307],[6.50189,48.52659],[6.50268,48.53639],[6.58967,48.54928],[6.61133,48.53385],[6.58817,48.4976],[6.60687,48.47411],[6.60891,48.46557],[6.63286,48.41602],[6.62476,48.37492],[6.62137,48.37304],[6.5975,48.32553],[6.57128,48.32194],[6.56696,48.3197],[6.54555,48.32355],[6.52189,48.33526],[6.53695,48.36204],[6.52855,48.36527],[6.51689,48.39034],[6.548,48.39101],[6.56046,48.36112],[6.58896,48.37182],[6.56018,48.39494],[6.5558,48.39432],[6.53904,48.42945],[6.49999,48.41738],[6.47619,48.41869],[6.46084,48.38006],[6.43462,48.37448],[6.40422,48.38003],[6.38476,48.37514],[6.37972,48.37666],[6.36501,48.38461],[6.34875,48.39607],[6.3623,48.41745],[6.40347,48.43213],[6.37032,48.45001],[6.37396,48.45942],[6.33734,48.4649],[6.32823,48.44637],[6.31218,48.44197],[6.3014,48.46593],[6.29058,48.47265],[6.29003,48.47577]],[[6.29187,48.50184],[6.30396,48.48551],[6.32155,48.4886],[6.32924,48.49893],[6.32344,48.5024],[6.29187,48.50184]],[[6.40872,48.43215],[6.42488,48.41021],[6.47142,48.41949],[6.44885,48.44129],[6.415,48.439],[6.40872,48.43215]]]]}},{"type":"Feature","properties":{"id":"provostship-saint-die","hierarchy":"admin","place_type":"provostship","level":2,"settlements":150,"shared":["aubripaire","braconeelle","clefcy","combrimont","contramoulin","fouchifol","gemainfaing","herbaupaire","la-caefiee-sue","la-pariee","la-trouchc","la-verpelliere","laveline","laycgotttlc","le-vie","lesseux","lusse","nayemont-lez-fosses","neuvillers-sur-fave","provencheres-sur-fave","quebrux","raon-l-etape","sachemont","sadey","saint-die-des-vosges","saint-leonard","sainte-marguerite","scarupt","vanifosse","wisembach"]},"geometry":{"type":"MultiPolygon","coordinates":[[[[6.9494,48.16313],[6.92582,48.17014],[6.91666,48.18747],[6.92196,48.20273],[6.90457,48.22272],[6.89646,48.22331],[6.88114,48.18581],[6.87059,48.1857],[6.85376,48.23213],[6.81847,48.25539],[6.81945,48.26806],[6.75493,48.31762],[6.75866,48.33634],[6.75553,48.3532],[6.75588,48.37167],[6.76611,48.38182],[6.76057,48.39184],[6.81478,48.45717],[6.81956,48.45829],[6.84073,48.45862],[6.87708,48.46509],[6.94044,48.41998],[6.93577,48.41041],[6.94507,48.39225],[6.99133,48.37393],[7.00951,48.37945],[7.01929,48.38639],[7.04831,48.42598],[7.06565,48.42543],[7.08594,48.42144],[7.10396,48.41408],[7.12147,48.40093],[7.1303,48.38813],[7.13388,48.37155],[7.136,48.36959],[7.14862,48.37061],[7.16446,48.36998],[7.17981,48.3673],[7.19407,48.36267],[7.2067,48.35627],[7.21721,48.34835],[7.22896,48.33262],[7.2325,48.31633],[7.21911,48.30801],[7.19184,48.296],[7.16641,48.27034],[7.14825,48.26261],[7.13805,48.22915],[7.14198,48.20052],[7.13122,48.19508],[7.11669,48.19025],[7.10518,48.18102],[7.10313,48.17342],[7.10639,48.16021],[7.10545,48.14964],[7.10144,48.1394],[7.09167,48.12697],[7.09882,48.11744],[7.10299,48.10723],[7.10411,48.09668],[7.10213,48.08618],[7.09223,48.06988],[7.0827,48.06145],[7.0709,48.05441],[7.05729,48.04906],[7.04239,48.04558],[7.02677,48.04413],[7.01103,48.04474],[6.99577,48.0474],[6.98158,48.052],[6.969,48.05837],[6.95857,48.06622],[6.94918,48.09001],[6.92396,48.10519],[6.95277,48.159],[6.9494,48.16313]],[[7.03272,48.29376],[7.04182,48.29284],[7.05739,48.30307],[7.06111,48.31018],[7.03013,48.3199],[7.01806,48.31316],[7.02964,48.29509],[7.03272,48.29376]]],[[[7.28146,48.35084],[7.29108,48.35926],[7.30297,48.36627],[7.31669,48.37159],[7.33171,48.37503],[7.34744,48.37645],[7.36328,48.37579],[7.37862,48.37308],[7.39287,48.36842],[7.40547,48.362],[7.41595,48.35406],[7.4239,48.34491],[7.42902,48.3349],[7.43111,48.32441],[7.43009,48.31385],[7.42601,48.30362],[7.41609,48.29118],[7.40304,48.28167],[7.35154,48.27622],[7.26954,48.32548],[7.27449,48.34133],[7.28146,48.35084]]]]}},{"type":"Feature","properties":{"id":"provostship-sierck","hierarchy":"admin","place_type":"provostship","level":2,"settlements":118,"shared":["bettingen","biringen","bising","bockange","chemery","colmen","conde","drogny","eimersdorf","evendorff","filstroff","freistroff","guerstling","guirlange","halstroff","kerling-les-sierck","lemestroff","megange","merschweiller","monneren","niedaltdorf","northen","oberesch","oberleuken","piblange","sierck","valdweistroff","wochern","zeurange"]},"geometry":{"type":"MultiPolygon","coordinates":[[[[6.28977,49.26306],[6.2864,49.26326],[6.26635,49.27215],[6.24316,49.28821],[6.22616,49.30425],[6.23035,49.31615],[6.23725,49.32572],[6.25063,49.33677],[6.26495,49.34401],[6.25255,49.3564],[6.2403,49.36236],[6.22941,49.37018],[6.21708,49.3858],[6.21309,49.40317],[6.2149,49.41365],[6.21395,49.42709],[6.21683,49.4375],[6.22539,49.45043],[6.23504,49.45894],[6.2515,49.46807],[6.26878,49.47359],[6.27726,49.48384],[6.28775,49.49191],[6.30046,49.4985],[6.31211,49.50255],[6.29742,49.52471],[6.2952,49.54223],[6.2981,49.55263],[6.30549,49.56564],[6.31429,49.57453],[6.3256,49.58214],[6.34381,49.58978],[6.36071,49.59358],[6.39355,49.58502],[6.4808,49.59469],[6.50643,49.60207],[6.52654,49.59543],[6.54497,49.58395],[6.56881,49.58086],[6.59239,49.57228],[6.61047,49.55923],[6.62014,49.5454],[6.5666,49.51652],[6.57065,49.49298],[6.55274,49.4878],[6.52334,49.50739],[6.51338,49.50739],[6.50792,49.49965],[6.52216,49.47461],[6.4885,49.46339],[6.48241,49.48825],[6.45175,49.46768],[6.47904,49.45336],[6.48217,49.45427],[6.50399,49.44998],[6.51018,49.43537],[6.53666,49.43075],[6.54176,49.43335],[6.55201,49.43335],[6.56666,49.41168],[6.57984,49.41036],[6.59916,49.39601],[6.6192,49.39504],[6.61187,49.42778],[6.62839,49.4322],[6.64071,49.43036],[6.63951,49.41112],[6.63223,49.3981],[6.64628,49.39744],[6.6741,49.39028],[6.67698,49.38569],[6.66773,49.37644],[6.6335,49.36925],[6.62273,49.37432],[6.59489,49.3612],[6.59153,49.35644],[6.61385,49.33987],[6.61239,49.33732],[6.59454,49.33146],[6.58978,49.3197],[6.5634,49.31396],[6.56631,49.29695],[6.5753,49.2925],[6.57567,49.28036],[6.57234,49.2695],[6.55423,49.25766],[6.53842,49.26128],[6.5313,49.27669],[6.55749,49.29462],[6.50352,49.30354],[6.5135,49.28549],[6.49429,49.27172],[6.48208,49.27026],[6.48065,49.25352],[6.48719,49.24968],[6.46894,49.23323],[6.47682,49.22995],[6.47438,49.21559],[6.45471,49.21607],[6.44616,49.20489],[6.43416,49.20295],[6.41653,49.18181],[6.42895,49.17856],[6.44153,49.16137],[6.43815,49.15866],[6.43701,49.13978],[6.41601,49.15738],[6.39755,49.16341],[6.39987,49.17853],[6.37122,49.19395],[6.36721,49.20515],[6.33364,49.21556],[6.32978,49.23008],[6.28977,49.26306]],[[6.47195,49.27599],[6.465,49.28771],[6.45852,49.2869],[6.43049,49.27698],[6.45046,49.26141],[6.47195,49.27599]],[[6.51958,49.4191],[6.49112,49.42531],[6.48413,49.42395],[6.51314,49.39709],[6.51958,49.4191]],[[6.57631,49.35239],[6.55326,49.36931],[6.55041,49.3685],[6.54584,49.33909],[6.55646,49.33708],[6.56681,49.34114],[6.57631,49.35239]]],[[[6.8202,49.41227],[6.86797,49.46101],[6.88811,49.42986],[6.85901,49.39098],[6.8202,49.41227]]]]}},{"type":"Feature","properties":{"id":"provostship-sierck-prevote-propre","hierarchy":"admin","place_type":"provostship","level":3,"settlements":24,"shared":["biringen","bising","colmen","evendorff","halstroff","kerling-les-sierck","lemestroff","monneren","niedaltdorf","oberesch","sierck","valdweistroff"]},"geometry":{"type":"MultiPolygon","coordinates":[[[[6.4397,49.3349],[6.41337,49.33058],[6.39704,49.34207],[6.36381,49.32146],[6.33257,49.3384],[6.30244,49.34147],[6.35199,49.38182],[6.32214,49.39712],[6.325,49.41221],[6.33589,49.4222],[6.328,49.43309],[6.35705,49.45036],[6.36556,49.44714],[6.36833,49.43018],[6.38586,49.43279],[6.38628,49.45013],[6.39216,49.45423],[6.42907,49.43405],[6.44102,49.42398],[6.47106,49.4204],[6.48114,49.42433],[6.48413,49.42395],[6.51314,49.39709],[6.51981,49.39532],[6.52522,49.36667],[6.55041,49.3685],[6.54584,49.33909],[6.51193,49.33968],[6.50535,49.34642],[6.50341,49.3523],[6.4869,49.37212],[6.4637,49.38011],[6.45794,49.386],[6.43537,49.38263],[6.40784,49.38553],[6.38928,49.37806],[6.39079,49.36317],[6.43584,49.35358],[6.44091,49.34215],[6.4397,49.3349]]],[[[6.56681,49.34114],[6.57631,49.35239],[6.59153,49.35644],[6.61385,49.33987],[6.61239,49.33732],[6.59454,49.33146],[6.56681,49.34114]]],[[[6.54638,49.39346],[6.54002,49.39741],[6.54441,49.40238],[6.53518,49.42826],[6.51958,49.4191],[6.49112,49.42531],[6.51018,49.43537],[6.53666,49.43075],[6.54176,49.43335],[6.55201,49.43335],[6.56666,49.41168],[6.57984,49.41036],[6.59916,49.39601],[6.58532,49.38997],[6.54638,49.39346]]]]}},{"type":"Feature","properties":{"id":"provostship-tantimont","hierarchy":"admin","place_type":"provostship","level":3,"settlements":4,"shared":["battexey"]},"geometry":{"type":"Polygon","coordinates":[[[6.23176,48.36699],[6.19906,48.3618],[6.18745,48.36142],[6.16317,48.37782],[6.15324,48.37997],[6.18222,48.39835],[6.19278,48.39506],[6.20369,48.39771],[6.22486,48.39223],[6.2264,48.38892],[6.23755,48.38062],[6.23176,48.36699]]]}},{"type":"Feature","properties":{"id":"sub-provostship-sierck","hierarchy":"admin","place_type":"sub_provostship","level":3,"settlements":50,"shared":["biringen","bising","bockange","chemery","evendorff","halstroff","kerling-les-sierck","lemestroff","merschweiller","monneren","oberesch","oberleuken","sierck","valdweistroff","wochern","zeurange"]},"geometry":{"type":"MultiPolygon","coordinates":[[[[6.42676,49.27702],[6.41974,49.2836],[6.37329,49.28562],[6.37678,49.305],[6.37529,49.30855],[6.32706,49.29916],[6.29566,49.34094],[6.26494,49.34402],[6.25255,49.3564],[6.2403,49.36236],[6.22941,49.37018],[6.22107,49.37924],[6.21559,49.38919],[6.21318,49.39965],[6.2149,49.41365],[6.21395,49.42709],[6.21683,49.4375],[6.22539,49.45043],[6.24281,49.46386],[6.25614,49.46989],[6.26878,49.47359],[6.27726,49.48384],[6.28775,49.49191],[6.30046,49.4985],[6.31211,49.50255],[6.31584,49.50177],[6.33148,49.49117],[6.35156,49.47462],[6.38954,49.46338],[6.39521,49.4602],[6.39216,49.45423],[6.38643,49.45034],[6.35784,49.46083],[6.35705,49.45036],[6.36556,49.44714],[6.38628,49.45013],[6.38586,49.43279],[6.36833,49.43018],[6.34778,49.42248],[6.33641,49.42215],[6.37277,49.38293],[6.37982,49.3822],[6.38928,49.37806],[6.40784,49.38553],[6.43537,49.38263],[6.45794,49.386],[6.45991,49.39022],[6.46978,49.39707],[6.51361,49.3969],[6.4869,49.37212],[6.50341,49.3523],[6.50535,49.34642],[6.51193,49.33968],[6.50646,49.3145],[6.49963,49.30711],[6.47987,49.3046],[6.465,49.28771],[6.45852,49.2869],[6.43049,49.27698],[6.45046,49.26141],[6.45087,49.25109],[6.48065,49.25352],[6.48719,49.24968],[6.46894,49.23323],[6.44741,49.23342],[6.44569,49.23447],[6.4034,49.2238],[6.39575,49.22465],[6.39327,49.23221],[6.41741,49.24374],[6.43825,49.2493],[6.4115,49.26156],[6.42676,49.27702]],[[6.40492,49.32052],[6.42908,49.30676],[6.45395,49.31725],[6.44962,49.32695],[6.4397,49.3349],[6.41337,49.33058],[6.40492,49.32052]],[[6.36381,49.32146],[6.39704,49.34207],[6.38984,49.36199],[6.33257,49.3384],[6.36381,49.32146]]],[[[6.429,49.43375],[6.44102,49.42398],[6.43523,49.40929],[6.41369,49.40048],[6.39945,49.41637],[6.40308,49.42677],[6.429,49.43375]]],[[[6.41897,49.52516],[6.43147,49.52837],[6.43498,49.52724],[6.45325,49.53057],[6.49839,49.52633],[6.54496,49.58396],[6.56881,49.58086],[6.59239,49.57228],[6.61047,49.55923],[6.62014,49.5454],[6.5666,49.51652],[6.52334,49.50739],[6.51338,49.50739],[6.50792,49.49965],[6.48328,49.49012],[6.48241,49.48825],[6.45175,49.46768],[6.47904,49.45336],[6.48217,49.45427],[6.50399,49.44998],[6.51018,49.43537],[6.49112,49.42531],[6.48413,49.42395],[6.48114,49.42433],[6.47691,49.45032],[6.43145,49.43745],[6.44979,49.46788],[6.42591,49.47785],[6.4239,49.48401],[6.41796,49.48507],[6.36016,49.50406],[6.41897,49.52516]]],[[[6.55423,49.25766],[6.53842,49.26128],[6.5313,49.27669],[6.55749,49.29462],[6.56631,49.29695],[6.5753,49.2925],[6.57567,49.28036],[6.57234,49.2695],[6.55423,49.25766]]],[[[6.54638,49.39346],[6.55458,49.37091],[6.55041,49.3685],[6.52522,49.36667],[6.51981,49.39532],[6.54002,49.39741],[6.54441,49.40238],[6.53518,49.42826],[6.53666,49.43075],[6.54176,49.43335],[6.55201,49.43335],[6.56666,49.41168],[6.57984,49.41036],[6.59916,49.39601],[6.61892,49.39487],[6.62273,49.37432],[6.59489,49.3612],[6.57606,49.37728],[6.58532,49.38997],[6.54638,49.39346]]],[[[6.62839,49.4322],[6.64071,49.43036],[6.63951,49.41112],[6.63223,49.3981],[6.6192,49.39504],[6.61187,49.42778],[6.62839,49.4322]]]]}},{"type":"Feature","properties":{"id":"temporality-abbey-saint-avold","hierarchy":"feudal","place_type":"temporality","level":1,"settlements":13,"shared":["folschwiller","teting"]},"geometry":{"type":"MultiPolygon","coordinates":[[[[6.66667,49.04126],[6.65414,49.04871],[6.63459,49.06336],[6.65977,49.07319],[6.66337,49.08487],[6.68075,49.09047],[6.70656,49.06783],[6.70519,49.06178],[6.72655,49.05467],[6.73554,49.03493],[6.72419,49.00707],[6.72075,49.00421],[6.7181,48.99863],[6.69372,48.99566],[6.66904,49.00294],[6.652,49.00523],[6.62057,48.98321],[6.59729,48.98633],[6.62898,49.01303],[6.64092,49.01237],[6.64226,49.02982],[6.66667,49.04126]]],[[[6.57576,49.12626],[6.57237,49.12602],[6.5403,49.14251],[6.52879,49.14528],[6.52578,49.16461],[6.53572,49.18448],[6.59092,49.18176],[6.59756,49.17504],[6.59869,49.16948],[6.61055,49.15886],[6.6577,49.14624],[6.60884,49.12045],[6.57576,49.12626]]],[[[6.41653,49.18181],[6.43416,49.20295],[6.44616,49.20489],[6.45466,49.20013],[6.45039,49.17928],[6.42895,49.17856],[6.41653,49.18181]]]]}},{"type":"Feature","properties":{"id":"town-district-marsal","hierarchy":"admin","place_type":"town_district","level":1,"settlements":5,"shared":[]},"geometry":{"type":"Polygon","coordinates":[[[6.71404,48.70704],[6.67234,48.70153],[6.65522,48.71017],[6.65527,48.74537],[6.62187,48.77131],[6.6048,48.7672],[6.59285,48.77087],[6.58248,48.78873],[6.58863,48.81635],[6.6057,48.82102],[6.61445,48.82916],[6.63762,48.83201],[6.6617,48.82791],[6.66367,48.82373],[6.63783,48.79206],[6.64149,48.78458],[6.67258,48.77327],[6.67452,48.76956],[6.70347,48.75891],[6.73297,48.71201],[6.71404,48.70704]]]}},{"type":"Feature","properties":{"id":"town-district-sarrebourg","hierarchy":"admin","place_type":"town_district","level":1,"settlements":10,"shared":["gosselming","nitting"]},"geometry":{"type":"MultiPolygon","coordinates":[[[[7.09913,48.64266],[7.08575,48.63171],[7.07315,48.62521],[7.05889,48.62046],[7.04351,48.61765],[7.0276,48.61688],[7.01177,48.61818],[6.99664,48.6215],[6.98785,48.62454],[6.96817,48.63549],[6.9626,48.64029],[6.94362,48.64239],[6.92883,48.64636],[6.91549,48.65215],[6.90411,48.65957],[6.89273,48.67146],[6.88639,48.6849],[6.88551,48.69898],[6.88972,48.71185],[6.96344,48.71653],[6.99917,48.75074],[7.01598,48.74735],[7.04025,48.75609],[7.08608,48.75156],[7.05773,48.71469],[7.07869,48.70302],[7.11356,48.73396],[7.15999,48.70465],[7.13216,48.66124],[7.1091,48.65884],[7.09913,48.64266]]],[[[6.97345,48.84229],[6.9889,48.84511],[7.01552,48.84525],[7.04079,48.83973],[7.05417,48.83392],[7.06378,48.82783],[7.04349,48.79845],[6.97648,48.76718],[6.94263,48.77902],[6.95934,48.83761],[6.97345,48.84229]]]]}},{"type":"Feature","properties":{"id":"val-ajol","hierarchy":"admin","place_type":"val","level":3,"settlements":34,"shared":["bains-les-bains","geromenil","moussoux","plombieres-les-bains","raon-aux-bois","uzemain-les-forges"]},"geometry":{"type":"MultiPolygon","coordinates":[[[[6.45003,47.94064],[6.4559,48.0129],[6.47071,48.0177],[6.46588,48.04046],[6.51725,48.07939],[6.4914,48.08711],[6.48203,48.09987],[6.50873,48.109],[6.51276,48.10628],[6.51854,48.07977],[6.55278,48.07516],[6.5625,48.08018],[6.57585,48.08231],[6.64468,48.06255],[6.63798,48.05524],[6.60134,48.04745],[6.58166,48.03879],[6.54634,48.03826],[6.5109,48.00608],[6.51452,47.98879],[6.58561,47.93195],[6.59075,47.9298],[6.59409,47.89876],[6.58595,47.88878],[6.57574,47.88073],[6.55887,47.87237],[6.53425,47.86648],[6.50814,47.86623],[6.48803,47.87012],[6.48067,47.87262],[6.47219,47.88579],[6.42465,47.92567],[6.45003,47.94064]]],[[[6.25999,48.05377],[6.33856,47.98316],[6.32967,47.97183],[6.31481,47.96097],[6.21843,48.00111],[6.19233,48.02738],[6.20061,48.03598],[6.21156,48.0436],[6.23292,48.05236],[6.24044,48.05415],[6.25999,48.05377]]],[[[6.29853,48.06371],[6.33923,48.09565],[6.36584,48.09027],[6.3736,48.08117],[6.40185,48.07338],[6.39046,48.05984],[6.33935,48.05435],[6.32867,48.06061],[6.29853,48.06371]]],[[[6.42366,48.12914],[6.44721,48.12707],[6.45401,48.08953],[6.44453,48.07854],[6.43525,48.07205],[6.42714,48.07438],[6.40202,48.07341],[6.39331,48.10478],[6.42035,48.11741],[6.42366,48.12914]]],[[[6.5053,48.15418],[6.50651,48.16398],[6.52802,48.1717],[6.58165,48.14509],[6.57659,48.13267],[6.60355,48.1169],[6.58835,48.10251],[6.55244,48.11783],[6.56013,48.12937],[6.5053,48.15418]]]]}},{"type":"Feature","properties":{"id":"val-harol","hierarchy":"admin","place_type":"val","level":3,"settlements":3,"shared":["ramecourt"]},"geometry":{"type":"Polygon","coordinates":[[[6.09995,48.27986],[6.08453,48.2733],[6.05365,48.29881],[6.0665,48.304],[6.07182,48.3205],[6.07867,48.32393],[6.0889,48.32124],[6.10606,48.32222],[6.11874,48.3085],[6.10263,48.2909],[6.10356,48.28696],[6.09995,48.27986]]]}},{"type":"Feature","properties":{"id":"val-liepvre","hierarchy":"admin","place_type":"val","level":1,"settlements":9,"shared":[]},"geometry":{"type":"Polygon","coordinates":[[[7.29783,48.19801],[7.29182,48.18821],[7.27589,48.17422],[7.26338,48.16774],[7.24923,48.16302],[7.22349,48.15951],[7.19743,48.16171],[7.17382,48.16941],[7.15516,48.18177],[7.14718,48.19091],[7.14198,48.20052],[7.13805,48.22915],[7.14825,48.26261],[7.16641,48.27034],[7.19184,48.296],[7.21911,48.30801],[7.2325,48.31633],[7.23567,48.31617],[7.25377,48.32266],[7.26908,48.32544],[7.35154,48.27622],[7.29636,48.2217],[7.30052,48.20641],[7.29783,48.19801]]]}}]}